lat,lon,source_type,record_count
-20.5,-29.3,INTERNAL,61766
-3.9,-33.8,INTERNAL,32560
-18.0,-38.7,INTERNAL,21086
0.9,-29.3,INTERNAL,19502
-3.8,-32.4,INTERNAL,17135
-17.5,-39.0,INTERNAL,14325
-27.3,-48.4,INTERNAL,12933
-23.6,-46.7,REGIONAL,10748
-15.8,-47.9,REGIONAL,10511
-23.0,-42.0,INTERNAL,10475
-15.7,-47.9,REGIONAL,9756
-24.1,-45.7,INTERNAL,8854
-3.9,-32.5,INTERNAL,8520
-23.6,-46.6,REGIONAL,8440
-27.3,-48.3,INTERNAL,8085
-5.6,-36.2,EXTERNAL,7608
-6.4,-50.4,INTERNAL,7188
-32.0,-52.1,INTERNAL,6869
-20.7,-40.4,INTERNAL,6726
-7.9,-35.2,REGIONAL,6538
-23.8,-45.4,INTERNAL,6385
-16.9,-39.0,INTERNAL,6321
-5.2,-35.4,INTERNAL,6063
-17.9,-38.9,INTERNAL,5879
-27.2,-48.4,INTERNAL,5812
-16.9,-39.1,INTERNAL,5733
-5.2,-35.3,INTERNAL,5619
-15.9,-47.8,REGIONAL,5005
-27.6,-48.4,INTERNAL,4926
-32.1,-52.1,INTERNAL,4836
-25.7,-54.4,REGIONAL,4833
-10.0,-67.9,REGIONAL,4812
0.0,0.0,EXTERNAL,4618
-23.5,-46.8,REGIONAL,4403
-9.6,-55.9,REGIONAL,4351
-22.6,-43.4,REGIONAL,4294
-8.5,-37.3,INTERNAL,4081
-25.4,-49.3,REGIONAL,3949
-17.7,-38.9,INTERNAL,3824
-29.7,-53.7,REGIONAL,3796
-22.5,-42.8,REGIONAL,3795
-32.2,-52.2,INTERNAL,3768
-23.0,-43.2,REGIONAL,3751
-22.4,-47.5,REGIONAL,3730
-20.3,-40.3,REGIONAL,3694
-21.3,-45.0,EXTERNAL,3686
-22.5,-42.8,EXTERNAL,3482
-3.8,-38.5,REGIONAL,3473
-23.0,-43.3,REGIONAL,3469
-23.5,-45.1,INTERNAL,3447
-32.2,-52.1,INTERNAL,3417
-6.4,-39.3,REGIONAL,3399
-6.7,-45.0,INTERNAL,3374
-23.8,-45.5,INTERNAL,3338
-17.7,-39.0,INTERNAL,3241
-17.8,-39.1,INTERNAL,3189
-19.3,-45.5,INTERNAL,3182
-23.5,-45.2,INTERNAL,3180
-3.1,-60.0,REGIONAL,3124
-23.9,-46.1,INTERNAL,3120
-23.4,-44.8,INTERNAL,2995
-5.6,-36.3,EXTERNAL,2898
-15.8,-47.8,REGIONAL,2897
-23.5,-46.5,REGIONAL,2852
-29.5,-50.1,EXTERNAL,2840
-32.1,-52.2,INTERNAL,2839
-22.8,-41.9,INTERNAL,2826
-24.0,-46.2,INTERNAL,2824
-22.9,-43.2,REGIONAL,2810
-20.8,-42.9,INTERNAL,2758
-26.3,-48.8,INTERNAL,2702
-22.4,-44.6,REGIONAL,2575
-15.9,-47.9,REGIONAL,2569
-23.5,-46.6,REGIONAL,2558
-19.9,-40.6,REGIONAL,2524
-23.4,-44.9,INTERNAL,2521
-23.7,-46.6,REGIONAL,2469
-19.9,-44.0,REGIONAL,2438
-20.5,-28.9,INTERNAL,2392
-27.7,-48.5,INTERNAL,2377
-7.9,-14.4,INTERNAL,2372
-6.0,-35.0,INTERNAL,2370
-3.7,-38.6,REGIONAL,2368
-25.6,-54.5,REGIONAL,2345
-22.3,-41.7,INTERNAL,2304
-5.6,-35.1,INTERNAL,2276
-25.4,-49.2,REGIONAL,2269
3.4,-61.5,INTERNAL,2225
-17.9,-39.2,INTERNAL,2187
-26.9,-49.1,REGIONAL,2165
-24.2,-46.8,INTERNAL,2161
-27.6,-48.5,REGIONAL,2042
-22.9,-47.0,REGIONAL,1960
-23.4,-46.6,REGIONAL,1958
-27.7,-48.5,REGIONAL,1956
-30.0,-51.1,REGIONAL,1950
-24.0,-46.3,INTERNAL,1934
-27.1,-48.5,INTERNAL,1916
-30.0,-51.2,REGIONAL,1914
-23.4,-45.1,INTERNAL,1907
-23.8,-46.3,REGIONAL,1876
-21.8,-41.3,REGIONAL,1871
-32.0,-52.3,REGIONAL,1865
-20.4,-40.3,REGIONAL,1856
-5.9,-35.2,REGIONAL,1846
-26.4,-48.6,INTERNAL,1825
-23.0,-43.2,INTERNAL,1816
-23.7,-47.1,INTERNAL,1798
-3.0,-59.9,REGIONAL,1771
-21.1,-49.5,INTERNAL,1762
-9.9,-56.1,REGIONAL,1753
-8.6,-37.2,INTERNAL,1740
-30.1,-51.2,REGIONAL,1739
-23.6,-45.4,INTERNAL,1722
-23.6,-46.5,REGIONAL,1714
-8.5,-37.2,INTERNAL,1706
-23.5,-46.7,REGIONAL,1695
-8.4,-37.3,INTERNAL,1684
-23.0,-44.6,INTERNAL,1673
-22.3,-41.6,INTERNAL,1648
-8.5,-34.0,EXTERNAL,1647
-19.2,-40.1,REGIONAL,1638
-17.9,-38.7,INTERNAL,1632
-28.5,-48.8,REGIONAL,1628
-23.4,-45.0,INTERNAL,1615
-27.1,-48.9,REGIONAL,1603
-30.1,-51.1,REGIONAL,1601
-22.3,-42.5,REGIONAL,1600
-26.8,-49.3,REGIONAL,1596
-22.8,-47.1,REGIONAL,1563
-23.0,-50.9,INTERNAL,1546
-25.4,-49.0,REGIONAL,1527
-26.8,-48.7,REGIONAL,1512
-23.0,-44.1,INTERNAL,1490
-20.8,-42.9,REGIONAL,1473
-8.9,-36.5,REGIONAL,1470
-22.9,-42.0,INTERNAL,1454
-11.4,-42.6,EXTERNAL,1447
-23.8,-46.0,INTERNAL,1440
-20.6,-40.4,REGIONAL,1430
-8.0,-35.0,REGIONAL,1423
-18.0,-38.7,REGIONAL,1417
-19.9,-43.9,REGIONAL,1415
-19.1,-40.1,REGIONAL,1402
-27.8,-48.4,INTERNAL,1384
-29.9,-50.3,REGIONAL,1345
-23.7,-46.5,REGIONAL,1339
-5.2,-37.3,REGIONAL,1331
-19.9,-45.0,REGIONAL,1331
-25.9,-48.7,INTERNAL,1327
-31.9,-52.1,INTERNAL,1320
-25.8,-48.7,INTERNAL,1314
-5.5,-36.2,EXTERNAL,1309
-20.6,-40.4,INTERNAL,1297
-23.7,-45.4,INTERNAL,1282
-22.9,-43.1,REGIONAL,1279
-11.5,-42.6,EXTERNAL,1279
-23.6,-46.7,EXTERNAL,1256
-25.9,-48.6,INTERNAL,1243
-23.6,-46.7,INTERNAL,1227
-21.0,-42.0,REGIONAL,1224
-0.9,-44.3,INTERNAL,1218
-15.8,-48.1,REGIONAL,1217
-22.5,-43.0,REGIONAL,1210
-26.9,-48.6,REGIONAL,1208
-23.4,-44.7,INTERNAL,1207
-23.0,-43.4,REGIONAL,1202
-20.5,-41.0,REGIONAL,1199
-27.1,-48.8,REGIONAL,1197
-22.8,-51.2,INTERNAL,1184
-22.4,-42.8,REGIONAL,1178
-26.2,-48.8,INTERNAL,1163
-23.8,-45.4,REGIONAL,1159
-28.1,-51.2,REGIONAL,1155
-13.0,-38.5,REGIONAL,1154
-24.3,-46.2,INTERNAL,1152
-23.2,-45.0,INTERNAL,1145
-20.7,-38.6,EXTERNAL,1121
-25.6,-43.5,EXTERNAL,1106
-23.2,-45.3,INTERNAL,1098
-3.7,-38.5,REGIONAL,1097
0.0,0.0,REGIONAL,1092
-20.0,-43.9,REGIONAL,1092
-3.9,-32.4,INTERNAL,1090
-22.5,-43.1,REGIONAL,1082
-23.1,-46.6,REGIONAL,1072
-23.0,-43.5,REGIONAL,1072
-15.6,-47.7,INTERNAL,1069
-22.9,-51.0,INTERNAL,1056
-6.0,-35.1,EXTERNAL,1052
-20.5,-54.6,REGIONAL,1047
-16.5,-56.7,REGIONAL,1042
-22.8,-51.5,INTERNAL,1040
-4.8,-36.6,INTERNAL,1039
-23.4,-51.3,INTERNAL,1035
-24.0,-46.7,INTERNAL,1033
-24.0,-46.4,REGIONAL,1033
-22.9,-47.1,REGIONAL,1024
-15.7,-47.8,REGIONAL,1024
-22.6,-43.0,REGIONAL,1022
0.2,-39.9,EXTERNAL,1017
-24.3,-48.4,REGIONAL,1012
-22.0,-47.9,REGIONAL,1010
-23.0,-42.0,REGIONAL,1009
-26.8,-48.6,REGIONAL,997
-7.9,-14.3,INTERNAL,996
-6.1,-50.1,REGIONAL,987
-25.5,-49.3,REGIONAL,980
-25.5,-54.6,REGIONAL,979
-23.9,-45.3,INTERNAL,970
-27.0,-48.6,REGIONAL,967
-9.6,-35.7,REGIONAL,966
-23.9,-46.2,INTERNAL,959
-24.2,-47.9,INTERNAL,954
-15.8,-48.0,REGIONAL,954
-8.7,-35.9,REGIONAL,952
-22.9,-43.3,REGIONAL,949
-22.9,-42.0,REGIONAL,944
-23.8,-45.8,INTERNAL,940
-12.8,-38.6,INTERNAL,938
-22.9,-43.4,REGIONAL,937
-14.2,-51.6,REGIONAL,936
-27.6,-48.6,REGIONAL,934
-11.6,-42.6,EXTERNAL,933
-20.4,-40.7,REGIONAL,930
-25.8,-53.6,REGIONAL,928
-29.7,-53.8,REGIONAL,927
-22.4,-47.6,REGIONAL,925
-6.6,-37.3,INTERNAL,925
-2.4,-54.7,REGIONAL,922
-7.6,-72.7,REGIONAL,917
-23.5,-45.1,REGIONAL,916
-29.7,-53.6,REGIONAL,916
-9.6,-34.3,EXTERNAL,910
-3.6,-38.4,INTERNAL,909
-23.6,-45.2,INTERNAL,905
-22.3,-47.2,INTERNAL,895
-27.8,-48.5,REGIONAL,887
-10.3,-62.9,EXTERNAL,887
-25.5,-48.7,INTERNAL,885
-7.1,-37.3,INTERNAL,885
-16.1,-47.8,REGIONAL,880
-23.8,-46.7,REGIONAL,877
-25.5,-49.2,REGIONAL,873
-23.7,-46.7,REGIONAL,857
-23.3,-46.6,REGIONAL,855
-7.9,-34.8,REGIONAL,844
-4.0,-38.6,REGIONAL,843
-23.5,-46.4,REGIONAL,839
-25.5,-48.6,INTERNAL,839
-7.1,-34.8,REGIONAL,839
-8.6,-37.3,INTERNAL,830
-25.5,-43.4,EXTERNAL,829
-3.6,-35.2,EXTERNAL,827
-29.6,-53.7,REGIONAL,816
-27.1,-49.0,REGIONAL,814
-1.1,-52.6,INTERNAL,812
-23.3,-46.7,REGIONAL,811
-7.1,-34.9,REGIONAL,810
-25.4,-48.3,INTERNAL,806
-25.4,-48.7,INTERNAL,804
-22.8,-46.9,REGIONAL,804
-30.4,-50.3,INTERNAL,803
-23.6,-46.6,EXTERNAL,798
-20.3,-41.1,REGIONAL,792
-22.6,-43.1,REGIONAL,777
-16.8,-49.3,REGIONAL,773
-23.2,-46.9,REGIONAL,772
-24.0,-46.3,REGIONAL,771
-12.8,-38.5,INTERNAL,766
-12.6,-38.0,REGIONAL,764
-23.8,-45.2,INTERNAL,761
-17.3,-56.7,REGIONAL,759
-22.5,-43.2,REGIONAL,751
-23.0,-43.5,INTERNAL,749
-23.1,-44.7,INTERNAL,749
-20.9,-40.6,INTERNAL,744
-22.5,-46.6,REGIONAL,744
-9.6,-35.8,REGIONAL,743
-11.5,-42.5,EXTERNAL,739
-20.4,-38.6,EXTERNAL,739
-23.6,-46.9,REGIONAL,739
-21.2,-47.8,REGIONAL,737
-20.4,-49.3,INTERNAL,729
-6.6,-65.8,INTERNAL,729
-1.5,-56.4,EXTERNAL,729
-20.4,-44.5,REGIONAL,728
-23.3,-44.9,INTERNAL,728
-22.9,-45.5,INTERNAL,725
-23.0,-43.3,INTERNAL,725
-3.8,-32.4,REGIONAL,724
3.2,-60.4,INTERNAL,718
-23.4,-45.1,REGIONAL,718
-20.0,-44.0,REGIONAL,714
-25.5,-48.5,INTERNAL,714
-23.8,-45.7,INTERNAL,709
-23.4,-51.9,REGIONAL,708
-23.5,-45.0,INTERNAL,705
-15.4,-39.6,REGIONAL,702
-22.3,-49.0,INTERNAL,701
-22.8,-47.3,REGIONAL,701
-21.1,-47.8,INTERNAL,692
-27.7,-48.8,REGIONAL,691
-23.0,-42.7,INTERNAL,690
-2.9,-60.0,REGIONAL,688
-20.5,-29.5,INTERNAL,688
-12.9,-38.5,INTERNAL,687
-7.1,-38.5,REGIONAL,686
-20.4,-49.2,INTERNAL,686
-25.1,-47.9,INTERNAL,686
-23.0,-43.0,INTERNAL,686
-27.5,-48.4,INTERNAL,681
-15.9,-46.1,REGIONAL,680
-2.6,-44.3,REGIONAL,678
-28.0,-48.6,REGIONAL,673
-22.8,-43.5,REGIONAL,671
-23.6,-45.3,INTERNAL,669
-23.0,-43.1,INTERNAL,669
-23.0,-43.0,REGIONAL,668
-3.9,-38.6,REGIONAL,667
-10.0,-67.8,REGIONAL,667
-26.4,-48.7,INTERNAL,663
-22.4,-44.5,REGIONAL,661
-23.1,-47.2,REGIONAL,659
-29.5,-50.2,REGIONAL,659
-23.2,-47.0,REGIONAL,658
-22.9,-46.9,INTERNAL,657
-22.9,-43.2,EXTERNAL,653
-27.0,-49.1,REGIONAL,653
-1.4,-48.4,REGIONAL,649
-9.8,-56.1,REGIONAL,647
-20.4,-40.3,INTERNAL,646
-17.4,-56.8,REGIONAL,645
-25.3,-48.4,INTERNAL,644
-24.1,-48.0,INTERNAL,640
-26.9,-49.0,REGIONAL,639
-22.9,-42.5,INTERNAL,637
-15.6,-48.0,REGIONAL,636
1.1,-52.6,INTERNAL,636
-22.4,-49.7,INTERNAL,630
-18.7,-39.9,REGIONAL,629
-15.9,-48.0,REGIONAL,629
-23.8,-45.9,INTERNAL,625
-20.8,-49.4,INTERNAL,624
-23.7,-45.2,INTERNAL,622
-23.5,-46.7,EXTERNAL,622
-1.5,-48.5,REGIONAL,620
-22.9,-43.5,REGIONAL,620
1.9,-30.0,EXTERNAL,618
-20.9,-40.8,INTERNAL,613
-23.7,-46.4,REGIONAL,610
-20.9,-40.7,INTERNAL,609
-18.9,-48.3,REGIONAL,605
-26.6,-49.4,REGIONAL,604
-20.7,-40.5,REGIONAL,602
-7.0,-35.7,REGIONAL,592
-22.4,-42.7,EXTERNAL,591
-23.0,-43.2,EXTERNAL,590
-25.8,-48.6,INTERNAL,589
-23.2,-45.9,REGIONAL,588
-25.8,-53.5,REGIONAL,582
-2.1,-59.0,INTERNAL,581
-25.6,-54.6,REGIONAL,580
-9.2,-35.9,REGIONAL,580
-24.2,-47.4,REGIONAL,578
-22.4,-42.8,EXTERNAL,577
-27.4,-48.4,REGIONAL,576
-22.6,-50.4,INTERNAL,567
-22.7,-47.6,REGIONAL,567
-9.2,-57.0,INTERNAL,566
-23.6,-46.8,REGIONAL,560
-22.5,-44.6,REGIONAL,560
-4.5,-37.8,EXTERNAL,559
-23.7,-46.8,INTERNAL,557
-22.4,-43.2,REGIONAL,557
-4.2,-38.9,REGIONAL,551
-2.5,-44.2,REGIONAL,549
-22.4,-44.7,REGIONAL,543
-8.6,-37.4,INTERNAL,542
-23.5,-46.6,INTERNAL,542
-19.0,-50.5,INTERNAL,540
-26.9,-48.7,REGIONAL,538
-28.7,-53.6,REGIONAL,537
-25.7,-54.5,REGIONAL,537
-8.0,-34.9,REGIONAL,532
-2.5,-54.9,REGIONAL,531
-4.9,-36.1,INTERNAL,530
-25.3,-48.3,INTERNAL,530
-26.3,-48.5,INTERNAL,527
-15.6,-56.1,REGIONAL,524
-5.8,-35.2,REGIONAL,522
-21.2,-48.3,REGIONAL,521
-22.8,-41.9,REGIONAL,520
-26.3,-48.7,INTERNAL,519
-12.4,-54.9,REGIONAL,518
-25.5,-48.4,INTERNAL,518
-22.6,-49.0,INTERNAL,516
-22.8,-46.9,INTERNAL,513
-12.9,-38.4,REGIONAL,512
-23.2,-44.7,REGIONAL,512
-30.4,-50.4,INTERNAL,511
-16.4,-56.6,REGIONAL,509
-25.4,-49.3,EXTERNAL,506
-8.8,-35.1,INTERNAL,506
-29.4,-50.4,REGIONAL,506
-3.8,-38.6,REGIONAL,505
-23.9,-45.2,INTERNAL,505
-16.7,-43.9,REGIONAL,502
-27.1,-49.1,REGIONAL,499
-7.2,-34.9,REGIONAL,498
-27.6,-48.5,INTERNAL,497
-24.4,-47.0,REGIONAL,497
-22.4,-43.9,INTERNAL,496
-23.5,-46.6,EXTERNAL,494
-8.5,-37.4,INTERNAL,493
-20.3,-49.2,INTERNAL,493
-2.5,-44.3,REGIONAL,492
-21.3,-47.9,INTERNAL,492
-7.4,-36.4,REGIONAL,492
-27.6,-48.4,REGIONAL,492
-20.4,-43.5,REGIONAL,491
-20.1,-56.0,REGIONAL,490
-29.5,-52.0,REGIONAL,487
-8.5,-35.0,REGIONAL,486
-23.2,-44.8,REGIONAL,482
-21.7,-41.3,REGIONAL,481
-23.8,-46.0,REGIONAL,481
-23.3,-45.2,INTERNAL,480
-2.6,-60.9,REGIONAL,480
-4.3,-38.9,REGIONAL,479
-23.8,-46.5,REGIONAL,476
-23.2,-46.9,INTERNAL,476
-23.7,-45.3,INTERNAL,475
-28.4,-48.8,REGIONAL,474
-23.3,-44.8,INTERNAL,471
-22.7,-45.5,INTERNAL,471
-7.9,-34.9,REGIONAL,470
-20.8,-41.5,REGIONAL,469
-27.9,-48.6,REGIONAL,469
-14.3,-39.0,REGIONAL,463
-24.6,-48.6,REGIONAL,462
-27.9,-51.3,REGIONAL,462
-22.4,-42.7,REGIONAL,461
-3.2,-39.2,REGIONAL,460
-22.4,-43.0,REGIONAL,459
-27.7,-48.6,INTERNAL,457
-19.8,-44.0,REGIONAL,455
-10.7,-37.4,EXTERNAL,455
-27.2,-49.6,REGIONAL,454
-19.8,-43.9,REGIONAL,451
-22.9,-43.0,REGIONAL,451
2.8,-60.7,REGIONAL,450
-23.6,-46.6,INTERNAL,449
-23.5,-47.1,REGIONAL,449
-23.9,-45.5,INTERNAL,448
-14.1,-47.5,REGIONAL,447
-25.8,-48.5,REGIONAL,446
-19.9,-40.5,REGIONAL,446
-28.0,-49.6,REGIONAL,446
-27.1,-51.9,REGIONAL,444
-21.6,-47.8,INTERNAL,444
-5.7,-36.2,EXTERNAL,441
-25.3,-48.2,INTERNAL,439
-27.4,-48.5,REGIONAL,439
-22.6,-43.3,REGIONAL,438
-29.2,-51.2,REGIONAL,436
-23.4,-46.7,REGIONAL,436
-9.9,-62.8,REGIONAL,435
-18.8,-41.9,REGIONAL,434
-15.8,-48.8,REGIONAL,434
-4.8,-36.7,INTERNAL,433
-29.4,-50.9,REGIONAL,433
-18.0,-38.7,EXTERNAL,432
-23.6,-46.9,INTERNAL,425
-5.3,-35.4,INTERNAL,423
-29.0,-51.4,REGIONAL,422
-31.8,-52.3,REGIONAL,421
-31.8,-52.4,REGIONAL,418
-3.4,-64.7,REGIONAL,417
-28.6,-49.5,REGIONAL,417
-22.7,-46.9,REGIONAL,415
-23.7,-46.8,REGIONAL,414
-19.6,-57.0,REGIONAL,412
-25.5,-43.5,EXTERNAL,411
-21.8,-43.4,REGIONAL,408
-23.0,-47.1,REGIONAL,408
-28.2,-48.7,REGIONAL,408
-27.6,-48.5,EXTERNAL,407
-27.5,-48.5,REGIONAL,406
-25.6,-54.4,REGIONAL,402
-19.9,-44.1,REGIONAL,402
-26.3,-48.9,INTERNAL,400
-7.0,-36.8,REGIONAL,400
-27.2,-52.0,REGIONAL,395
-22.9,-46.0,REGIONAL,394
-23.4,-46.5,REGIONAL,394
-22.8,-46.8,INTERNAL,393
-14.2,-47.8,REGIONAL,391
-20.1,-43.5,REGIONAL,391
-15.8,-47.9,EXTERNAL,390
-23.1,-44.2,REGIONAL,390
-25.6,-48.4,INTERNAL,389
-27.2,-53.9,REGIONAL,388
-26.5,-49.1,REGIONAL,388
-4.3,-70.3,REGIONAL,386
-20.8,-42.8,INTERNAL,386
-9.0,-35.2,INTERNAL,385
-1.8,-60.3,REGIONAL,385
-22.9,-42.8,REGIONAL,385
-19.3,-43.6,REGIONAL,384
-22.7,-45.6,REGIONAL,383
-25.4,-48.9,REGIONAL,383
-1.5,-48.4,REGIONAL,382
-17.2,-56.6,REGIONAL,381
-22.3,-43.0,REGIONAL,380
-5.4,-35.3,INTERNAL,380
-20.8,-40.6,REGIONAL,380
-25.7,-54.4,EXTERNAL,379
-23.5,-45.2,REGIONAL,378
-23.2,-46.5,INTERNAL,376
-25.4,-49.2,EXTERNAL,376
-12.0,-39.0,EXTERNAL,376
-16.8,-56.9,REGIONAL,374
-3.9,-38.7,REGIONAL,374
-23.2,-44.2,REGIONAL,373
-25.4,-48.2,INTERNAL,372
-22.7,-45.5,REGIONAL,372
-23.3,-45.1,INTERNAL,368
-15.5,-55.7,REGIONAL,367
-16.5,-39.0,REGIONAL,366
-26.3,-48.6,INTERNAL,365
-25.6,-48.6,INTERNAL,365
5.4,-48.0,EXTERNAL,365
-12.9,-38.3,REGIONAL,363
-23.5,-39.7,EXTERNAL,363
-19.9,-44.9,REGIONAL,363
-20.2,-40.3,REGIONAL,362
-14.8,-39.0,REGIONAL,359
-26.1,-48.6,REGIONAL,359
-20.2,-50.5,INTERNAL,358
-4.1,-41.5,EXTERNAL,355
-16.0,-47.9,REGIONAL,355
-25.3,-49.7,REGIONAL,355
-23.4,-45.0,REGIONAL,354
-25.0,-50.6,REGIONAL,353
-16.3,-48.9,REGIONAL,351
-22.9,-43.6,REGIONAL,351
-22.4,-42.5,REGIONAL,350
-26.8,-49.5,REGIONAL,349
-23.3,-44.9,REGIONAL,349
-22.4,-49.0,INTERNAL,349
-20.8,-40.7,REGIONAL,348
3.1,-60.9,INTERNAL,347
-27.5,-48.4,REGIONAL,346
-10.6,-63.6,REGIONAL,345
-5.5,-36.3,EXTERNAL,345
-26.5,-52.6,REGIONAL,344
-14.8,-46.0,REGIONAL,344
-32.2,-52.2,REGIONAL,343
-11.6,-42.5,EXTERNAL,342
-3.8,-38.4,REGIONAL,340
-22.6,-50.1,INTERNAL,340
-19.6,-44.0,REGIONAL,339
-23.7,-45.1,INTERNAL,338
-21.1,-47.7,INTERNAL,337
-12.6,-41.4,REGIONAL,337
-23.7,-46.6,EXTERNAL,334
-11.9,-55.5,REGIONAL,333
-7.3,-39.3,REGIONAL,333
-21.7,-43.9,REGIONAL,331
-10.3,-46.6,INTERNAL,330
-25.1,-50.1,INTERNAL,330
-19.4,-43.6,REGIONAL,329
-22.3,-42.6,REGIONAL,328
-3.9,-32.4,REGIONAL,327
-22.4,-45.4,REGIONAL,326
-22.5,-50.0,INTERNAL,326
-30.0,-51.2,EXTERNAL,326
-4.9,-36.2,INTERNAL,325
-7.0,-35.0,REGIONAL,324
-26.9,-49.2,REGIONAL,324
-23.7,-47.0,INTERNAL,324
-20.1,-47.4,INTERNAL,323
-22.4,-42.0,REGIONAL,323
-24.0,-47.6,REGIONAL,322
-23.3,-48.5,INTERNAL,322
-23.5,-46.2,REGIONAL,320
-15.8,-49.0,REGIONAL,319
-7.0,-66.3,INTERNAL,319
-23.8,-46.6,REGIONAL,318
-2.5,-55.0,REGIONAL,318
-23.2,-44.9,REGIONAL,317
-27.2,-49.7,REGIONAL,317
-25.4,-49.1,REGIONAL,315
-11.4,-42.5,EXTERNAL,315
-29.2,-53.7,REGIONAL,314
-25.6,-48.3,REGIONAL,314
-18.8,-50.5,INTERNAL,313
-25.0,-47.9,INTERNAL,313
-22.8,-42.0,REGIONAL,312
-22.4,-43.1,REGIONAL,312
-24.3,-47.0,REGIONAL,312
-17.9,-39.0,REGIONAL,311
-22.6,-43.9,REGIONAL,310
-19.9,-44.0,EXTERNAL,310
-23.5,-46.5,EXTERNAL,310
-18.1,-52.9,REGIONAL,309
-25.4,-48.4,INTERNAL,309
-18.9,-50.3,INTERNAL,309
-29.7,-53.9,REGIONAL,309
-9.9,-67.8,REGIONAL,309
-22.3,-43.1,REGIONAL,308
-23.6,-46.5,EXTERNAL,308
-22.9,-47.1,INTERNAL,308
-23.6,-46.5,INTERNAL,308
-10.1,-67.6,REGIONAL,308
-16.7,-49.3,REGIONAL,307
-23.9,-52.8,EXTERNAL,307
-26.8,-49.2,REGIONAL,306
5.7,-49.1,EXTERNAL,306
-8.7,-35.1,REGIONAL,306
-21.2,-47.9,REGIONAL,306
-28.5,-49.5,REGIONAL,305
-15.9,-48.1,REGIONAL,304
-24.0,-47.4,REGIONAL,303
-25.9,-48.6,REGIONAL,303
-23.0,-47.0,REGIONAL,303
-24.2,-46.8,REGIONAL,302
-19.6,-56.2,REGIONAL,302
0.0,-51.1,REGIONAL,302
-13.0,-38.4,REGIONAL,302
3.1,-60.8,INTERNAL,302
-20.8,-41.7,REGIONAL,301
-22.8,-48.7,INTERNAL,300
-3.1,-59.9,REGIONAL,300
-16.6,-56.7,REGIONAL,299
-29.4,-49.7,REGIONAL,299
-16.4,-41.0,REGIONAL,299
-23.8,-47.0,INTERNAL,298
-11.1,-63.4,INTERNAL,298
-22.8,-43.2,REGIONAL,296
-27.2,-48.5,REGIONAL,296
-23.6,-46.8,EXTERNAL,295
-23.2,-46.9,EXTERNAL,294
-29.6,-53.6,REGIONAL,293
-15.8,-48.9,REGIONAL,292
-13.0,-38.5,EXTERNAL,292
-29.9,-51.1,REGIONAL,291
-30.1,-51.2,EXTERNAL,291
-23.8,-48.0,INTERNAL,291
-22.0,-47.9,EXTERNAL,291
-22.8,-43.3,REGIONAL,291
-14.9,-45.3,INTERNAL,290
-25.0,-47.9,REGIONAL,289
-15.4,-55.8,REGIONAL,289
-22.7,-49.7,INTERNAL,289
-20.0,-43.8,REGIONAL,289
-22.4,-44.7,EXTERNAL,288
-23.4,-46.4,INTERNAL,287
-15.6,-47.7,REGIONAL,287
3.1,-52.3,EXTERNAL,287
-23.4,-46.6,INTERNAL,286
-21.2,-47.7,INTERNAL,286
-23.6,-45.8,REGIONAL,286
-16.7,-56.9,REGIONAL,285
-3.6,-59.8,REGIONAL,285
-19.7,-44.9,REGIONAL,284
-18.1,-39.9,EXTERNAL,283
-25.4,-49.4,REGIONAL,282
-21.7,-41.0,REGIONAL,282
3.4,-61.4,INTERNAL,282
-30.0,-50.2,INTERNAL,282
-20.9,-42.5,REGIONAL,282
-20.4,-55.0,EXTERNAL,282
-0.0,0.0,INTERNAL,281
-8.5,-39.2,EXTERNAL,281
-22.6,-46.5,REGIONAL,280
-6.2,-50.4,REGIONAL,279
-25.6,-48.4,REGIONAL,279
2.9,-60.7,INTERNAL,279
-22.0,-47.5,INTERNAL,279
-19.0,-57.7,REGIONAL,278
-8.6,-37.2,REGIONAL,278
-21.6,-47.6,INTERNAL,278
-25.4,-51.5,REGIONAL,278
-29.6,-53.8,REGIONAL,277
-7.7,-72.6,EXTERNAL,277
-19.2,-46.2,REGIONAL,277
-23.6,-45.5,INTERNAL,276
-28.1,-48.6,REGIONAL,276
-25.7,-49.3,REGIONAL,276
-25.5,-49.1,REGIONAL,276
-25.5,-49.3,EXTERNAL,276
-23.6,-46.8,INTERNAL,275
-23.7,-47.0,REGIONAL,275
-27.0,-49.5,REGIONAL,274
-19.0,-40.1,REGIONAL,273
-30.1,-51.7,REGIONAL,273
-4.5,-38.9,EXTERNAL,273
-27.9,-49.6,REGIONAL,272
-24.6,-46.2,INTERNAL,272
-5.1,-40.9,REGIONAL,271
-5.7,-35.1,INTERNAL,271
-20.4,-41.0,REGIONAL,270
-14.3,-40.2,REGIONAL,270
-26.2,-48.6,REGIONAL,270
-16.5,-49.1,REGIONAL,270
-7.1,-35.5,REGIONAL,269
-15.8,-47.7,REGIONAL,269
-22.9,-42.6,INTERNAL,269
-8.1,-34.9,REGIONAL,269
-22.2,-49.6,REGIONAL,269
-23.0,-45.6,INTERNAL,268
-25.5,-49.2,EXTERNAL,268
3.2,-52.3,EXTERNAL,268
-22.9,-47.1,EXTERNAL,267
-26.9,-49.4,REGIONAL,266
-23.9,-46.5,REGIONAL,266
-19.2,-57.6,REGIONAL,266
-22.9,-42.4,REGIONAL,266
-17.7,-48.2,REGIONAL,265
-16.7,-49.3,EXTERNAL,264
-19.9,-43.9,EXTERNAL,263
-29.9,-51.2,REGIONAL,263
-22.8,-47.1,EXTERNAL,263
-25.5,-48.3,REGIONAL,262
-3.2,-39.3,REGIONAL,262
-22.8,-43.4,REGIONAL,262
-25.9,-48.5,REGIONAL,262
-18.2,-42.4,REGIONAL,262
-24.0,-46.8,INTERNAL,260
-27.8,-48.6,REGIONAL,260
-22.7,-43.4,REGIONAL,260
-20.5,-55.7,EXTERNAL,260
-27.5,-48.5,INTERNAL,259
-23.3,-51.2,REGIONAL,259
-25.5,-48.3,INTERNAL,259
1.0,-29.3,INTERNAL,258
-25.5,-48.8,INTERNAL,258
-22.1,-45.1,REGIONAL,258
-20.5,-54.6,EXTERNAL,258
-23.2,-44.3,INTERNAL,257
-23.6,-39.9,EXTERNAL,257
-9.2,-36.0,REGIONAL,257
-7.3,-37.4,REGIONAL,256
-21.4,-49.9,INTERNAL,256
-22.4,-47.8,INTERNAL,256
-9.6,-55.9,EXTERNAL,255
-28.4,-48.8,INTERNAL,255
-23.3,-51.1,REGIONAL,254
-21.2,-47.8,INTERNAL,254
-8.7,-35.1,INTERNAL,254
-23.9,-47.0,INTERNAL,253
-9.9,-63.0,REGIONAL,253
-10.8,-52.9,REGIONAL,253
-16.3,-56.6,REGIONAL,253
-12.0,-38.0,EXTERNAL,252
-10.0,-63.0,REGIONAL,252
-22.6,-43.7,REGIONAL,251
-11.1,-37.3,REGIONAL,250
-19.1,-40.0,REGIONAL,250
-25.1,-47.9,REGIONAL,248
-21.6,-47.7,REGIONAL,248
-22.5,-44.1,REGIONAL,247
-21.0,-47.8,REGIONAL,247
-6.0,-35.1,INTERNAL,246
-16.4,-39.1,REGIONAL,246
-27.6,-48.7,REGIONAL,245
-19.1,-39.9,REGIONAL,245
-1.4,-48.5,REGIONAL,245
-23.8,-47.3,INTERNAL,245
4.7,-50.3,EXTERNAL,245
-10.5,-37.4,REGIONAL,244
-16.0,-48.1,REGIONAL,244
-3.2,-47.8,INTERNAL,244
-22.4,-42.6,REGIONAL,243
-21.0,-40.8,INTERNAL,243
-20.5,-55.3,EXTERNAL,243
-21.3,-48.5,REGIONAL,243
-23.6,-47.2,REGIONAL,242
-22.6,-43.2,EXTERNAL,241
-23.4,-51.9,EXTERNAL,241
-7.4,-35.1,REGIONAL,241
-25.5,-49.6,REGIONAL,240
-23.3,-45.1,REGIONAL,240
-21.8,-41.6,REGIONAL,240
-3.0,-60.0,REGIONAL,239
-12.3,-45.0,EXTERNAL,239
-22.8,-44.9,REGIONAL,239
-20.1,-44.0,REGIONAL,239
-3.0,-60.1,REGIONAL,239
-20.0,-42.0,EXTERNAL,239
-20.3,-56.3,EXTERNAL,239
-23.0,-43.7,REGIONAL,238
-17.7,-57.4,REGIONAL,238
-20.0,-40.5,REGIONAL,238
-12.7,-38.1,REGIONAL,238
-3.9,-33.2,EXTERNAL,238
-25.5,-49.5,REGIONAL,238
-28.7,-49.4,REGIONAL,237
-21.9,-43.6,INTERNAL,237
-23.1,-44.2,INTERNAL,237
-26.1,-48.6,INTERNAL,237
-20.5,-43.7,REGIONAL,237
-22.1,-48.1,INTERNAL,237
-20.1,-44.2,REGIONAL,236
-13.5,-56.6,REGIONAL,236
-1.6,-56.3,EXTERNAL,236
-15.6,-47.8,REGIONAL,236
-20.2,-47.4,INTERNAL,236
-22.9,-43.3,EXTERNAL,236
-22.7,-47.6,EXTERNAL,235
-20.0,-40.1,REGIONAL,235
-20.2,-40.2,REGIONAL,235
-22.5,-43.0,EXTERNAL,235
-25.1,-50.1,REGIONAL,234
-23.8,-47.0,REGIONAL,234
-22.3,-49.0,REGIONAL,234
-7.2,-39.4,REGIONAL,234
-23.7,-46.7,EXTERNAL,233
-22.5,-51.3,INTERNAL,233
-18.2,-43.6,REGIONAL,233
-25.8,-45.2,EXTERNAL,233
-23.9,-46.7,INTERNAL,232
-12.6,-41.5,REGIONAL,232
-23.4,-46.8,REGIONAL,232
-26.5,-49.3,REGIONAL,232
-24.1,-48.0,REGIONAL,232
-25.1,-47.9,EXTERNAL,231
-28.6,-48.9,INTERNAL,231
-26.3,-48.8,REGIONAL,231
-1.5,-61.4,INTERNAL,231
-23.2,-45.9,EXTERNAL,231
-23.8,-46.4,REGIONAL,231
-23.0,-43.6,REGIONAL,230
-3.7,-52.4,REGIONAL,230
-29.4,-49.8,INTERNAL,230
-15.5,-47.3,REGIONAL,229
-23.6,-45.4,REGIONAL,229
-23.5,-46.2,INTERNAL,229
-20.4,-54.6,REGIONAL,229
-23.5,-47.5,EXTERNAL,228
-21.8,-48.2,REGIONAL,228
-8.7,-35.8,REGIONAL,228
-25.4,-48.8,REGIONAL,228
-8.2,-70.4,REGIONAL,228
-28.0,-53.2,REGIONAL,228
-25.6,-48.3,INTERNAL,228
-20.9,-42.0,REGIONAL,228
-27.0,-48.9,REGIONAL,228
-15.7,-47.7,REGIONAL,227
-7.8,-34.8,REGIONAL,227
-10.0,-36.0,REGIONAL,227
-23.4,-48.5,INTERNAL,227
-20.3,-46.5,REGIONAL,227
-3.0,-60.0,EXTERNAL,227
-16.5,-56.7,EXTERNAL,227
-25.5,-49.0,REGIONAL,227
-21.4,-46.9,REGIONAL,226
-22.1,-44.7,REGIONAL,226
-9.9,-67.9,REGIONAL,225
-24.5,-48.7,REGIONAL,225
-23.6,-45.1,INTERNAL,225
-29.3,-49.7,REGIONAL,225
-24.0,-47.5,REGIONAL,224
-31.3,-54.1,REGIONAL,224
-17.3,-56.8,REGIONAL,223
-19.2,-40.0,REGIONAL,223
-7.2,-35.9,REGIONAL,223
-22.8,-45.6,REGIONAL,223
-9.4,-36.6,REGIONAL,223
-14.2,-44.5,REGIONAL,223
-29.0,-54.0,EXTERNAL,223
-23.0,-44.5,INTERNAL,222
-23.0,-44.0,REGIONAL,222
-31.8,-52.3,INTERNAL,222
-23.2,-44.4,INTERNAL,222
-27.4,-48.4,INTERNAL,221
-23.5,-44.8,INTERNAL,221
-28.7,-53.7,REGIONAL,220
-22.3,-47.8,INTERNAL,220
-29.4,-49.8,REGIONAL,220
-1.1,-46.8,REGIONAL,219
-28.6,-49.0,INTERNAL,219
-26.4,-48.8,INTERNAL,219
-25.3,-48.1,INTERNAL,219
-25.9,-48.8,INTERNAL,219
-30.0,-50.1,REGIONAL,219
-3.1,-60.1,REGIONAL,219
-26.1,-48.8,INTERNAL,219
-29.5,-49.8,INTERNAL,219
-29.4,-50.8,REGIONAL,218
-24.4,-47.9,REGIONAL,218
0.9,-52.0,REGIONAL,217
-23.8,-45.6,REGIONAL,217
-24.3,-47.2,REGIONAL,217
-28.6,-49.3,EXTERNAL,217
-23.7,-46.6,INTERNAL,217
-8.0,-34.9,EXTERNAL,217
-24.7,-47.5,INTERNAL,216
-22.4,-51.0,INTERNAL,216
-16.6,-49.3,REGIONAL,216
-23.9,-47.0,REGIONAL,216
-22.4,-46.9,REGIONAL,216
-23.7,-45.0,INTERNAL,215
-9.3,-57.0,INTERNAL,215
-6.7,-38.9,REGIONAL,215
-23.1,-47.8,REGIONAL,215
-31.8,-52.2,REGIONAL,215
-19.0,-50.6,INTERNAL,215
-20.8,-42.9,EXTERNAL,215
-23.7,-48.6,INTERNAL,215
-22.2,-47.9,INTERNAL,214
-8.0,-38.3,REGIONAL,213
-27.7,-48.5,EXTERNAL,213
-21.5,-49.8,INTERNAL,213
-16.9,-43.0,REGIONAL,212
-31.7,-52.3,REGIONAL,212
-17.2,-54.1,REGIONAL,212
-22.8,-44.8,REGIONAL,212
-23.3,-47.9,REGIONAL,212
-26.8,-49.1,REGIONAL,212
-24.2,-46.9,REGIONAL,211
-32.0,-52.1,REGIONAL,211
-15.6,-47.9,REGIONAL,211
-22.3,-43.8,INTERNAL,211
-7.3,-39.5,REGIONAL,210
-9.0,-35.2,REGIONAL,210
-25.4,-50.6,REGIONAL,209
-15.9,-48.0,EXTERNAL,209
-15.8,-48.9,EXTERNAL,209
-22.9,-43.1,EXTERNAL,208
-21.2,-45.0,REGIONAL,208
-21.7,-43.4,REGIONAL,208
-23.5,-47.5,REGIONAL,208
-18.9,-48.2,REGIONAL,207
-7.2,-38.5,REGIONAL,207
-23.5,-46.4,EXTERNAL,207
-23.0,-47.0,EXTERNAL,207
-21.7,-46.7,REGIONAL,207
-20.3,-40.5,REGIONAL,207
-20.5,-55.6,EXTERNAL,207
-30.2,-57.5,REGIONAL,207
-15.7,-47.9,EXTERNAL,206
-23.8,-45.7,REGIONAL,206
-28.3,-48.7,REGIONAL,206
-18.4,-39.7,REGIONAL,206
-26.2,-48.7,INTERNAL,206
-23.9,-47.1,REGIONAL,206
-23.0,-43.9,REGIONAL,205
-12.2,-45.0,EXTERNAL,205
3.1,-60.4,INTERNAL,205
-21.2,-47.8,EXTERNAL,205
-16.0,-48.0,REGIONAL,205
-6.6,-37.2,INTERNAL,204
-28.6,-49.6,REGIONAL,204
-24.0,-45.5,INTERNAL,204
-23.7,-46.5,EXTERNAL,204
-31.8,-52.4,INTERNAL,204
-20.5,-41.1,REGIONAL,204
-2.4,-59.8,REGIONAL,203
-28.5,-48.8,INTERNAL,203
-20.8,-40.6,INTERNAL,203
-20.5,-48.9,INTERNAL,203
-21.9,-47.4,INTERNAL,202
-20.6,-41.8,INTERNAL,202
-23.0,-46.9,INTERNAL,202
-7.2,-34.8,REGIONAL,202
-23.9,-46.4,REGIONAL,201
-7.4,-36.3,REGIONAL,201
-23.0,-43.5,EXTERNAL,201
-27.2,-49.1,REGIONAL,200
-22.9,-45.9,REGIONAL,200
-3.1,-59.8,REGIONAL,200
-23.5,-46.3,REGIONAL,200
-23.3,-51.2,EXTERNAL,200
-5.9,-37.3,REGIONAL,200
2.2,-52.9,EXTERNAL,199
-6.3,-39.3,REGIONAL,199
-9.4,-40.5,REGIONAL,198
-21.3,-47.8,INTERNAL,198
-23.6,-46.9,EXTERNAL,197
-27.4,-49.8,REGIONAL,196
-23.0,-45.7,INTERNAL,196
-16.5,-39.1,REGIONAL,196
-22.8,-45.7,REGIONAL,195
-24.0,-46.3,EXTERNAL,195
-20.4,-41.8,REGIONAL,195
-19.0,-56.6,REGIONAL,194
-19.5,-41.1,REGIONAL,194
-8.1,-35.2,REGIONAL,194
-10.4,-62.5,REGIONAL,193
-9.8,-35.9,REGIONAL,193
-29.2,-50.1,REGIONAL,193
-19.2,-45.0,REGIONAL,193
-28.3,-53.5,REGIONAL,193
-26.9,-49.1,EXTERNAL,193
-23.1,-43.5,REGIONAL,193
-21.3,-42.3,INTERNAL,192
-22.1,-48.0,INTERNAL,192
-16.4,-56.7,REGIONAL,192
-27.0,-48.6,INTERNAL,192
-22.3,-47.4,EXTERNAL,191
-17.2,-56.7,REGIONAL,191
-22.6,-47.3,REGIONAL,191
-20.9,-49.3,INTERNAL,191
-12.7,-39.1,REGIONAL,191
-8.1,-34.9,EXTERNAL,191
-22.4,-42.9,REGIONAL,190
-4.2,-69.9,REGIONAL,190
-27.4,-48.5,INTERNAL,190
3.0,-52.4,EXTERNAL,190
-15.8,-48.0,EXTERNAL,189
-29.8,-51.8,REGIONAL,189
-7.3,-37.4,INTERNAL,189
-25.3,-49.3,REGIONAL,189
-23.2,-47.0,EXTERNAL,189
-22.8,-47.3,EXTERNAL,189
-28.1,-48.7,REGIONAL,189
-22.9,-43.2,INTERNAL,189
-22.8,-43.4,EXTERNAL,189
-6.7,-39.0,REGIONAL,188
-20.4,-41.9,REGIONAL,188
-23.8,-46.1,REGIONAL,188
-6.1,-49.9,REGIONAL,188
-18.9,-42.0,REGIONAL,187
-13.0,-38.6,REGIONAL,187
-23.7,-46.7,INTERNAL,187
-3.2,-60.0,REGIONAL,187
-26.9,-52.4,REGIONAL,187
-22.9,-48.5,INTERNAL,187
-16.3,-49.0,REGIONAL,187
-23.8,-47.1,INTERNAL,186
-12.5,-41.5,REGIONAL,186
-26.2,-48.5,EXTERNAL,186
-10.1,-67.9,REGIONAL,186
-23.7,-52.8,REGIONAL,186
-23.8,-45.4,EXTERNAL,186
-19.6,-57.2,EXTERNAL,186
-23.3,-44.7,REGIONAL,185
-9.7,-67.7,REGIONAL,185
-23.5,-45.1,EXTERNAL,185
-13.0,-41.3,REGIONAL,185
-22.2,-51.2,INTERNAL,185
-22.9,-43.4,EXTERNAL,184
-23.7,-46.9,REGIONAL,184
-23.2,-44.2,INTERNAL,184
-5.1,-42.8,REGIONAL,184
-2.8,-40.5,REGIONAL,184
-24.2,-47.0,REGIONAL,183
-12.0,-41.0,EXTERNAL,183
-23.3,-46.9,REGIONAL,183
-19.3,-43.5,REGIONAL,182
-6.4,-35.3,REGIONAL,182
-27.8,-48.5,INTERNAL,182
-2.6,-60.1,REGIONAL,182
-10.7,-38.6,REGIONAL,182
-20.3,-40.3,EXTERNAL,182
-20.2,-56.4,REGIONAL,182
-27.6,-48.6,EXTERNAL,182
-3.9,-38.4,REGIONAL,181
-16.6,-47.8,REGIONAL,181
-22.4,-47.6,INTERNAL,181
-22.9,-42.2,INTERNAL,181
-15.4,-47.5,REGIONAL,181
-22.9,-42.3,REGIONAL,181
-26.8,-48.9,REGIONAL,180
-12.2,-39.0,REGIONAL,180
-21.1,-56.5,REGIONAL,180
-22.0,-48.5,INTERNAL,179
-10.8,-38.5,REGIONAL,179
-15.5,-47.6,REGIONAL,179
-3.0,-60.7,REGIONAL,179
-23.8,-46.4,INTERNAL,179
-27.2,-48.6,REGIONAL,179
-7.1,-36.3,REGIONAL,179
-25.6,-48.6,REGIONAL,178
-26.2,-48.6,INTERNAL,178
-3.9,-38.5,REGIONAL,178
-21.8,-41.0,REGIONAL,178
-6.7,-36.4,REGIONAL,178
-5.7,-36.3,EXTERNAL,178
-15.8,-48.3,REGIONAL,178
-25.5,-49.4,REGIONAL,177
-22.4,-47.5,INTERNAL,177
0.9,-51.2,REGIONAL,177
-9.7,-35.7,REGIONAL,176
-13.0,-41.4,REGIONAL,176
-9.3,-40.5,REGIONAL,176
-26.7,-49.2,REGIONAL,176
-27.8,-50.3,REGIONAL,176
-5.1,-42.8,EXTERNAL,176
-9.5,-41.4,INTERNAL,175
-22.9,-43.0,EXTERNAL,175
-23.2,-44.3,REGIONAL,175
-9.4,-69.9,REGIONAL,175
-23.4,-44.9,REGIONAL,175
-10.9,-37.1,REGIONAL,174
-23.5,-45.8,INTERNAL,174
-22.9,-46.3,REGIONAL,174
-7.1,-40.1,REGIONAL,174
-6.3,-34.9,INTERNAL,174
-19.9,-44.4,REGIONAL,173
-3.6,-38.9,REGIONAL,173
-21.6,-48.5,INTERNAL,173
-20.0,-44.0,EXTERNAL,173
-22.9,-47.0,EXTERNAL,172
-20.1,-56.6,REGIONAL,172
-32.1,-52.2,REGIONAL,172
-22.3,-47.7,INTERNAL,172
-24.3,-49.7,REGIONAL,172
-22.9,-44.0,REGIONAL,172
-2.0,-59.8,REGIONAL,172
-20.0,-56.8,EXTERNAL,172
-21.0,-47.4,REGIONAL,172
-10.6,-40.4,INTERNAL,171
-23.4,-46.0,REGIONAL,171
-30.2,-51.2,REGIONAL,171
-8.8,-67.5,REGIONAL,171
-22.8,-43.0,REGIONAL,171
-27.1,-48.5,REGIONAL,170
-17.9,-51.7,REGIONAL,170
-15.7,-48.0,REGIONAL,170
-25.5,-48.8,REGIONAL,170
-11.2,-40.5,REGIONAL,170
-24.6,-48.6,INTERNAL,170
-22.5,-42.3,REGIONAL,169
-24.0,-46.4,INTERNAL,169
-30.0,-51.1,EXTERNAL,169
-21.8,-46.6,REGIONAL,169
-20.4,-55.1,EXTERNAL,169
-31.5,-52.5,REGIONAL,168
-20.1,-56.0,EXTERNAL,168
-23.3,-46.4,REGIONAL,168
-8.0,-35.0,EXTERNAL,168
-19.6,-57.3,EXTERNAL,168
-23.5,-46.8,EXTERNAL,168
-23.1,-44.9,REGIONAL,168
-24.6,-48.7,INTERNAL,167
-8.7,-63.9,REGIONAL,167
-20.0,-40.6,REGIONAL,167
-28.4,-48.7,REGIONAL,167
-18.3,-52.9,REGIONAL,167
-22.2,-51.0,INTERNAL,167
-20.5,-55.9,EXTERNAL,167
-24.0,-46.4,EXTERNAL,166
-23.0,-44.3,REGIONAL,166
-16.5,-38.9,REGIONAL,166
-23.5,-45.2,EXTERNAL,166
-22.9,-50.0,INTERNAL,165
-27.1,-51.6,REGIONAL,165
-23.7,-46.9,INTERNAL,165
-28.4,-49.5,REGIONAL,165
-21.0,-50.0,INTERNAL,165
-8.3,-36.0,REGIONAL,165
1.1,-52.7,INTERNAL,164
-20.9,-49.4,INTERNAL,164
-11.3,-42.7,EXTERNAL,164
-3.9,-32.7,EXTERNAL,163
-20.2,-50.9,INTERNAL,163
-13.0,-38.5,INTERNAL,163
-23.9,-52.0,REGIONAL,163
-6.2,-35.1,REGIONAL,163
-13.6,-47.5,EXTERNAL,163
-21.3,-48.3,REGIONAL,162
-1.2,-48.3,REGIONAL,162
-25.7,-48.5,REGIONAL,162
-20.2,-56.5,EXTERNAL,161
-30.1,-51.1,EXTERNAL,161
-8.1,-35.0,REGIONAL,161
-10.9,-38.5,REGIONAL,161
-7.0,-35.1,REGIONAL,161
-7.5,-38.5,REGIONAL,161
-20.1,-56.7,EXTERNAL,161
-22.5,-44.5,REGIONAL,160
-20.5,-56.0,EXTERNAL,160
-25.0,-48.0,INTERNAL,160
-22.1,-49.0,INTERNAL,160
-18.9,-48.3,EXTERNAL,159
-16.4,-39.2,REGIONAL,159
-22.9,-43.6,EXTERNAL,159
-19.5,-45.6,REGIONAL,159
-19.5,-57.0,EXTERNAL,158
-26.2,-48.5,INTERNAL,158
-22.7,-45.1,REGIONAL,158
-18.9,-41.9,REGIONAL,158
-3.7,-59.8,REGIONAL,158
-27.1,-48.6,REGIONAL,157
-31.6,-52.5,REGIONAL,157
-23.6,-44.9,INTERNAL,157
-30.3,-51.0,REGIONAL,157
-22.9,-48.4,REGIONAL,157
-27.6,-51.2,REGIONAL,157
-5.9,-35.2,EXTERNAL,157
-23.5,-46.9,REGIONAL,156
-24.2,-48.4,REGIONAL,156
-28.2,-53.7,REGIONAL,156
-29.8,-51.1,REGIONAL,156
-8.1,-35.3,REGIONAL,156
-25.5,-48.5,REGIONAL,155
-23.8,-45.9,REGIONAL,155
-19.9,-40.1,REGIONAL,155
-23.4,-45.2,EXTERNAL,155
-22.5,-43.2,EXTERNAL,154
-30.1,-51.3,REGIONAL,154
-23.6,-45.9,INTERNAL,153
-29.5,-51.1,REGIONAL,153
-1.8,-60.1,REGIONAL,153
-7.0,-34.4,EXTERNAL,153
-23.5,-45.0,REGIONAL,153
-19.7,-57.0,EXTERNAL,153
-23.2,-45.0,REGIONAL,153
-19.4,-40.1,REGIONAL,153
3.3,-52.2,EXTERNAL,152
-5.0,-42.8,REGIONAL,152
-22.1,-48.5,INTERNAL,152
-26.9,-48.9,REGIONAL,152
-25.5,-50.6,REGIONAL,152
-20.5,-55.2,EXTERNAL,152
-25.2,-50.0,REGIONAL,152
-22.4,-44.8,REGIONAL,151
-15.8,-47.8,EXTERNAL,151
-22.8,-49.9,INTERNAL,151
-28.0,-49.9,REGIONAL,151
-3.1,-60.0,EXTERNAL,151
-25.8,-49.3,REGIONAL,151
-25.2,-48.3,REGIONAL,151
-21.4,-56.4,REGIONAL,151
-8.2,-35.6,REGIONAL,150
-26.3,-48.8,EXTERNAL,150
-20.5,-41.8,REGIONAL,150
-15.6,-56.0,EXTERNAL,150
-6.5,-39.4,REGIONAL,150
-28.7,-49.6,REGIONAL,150
-23.0,-44.5,REGIONAL,150
-23.2,-44.7,EXTERNAL,150
-25.6,-49.2,REGIONAL,150
-20.4,-43.6,REGIONAL,149
-28.7,-49.3,REGIONAL,149
-9.3,-35.4,REGIONAL,149
-29.3,-49.7,INTERNAL,149
-22.0,-49.1,INTERNAL,149
-23.0,-46.9,REGIONAL,149
-25.7,-48.4,REGIONAL,149
-23.8,-45.3,INTERNAL,149
-7.8,-34.9,REGIONAL,148
-25.3,-51.5,REGIONAL,148
-17.3,-56.6,REGIONAL,148
-25.7,-48.5,INTERNAL,148
-20.7,-49.9,INTERNAL,148
-9.8,-67.7,REGIONAL,148
-31.0,-50.9,INTERNAL,148
-26.4,-49.3,REGIONAL,148
-22.2,-44.7,REGIONAL,147
-19.5,-57.0,REGIONAL,147
-28.6,-48.8,REGIONAL,147
-21.7,-57.7,REGIONAL,147
-8.2,-35.8,REGIONAL,147
-23.0,-49.3,EXTERNAL,147
-1.7,-56.4,EXTERNAL,147
-5.8,-35.2,EXTERNAL,147
-23.7,-44.2,INTERNAL,147
-20.0,-46.0,REGIONAL,147
-31.9,-52.2,INTERNAL,146
-27.3,-48.2,INTERNAL,146
-28.7,-49.1,INTERNAL,146
-22.2,-46.7,REGIONAL,146
-31.9,-52.3,INTERNAL,146
-12.5,-38.0,REGIONAL,146
-20.7,-43.3,REGIONAL,146
-23.5,-46.9,EXTERNAL,146
-25.8,-48.8,INTERNAL,146
-2.0,-60.0,REGIONAL,146
-26.5,-48.6,INTERNAL,146
-31.7,-52.2,INTERNAL,146
-3.1,-64.8,REGIONAL,146
-31.8,-52.2,INTERNAL,146
-28.5,-49.0,INTERNAL,146
-25.3,-48.5,INTERNAL,146
-15.6,-56.1,EXTERNAL,145
-28.4,-49.3,EXTERNAL,145
-19.1,-43.7,REGIONAL,145
-20.2,-56.4,EXTERNAL,145
-25.1,-50.0,INTERNAL,145
-21.2,-48.4,REGIONAL,145
-23.3,-45.4,INTERNAL,145
-24.9,-48.0,INTERNAL,145
-22.2,-54.9,REGIONAL,145
-16.3,-49.2,EXTERNAL,144
-23.6,-45.4,EXTERNAL,144
-23.0,-47.0,INTERNAL,144
-19.6,-56.1,REGIONAL,144
-20.3,-56.2,EXTERNAL,144
-4.0,-38.7,REGIONAL,144
-23.1,-44.3,INTERNAL,144
-14.9,-39.0,REGIONAL,144
-16.5,-54.6,REGIONAL,144
-23.0,-43.1,REGIONAL,144
-31.7,-52.6,REGIONAL,143
-8.0,-35.2,REGIONAL,143
-22.8,-43.7,REGIONAL,143
-22.7,-42.0,REGIONAL,143
-22.8,-43.1,REGIONAL,143
-18.9,-47.0,EXTERNAL,143
-24.0,-47.0,REGIONAL,143
-23.4,-51.2,INTERNAL,143
-16.7,-49.2,EXTERNAL,143
-27.1,-49.5,REGIONAL,143
-6.5,-37.1,REGIONAL,143
-22.8,-43.3,EXTERNAL,142
-23.8,-45.8,REGIONAL,142
-22.7,-49.6,INTERNAL,142
-29.8,-50.5,REGIONAL,142
-16.1,-48.0,REGIONAL,142
-22.5,-42.7,REGIONAL,142
-25.6,-49.4,REGIONAL,142
-3.0,-61.2,REGIONAL,142
-15.5,-55.8,REGIONAL,142
-5.4,-47.3,REGIONAL,141
-22.9,-44.4,REGIONAL,141
-22.4,-45.5,REGIONAL,141
-16.3,-39.0,REGIONAL,141
-22.5,-43.5,REGIONAL,140
-9.9,-58.2,REGIONAL,140
-30.0,-51.0,REGIONAL,140
-21.7,-57.8,REGIONAL,140
-5.4,-49.1,REGIONAL,140
-29.8,-51.2,REGIONAL,140
-2.6,-44.2,REGIONAL,140
-23.6,-47.0,REGIONAL,140
-20.0,-43.0,EXTERNAL,140
-32.2,-52.1,REGIONAL,140
-8.8,-63.9,REGIONAL,140
-14.2,-47.6,REGIONAL,140
-0.9,-46.7,EXTERNAL,140
-26.2,-52.7,REGIONAL,139
-4.4,-37.8,EXTERNAL,139
-15.9,-49.0,REGIONAL,139
-22.8,-43.0,EXTERNAL,139
-23.2,-44.6,REGIONAL,139
-23.0,-43.4,EXTERNAL,139
-13.6,-41.8,REGIONAL,139
-3.7,-38.6,INTERNAL,139
-22.3,-44.6,REGIONAL,138
2.3,-52.9,EXTERNAL,138
-23.0,-46.0,EXTERNAL,138
-26.3,-48.6,REGIONAL,138
-20.4,-56.1,EXTERNAL,138
-22.5,-42.7,EXTERNAL,138
-19.9,-56.9,EXTERNAL,138
-24.6,-48.7,REGIONAL,138
-23.2,-46.4,REGIONAL,138
-22.9,-48.5,REGIONAL,138
-22.0,-47.4,REGIONAL,138
-23.4,-44.8,REGIONAL,138
-24.4,-47.1,INTERNAL,137
-19.6,-57.1,EXTERNAL,137
-17.3,-56.7,EXTERNAL,137
-22.7,-45.7,REGIONAL,137
-23.1,-46.6,EXTERNAL,137
-27.9,-45.9,EXTERNAL,137
-24.3,-46.9,REGIONAL,137
-24.7,-48.0,REGIONAL,137
-22.8,-47.0,INTERNAL,136
-9.2,-56.0,REGIONAL,136
-6.1,-35.2,REGIONAL,136
-22.5,-43.3,REGIONAL,136
-1.9,-59.4,REGIONAL,136
-25.4,-49.8,REGIONAL,136
-8.3,-35.0,REGIONAL,136
-6.8,-34.9,REGIONAL,136
-22.3,-42.4,REGIONAL,136
-8.4,-36.0,REGIONAL,136
-12.6,-37.9,REGIONAL,136
-22.8,-43.7,EXTERNAL,136
-30.9,-55.6,REGIONAL,136
-23.9,-46.3,REGIONAL,136
-20.5,-55.8,EXTERNAL,136
-22.5,-47.7,INTERNAL,135
-23.1,-47.0,EXTERNAL,135
-23.5,-46.3,EXTERNAL,135
-2.9,-59.9,REGIONAL,135
-14.4,-40.2,REGIONAL,135
-18.9,-40.7,REGIONAL,135
-22.5,-51.2,INTERNAL,135
-3.7,-38.5,INTERNAL,134
-16.2,-56.3,EXTERNAL,134
-22.8,-45.5,INTERNAL,134
-17.7,-39.0,EXTERNAL,134
-23.7,-46.2,INTERNAL,134
-20.4,-54.9,EXTERNAL,133
-23.0,-43.3,EXTERNAL,133
-22.4,-43.0,EXTERNAL,133
-9.1,-56.6,REGIONAL,133
-26.3,-48.9,REGIONAL,133
-2.8,-60.1,REGIONAL,133
-27.5,-48.4,EXTERNAL,132
-20.0,-50.4,INTERNAL,132
-22.6,-47.7,INTERNAL,132
-21.6,-46.8,INTERNAL,132
-22.9,-43.5,EXTERNAL,132
-21.1,-42.7,INTERNAL,131
-22.3,-42.3,REGIONAL,131
-24.0,-46.2,REGIONAL,131
-22.7,-44.6,REGIONAL,131
-22.4,-47.4,EXTERNAL,131
-23.5,-47.4,EXTERNAL,131
-20.8,-51.7,REGIONAL,131
-3.3,-60.2,REGIONAL,131
-20.3,-46.4,REGIONAL,131
-22.2,-47.6,INTERNAL,131
-7.8,-35.6,REGIONAL,130
-4.7,-36.7,INTERNAL,130
-22.3,-42.7,REGIONAL,130
-22.6,-52.2,REGIONAL,130
-15.9,-50.1,REGIONAL,130
-27.2,-48.5,INTERNAL,130
-17.9,-38.7,REGIONAL,130
-18.7,-39.8,REGIONAL,130
-25.3,-49.0,REGIONAL,130
-1.0,-46.8,REGIONAL,130
-23.2,-46.8,EXTERNAL,129
-23.5,-45.8,REGIONAL,129
-23.0,-43.6,EXTERNAL,129
-23.0,-47.2,REGIONAL,129
-23.1,-45.0,REGIONAL,129
-23.2,-45.2,INTERNAL,129
-7.4,-65.9,INTERNAL,129
-27.0,-49.2,REGIONAL,129
-22.9,-48.4,EXTERNAL,129
-23.2,-44.1,REGIONAL,128
-10.9,-37.1,EXTERNAL,128
-19.9,-56.3,REGIONAL,128
-22.6,-49.7,INTERNAL,128
-20.4,-54.6,EXTERNAL,128
-18.5,-44.0,REGIONAL,128
-23.7,-45.9,REGIONAL,128
-22.7,-47.6,INTERNAL,127
-25.2,-51.0,REGIONAL,127
1.2,-52.9,INTERNAL,127
-22.9,-42.8,EXTERNAL,127
-2.1,-60.0,REGIONAL,127
-32.1,-52.2,EXTERNAL,127
-7.4,-73.7,REGIONAL,127
-19.8,-44.0,EXTERNAL,126
-3.3,-59.9,EXTERNAL,126
-5.4,-49.0,REGIONAL,126
-22.2,-46.0,REGIONAL,126
-29.9,-51.2,EXTERNAL,126
3.7,-52.0,EXTERNAL,126
-27.5,-48.6,REGIONAL,126
-5.1,-39.0,REGIONAL,126
-20.1,-40.2,REGIONAL,126
-22.7,-47.7,EXTERNAL,126
-28.8,-49.2,REGIONAL,126
-30.7,-51.4,REGIONAL,126
-25.1,-50.2,REGIONAL,126
-23.9,-46.1,REGIONAL,126
-31.8,-52.3,EXTERNAL,126
-6.7,-35.1,REGIONAL,125
-24.3,-47.6,INTERNAL,125
-20.5,-43.9,REGIONAL,125
-19.6,-57.0,EXTERNAL,125
-12.9,-46.7,REGIONAL,125
-30.7,-52.1,REGIONAL,125
-25.3,-49.2,REGIONAL,125
-23.5,-47.4,REGIONAL,124
-23.2,-46.5,REGIONAL,124
-23.3,-46.9,EXTERNAL,124
-22.6,-47.4,EXTERNAL,124
-25.4,-49.7,REGIONAL,124
-21.1,-47.9,INTERNAL,124
-10.8,-68.4,INTERNAL,124
-19.0,-46.3,REGIONAL,124
-22.9,-42.5,REGIONAL,124
-31.6,-52.6,REGIONAL,124
-9.2,-35.3,REGIONAL,123
-23.4,-46.4,EXTERNAL,123
-20.1,-43.8,REGIONAL,123
-19.6,-43.9,REGIONAL,123
-23.9,-45.4,REGIONAL,123
-19.8,-47.9,REGIONAL,123
-20.6,-40.5,REGIONAL,123
-22.6,-46.7,REGIONAL,123
-9.7,-36.7,INTERNAL,123
-6.9,-36.9,REGIONAL,123
-23.5,-47.2,REGIONAL,123
-29.7,-53.8,EXTERNAL,123
-27.8,-48.6,INTERNAL,122
-8.6,-35.0,REGIONAL,122
-11.4,-42.7,EXTERNAL,122
-14.0,-39.0,EXTERNAL,122
-7.6,-72.8,REGIONAL,122
-6.8,-35.1,REGIONAL,122
-23.7,-46.8,EXTERNAL,122
-20.2,-48.7,INTERNAL,122
-16.0,-47.8,REGIONAL,122
-20.0,-56.3,REGIONAL,122
-23.1,-48.9,REGIONAL,122
-20.1,-44.3,REGIONAL,122
-19.3,-57.6,REGIONAL,122
-21.1,-44.2,REGIONAL,122
-21.8,-43.3,REGIONAL,121
-23.6,-47.4,REGIONAL,121
-21.5,-42.2,REGIONAL,121
-7.1,-34.8,INTERNAL,121
-23.6,-47.5,REGIONAL,121
3.0,-60.9,INTERNAL,121
-11.4,-39.5,REGIONAL,121
-23.6,-46.4,REGIONAL,121
-3.8,-38.5,EXTERNAL,121
-21.4,-49.5,INTERNAL,121
-17.7,-48.6,REGIONAL,121
-16.5,-49.2,REGIONAL,121
-26.7,-48.7,REGIONAL,121
-12.9,-42.0,REGIONAL,121
-2.0,-60.1,REGIONAL,121
-11.7,-37.5,EXTERNAL,121
-12.9,-38.4,EXTERNAL,121
-16.6,-39.1,REGIONAL,121
-22.7,-46.8,REGIONAL,120
-16.6,-49.2,REGIONAL,120
-18.4,-45.3,REGIONAL,120
-22.5,-44.7,REGIONAL,120
-22.8,-45.5,REGIONAL,120
-21.8,-48.2,EXTERNAL,120
-7.4,-39.3,REGIONAL,120
-21.8,-46.0,REGIONAL,120
-20.4,-51.3,INTERNAL,120
-9.5,-35.6,REGIONAL,120
-25.3,-49.1,REGIONAL,119
-22.6,-50.4,EXTERNAL,119
-22.3,-48.1,REGIONAL,119
-12.9,-38.3,EXTERNAL,119
-21.2,-50.4,REGIONAL,119
-23.1,-45.6,INTERNAL,119
-24.4,-47.1,REGIONAL,119
-9.5,-55.9,REGIONAL,119
-28.5,-48.9,REGIONAL,119
-22.7,-43.0,REGIONAL,119
-18.4,-43.5,REGIONAL,119
-30.2,-51.1,REGIONAL,119
-23.6,-47.0,EXTERNAL,119
-3.3,-60.6,REGIONAL,118
-17.5,-39.0,EXTERNAL,118
-23.9,-45.5,REGIONAL,118
-23.8,-45.1,INTERNAL,118
-24.2,-46.8,EXTERNAL,118
-16.1,-49.1,REGIONAL,118
-23.1,-47.2,EXTERNAL,118
-21.3,-46.1,REGIONAL,118
-29.8,-50.0,REGIONAL,118
-24.3,-47.0,EXTERNAL,118
-20.5,-55.5,REGIONAL,118
-19.4,-54.5,REGIONAL,118
-23.5,-46.1,REGIONAL,118
-1.9,-55.5,REGIONAL,117
-20.7,-47.7,INTERNAL,117
-22.5,-50.9,EXTERNAL,117
-27.0,-50.9,REGIONAL,117
-18.6,-46.5,REGIONAL,117
-6.8,-34.9,INTERNAL,117
-5.0,-47.5,REGIONAL,117
-20.5,-55.6,REGIONAL,117
-17.3,-44.9,REGIONAL,117
-29.7,-53.5,REGIONAL,117
-20.6,-49.2,INTERNAL,117
-7.1,-35.0,REGIONAL,117
-12.5,-41.4,REGIONAL,116
-16.5,-56.4,REGIONAL,116
-27.0,-48.7,REGIONAL,116
-28.6,-49.3,REGIONAL,116
-20.4,-56.0,EXTERNAL,116
-6.0,-50.1,REGIONAL,116
-20.5,-54.7,EXTERNAL,116
-2.2,-53.3,REGIONAL,116
-22.9,-42.6,REGIONAL,116
-16.1,-57.7,REGIONAL,116
-27.6,-48.6,INTERNAL,115
-29.8,-51.1,EXTERNAL,115
2.3,-30.6,EXTERNAL,115
-23.1,-45.1,INTERNAL,115
-22.7,-41.9,REGIONAL,115
-8.3,-34.9,REGIONAL,115
-20.3,-40.4,REGIONAL,115
-19.4,-55.0,REGIONAL,115
-12.9,-41.3,REGIONAL,115
-22.5,-47.6,REGIONAL,115
-28.3,-48.8,REGIONAL,115
-23.2,-47.3,REGIONAL,115
-20.2,-47.3,INTERNAL,115
-20.2,-56.6,EXTERNAL,115
-23.9,-46.6,REGIONAL,115
-9.2,-56.9,INTERNAL,114
-20.7,-43.1,REGIONAL,114
-1.6,-46.8,REGIONAL,114
-23.4,-47.4,REGIONAL,114
-18.0,-38.8,REGIONAL,113
-23.4,-45.1,EXTERNAL,113
-8.1,-35.4,REGIONAL,113
-16.8,-49.1,REGIONAL,113
-22.3,-44.5,REGIONAL,113
-23.5,-46.5,INTERNAL,113
-14.8,-39.2,REGIONAL,113
3.9,-51.8,REGIONAL,113
-21.7,-48.0,INTERNAL,113
-7.7,-72.6,REGIONAL,113
-5.2,-37.4,REGIONAL,113
-3.8,-38.6,EXTERNAL,113
-19.8,-42.7,REGIONAL,113
-21.0,-56.5,REGIONAL,113
-0.7,-47.4,EXTERNAL,113
-20.7,-41.3,REGIONAL,113
-19.8,-40.7,REGIONAL,112
-23.2,-46.4,INTERNAL,112
-19.2,-43.7,REGIONAL,112
-22.9,-42.8,INTERNAL,112
-17.8,-48.7,REGIONAL,112
-2.8,-55.0,REGIONAL,112
-18.8,-48.2,REGIONAL,112
-26.7,-51.8,REGIONAL,112
-24.5,-48.7,INTERNAL,112
-29.4,-53.6,REGIONAL,112
-5.8,-37.3,REGIONAL,112
-22.0,-47.0,EXTERNAL,112
-22.4,-43.1,EXTERNAL,112
-23.2,-44.8,INTERNAL,112
-20.5,-50.1,INTERNAL,112
2.7,-60.8,INTERNAL,112
-22.4,-47.6,EXTERNAL,111
-23.7,-46.1,REGIONAL,111
-22.3,-44.8,REGIONAL,111
-23.8,-46.5,INTERNAL,111
-27.1,-52.6,REGIONAL,111
0.7,-51.4,REGIONAL,111
-23.1,-49.5,INTERNAL,111
-24.2,-47.9,EXTERNAL,111
-23.3,-47.3,REGIONAL,111
-9.9,-58.2,INTERNAL,111
3.3,-52.3,EXTERNAL,111
-19.0,-49.5,REGIONAL,110
-6.3,-36.5,REGIONAL,110
-19.9,-40.7,REGIONAL,110
-1.0,-46.7,EXTERNAL,110
-7.4,-38.5,REGIONAL,110
-10.8,-37.3,REGIONAL,110
-20.6,-55.5,EXTERNAL,110
-28.7,-49.7,REGIONAL,109
-7.1,-34.5,EXTERNAL,109
-20.0,-43.9,EXTERNAL,109
-24.3,-48.4,INTERNAL,109
-6.1,-35.1,REGIONAL,109
-9.4,-40.5,EXTERNAL,109
-15.9,-48.8,REGIONAL,109
-28.1,-49.6,REGIONAL,109
-20.8,-49.5,INTERNAL,109
-27.7,-48.7,REGIONAL,109
-22.4,-47.4,REGIONAL,108
-22.0,-48.1,INTERNAL,108
-20.8,-49.4,EXTERNAL,108
-21.7,-57.7,INTERNAL,108
-21.6,-46.9,INTERNAL,108
-22.9,-46.9,REGIONAL,108
-22.7,-46.6,REGIONAL,108
-22.7,-43.4,EXTERNAL,108
-25.4,-48.7,REGIONAL,108
-26.9,-48.6,INTERNAL,108
-23.2,-46.6,REGIONAL,108
-19.8,-43.9,EXTERNAL,108
-25.7,-48.6,REGIONAL,108
-23.1,-46.5,REGIONAL,108
-26.8,-48.6,EXTERNAL,107
-29.7,-51.2,REGIONAL,107
-29.1,-50.4,REGIONAL,107
-20.1,-55.6,REGIONAL,107
-22.6,-50.3,INTERNAL,107
-25.5,-54.5,REGIONAL,107
-23.7,-46.4,EXTERNAL,107
-12.8,-51.8,REGIONAL,107
-22.1,-49.2,INTERNAL,107
-7.9,-35.1,REGIONAL,107
-15.6,-48.1,REGIONAL,106
-29.4,-50.6,REGIONAL,106
-19.0,-40.0,EXTERNAL,106
-23.0,-45.6,EXTERNAL,106
-4.2,-38.1,REGIONAL,106
-7.2,-36.8,REGIONAL,106
-13.6,-38.9,REGIONAL,106
-18.8,-42.7,REGIONAL,106
-9.9,-62.9,REGIONAL,106
-13.0,-38.3,REGIONAL,106
-15.4,-39.5,REGIONAL,106
-23.9,-52.3,REGIONAL,106
-22.4,-37.6,REGIONAL,106
-23.7,-45.9,INTERNAL,106
-21.8,-43.4,EXTERNAL,106
-29.7,-51.1,REGIONAL,106
1.2,-52.4,REGIONAL,106
-19.8,-43.8,REGIONAL,105
-23.4,-47.1,REGIONAL,105
-22.1,-51.5,EXTERNAL,105
-22.8,-47.2,REGIONAL,105
-22.1,-48.2,INTERNAL,105
-25.0,-48.0,REGIONAL,105
-5.2,-35.2,INTERNAL,105
-22.3,-47.5,REGIONAL,105
-4.3,-37.1,EXTERNAL,104
-30.0,-54.0,REGIONAL,104
-10.7,-38.5,REGIONAL,104
-27.4,-47.8,EXTERNAL,104
1.5,-61.0,REGIONAL,104
-26.3,-48.9,EXTERNAL,104
-20.8,-37.8,INTERNAL,104
-7.0,-35.2,REGIONAL,104
-24.0,-47.1,REGIONAL,104
-28.6,-49.4,REGIONAL,104
-8.0,-35.3,REGIONAL,104
-21.7,-53.4,EXTERNAL,104
-20.2,-46.4,REGIONAL,104
-22.8,-47.2,EXTERNAL,103
-20.1,-44.2,EXTERNAL,103
-13.4,-38.9,REGIONAL,103
-19.8,-42.6,REGIONAL,103
-22.4,-47.7,REGIONAL,103
-22.5,-44.1,EXTERNAL,103
-22.2,-54.8,REGIONAL,103
-22.9,-45.5,REGIONAL,103
-7.1,-34.8,EXTERNAL,103
-20.5,-55.8,REGIONAL,103
-15.7,-49.0,REGIONAL,103
-17.0,-49.2,REGIONAL,103
-6.4,-35.0,INTERNAL,103
-26.7,-49.7,REGIONAL,102
-14.5,-39.1,REGIONAL,102
-4.7,-37.4,REGIONAL,102
-24.1,-46.5,INTERNAL,102
-23.1,-43.2,REGIONAL,102
-14.4,-39.0,REGIONAL,102
-17.7,-48.1,REGIONAL,102
-29.3,-50.9,REGIONAL,102
-18.5,-44.4,REGIONAL,102
-22.9,-49.2,REGIONAL,101
-6.9,-34.9,REGIONAL,101
-23.4,-46.5,EXTERNAL,101
-23.3,-45.1,EXTERNAL,101
-22.7,-45.6,INTERNAL,101
-24.0,-45.4,INTERNAL,101
-23.9,-51.2,EXTERNAL,101
-23.8,-46.7,INTERNAL,101
-21.0,-40.7,INTERNAL,101
-19.5,-42.5,REGIONAL,101
-22.5,-47.4,EXTERNAL,101
-17.4,-56.7,REGIONAL,101
-21.7,-57.9,REGIONAL,101
-23.0,-45.4,REGIONAL,101
-20.0,-40.2,REGIONAL,101
-22.8,-47.0,REGIONAL,101
2.5,-51.0,REGIONAL,101
-17.9,-43.5,REGIONAL,101
-15.0,-47.0,EXTERNAL,100
-23.6,-45.0,INTERNAL,100
-23.7,-49.6,INTERNAL,100
-24.1,-46.3,INTERNAL,100
-27.9,-49.9,REGIONAL,100
-3.1,-60.3,REGIONAL,100
-22.2,-44.8,REGIONAL,100
-22.8,-43.6,EXTERNAL,100
-19.0,-48.3,REGIONAL,100
-29.7,-52.4,REGIONAL,100
-26.7,-49.3,REGIONAL,100
-12.0,-54.0,EXTERNAL,100
-23.4,-48.9,INTERNAL,100
-12.8,-41.3,REGIONAL,100
-20.5,-50.3,INTERNAL,100
-20.9,-50.3,INTERNAL,100
-22.2,-43.1,REGIONAL,100
-22.2,-45.9,REGIONAL,100
-25.5,-53.8,REGIONAL,100
-23.8,-45.5,REGIONAL,100
-19.6,-56.1,EXTERNAL,100
-9.9,-39.0,REGIONAL,99
-23.9,-49.8,INTERNAL,99
-22.6,-50.5,EXTERNAL,99
-21.8,-53.2,EXTERNAL,99
-28.4,-53.9,REGIONAL,99
-19.7,-44.1,REGIONAL,99
-22.1,-51.4,EXTERNAL,99
-21.1,-53.9,EXTERNAL,99
-23.5,-51.0,INTERNAL,99
-19.5,-42.6,REGIONAL,99
-29.9,-51.0,REGIONAL,99
-7.0,-35.7,EXTERNAL,99
-22.4,-46.8,INTERNAL,99
-3.5,-38.9,REGIONAL,99
-29.7,-51.1,EXTERNAL,99
-16.8,-49.2,REGIONAL,99
-22.7,-43.9,REGIONAL,98
-20.0,-44.2,REGIONAL,98
-23.9,-45.6,INTERNAL,98
-23.3,-44.8,REGIONAL,98
-7.4,-37.5,REGIONAL,98
3.8,-61.7,REGIONAL,98
-20.2,-46.5,REGIONAL,98
-22.3,-44.7,REGIONAL,98
-15.6,-47.6,EXTERNAL,98
-3.1,-60.0,INTERNAL,98
-14.1,-39.0,REGIONAL,98
-3.7,-38.5,EXTERNAL,98
-23.0,-44.6,REGIONAL,98
-22.7,-47.7,REGIONAL,98
-23.9,-46.4,EXTERNAL,98
-23.8,-45.3,REGIONAL,98
-22.2,-42.5,REGIONAL,98
-27.9,-52.2,REGIONAL,98
-21.2,-50.4,INTERNAL,97
-19.8,-56.9,EXTERNAL,97
-23.0,-47.1,EXTERNAL,97
-22.5,-43.1,EXTERNAL,97
-22.8,-42.1,REGIONAL,97
3.4,-52.1,EXTERNAL,97
-13.8,-47.5,REGIONAL,97
-23.0,-48.4,REGIONAL,97
-18.3,-52.8,REGIONAL,97
-31.6,-53.0,REGIONAL,97
-23.9,-46.7,REGIONAL,97
-23.1,-43.1,EXTERNAL,97
-29.6,-50.5,REGIONAL,97
-27.6,-51.0,REGIONAL,97
-27.7,-48.6,REGIONAL,97
-5.8,-40.3,REGIONAL,96
-15.6,-47.3,REGIONAL,96
-23.7,-45.4,EXTERNAL,96
-22.9,-43.1,INTERNAL,96
-19.2,-39.9,REGIONAL,96
-25.5,-54.6,EXTERNAL,96
-29.9,-51.3,REGIONAL,96
-22.3,-49.1,EXTERNAL,96
-21.6,-54.1,EXTERNAL,96
-20.4,-56.9,REGIONAL,96
-20.7,-56.7,REGIONAL,96
-20.1,-56.6,EXTERNAL,96
-26.9,-49.6,REGIONAL,96
-15.2,-39.5,REGIONAL,96
-20.7,-47.3,INTERNAL,96
-22.7,-46.7,REGIONAL,96
-23.1,-47.0,REGIONAL,95
-15.9,-47.8,EXTERNAL,95
-19.9,-40.2,REGIONAL,95
-16.8,-56.8,REGIONAL,95
-22.8,-43.2,EXTERNAL,95
-16.5,-56.8,REGIONAL,95
-32.0,-52.2,REGIONAL,95
-2.9,-41.5,REGIONAL,95
-8.9,-35.1,REGIONAL,95
-6.9,-35.5,REGIONAL,95
-26.3,-52.8,REGIONAL,95
-21.0,-45.0,EXTERNAL,95
-19.0,-40.0,REGIONAL,95
-23.8,-46.7,EXTERNAL,95
-19.9,-44.1,EXTERNAL,95
-21.2,-56.4,REGIONAL,95
2.4,-61.4,INTERNAL,95
-22.5,-41.9,REGIONAL,94
-24.3,-48.3,REGIONAL,94
-22.3,-47.6,REGIONAL,94
-24.6,-47.9,INTERNAL,94
-24.1,-49.0,EXTERNAL,94
-8.7,-35.2,REGIONAL,94
-20.1,-43.9,REGIONAL,94
-15.7,-48.2,REGIONAL,94
-22.0,-49.2,INTERNAL,94
-15.7,-56.1,EXTERNAL,94
-15.9,-52.3,REGIONAL,94
-20.4,-41.1,REGIONAL,94
-19.3,-41.4,REGIONAL,94
-27.0,-48.8,REGIONAL,94
-22.1,-51.4,REGIONAL,94
-20.8,-49.4,REGIONAL,94
-22.9,-46.8,REGIONAL,94
0.0,-70.0,EXTERNAL,94
-25.2,-48.5,REGIONAL,94
-29.6,-51.9,REGIONAL,94
-22.8,-48.5,INTERNAL,94
-25.6,-54.5,EXTERNAL,94
3.8,-51.9,EXTERNAL,93
-25.4,-54.5,REGIONAL,93
-1.5,-56.3,EXTERNAL,93
-23.0,-45.6,REGIONAL,93
-29.6,-53.9,REGIONAL,93
-24.7,-48.0,INTERNAL,93
-27.5,-48.5,EXTERNAL,93
-14.5,-39.0,REGIONAL,93
-22.3,-42.5,EXTERNAL,93
-22.7,-47.3,EXTERNAL,93
-21.0,-49.0,INTERNAL,93
-22.4,-47.5,EXTERNAL,93
-21.8,-52.6,EXTERNAL,93
-22.2,-47.4,EXTERNAL,93
-4.1,-38.6,REGIONAL,93
-23.3,-47.0,REGIONAL,93
-27.8,-47.0,EXTERNAL,93
-7.2,-34.8,INTERNAL,92
-7.8,-71.8,REGIONAL,92
-7.6,-72.7,INTERNAL,92
-23.3,-44.6,REGIONAL,92
-23.1,-46.9,EXTERNAL,92
-29.4,-50.9,EXTERNAL,92
-21.9,-41.9,REGIONAL,92
-22.9,-47.9,REGIONAL,92
-23.7,-46.2,REGIONAL,92
-3.7,-37.7,EXTERNAL,92
-23.1,-44.8,REGIONAL,92
-29.9,-51.1,EXTERNAL,92
-20.9,-49.9,INTERNAL,92
0.6,-45.2,EXTERNAL,92
-2.4,-59.9,REGIONAL,92
-22.9,-42.4,EXTERNAL,92
-8.2,-34.3,EXTERNAL,91
-21.1,-50.1,INTERNAL,91
-23.7,-46.9,EXTERNAL,91
-21.4,-46.0,REGIONAL,91
-17.1,-36.8,REGIONAL,91
-14.4,-39.1,REGIONAL,91
-23.0,-46.5,EXTERNAL,91
-26.0,-49.0,REGIONAL,91
-21.1,-53.7,EXTERNAL,91
0.7,-45.1,EXTERNAL,91
-15.2,-44.2,REGIONAL,91
-23.3,-46.6,EXTERNAL,91
-20.5,-42.3,EXTERNAL,91
-1.3,-45.7,REGIONAL,91
-11.0,-37.1,REGIONAL,91
-14.9,-40.8,REGIONAL,91
-12.6,-38.1,REGIONAL,90
-3.1,-60.4,REGIONAL,90
-27.2,-49.0,REGIONAL,90
-20.3,-45.5,EXTERNAL,90
-3.8,-32.4,EXTERNAL,90
-22.0,-41.0,REGIONAL,90
-16.6,-56.8,REGIONAL,90
-14.5,-48.5,REGIONAL,90
-19.7,-41.8,REGIONAL,90
-15.7,-47.8,EXTERNAL,90
-1.7,-47.1,REGIONAL,90
-13.5,-56.6,EXTERNAL,90
-9.4,-56.8,INTERNAL,90
-25.7,-48.3,INTERNAL,90
-28.1,-46.2,EXTERNAL,90
-27.1,-50.1,REGIONAL,90
-18.4,-52.7,REGIONAL,90
-30.1,-50.2,REGIONAL,90
-5.7,-35.2,REGIONAL,90
-21.1,-53.6,EXTERNAL,89
-23.1,-44.3,REGIONAL,89
-13.5,-41.9,REGIONAL,89
-13.1,-55.5,INTERNAL,89
-7.3,-34.8,INTERNAL,89
-83.8,-92.5,INTERNAL,89
-20.5,-55.4,EXTERNAL,89
-28.6,-45.0,EXTERNAL,89
-23.4,-46.8,EXTERNAL,89
-23.5,-47.6,EXTERNAL,89
-23.5,-46.2,EXTERNAL,89
-23.1,-46.6,INTERNAL,89
-22.4,-44.6,EXTERNAL,89
-26.8,-49.0,REGIONAL,89
-16.1,-49.0,REGIONAL,89
-13.2,-41.2,REGIONAL,89
-23.6,-41.8,EXTERNAL,89
-21.7,-47.6,INTERNAL,89
0.1,6.1,INTERNAL,89
-8.4,-35.0,REGIONAL,89
-17.4,-56.6,REGIONAL,89
-25.5,-44.0,EXTERNAL,89
-16.1,-48.8,REGIONAL,89
-18.9,-40.6,REGIONAL,89
-28.2,-49.6,REGIONAL,89
-6.2,-36.3,REGIONAL,89
-28.3,-52.2,REGIONAL,89
-9.5,-35.8,REGIONAL,89
-22.9,-42.5,EXTERNAL,88
-21.1,-56.7,REGIONAL,88
-27.0,-50.0,REGIONAL,88
-7.2,-48.2,REGIONAL,88
-28.6,-53.6,REGIONAL,88
-23.3,-45.2,REGIONAL,88
-22.9,-47.3,INTERNAL,88
-1.8,-47.1,REGIONAL,88
-26.3,-51.2,REGIONAL,88
2.2,-45.4,EXTERNAL,88
-23.6,-47.1,REGIONAL,88
-0.7,-48.0,EXTERNAL,88
-22.9,-43.7,EXTERNAL,88
-5.5,-45.2,REGIONAL,88
-22.9,-47.2,EXTERNAL,88
-17.8,-48.8,REGIONAL,88
-20.5,-54.7,REGIONAL,88
-23.0,-44.0,INTERNAL,88
-23.9,-46.4,INTERNAL,88
-22.3,-49.1,REGIONAL,88
-27.2,-48.9,REGIONAL,87
-22.9,-42.1,REGIONAL,87
-3.6,-38.8,REGIONAL,87
-22.7,-43.5,EXTERNAL,87
-13.9,-41.1,REGIONAL,87
-26.5,-49.1,EXTERNAL,87
-7.4,-39.4,REGIONAL,87
-25.4,-49.1,EXTERNAL,87
-2.3,-53.4,REGIONAL,87
-21.5,-50.8,INTERNAL,87
-23.2,-44.1,INTERNAL,87
-6.0,-50.6,REGIONAL,87
-13.3,-41.9,REGIONAL,86
-28.7,-49.4,EXTERNAL,86
-22.3,-47.6,INTERNAL,86
-20.4,-40.1,REGIONAL,86
-10.2,-59.4,REGIONAL,86
-19.5,-43.5,REGIONAL,86
-7.5,-46.0,REGIONAL,86
-8.8,-42.5,REGIONAL,86
-26.4,-52.0,REGIONAL,86
-24.4,-47.0,INTERNAL,86
-28.7,-49.5,REGIONAL,86
-5.7,-50.3,REGIONAL,86
-20.8,-41.9,REGIONAL,86
-8.9,-35.2,REGIONAL,86
-23.0,-46.5,REGIONAL,86
-23.9,-46.8,REGIONAL,86
-21.6,-48.3,INTERNAL,86
-22.9,-42.0,EXTERNAL,86
-0.6,-47.4,EXTERNAL,86
-28.5,-49.3,EXTERNAL,86
-29.3,-50.8,REGIONAL,86
-22.3,-49.0,EXTERNAL,86
-28.9,-52.1,REGIONAL,86
-22.8,-48.4,REGIONAL,86
-22.7,-43.3,EXTERNAL,86
-2.9,-41.8,REGIONAL,86
-23.0,-50.5,INTERNAL,86
-22.3,-46.4,REGIONAL,86
-27.4,-48.5,EXTERNAL,86
-24.2,-48.5,REGIONAL,86
-23.9,-45.4,INTERNAL,85
3.5,-52.1,EXTERNAL,85
1.0,-51.1,REGIONAL,85
-22.9,-48.5,EXTERNAL,85
-29.2,-50.0,REGIONAL,85
-22.8,-48.4,INTERNAL,85
-2.0,-59.9,REGIONAL,85
-23.2,-46.8,REGIONAL,85
-1.3,-45.8,REGIONAL,85
-28.5,-49.3,REGIONAL,85
-23.3,-48.8,INTERNAL,85
-23.1,-46.9,REGIONAL,85
-24.8,-48.5,REGIONAL,85
-4.5,-37.7,REGIONAL,85
-20.2,-40.9,REGIONAL,85
-11.8,-55.5,REGIONAL,85
-13.0,-39.0,EXTERNAL,84
-24.0,-46.5,EXTERNAL,84
-22.9,-45.7,REGIONAL,84
-29.9,-50.2,REGIONAL,84
-6.2,-35.0,REGIONAL,84
-15.8,-48.1,EXTERNAL,84
-4.9,-36.3,INTERNAL,84
-3.2,-52.2,REGIONAL,84
-2.5,-54.6,REGIONAL,84
-22.4,-51.3,INTERNAL,84
-27.4,-48.6,REGIONAL,84
-21.8,-47.4,INTERNAL,84
-22.9,-45.9,INTERNAL,84
-1.6,-56.4,EXTERNAL,84
-7.5,-34.8,REGIONAL,84
-23.4,-45.9,INTERNAL,84
-6.8,-35.5,REGIONAL,84
-2.6,-60.0,REGIONAL,84
-29.9,-51.0,EXTERNAL,84
-15.7,-48.3,REGIONAL,83
3.9,-51.8,EXTERNAL,83
-22.4,-47.0,INTERNAL,83
-9.1,-35.3,REGIONAL,83
2.7,-60.9,INTERNAL,83
-14.2,-47.9,REGIONAL,83
-23.4,-51.2,REGIONAL,83
-26.4,-52.4,REGIONAL,83
-14.4,-40.1,REGIONAL,83
-29.2,-51.3,REGIONAL,83
-27.4,-48.4,EXTERNAL,83
-21.6,-53.6,EXTERNAL,83
-9.3,-35.9,REGIONAL,83
-29.8,-50.2,REGIONAL,83
-16.3,-41.1,REGIONAL,83
-20.4,-55.6,REGIONAL,83
-26.1,-51.7,REGIONAL,82
-22.8,-44.4,INTERNAL,82
-21.9,-46.7,REGIONAL,82
-19.8,-40.3,REGIONAL,82
-22.0,-47.5,REGIONAL,82
-22.0,-57.9,REGIONAL,82
-23.6,-39.8,EXTERNAL,82
-29.1,-51.2,REGIONAL,82
-20.3,-43.6,REGIONAL,82
-16.4,-39.0,REGIONAL,82
-21.7,-47.8,INTERNAL,82
-7.5,-73.7,REGIONAL,82
-12.7,-38.0,REGIONAL,82
-27.2,-48.6,INTERNAL,82
-29.5,-50.6,REGIONAL,82
-26.2,-48.8,REGIONAL,82
-11.4,-40.6,REGIONAL,82
-20.6,-54.5,EXTERNAL,82
-8.2,-35.5,REGIONAL,82
-15.5,-48.0,REGIONAL,82
-16.4,-56.5,EXTERNAL,82
-16.4,-56.6,EXTERNAL,82
-21.8,-52.7,EXTERNAL,82
-22.4,-43.2,EXTERNAL,82
-20.9,-51.0,INTERNAL,81
-22.5,-41.9,EXTERNAL,81
-24.2,-48.5,INTERNAL,81
-24.6,-48.4,REGIONAL,81
-26.6,-48.7,REGIONAL,81
-20.5,-47.4,EXTERNAL,81
-24.0,-46.7,REGIONAL,81
-25.2,-49.3,REGIONAL,81
-27.2,-52.1,REGIONAL,81
-27.7,-49.3,REGIONAL,81
-24.1,-49.3,REGIONAL,81
-7.0,-34.9,REGIONAL,81
-6.4,-39.2,REGIONAL,81
-29.2,-51.2,EXTERNAL,81
0.4,-44.7,EXTERNAL,81
-18.8,-40.7,REGIONAL,81
-17.3,-36.0,EXTERNAL,81
-19.6,-57.5,REGIONAL,81
-20.3,-40.3,INTERNAL,81
-23.1,-44.1,INTERNAL,81
-23.2,-46.0,REGIONAL,81
-3.2,-60.2,REGIONAL,81
-20.1,-56.7,REGIONAL,81
-20.8,-50.9,INTERNAL,81
-18.3,-43.7,REGIONAL,81
-3.3,-64.7,REGIONAL,80
-23.8,-46.3,EXTERNAL,80
-23.4,-45.3,INTERNAL,80
-23.3,-47.3,EXTERNAL,80
-27.1,-52.8,REGIONAL,80
0.3,-44.5,EXTERNAL,80
-24.2,-48.8,INTERNAL,80
-27.0,-49.0,REGIONAL,80
-20.3,-40.6,REGIONAL,80
-6.7,-35.2,REGIONAL,80
4.2,-47.8,EXTERNAL,80
-2.4,-54.9,REGIONAL,80
-4.1,-41.7,REGIONAL,80
-16.2,-49.0,REGIONAL,80
-22.8,-46.1,REGIONAL,80
-22.4,-49.7,EXTERNAL,80
-29.2,-45.5,EXTERNAL,80
-21.8,-48.1,REGIONAL,80
0.6,-45.0,EXTERNAL,80
-14.7,-52.4,REGIONAL,80
-22.7,-45.4,INTERNAL,80
-15.2,-47.3,REGIONAL,80
-23.4,-46.8,INTERNAL,80
-8.6,-35.1,EXTERNAL,79
-2.3,-54.9,REGIONAL,79
-23.2,-45.3,REGIONAL,79
-12.1,-38.4,REGIONAL,79
-5.9,-35.3,REGIONAL,79
-23.0,-45.5,EXTERNAL,79
-25.8,-48.7,REGIONAL,79
-27.6,-54.5,REGIONAL,79
-15.2,-39.1,REGIONAL,79
-23.4,-49.5,REGIONAL,79
-22.6,-43.6,REGIONAL,79
-23.9,-46.8,INTERNAL,79
-22.0,-47.4,EXTERNAL,79
-20.5,-55.5,EXTERNAL,79
-24.0,-48.0,INTERNAL,79
-6.1,-50.0,REGIONAL,79
-20.4,-36.7,INTERNAL,79
-9.8,-67.6,REGIONAL,79
-20.3,-40.2,REGIONAL,79
-9.3,-36.4,REGIONAL,79
-26.4,-50.2,REGIONAL,79
-14.1,-47.7,REGIONAL,79
-22.7,-46.5,REGIONAL,78
-17.3,-56.9,REGIONAL,78
-15.6,-56.0,REGIONAL,78
-20.1,-40.3,REGIONAL,78
-15.8,-48.2,REGIONAL,78
-21.6,-53.8,EXTERNAL,78
-26.7,-49.5,REGIONAL,78
-21.7,-45.0,REGIONAL,78
-21.6,-41.9,REGIONAL,78
-33.2,-49.9,EXTERNAL,78
-0.5,-39.2,EXTERNAL,78
-12.4,-38.4,REGIONAL,78
-16.7,-49.2,REGIONAL,78
-23.0,-46.8,REGIONAL,78
-23.3,-46.7,EXTERNAL,78
-21.1,-47.8,EXTERNAL,78
-3.7,-41.0,REGIONAL,78
-23.0,-42.0,EXTERNAL,78
-3.1,-58.4,REGIONAL,78
-25.2,-48.0,REGIONAL,78
-23.8,-45.7,EXTERNAL,78
-16.6,-49.3,EXTERNAL,78
-4.9,-43.3,REGIONAL,78
-4.3,-39.0,REGIONAL,78
-28.9,-49.7,REGIONAL,78
-20.8,-54.2,EXTERNAL,77
-21.2,-48.9,INTERNAL,77
-23.5,-39.8,EXTERNAL,77
-24.0,-46.5,REGIONAL,77
-24.7,-40.6,EXTERNAL,77
-11.8,-37.5,REGIONAL,77
-19.9,-43.7,REGIONAL,77
-25.8,-48.5,INTERNAL,77
-7.3,-39.4,REGIONAL,77
-7.0,-45.5,REGIONAL,77
-16.5,-39.3,INTERNAL,77
-21.8,-53.1,EXTERNAL,77
-13.7,-44.5,EXTERNAL,77
-27.6,-47.4,EXTERNAL,77
-16.1,-48.0,EXTERNAL,77
-23.6,-46.4,EXTERNAL,77
-23.2,-47.0,INTERNAL,77
-20.6,-49.0,INTERNAL,77
-6.1,-50.2,REGIONAL,77
-22.6,-42.0,REGIONAL,77
-30.3,-51.0,INTERNAL,77
-30.2,-50.2,REGIONAL,77
-22.2,-48.1,INTERNAL,77
-22.4,-41.8,REGIONAL,77
3.6,-52.0,EXTERNAL,77
-23.2,-46.1,REGIONAL,76
-14.3,-39.0,EXTERNAL,76
-8.1,-35.0,EXTERNAL,76
-27.8,-48.5,EXTERNAL,76
-22.9,-42.3,EXTERNAL,76
-1.8,-41.7,EXTERNAL,76
-29.7,-50.0,REGIONAL,76
-10.0,-38.0,EXTERNAL,76
-23.6,-46.3,EXTERNAL,76
-23.2,-45.9,INTERNAL,76
-30.9,-53.4,EXTERNAL,76
-25.3,-48.3,REGIONAL,76
-23.0,-44.1,REGIONAL,76
-21.5,-46.6,REGIONAL,76
-19.0,-57.6,REGIONAL,76
-25.6,-49.3,REGIONAL,76
-26.0,-48.6,REGIONAL,76
-23.6,-46.3,REGIONAL,76
-17.9,-38.8,REGIONAL,76
-7.0,-34.8,REGIONAL,76
-22.0,-51.6,EXTERNAL,76
-25.4,-54.6,REGIONAL,76
-27.8,-49.5,REGIONAL,76
-6.4,-36.3,REGIONAL,76
-11.0,-37.1,EXTERNAL,76
-28.6,-48.8,INTERNAL,76
-16.3,-41.0,REGIONAL,76
-22.2,-48.9,INTERNAL,76
-28.8,-49.3,INTERNAL,75
-22.1,-43.2,REGIONAL,75
-22.4,-47.9,INTERNAL,75
-21.7,-53.3,EXTERNAL,75
-30.1,-51.3,EXTERNAL,75
-11.5,-41.3,REGIONAL,75
-23.4,-46.3,REGIONAL,75
-9.8,-34.4,EXTERNAL,75
-25.3,-48.9,REGIONAL,75
-21.2,-45.0,EXTERNAL,75
-3.4,-42.4,REGIONAL,75
-22.6,-43.2,REGIONAL,75
-25.7,-54.6,REGIONAL,75
-21.2,-53.0,EXTERNAL,75
-22.4,-52.8,INTERNAL,75
-10.0,-37.0,EXTERNAL,75
-7.6,-47.1,REGIONAL,75
-29.6,-51.1,EXTERNAL,75
-32.1,-52.3,REGIONAL,75
-25.0,-53.4,REGIONAL,75
-11.7,-49.1,REGIONAL,75
-21.1,-40.7,INTERNAL,74
-24.2,-48.1,INTERNAL,74
-16.7,-50.7,REGIONAL,74
-23.7,-52.9,REGIONAL,74
-3.9,-32.5,REGIONAL,74
-7.6,-72.9,REGIONAL,74
-19.0,-40.7,REGIONAL,74
-22.0,-47.4,INTERNAL,74
-3.8,-39.3,REGIONAL,74
-5.7,-36.1,REGIONAL,74
-28.8,-45.3,INTERNAL,74
-23.4,-46.6,EXTERNAL,74
-18.2,-46.8,REGIONAL,74
-19.0,-40.2,REGIONAL,74
-26.5,-52.0,REGIONAL,74
-22.6,-45.2,INTERNAL,74
-2.0,-39.0,EXTERNAL,74
-21.8,-46.6,EXTERNAL,74
-25.4,-48.8,INTERNAL,74
-4.2,-69.9,INTERNAL,74
-23.3,-51.0,REGIONAL,74
-25.4,-48.1,INTERNAL,73
-31.5,-51.2,INTERNAL,73
-27.3,-49.0,REGIONAL,73
-23.7,-39.8,EXTERNAL,73
-28.9,-49.3,INTERNAL,73
-30.3,-51.2,INTERNAL,73
-28.8,-49.2,INTERNAL,73
-20.4,-53.9,EXTERNAL,73
-26.0,-48.6,INTERNAL,73
-29.8,-50.0,INTERNAL,73
-20.7,-42.5,REGIONAL,73
-21.6,-53.9,EXTERNAL,73
-29.8,-50.6,INTERNAL,73
-29.4,-49.9,INTERNAL,73
-22.6,-44.7,REGIONAL,73
-28.1,-48.7,INTERNAL,73
-30.4,-50.5,INTERNAL,73
-30.5,-50.4,INTERNAL,73
-23.4,-49.0,INTERNAL,73
-29.1,-50.0,REGIONAL,73
-28.7,-49.0,INTERNAL,73
-22.3,-45.7,EXTERNAL,73
-31.3,-51.2,INTERNAL,73
-29.8,-50.5,INTERNAL,73
-7.8,-72.0,REGIONAL,73
-22.7,-43.1,EXTERNAL,73
-29.1,-53.8,REGIONAL,73
-27.6,-48.7,EXTERNAL,73
-29.5,-50.3,INTERNAL,73
-31.7,-52.3,EXTERNAL,73
-28.6,-49.1,INTERNAL,73
-29.6,-49.9,INTERNAL,73
-22.6,-47.5,INTERNAL,73
1.3,-61.2,REGIONAL,73
-26.4,-48.9,INTERNAL,73
-30.9,-51.9,INTERNAL,73
-19.0,-41.0,EXTERNAL,73
-20.4,-53.1,EXTERNAL,73
-25.3,-48.8,INTERNAL,73
-25.6,-48.5,INTERNAL,73
-29.2,-52.1,REGIONAL,73
-26.0,-48.7,INTERNAL,73
-32.0,-52.2,INTERNAL,73
-19.6,-57.4,EXTERNAL,73
-18.8,-44.4,REGIONAL,73
-19.7,-47.9,REGIONAL,73
-28.2,-48.7,INTERNAL,73
-21.0,-56.5,EXTERNAL,73
-31.6,-52.0,INTERNAL,73
-19.6,-54.9,REGIONAL,73
-26.9,-48.8,INTERNAL,73
-23.0,-46.8,EXTERNAL,72
-20.2,-40.8,REGIONAL,72
-8.8,-63.5,REGIONAL,72
-23.0,-45.5,REGIONAL,72
-16.1,-48.5,REGIONAL,72
-8.5,-61.0,REGIONAL,72
-28.5,-48.8,EXTERNAL,72
-31.4,-52.0,REGIONAL,72
-28.0,-49.1,REGIONAL,72
-20.7,-42.9,REGIONAL,72
-27.1,-52.6,EXTERNAL,72
-9.5,-35.5,REGIONAL,72
-18.2,-47.9,REGIONAL,72
-19.2,-43.5,REGIONAL,72
-20.5,-53.7,EXTERNAL,72
-21.3,-47.4,REGIONAL,72
-22.8,-41.8,EXTERNAL,72
-28.4,-53.7,REGIONAL,72
4.7,-50.4,EXTERNAL,72
-17.9,-38.9,REGIONAL,72
-5.2,-49.1,REGIONAL,72
-20.8,-42.7,REGIONAL,72
-9.1,-56.9,INTERNAL,72
-20.2,-43.8,REGIONAL,72
-23.8,-48.7,INTERNAL,71
-23.3,-46.5,REGIONAL,71
-26.9,-52.6,REGIONAL,71
-14.9,-46.0,REGIONAL,71
-10.0,-57.8,REGIONAL,71
-21.7,-43.4,EXTERNAL,71
-22.6,-44.6,REGIONAL,71
-20.3,-44.0,REGIONAL,71
-6.8,-37.2,REGIONAL,71
-3.3,-42.3,REGIONAL,71
-22.3,-43.7,INTERNAL,71
-23.0,-43.0,EXTERNAL,71
-20.5,-41.9,REGIONAL,71
-11.6,-41.2,REGIONAL,71
-2.3,-60.1,REGIONAL,71
-23.6,-45.8,INTERNAL,71
-23.8,-46.8,REGIONAL,71
-23.6,-45.3,REGIONAL,71
-23.4,-39.9,EXTERNAL,71
-29.4,-51.1,REGIONAL,71
-9.2,-56.7,INTERNAL,71
-16.6,-56.7,EXTERNAL,71
-9.0,-58.6,REGIONAL,71
-22.3,-45.7,REGIONAL,70
-28.4,-48.9,INTERNAL,70
-24.7,-47.6,INTERNAL,70
-4.5,-37.8,INTERNAL,70
-14.8,-39.1,REGIONAL,70
-23.2,-47.1,EXTERNAL,70
-27.6,-48.4,EXTERNAL,70
-19.3,-40.0,REGIONAL,70
-22.7,-42.4,REGIONAL,70
-22.8,-44.0,REGIONAL,70
-31.7,-52.4,REGIONAL,70
-24.0,-47.2,REGIONAL,70
-22.7,-51.5,INTERNAL,70
-22.8,-43.1,INTERNAL,70
-23.2,-46.7,REGIONAL,70
-22.9,-42.9,REGIONAL,70
-18.8,-42.1,REGIONAL,70
-28.0,-48.7,REGIONAL,70
-21.6,-53.5,EXTERNAL,70
-22.8,-49.2,REGIONAL,70
-2.3,-36.1,EXTERNAL,70
-13.4,-39.1,REGIONAL,70
-2.0,-41.7,EXTERNAL,70
-0.1,-51.3,REGIONAL,70
-7.9,-34.9,EXTERNAL,70
-19.5,-40.6,REGIONAL,70
-16.5,-39.1,EXTERNAL,70
-20.4,-41.2,REGIONAL,69
-24.2,-48.3,REGIONAL,69
-21.4,-48.6,INTERNAL,69
-20.5,-53.0,EXTERNAL,69
-23.2,-46.6,EXTERNAL,69
-13.0,-39.5,REGIONAL,69
-20.0,-44.1,EXTERNAL,69
-23.4,-44.7,REGIONAL,69
-23.7,-45.3,REGIONAL,69
-26.4,-48.8,REGIONAL,69
-22.6,-46.6,REGIONAL,69
-24.1,-52.3,REGIONAL,69
-21.3,-48.0,INTERNAL,69
-23.4,-46.7,EXTERNAL,69
-2.6,-60.2,REGIONAL,69
-27.4,-51.2,REGIONAL,69
-23.3,-46.0,EXTERNAL,69
-22.7,-45.6,EXTERNAL,69
5.2,-49.8,EXTERNAL,69
-23.1,-48.9,EXTERNAL,69
-10.0,-55.0,EXTERNAL,69
-21.8,-52.5,EXTERNAL,69
-19.5,-43.9,REGIONAL,69
-28.4,-48.9,REGIONAL,69
-21.0,-47.3,REGIONAL,69
-27.8,-47.1,EXTERNAL,69
-22.8,-44.5,REGIONAL,69
-22.3,-42.2,REGIONAL,69
-21.1,-47.8,REGIONAL,69
4.0,-51.7,EXTERNAL,69
-10.0,-67.9,EXTERNAL,69
-31.3,-52.2,INTERNAL,69
-16.4,-41.1,REGIONAL,69
-27.3,-48.4,REGIONAL,69
-23.7,-46.0,REGIONAL,69
-9.2,-35.9,INTERNAL,69
-20.4,-40.3,EXTERNAL,69
-21.0,-54.0,EXTERNAL,68
-18.7,-39.7,REGIONAL,68
-22.8,-49.2,INTERNAL,68
-14.0,-46.0,EXTERNAL,68
-1.5,-27.0,EXTERNAL,68
-26.8,-48.6,INTERNAL,68
-9.3,-40.6,REGIONAL,68
-23.8,-47.1,REGIONAL,68
-25.4,-49.0,EXTERNAL,68
-20.5,-54.1,EXTERNAL,68
-13.9,-38.9,REGIONAL,68
-19.5,-44.2,REGIONAL,68
-24.6,-45.2,INTERNAL,68
-9.0,-36.0,EXTERNAL,68
-22.7,-47.1,REGIONAL,68
-7.0,-36.0,REGIONAL,68
-32.2,-52.2,EXTERNAL,68
-23.1,-43.6,REGIONAL,68
-29.1,-50.1,REGIONAL,68
-33.6,-49.0,EXTERNAL,68
-2.6,-39.2,EXTERNAL,68
-6.0,-35.1,REGIONAL,68
-5.6,-36.9,REGIONAL,68
-4.2,-39.0,REGIONAL,68
-26.9,-48.7,EXTERNAL,68
-2.4,-54.8,REGIONAL,68
-25.8,-54.5,REGIONAL,67
-12.8,-38.2,REGIONAL,67
-10.3,-37.0,REGIONAL,67
-22.6,-52.2,INTERNAL,67
-24.2,-47.9,REGIONAL,67
-8.5,-37.2,REGIONAL,67
-21.9,-47.5,EXTERNAL,67
-2.5,-44.2,EXTERNAL,67
-9.2,-36.4,REGIONAL,67
-7.6,-37.2,REGIONAL,67
-20.3,-40.7,REGIONAL,67
-4.9,-43.4,REGIONAL,67
-14.8,-38.9,REGIONAL,67
-23.7,-51.1,EXTERNAL,67
-2.6,-44.3,EXTERNAL,67
-23.8,-45.6,EXTERNAL,67
-30.0,-50.2,REGIONAL,67
-23.4,-46.3,EXTERNAL,67
-23.8,-46.8,EXTERNAL,67
-10.4,-68.6,INTERNAL,67
-11.5,-45.0,REGIONAL,67
-7.2,-35.9,EXTERNAL,67
-23.9,-46.2,REGIONAL,67
-22.5,-42.9,EXTERNAL,67
-8.5,-37.3,REGIONAL,67
-22.8,-50.1,EXTERNAL,67
-20.4,-41.8,INTERNAL,67
-29.4,-49.7,INTERNAL,66
-21.1,-44.3,REGIONAL,66
2.6,-52.5,EXTERNAL,66
-2.9,-40.1,EXTERNAL,66
-21.9,-52.8,EXTERNAL,66
-28.9,-49.3,REGIONAL,66
-21.1,-44.1,REGIONAL,66
-22.8,-43.5,EXTERNAL,66
-21.2,-53.3,EXTERNAL,66
-27.3,-48.5,REGIONAL,66
-0.9,-46.6,EXTERNAL,66
-15.9,-47.9,EXTERNAL,66
-12.0,-40.0,EXTERNAL,66
2.8,-52.5,EXTERNAL,66
-10.0,-38.4,REGIONAL,66
-20.5,-37.3,REGIONAL,66
-22.3,-47.5,INTERNAL,66
-23.4,-44.8,EXTERNAL,66
-8.1,-34.9,INTERNAL,66
-20.5,-41.7,REGIONAL,66
-2.7,-60.9,REGIONAL,66
-11.0,-37.0,EXTERNAL,66
-17.7,-38.9,EXTERNAL,66
-19.5,-56.1,REGIONAL,66
-22.8,-43.1,EXTERNAL,66
-22.8,-47.4,REGIONAL,66
-3.7,-40.3,REGIONAL,66
-23.0,-44.9,REGIONAL,66
-0.8,-46.6,EXTERNAL,66
-12.8,-46.7,REGIONAL,66
-13.0,-38.4,EXTERNAL,66
0.3,-44.6,EXTERNAL,65
-22.7,-45.9,REGIONAL,65
-26.2,-49.0,INTERNAL,65
-8.8,-42.6,REGIONAL,65
-6.0,-50.3,REGIONAL,65
-23.4,-52.0,REGIONAL,65
-20.8,-43.3,REGIONAL,65
-18.0,-31.8,EXTERNAL,65
-1.8,-41.6,EXTERNAL,65
-22.1,-41.1,REGIONAL,65
-6.6,-37.3,REGIONAL,65
-18.9,-48.2,EXTERNAL,65
-13.8,-47.3,REGIONAL,65
-12.4,-37.9,REGIONAL,65
-26.2,-48.5,REGIONAL,65
-30.0,-50.1,EXTERNAL,65
-18.2,-53.4,REGIONAL,65
-22.8,-45.2,REGIONAL,65
5.0,-50.1,EXTERNAL,65
4.9,-50.2,EXTERNAL,65
0.7,-45.2,EXTERNAL,65
-13.5,-42.0,REGIONAL,65
-30.1,-50.9,REGIONAL,65
-29.5,-49.9,REGIONAL,65
-18.2,-52.9,REGIONAL,65
-14.1,-47.8,REGIONAL,65
-2.3,-38.0,EXTERNAL,65
-20.3,-40.4,EXTERNAL,65
-23.1,-51.0,INTERNAL,65
-2.7,-42.8,REGIONAL,65
-26.6,-46.9,INTERNAL,65
-19.4,-57.1,REGIONAL,65
-2.5,-44.3,EXTERNAL,65
-12.9,-46.8,REGIONAL,65
-16.6,-49.2,EXTERNAL,65
-3.0,-38.7,EXTERNAL,64
-20.5,-37.5,REGIONAL,64
-20.5,-54.8,EXTERNAL,64
-19.6,-39.8,REGIONAL,64
-9.1,-44.4,REGIONAL,64
-8.8,-35.1,REGIONAL,64
-23.7,-40.0,EXTERNAL,64
-23.3,-51.1,EXTERNAL,64
-27.8,-49.0,REGIONAL,64
-18.9,-40.8,REGIONAL,64
-29.5,-56.8,REGIONAL,64
-10.6,-48.1,INTERNAL,64
-3.1,-40.2,REGIONAL,64
-14.0,-47.6,REGIONAL,64
-1.5,-48.5,EXTERNAL,64
-17.1,-56.9,REGIONAL,64
-29.9,-50.4,REGIONAL,64
-21.1,-48.0,REGIONAL,64
-26.2,-49.4,REGIONAL,64
-9.0,-59.1,REGIONAL,64
-20.5,-54.4,EXTERNAL,64
-22.7,-47.3,REGIONAL,64
-12.3,-39.0,REGIONAL,64
-16.7,-56.8,REGIONAL,64
-28.8,-49.4,REGIONAL,64
3.2,-60.8,INTERNAL,64
-9.9,-56.1,EXTERNAL,63
-15.9,-48.4,REGIONAL,63
-15.3,-39.1,REGIONAL,63
-29.9,-50.1,REGIONAL,63
-27.3,-52.0,REGIONAL,63
-3.8,-49.7,REGIONAL,63
-19.2,-40.1,INTERNAL,63
-2.7,-60.1,REGIONAL,63
-22.8,-44.4,REGIONAL,63
-23.4,-47.6,REGIONAL,63
-14.5,-49.0,REGIONAL,63
-21.0,-48.0,EXTERNAL,63
-21.1,-47.9,REGIONAL,63
-24.0,-47.3,INTERNAL,63
-23.8,-51.2,EXTERNAL,63
-15.8,-48.5,REGIONAL,63
-20.2,-46.7,REGIONAL,63
-21.8,-41.3,EXTERNAL,63
-21.2,-51.4,INTERNAL,63
-9.0,-38.2,REGIONAL,63
-15.6,-48.1,EXTERNAL,63
-17.2,-43.6,REGIONAL,63
-21.4,-47.9,INTERNAL,63
-8.2,-35.7,EXTERNAL,63
-30.2,-51.2,EXTERNAL,63
-14.2,-48.1,REGIONAL,62
-20.1,-43.7,REGIONAL,62
-19.2,-40.5,REGIONAL,62
-20.2,-43.6,REGIONAL,62
-22.5,-43.6,REGIONAL,62
-3.3,-47.8,INTERNAL,62
-29.0,-50.1,REGIONAL,62
-22.5,-45.3,REGIONAL,62
-13.8,-44.5,EXTERNAL,62
-25.8,-53.1,REGIONAL,62
-16.6,-42.9,REGIONAL,62
-22.6,-47.4,REGIONAL,62
-20.7,-43.9,REGIONAL,62
-28.0,-49.3,REGIONAL,62
-23.8,-46.5,EXTERNAL,62
-7.1,-35.2,REGIONAL,62
-9.6,-35.7,EXTERNAL,62
-24.6,-50.3,REGIONAL,62
-16.8,-49.4,REGIONAL,62
-31.8,-52.5,REGIONAL,62
-15.6,-56.1,INTERNAL,62
-15.6,-49.9,REGIONAL,62
-7.0,-37.4,REGIONAL,62
-20.8,-39.9,EXTERNAL,62
-23.5,-46.9,INTERNAL,62
-25.0,-53.5,REGIONAL,62
-7.9,-38.3,REGIONAL,62
5.0,-49.9,EXTERNAL,62
-29.8,-51.2,EXTERNAL,62
-28.1,-49.4,REGIONAL,62
-22.9,-42.7,REGIONAL,62
-13.0,-46.8,REGIONAL,62
-29.6,-49.9,REGIONAL,62
-2.5,-36.4,EXTERNAL,62
-14.5,-44.2,EXTERNAL,62
-12.9,-46.6,REGIONAL,62
-17.8,-50.9,REGIONAL,62
-2.8,-40.1,EXTERNAL,62
-16.3,-48.9,EXTERNAL,62
-22.4,-47.8,REGIONAL,62
2.4,-52.7,EXTERNAL,62
-20.2,-46.6,REGIONAL,62
-1.9,-41.6,EXTERNAL,62
-11.6,-39.3,REGIONAL,62
-16.8,-49.3,EXTERNAL,62
-21.3,-47.3,REGIONAL,62
-23.2,-47.3,EXTERNAL,61
-8.8,-63.9,EXTERNAL,61
-24.1,-46.6,EXTERNAL,61
-22.2,-47.7,INTERNAL,61
-22.3,-46.2,REGIONAL,61
-21.8,-48.1,INTERNAL,61
-28.1,-49.5,REGIONAL,61
-22.9,-46.7,REGIONAL,61
-12.9,-39.5,REGIONAL,61
-20.2,-43.5,REGIONAL,61
-22.6,-44.7,INTERNAL,61
-29.6,-51.0,REGIONAL,61
-29.6,-50.3,REGIONAL,61
-3.0,-39.0,EXTERNAL,61
-6.1,-38.2,REGIONAL,61
-19.5,-44.3,REGIONAL,61
-23.0,-44.2,REGIONAL,61
-25.9,-49.3,REGIONAL,61
2.6,-50.8,REGIONAL,61
-6.0,-35.2,REGIONAL,61
-24.1,-46.7,REGIONAL,61
-22.4,-49.1,EXTERNAL,61
-3.1,-60.5,REGIONAL,61
-22.9,-46.1,REGIONAL,61
-24.7,-53.7,REGIONAL,61
-14.0,-38.9,REGIONAL,61
-22.9,-43.9,REGIONAL,61
-22.8,-43.6,REGIONAL,61
-7.8,-38.1,EXTERNAL,61
-21.3,-49.6,INTERNAL,61
-3.2,-60.1,REGIONAL,61
-23.8,-46.1,EXTERNAL,61
-29.7,-50.2,REGIONAL,60
-21.1,-44.2,EXTERNAL,60
-8.5,-35.7,REGIONAL,60
-29.9,-50.3,EXTERNAL,60
-27.0,-48.6,EXTERNAL,60
-28.3,-52.4,REGIONAL,60
-29.7,-53.7,EXTERNAL,60
5.2,-50.0,EXTERNAL,60
-22.2,-44.9,REGIONAL,60
-20.5,-54.3,EXTERNAL,60
-22.5,-43.7,REGIONAL,60
-27.5,-48.6,INTERNAL,60
-22.4,-42.3,REGIONAL,60
-9.3,-56.6,INTERNAL,60
-19.9,-43.5,REGIONAL,60
-2.6,-44.2,EXTERNAL,60
-23.1,-43.1,REGIONAL,60
-23.7,-47.2,EXTERNAL,60
-23.8,-46.1,INTERNAL,60
3.0,-52.3,EXTERNAL,60
-5.5,-47.5,REGIONAL,60
-7.7,-36.7,REGIONAL,60
-31.8,-52.2,EXTERNAL,60
-3.4,-57.7,REGIONAL,60
-29.3,-49.7,EXTERNAL,60
-20.3,-43.8,REGIONAL,60
-3.0,-60.2,REGIONAL,60
-18.0,-39.1,REGIONAL,60
-21.6,-53.7,EXTERNAL,60
-21.5,-49.3,INTERNAL,60
3.8,-51.8,REGIONAL,60
-22.5,-41.0,INTERNAL,60
-27.8,-48.8,REGIONAL,60
-15.9,-47.7,REGIONAL,60
-24.7,-47.9,INTERNAL,60
-16.2,-47.9,REGIONAL,60
-22.4,-43.3,REGIONAL,60
-22.2,-48.8,INTERNAL,60
-26.2,-48.9,REGIONAL,60
-23.4,-39.7,EXTERNAL,60
-12.9,-38.5,REGIONAL,60
-13.9,-47.5,REGIONAL,60
-3.4,-39.1,REGIONAL,60
-25.4,-50.0,REGIONAL,59
-25.4,-49.5,REGIONAL,59
-22.2,-49.9,REGIONAL,59
-1.4,-48.4,EXTERNAL,59
-8.7,-64.0,EXTERNAL,59
-12.6,-38.1,INTERNAL,59
-28.5,-51.0,REGIONAL,59
-11.2,-35.7,EXTERNAL,59
-23.2,-46.7,EXTERNAL,59
-22.3,-42.8,REGIONAL,59
-14.6,-44.1,EXTERNAL,59
-10.9,-69.6,REGIONAL,59
-23.4,-40.0,EXTERNAL,59
-23.1,-44.0,REGIONAL,59
-25.1,-50.2,EXTERNAL,59
-2.8,-35.2,EXTERNAL,59
-23.5,-46.4,INTERNAL,59
-15.5,-44.4,REGIONAL,59
-22.9,-46.3,INTERNAL,59
-21.6,-46.9,REGIONAL,59
2.9,-60.7,REGIONAL,59
-4.2,-34.6,EXTERNAL,59
-26.4,-49.2,REGIONAL,59
-12.9,-38.5,EXTERNAL,59
-16.6,-39.1,EXTERNAL,59
-20.6,-47.8,INTERNAL,59
-23.0,-48.2,INTERNAL,59
-29.5,-53.3,REGIONAL,59
-22.6,-50.4,REGIONAL,59
-6.1,-30.6,EXTERNAL,59
-24.6,-48.1,INTERNAL,59
-28.4,-49.3,REGIONAL,59
-3.2,-54.8,REGIONAL,59
-22.6,-43.3,EXTERNAL,59
-21.5,-56.4,REGIONAL,59
-20.7,-54.4,EXTERNAL,59
-2.9,-38.7,EXTERNAL,59
-16.8,-47.6,REGIONAL,59
-27.3,-48.6,INTERNAL,58
-20.0,-56.2,REGIONAL,58
-23.0,-43.7,EXTERNAL,58
-7.0,-38.5,REGIONAL,58
-22.7,-43.6,REGIONAL,58
-15.6,-47.7,EXTERNAL,58
-21.3,-56.6,REGIONAL,58
-22.2,-54.8,EXTERNAL,58
-22.5,-52.3,REGIONAL,58
-20.3,-48.8,INTERNAL,58
-7.0,-35.0,EXTERNAL,58
-24.9,-47.8,INTERNAL,58
-25.6,-44.0,EXTERNAL,58
2.5,-52.6,EXTERNAL,58
-15.6,-47.8,EXTERNAL,58
-3.1,-60.2,REGIONAL,58
2.8,-60.7,EXTERNAL,58
-21.1,-49.6,INTERNAL,58
-28.2,-49.4,REGIONAL,58
-22.0,-46.7,INTERNAL,58
-8.2,-34.9,REGIONAL,58
-19.8,-48.0,REGIONAL,58
-23.5,-46.8,INTERNAL,58
-21.9,-53.0,EXTERNAL,58
-20.2,-44.0,REGIONAL,58
-20.4,-40.4,REGIONAL,58
-13.0,-46.7,REGIONAL,58
4.8,-49.8,EXTERNAL,58
-15.0,-56.0,EXTERNAL,58
-15.0,-55.0,EXTERNAL,58
-10.1,-67.8,REGIONAL,58
-26.9,-49.3,REGIONAL,58
-22.1,-51.5,REGIONAL,57
-22.5,-47.5,EXTERNAL,57
-1.5,-61.3,INTERNAL,57
5.1,-50.4,EXTERNAL,57
-13.0,-55.3,REGIONAL,57
-8.1,-37.6,REGIONAL,57
-25.8,-53.8,REGIONAL,57
-20.6,-41.2,REGIONAL,57
-27.5,-48.7,EXTERNAL,57
-22.3,-51.2,EXTERNAL,57
-2.5,-54.7,REGIONAL,57
-22.9,-42.9,EXTERNAL,57
-4.2,-38.7,REGIONAL,57
-22.3,-48.2,EXTERNAL,57
-24.2,-46.9,INTERNAL,57
-22.8,-42.2,REGIONAL,57
-16.8,-44.3,REGIONAL,57
-11.2,-40.5,EXTERNAL,57
-3.0,-38.6,EXTERNAL,57
-2.8,-54.9,EXTERNAL,57
-23.3,-46.0,REGIONAL,57
-21.9,-46.4,REGIONAL,57
-21.1,-53.8,EXTERNAL,57
-18.0,-39.0,REGIONAL,57
-6.0,-50.4,REGIONAL,57
-9.3,-69.0,REGIONAL,57
-19.6,-43.9,EXTERNAL,57
-28.8,-49.4,EXTERNAL,57
-22.2,-47.9,REGIONAL,57
-30.5,-53.6,REGIONAL,57
-19.9,-40.3,REGIONAL,57
-22.3,-42.9,REGIONAL,57
-1.4,-48.5,EXTERNAL,57
-24.9,-47.9,INTERNAL,57
-22.7,-43.5,REGIONAL,57
-27.2,-52.4,REGIONAL,57
-24.1,-46.4,INTERNAL,57
-10.7,-37.4,REGIONAL,57
-26.5,-49.2,REGIONAL,57
-20.1,-43.8,EXTERNAL,57
-29.7,-51.5,REGIONAL,57
-26.9,-48.8,REGIONAL,57
-23.1,-44.2,EXTERNAL,57
-9.9,-65.3,EXTERNAL,57
-7.3,-34.8,REGIONAL,56
-22.8,-47.6,EXTERNAL,56
-28.7,-49.3,EXTERNAL,56
3.7,-51.9,EXTERNAL,56
-23.8,-41.7,INTERNAL,56
-23.3,-46.6,INTERNAL,56
-23.3,-47.1,EXTERNAL,56
-14.0,-56.0,EXTERNAL,56
-15.9,-48.9,REGIONAL,56
-22.5,-52.4,INTERNAL,56
0.3,-44.7,EXTERNAL,56
-22.9,-44.8,REGIONAL,56
-28.1,-48.7,EXTERNAL,56
-20.9,-54.1,EXTERNAL,56
-22.6,-47.9,EXTERNAL,56
-26.2,-48.7,REGIONAL,56
-2.5,-39.0,EXTERNAL,56
-12.3,-39.0,EXTERNAL,56
-22.3,-52.4,INTERNAL,56
-23.3,-47.7,EXTERNAL,56
-26.5,-48.6,EXTERNAL,56
-20.5,-54.6,INTERNAL,56
-19.3,-43.6,INTERNAL,56
-7.5,-63.0,REGIONAL,56
-17.0,-49.0,REGIONAL,56
-27.2,-48.5,EXTERNAL,56
-3.2,-47.7,INTERNAL,56
-2.9,-41.6,REGIONAL,56
-17.1,-39.2,REGIONAL,56
-28.0,-48.6,EXTERNAL,56
-2.6,-38.7,EXTERNAL,56
-5.7,-36.0,REGIONAL,56
-12.0,-44.0,EXTERNAL,56
-27.1,-53.9,REGIONAL,56
-21.5,-54.2,EXTERNAL,56
-23.6,-43.5,EXTERNAL,55
-23.8,-46.9,REGIONAL,55
-28.5,-49.0,REGIONAL,55
-24.0,-52.4,REGIONAL,55
-8.9,-36.5,EXTERNAL,55
-27.4,-44.7,EXTERNAL,55
-26.9,-49.2,EXTERNAL,55
-26.8,-49.4,REGIONAL,55
-23.3,-44.7,INTERNAL,55
-20.3,-41.2,REGIONAL,55
-16.0,-49.0,EXTERNAL,55
-8.0,-34.8,REGIONAL,55
-22.5,-51.5,INTERNAL,55
-14.1,-47.6,REGIONAL,55
-27.1,-48.7,REGIONAL,55
-23.3,-46.3,REGIONAL,55
-23.2,-47.4,EXTERNAL,55
-27.3,-48.8,REGIONAL,55
-24.2,-46.9,EXTERNAL,55
-1.7,-51.5,REGIONAL,55
-4.4,-70.0,REGIONAL,55
-3.2,-59.9,REGIONAL,55
-9.0,-39.9,REGIONAL,55
-29.7,-50.6,REGIONAL,55
-13.8,-47.4,REGIONAL,55
-1.9,-61.6,INTERNAL,55
-27.1,-52.7,REGIONAL,55
-2.9,-38.9,EXTERNAL,55
-26.1,-48.6,EXTERNAL,55
-20.4,-49.0,INTERNAL,55
-16.2,-39.1,REGIONAL,55
-10.2,-48.3,REGIONAL,55
-24.7,-47.6,REGIONAL,55
-14.0,-47.5,REGIONAL,55
-22.9,-46.0,EXTERNAL,55
-22.8,-46.3,REGIONAL,55
-3.8,-40.9,REGIONAL,55
-22.7,-45.1,EXTERNAL,55
-15.0,-39.0,EXTERNAL,55
-20.3,-43.5,REGIONAL,55
5.4,-50.2,EXTERNAL,55
-25.9,-48.6,EXTERNAL,55
-3.7,-38.6,EXTERNAL,55
-19.8,-55.2,REGIONAL,55
-21.7,-48.2,INTERNAL,55
-10.2,-48.4,EXTERNAL,55
-17.8,-35.9,REGIONAL,55
-4.3,-40.7,REGIONAL,54
-23.3,-47.1,REGIONAL,54
-23.4,-46.9,EXTERNAL,54
-5.3,-35.4,REGIONAL,54
-23.0,-44.2,INTERNAL,54
-23.7,-46.3,REGIONAL,54
-21.0,-54.1,EXTERNAL,54
-22.4,-42.4,REGIONAL,54
-20.3,-46.8,REGIONAL,54
-20.8,-44.5,REGIONAL,54
-21.6,-42.2,REGIONAL,54
-2.6,-56.7,REGIONAL,54
-4.2,-56.0,REGIONAL,54
-21.0,-47.7,REGIONAL,54
-22.6,-42.8,EXTERNAL,54
2.6,-50.9,REGIONAL,54
-4.0,-69.0,EXTERNAL,54
-31.3,-51.0,REGIONAL,54
-25.5,-54.5,EXTERNAL,54
-23.0,-46.3,REGIONAL,54
-20.4,-53.3,EXTERNAL,54
-3.5,-60.1,EXTERNAL,54
-21.8,-47.5,EXTERNAL,54
-23.9,-46.3,INTERNAL,54
-20.1,-49.9,INTERNAL,54
-22.4,-41.8,EXTERNAL,54
-22.8,-47.1,INTERNAL,54
-22.6,-44.6,INTERNAL,54
-29.6,-51.1,REGIONAL,54
-25.6,-48.4,EXTERNAL,54
-25.6,-49.0,REGIONAL,54
-24.7,-47.5,REGIONAL,54
-21.6,-54.0,EXTERNAL,54
-6.5,-37.2,REGIONAL,54
-21.8,-47.2,INTERNAL,54
-32.1,-52.1,REGIONAL,54
-30.4,-51.0,REGIONAL,54
-22.4,-52.4,INTERNAL,53
-20.5,-44.6,REGIONAL,53
-23.0,-48.4,INTERNAL,53
-22.6,-50.6,EXTERNAL,53
-25.5,-49.1,EXTERNAL,53
-2.9,-40.5,REGIONAL,53
-19.9,-43.8,REGIONAL,53
-20.0,-40.5,INTERNAL,53
-22.0,-48.9,REGIONAL,53
-23.2,-46.2,REGIONAL,53
-4.0,-53.0,INTERNAL,53
-15.7,-48.1,REGIONAL,53
-20.6,-41.0,REGIONAL,53
-22.7,-46.8,EXTERNAL,53
-0.8,-29.5,EXTERNAL,53
-19.5,-43.7,REGIONAL,53
-6.8,-43.0,REGIONAL,53
-7.8,-38.1,REGIONAL,53
-24.1,-46.7,EXTERNAL,53
-14.6,-41.2,REGIONAL,53
-30.1,-51.0,EXTERNAL,53
-23.7,-45.7,INTERNAL,53
-6.8,-39.0,REGIONAL,53
-2.7,-39.1,EXTERNAL,53
-22.4,-42.9,EXTERNAL,53
-2.7,-44.2,REGIONAL,53
-23.8,-53.1,REGIONAL,53
-17.3,-39.2,REGIONAL,53
-23.5,-47.6,REGIONAL,53
-16.4,-46.9,REGIONAL,53
-7.2,-39.4,EXTERNAL,53
2.4,-52.6,EXTERNAL,53
-19.2,-57.5,REGIONAL,53
-18.4,-43.7,REGIONAL,53
-22.6,-42.0,EXTERNAL,53
-22.7,-43.6,EXTERNAL,53
-31.8,-52.4,EXTERNAL,53
-25.6,-49.1,REGIONAL,53
-22.8,-47.0,EXTERNAL,53
-25.5,-50.7,REGIONAL,53
-19.0,-46.8,REGIONAL,53
-3.5,-65.0,REGIONAL,53
-30.1,-50.5,REGIONAL,52
-21.1,-53.5,EXTERNAL,52
-22.2,-50.0,EXTERNAL,52
-27.0,-49.5,EXTERNAL,52
-0.1,-51.1,REGIONAL,52
-16.9,-39.4,REGIONAL,52
-21.0,-46.0,EXTERNAL,52
-7.5,-72.9,REGIONAL,52
-23.4,-47.2,EXTERNAL,52
-23.0,-44.3,EXTERNAL,52
-23.3,-49.8,REGIONAL,52
-5.8,-35.3,REGIONAL,52
-19.0,-39.7,REGIONAL,52
-22.0,-42.0,INTERNAL,52
-7.0,-38.3,REGIONAL,52
-22.4,-51.1,EXTERNAL,52
-5.1,-38.0,REGIONAL,52
-22.3,-48.0,INTERNAL,52
-24.9,-51.9,REGIONAL,52
-16.1,-48.1,REGIONAL,52
-12.9,-51.9,REGIONAL,52
-15.9,-47.9,INTERNAL,52
-22.7,-43.7,REGIONAL,52
-9.3,-56.8,INTERNAL,52
-23.3,-47.7,REGIONAL,52
-9.7,-35.8,REGIONAL,52
-7.6,-35.0,EXTERNAL,52
-22.0,-42.0,EXTERNAL,52
-24.5,-46.0,INTERNAL,52
-24.0,-50.1,INTERNAL,52
-18.3,-53.0,REGIONAL,52
5.4,-50.1,EXTERNAL,52
-31.3,-54.1,EXTERNAL,52
-7.3,-34.9,REGIONAL,52
-16.9,-49.3,REGIONAL,52
-20.8,-49.6,INTERNAL,52
-16.4,-39.1,INTERNAL,52
-20.2,-32.7,EXTERNAL,52
-3.5,-40.5,REGIONAL,52
-16.6,-56.3,REGIONAL,52
-7.9,-35.4,REGIONAL,52
-9.0,-59.2,REGIONAL,52
-3.6,-40.7,REGIONAL,52
-20.2,-43.9,REGIONAL,52
-26.4,-52.9,REGIONAL,52
-20.7,-54.3,EXTERNAL,52
-8.2,-70.3,REGIONAL,52
-23.1,-44.3,EXTERNAL,52
-10.0,-38.0,REGIONAL,52
-19.9,-40.6,INTERNAL,52
-22.9,-45.5,EXTERNAL,52
-3.4,-59.9,EXTERNAL,51
-20.1,-44.9,REGIONAL,51
-23.8,-46.6,EXTERNAL,51
-21.9,-51.9,EXTERNAL,51
2.3,-52.7,EXTERNAL,51
-8.3,-35.6,REGIONAL,51
-26.3,-49.0,REGIONAL,51
-7.9,-35.0,REGIONAL,51
-23.0,-42.9,REGIONAL,51
-23.8,-46.0,EXTERNAL,51
-32.5,-52.6,REGIONAL,51
-7.0,-35.8,REGIONAL,51
-23.7,-47.1,REGIONAL,51
-25.1,-48.0,INTERNAL,51
-17.0,-37.6,REGIONAL,51
-10.9,-37.0,REGIONAL,51
-22.6,-52.0,REGIONAL,51
-23.0,-42.9,EXTERNAL,51
-23.6,-48.1,EXTERNAL,51
-3.6,-41.1,REGIONAL,51
-29.3,-51.0,REGIONAL,51
-14.2,-47.7,REGIONAL,51
-29.1,-51.1,EXTERNAL,51
-9.3,-56.8,REGIONAL,51
-23.9,-46.2,EXTERNAL,51
-25.3,-48.7,REGIONAL,51
-23.4,-45.8,INTERNAL,51
-22.7,-47.8,INTERNAL,51
0.9,-43.8,EXTERNAL,51
-9.4,-38.2,REGIONAL,51
-23.0,-46.7,REGIONAL,51
-22.3,-43.4,REGIONAL,51
-28.4,-55.0,REGIONAL,51
-20.1,-44.1,REGIONAL,51
-22.9,-48.4,INTERNAL,51
-9.2,-36.1,REGIONAL,51
-21.7,-47.6,EXTERNAL,51
-22.2,-51.5,INTERNAL,50
-28.4,-54.3,REGIONAL,50
0.3,-51.2,REGIONAL,50
3.2,-52.3,REGIONAL,50
-6.1,-36.4,REGIONAL,50
5.2,-50.2,EXTERNAL,50
-7.2,-34.9,EXTERNAL,50
-14.5,-41.3,REGIONAL,50
-16.0,-54.0,EXTERNAL,50
-22.5,-44.8,REGIONAL,50
-12.0,-42.0,EXTERNAL,50
-26.2,-49.3,REGIONAL,50
-3.0,-54.9,EXTERNAL,50
-21.5,-54.3,EXTERNAL,50
-18.9,-39.7,REGIONAL,50
-14.3,-44.5,EXTERNAL,50
-20.4,-40.2,REGIONAL,50
-21.5,-50.0,INTERNAL,50
-20.3,-40.8,REGIONAL,50
-16.2,-44.3,REGIONAL,50
-23.3,-45.9,INTERNAL,50
-23.6,-47.2,EXTERNAL,50
-20.5,-40.4,REGIONAL,50
-27.1,-48.6,EXTERNAL,50
-16.3,-48.0,REGIONAL,50
-29.7,-51.2,EXTERNAL,50
1.5,-61.0,INTERNAL,50
-15.0,-52.0,EXTERNAL,50
-3.0,-59.9,EXTERNAL,50
-9.0,-42.7,REGIONAL,50
-21.5,-41.0,REGIONAL,50
-14.9,-51.1,REGIONAL,50
-57.0,-92.2,INTERNAL,50
-22.7,-42.8,EXTERNAL,50
-23.6,-48.0,EXTERNAL,50
-29.4,-51.2,REGIONAL,50
-4.8,-36.5,INTERNAL,50
-20.0,-48.4,INTERNAL,50
-20.7,-49.4,INTERNAL,50
-24.0,-45.9,INTERNAL,50
-3.3,-60.0,REGIONAL,50
-22.7,-44.6,INTERNAL,50
-19.5,-42.6,EXTERNAL,50
-8.6,-37.1,REGIONAL,50
-4.9,-47.5,REGIONAL,50
-15.8,-48.7,REGIONAL,50
-5.8,-36.2,REGIONAL,50
-22.8,-42.9,EXTERNAL,50
-20.1,-44.9,EXTERNAL,50
-20.1,-43.4,REGIONAL,50
-14.2,-47.5,REGIONAL,50
-19.3,-57.1,REGIONAL,50
-8.4,-37.0,REGIONAL,49
-23.6,-48.0,REGIONAL,49
-6.7,-36.7,REGIONAL,49
-12.6,-50.0,REGIONAL,49
-23.9,-46.3,EXTERNAL,49
-22.7,-50.4,EXTERNAL,49
-15.4,-55.7,REGIONAL,49
-20.1,-44.0,EXTERNAL,49
-20.0,-47.8,EXTERNAL,49
-21.3,-47.8,EXTERNAL,49
-22.0,-46.8,REGIONAL,49
-3.2,-60.7,REGIONAL,49
-22.7,-44.4,EXTERNAL,49
-29.8,-50.1,REGIONAL,49
-21.3,-51.9,INTERNAL,49
-22.6,-47.3,EXTERNAL,49
-6.0,-38.5,REGIONAL,49
-20.1,-40.9,REGIONAL,49
-23.7,-45.6,REGIONAL,49
-10.2,-59.5,REGIONAL,49
-25.2,-48.4,REGIONAL,49
-15.6,-47.6,REGIONAL,49
-27.2,-54.0,REGIONAL,49
-25.5,-49.7,REGIONAL,49
-18.5,-43.7,REGIONAL,49
-19.4,-57.0,REGIONAL,49
-23.1,-47.7,EXTERNAL,49
-7.5,-36.9,REGIONAL,49
-24.2,-45.5,INTERNAL,49
-0.4,-39.1,EXTERNAL,49
-29.6,-51.2,REGIONAL,49
-22.8,-50.0,EXTERNAL,49
-24.0,-51.2,REGIONAL,49
-23.4,-45.9,REGIONAL,49
-25.5,-48.2,REGIONAL,49
-26.1,-49.8,REGIONAL,49
-20.7,-31.8,REGIONAL,49
-15.8,-43.3,REGIONAL,49
-23.4,-47.2,REGIONAL,49
-20.2,-37.5,REGIONAL,49
-22.9,-42.2,REGIONAL,49
1.2,-52.7,INTERNAL,49
5.3,-50.1,EXTERNAL,48
-2.6,-61.0,REGIONAL,48
-22.3,-48.0,EXTERNAL,48
-23.1,-44.4,REGIONAL,48
-8.1,-39.1,REGIONAL,48
-5.2,-34.6,EXTERNAL,48
-2.9,-38.8,EXTERNAL,48
-22.9,-47.3,REGIONAL,48
-2.8,-42.8,REGIONAL,48
-22.5,-43.5,EXTERNAL,48
-19.4,-43.5,REGIONAL,48
-12.8,-48.2,REGIONAL,48
-2.8,-40.0,EXTERNAL,48
-19.1,-40.2,REGIONAL,48
-4.2,-40.8,REGIONAL,48
-19.8,-43.7,REGIONAL,48
-5.1,-39.1,REGIONAL,48
-16.3,-55.9,REGIONAL,48
-14.9,-45.4,INTERNAL,48
-27.9,-48.6,EXTERNAL,48
-9.6,-37.8,REGIONAL,48
-28.3,-52.8,REGIONAL,48
-25.1,-50.1,EXTERNAL,48
-23.3,-47.2,REGIONAL,48
-23.2,-45.8,EXTERNAL,48
-6.0,-35.0,EXTERNAL,48
-26.0,-48.9,REGIONAL,48
-22.2,-47.8,EXTERNAL,48
-22.9,-49.9,EXTERNAL,48
-23.2,-49.3,REGIONAL,48
-25.1,-48.0,REGIONAL,48
-22.1,-47.4,EXTERNAL,48
-3.2,-52.2,EXTERNAL,48
-22.3,-47.9,EXTERNAL,48
-14.6,-41.1,REGIONAL,48
-22.8,-45.7,INTERNAL,48
-24.5,-47.2,INTERNAL,48
-16.7,-49.1,REGIONAL,48
-23.6,-47.1,EXTERNAL,48
-29.0,-51.0,EXTERNAL,48
-22.7,-47.4,EXTERNAL,48
-12.2,-39.0,EXTERNAL,48
-22.8,-50.2,EXTERNAL,48
-22.7,-48.1,REGIONAL,48
-22.0,-47.9,INTERNAL,48
-23.8,-45.0,INTERNAL,48
-2.7,-38.6,EXTERNAL,48
-5.8,-35.2,INTERNAL,48
-3.0,-41.8,REGIONAL,48
-19.8,-47.9,EXTERNAL,47
-2.4,-44.1,REGIONAL,47
-22.1,-47.3,INTERNAL,47
-1.7,-56.6,REGIONAL,47
-23.5,-45.7,INTERNAL,47
-0.9,-63.0,EXTERNAL,47
-16.0,-48.0,EXTERNAL,47
-21.5,-48.1,INTERNAL,47
-12.8,-42.1,REGIONAL,47
-9.4,-50.0,REGIONAL,47
4.9,-49.8,EXTERNAL,47
-25.7,-53.1,REGIONAL,47
-19.8,-57.0,EXTERNAL,47
4.8,-50.1,EXTERNAL,47
-26.0,-50.2,REGIONAL,47
4.9,-49.9,EXTERNAL,47
-8.0,-36.0,EXTERNAL,47
-19.0,-56.6,INTERNAL,47
-22.5,-44.6,EXTERNAL,47
-28.5,-48.7,REGIONAL,47
-8.5,-39.3,REGIONAL,47
-23.3,-46.7,INTERNAL,47
-29.9,-51.7,REGIONAL,47
-27.3,-48.9,REGIONAL,47
-22.8,-49.0,REGIONAL,47
-23.3,-47.3,INTERNAL,47
3.4,-61.4,REGIONAL,47
-3.5,-45.3,REGIONAL,47
-23.0,-44.4,INTERNAL,47
-22.8,-45.2,EXTERNAL,47
-24.1,-46.6,REGIONAL,47
-23.3,-46.8,EXTERNAL,47
-20.4,-51.3,REGIONAL,47
-14.7,-44.0,EXTERNAL,47
-9.3,-64.4,REGIONAL,47
-26.8,-48.8,REGIONAL,47
-7.1,-34.9,EXTERNAL,47
-7.7,-72.5,REGIONAL,47
-20.9,-40.8,REGIONAL,47
-7.2,-39.3,REGIONAL,47
-24.3,-53.9,REGIONAL,47
-16.8,-43.9,REGIONAL,47
-19.3,-55.8,REGIONAL,47
-29.5,-49.8,REGIONAL,47
-23.0,-48.5,INTERNAL,47
-5.5,-43.5,REGIONAL,47
-22.4,-47.7,INTERNAL,46
-20.6,-41.8,REGIONAL,46
-20.1,-49.8,INTERNAL,46
-31.6,-52.4,REGIONAL,46
-11.8,-38.9,REGIONAL,46
-21.0,-44.0,EXTERNAL,46
-23.0,-44.4,REGIONAL,46
-27.6,-51.5,REGIONAL,46
5.3,-50.4,EXTERNAL,46
-15.6,-43.0,EXTERNAL,46
-15.0,-54.0,EXTERNAL,46
-8.2,-34.9,EXTERNAL,46
-22.4,-45.5,EXTERNAL,46
-7.8,-35.1,REGIONAL,46
-2.1,-59.9,REGIONAL,46
-22.8,-41.8,REGIONAL,46
-3.3,-47.7,REGIONAL,46
-6.6,-40.1,REGIONAL,46
-28.4,-49.6,REGIONAL,46
-19.7,-42.7,REGIONAL,46
-9.3,-68.3,REGIONAL,46
-10.0,-68.2,REGIONAL,46
-23.2,-44.8,EXTERNAL,46
-11.4,-40.5,REGIONAL,46
-29.2,-51.5,EXTERNAL,46
-5.0,-39.0,REGIONAL,46
-22.9,-43.9,INTERNAL,46
0.0,-51.1,EXTERNAL,46
-19.5,-44.1,REGIONAL,46
-7.6,-60.7,REGIONAL,46
-29.0,-50.4,EXTERNAL,46
-14.1,-42.5,REGIONAL,46
-8.2,-36.4,REGIONAL,46
-6.2,-50.3,REGIONAL,46
-26.6,-49.3,REGIONAL,46
-22.4,-47.0,REGIONAL,46
-21.4,-48.5,REGIONAL,46
-28.9,-49.5,REGIONAL,46
-29.2,-49.6,REGIONAL,46
-21.4,-52.7,EXTERNAL,46
-6.0,-36.3,REGIONAL,46
-19.8,-44.1,EXTERNAL,46
-31.4,-52.4,REGIONAL,46
-23.9,-45.3,REGIONAL,46
-22.7,-45.4,REGIONAL,46
-15.7,-48.9,REGIONAL,46
-22.2,-51.4,EXTERNAL,46
-28.0,-51.2,REGIONAL,46
-22.7,-43.2,EXTERNAL,46
-23.6,-46.2,EXTERNAL,46
-23.2,-44.5,EXTERNAL,46
-31.9,-51.9,EXTERNAL,46
-20.4,-36.4,INTERNAL,46
-31.5,-52.4,REGIONAL,46
-19.6,-57.0,INTERNAL,46
-22.1,-47.7,REGIONAL,46
-8.8,-67.4,REGIONAL,46
-23.4,-46.7,INTERNAL,45
-2.5,-44.1,REGIONAL,45
-7.0,-34.8,INTERNAL,45
-27.2,-50.1,REGIONAL,45
-3.2,-60.3,REGIONAL,45
-26.6,-52.5,EXTERNAL,45
-10.2,-46.6,INTERNAL,45
-20.1,-43.6,REGIONAL,45
-23.3,-45.9,EXTERNAL,45
-2.6,-38.6,EXTERNAL,45
-22.7,-47.0,REGIONAL,45
-24.4,-47.0,EXTERNAL,45
-3.3,-60.1,REGIONAL,45
-12.9,-38.7,REGIONAL,45
-27.4,-49.3,REGIONAL,45
-2.8,-39.0,EXTERNAL,45
-13.4,-41.3,REGIONAL,45
-21.2,-50.4,EXTERNAL,45
-20.5,-54.2,EXTERNAL,45
-1.2,-37.0,EXTERNAL,45
-19.9,-44.2,EXTERNAL,45
5.4,-50.4,EXTERNAL,45
-27.2,-48.6,EXTERNAL,45
-17.5,-43.0,REGIONAL,45
-20.1,-40.2,EXTERNAL,45
-20.0,-44.1,REGIONAL,45
-16.2,-47.3,REGIONAL,45
-24.6,-47.8,INTERNAL,45
-22.3,-47.1,INTERNAL,45
-16.7,-56.3,REGIONAL,45
-22.7,-42.0,EXTERNAL,45
-21.9,-52.9,EXTERNAL,45
-18.8,-48.3,REGIONAL,45
-12.8,-41.5,REGIONAL,45
-22.0,-47.5,EXTERNAL,45
-21.5,-46.8,REGIONAL,45
-18.6,-46.5,EXTERNAL,45
-6.1,-37.9,REGIONAL,45
-20.2,-40.2,EXTERNAL,45
-20.1,-45.6,REGIONAL,45
-20.4,-53.2,EXTERNAL,45
-28.3,-49.1,REGIONAL,45
-20.0,-44.2,EXTERNAL,45
-0.6,-47.5,EXTERNAL,45
-3.2,-43.4,REGIONAL,45
-22.1,-40.1,INTERNAL,45
-20.0,-41.0,EXTERNAL,45
-30.2,-51.1,EXTERNAL,45
-17.3,-56.5,REGIONAL,45
-14.2,-44.5,EXTERNAL,45
-24.9,-53.5,REGIONAL,45
-20.4,-43.5,EXTERNAL,45
-19.3,-41.6,REGIONAL,45
-19.9,-40.6,EXTERNAL,45
-23.6,-45.9,REGIONAL,45
-27.6,-48.8,REGIONAL,44
-22.5,-52.3,EXTERNAL,44
-8.4,-34.5,EXTERNAL,44
-23.6,-47.3,EXTERNAL,44
-22.5,-44.5,EXTERNAL,44
-19.9,-40.4,REGIONAL,44
-12.6,-38.0,EXTERNAL,44
-22.9,-43.8,EXTERNAL,44
-16.5,-50.6,REGIONAL,44
-23.1,-46.5,EXTERNAL,44
-26.8,-53.5,REGIONAL,44
-19.5,-44.9,REGIONAL,44
-27.8,-48.6,EXTERNAL,44
-22.1,-51.4,INTERNAL,44
-22.9,-43.8,INTERNAL,44
-29.8,-51.0,REGIONAL,44
-8.3,-36.0,EXTERNAL,44
-25.4,-51.5,EXTERNAL,44
-14.2,-39.0,REGIONAL,44
-31.3,-51.1,REGIONAL,44
-19.2,-49.4,REGIONAL,44
-21.2,-50.5,EXTERNAL,44
-22.5,-44.2,EXTERNAL,44
-27.2,-49.2,REGIONAL,44
-20.5,-54.5,EXTERNAL,44
-21.4,-45.9,REGIONAL,44
-22.5,-47.5,REGIONAL,44
-1.5,-56.4,REGIONAL,44
-22.9,-42.7,EXTERNAL,44
-3.3,-52.2,REGIONAL,44
-12.7,-37.9,REGIONAL,44
-25.8,-40.4,EXTERNAL,44
-3.7,-40.4,REGIONAL,44
-22.7,-46.7,EXTERNAL,44
-18.5,-54.8,REGIONAL,44
-22.8,-44.8,INTERNAL,44
-22.6,-43.0,EXTERNAL,44
-6.2,-48.4,REGIONAL,44
-14.0,-52.0,EXTERNAL,44
-22.9,-43.9,EXTERNAL,44
-20.5,-47.4,REGIONAL,44
-22.6,-47.2,EXTERNAL,44
-22.2,-47.5,INTERNAL,44
-7.9,-38.3,EXTERNAL,44
-20.6,-47.3,INTERNAL,44
-21.2,-53.4,EXTERNAL,44
-23.8,-46.2,REGIONAL,44
2.3,-61.3,EXTERNAL,44
-4.2,-38.8,REGIONAL,44
-13.0,-44.6,EXTERNAL,44
-21.6,-52.5,EXTERNAL,44
-21.2,-47.9,INTERNAL,44
-3.4,-60.2,REGIONAL,44
-25.2,-48.0,INTERNAL,44
-21.9,-43.9,REGIONAL,44
-22.0,-46.8,EXTERNAL,44
-19.8,-38.1,INTERNAL,44
-21.6,-46.7,INTERNAL,44
-14.1,-44.5,EXTERNAL,44
-16.7,-43.9,EXTERNAL,44
-14.2,-59.7,EXTERNAL,44
-24.0,-47.2,INTERNAL,44
-22.4,-41.9,REGIONAL,44
-22.8,-42.2,EXTERNAL,44
-21.0,-48.0,REGIONAL,43
-3.2,-59.9,EXTERNAL,43
-22.8,-42.0,EXTERNAL,43
-25.8,-49.7,REGIONAL,43
-23.9,-46.7,EXTERNAL,43
-23.9,-45.1,INTERNAL,43
-23.4,-46.9,REGIONAL,43
-22.6,-43.5,REGIONAL,43
-22.8,-42.4,REGIONAL,43
-28.0,-51.0,REGIONAL,43
2.3,-31.3,EXTERNAL,43
-22.0,-43.8,REGIONAL,43
-21.4,-41.7,REGIONAL,43
-6.6,-36.3,REGIONAL,43
-23.4,-52.1,REGIONAL,43
-24.2,-48.4,INTERNAL,43
-3.5,-38.8,REGIONAL,43
-23.8,-45.9,EXTERNAL,43
-14.8,-40.8,REGIONAL,43
-20.2,-44.0,EXTERNAL,43
-22.8,-46.9,EXTERNAL,43
-27.2,-52.6,REGIONAL,43
-20.0,-40.7,REGIONAL,43
-23.0,-46.4,REGIONAL,43
-23.8,-51.1,EXTERNAL,43
-17.2,-56.8,REGIONAL,43
-20.9,-47.3,REGIONAL,43
-22.3,-48.1,EXTERNAL,43
-3.0,-64.9,REGIONAL,43
-23.3,-47.9,INTERNAL,43
-22.1,-47.7,INTERNAL,43
-3.9,-38.3,REGIONAL,43
-22.4,-44.9,REGIONAL,43
-22.9,-42.6,EXTERNAL,43
-10.9,-68.4,INTERNAL,43
-7.0,-39.0,EXTERNAL,43
-17.2,-56.5,REGIONAL,43
-23.7,-45.8,INTERNAL,43
-0.1,-27.8,EXTERNAL,43
-20.3,-42.0,REGIONAL,43
-23.5,-47.6,INTERNAL,43
-18.3,-57.5,REGIONAL,43
-22.7,-47.0,EXTERNAL,43
-20.4,-49.4,INTERNAL,43
-6.5,-35.7,REGIONAL,43
-20.6,-56.7,REGIONAL,43
-20.2,-56.6,REGIONAL,43
-23.1,-45.5,REGIONAL,43
-1.8,-55.9,REGIONAL,43
-20.5,-50.2,INTERNAL,43
-23.8,-53.3,EXTERNAL,43
-27.0,-51.9,REGIONAL,43
-7.2,-37.4,REGIONAL,42
-16.4,-39.1,EXTERNAL,42
-22.5,-52.6,INTERNAL,42
-22.7,-47.2,REGIONAL,42
-12.7,-39.1,EXTERNAL,42
-25.2,-53.8,REGIONAL,42
-19.7,-42.6,REGIONAL,42
-29.8,-57.1,REGIONAL,42
-14.5,-46.1,REGIONAL,42
-23.5,-47.1,EXTERNAL,42
-14.8,-39.0,EXTERNAL,42
-22.4,-43.7,REGIONAL,42
-29.1,-51.5,REGIONAL,42
-15.5,-56.1,REGIONAL,42
-9.0,-37.0,EXTERNAL,42
-23.4,-51.7,REGIONAL,42
-23.5,-47.7,EXTERNAL,42
-21.7,-47.5,EXTERNAL,42
-22.5,-48.9,INTERNAL,42
-7.2,-39.5,REGIONAL,42
-15.2,-39.3,REGIONAL,42
-21.5,-48.0,REGIONAL,42
-29.4,-49.8,EXTERNAL,42
-15.2,-47.2,REGIONAL,42
-27.7,-49.1,REGIONAL,42
-7.8,-34.9,EXTERNAL,42
-7.8,-63.2,EXTERNAL,42
-20.9,-54.3,REGIONAL,42
-25.1,-51.8,REGIONAL,42
-31.2,-51.0,REGIONAL,42
-5.7,-36.2,REGIONAL,42
-13.8,-41.3,REGIONAL,42
-3.7,-32.0,EXTERNAL,42
-20.5,-40.1,REGIONAL,42
-32.1,-52.7,REGIONAL,42
-2.9,-41.7,REGIONAL,42
-7.4,-45.1,REGIONAL,42
-5.5,-47.4,REGIONAL,42
-0.5,-52.8,REGIONAL,42
-26.9,-49.5,REGIONAL,42
-29.9,-51.6,REGIONAL,42
-13.6,-38.9,EXTERNAL,42
-24.0,-47.3,REGIONAL,42
-16.4,-49.0,REGIONAL,42
-22.8,-49.8,INTERNAL,42
-3.6,-52.4,REGIONAL,42
-23.2,-47.5,EXTERNAL,42
-22.6,-47.9,REGIONAL,42
-24.2,-46.7,EXTERNAL,42
-20.4,-54.7,REGIONAL,42
-21.2,-50.9,EXTERNAL,42
-23.2,-45.8,REGIONAL,42
-22.9,-51.6,EXTERNAL,41
-30.2,-57.6,REGIONAL,41
-19.8,-40.4,REGIONAL,41
-28.9,-50.8,REGIONAL,41
-22.4,-52.3,INTERNAL,41
-22.4,-44.7,INTERNAL,41
-29.6,-53.4,REGIONAL,41
-19.0,-40.8,REGIONAL,41
-23.0,-46.9,EXTERNAL,41
-16.1,-48.4,EXTERNAL,41
-12.5,-38.3,REGIONAL,41
5.1,-50.1,EXTERNAL,41
-25.3,-48.4,REGIONAL,41
-23.0,-50.0,INTERNAL,41
-14.0,-40.0,EXTERNAL,41
-2.6,-44.4,INTERNAL,41
-22.0,-46.0,EXTERNAL,41
-20.1,-56.8,EXTERNAL,41
-15.6,-48.2,REGIONAL,41
-14.7,-47.5,REGIONAL,41
-7.9,-63.3,EXTERNAL,41
-23.4,-51.1,REGIONAL,41
-21.0,-47.8,EXTERNAL,41
-20.1,-43.1,REGIONAL,41
5.3,-50.3,EXTERNAL,41
-26.4,-48.8,EXTERNAL,41
-2.1,-40.6,EXTERNAL,41
-21.8,-47.7,INTERNAL,41
-24.6,-47.9,REGIONAL,41
-1.7,-50.5,REGIONAL,41
-22.6,-48.8,EXTERNAL,41
-21.7,-40.2,INTERNAL,41
-23.0,-45.8,REGIONAL,41
-21.4,-40.3,INTERNAL,41
-20.3,-43.0,INTERNAL,41
-18.4,-43.4,REGIONAL,41
-14.1,-47.5,EXTERNAL,41
-19.3,-57.0,REGIONAL,41
5.1,-50.3,EXTERNAL,41
-10.0,-67.8,EXTERNAL,41
-29.4,-50.4,INTERNAL,41
-22.1,-47.8,REGIONAL,41
-22.7,-42.4,EXTERNAL,41
-16.0,-41.3,REGIONAL,41
-33.4,-50.0,EXTERNAL,41
-22.1,-39.7,EXTERNAL,41
-12.5,-38.4,EXTERNAL,41
-11.5,-41.2,REGIONAL,41
-4.0,-53.0,REGIONAL,41
-29.1,-50.4,EXTERNAL,41
-23.1,-46.7,EXTERNAL,41
-20.5,-53.8,EXTERNAL,41
-17.1,-43.8,REGIONAL,41
-22.6,-47.7,REGIONAL,41
-15.8,-47.6,REGIONAL,41
-23.6,-48.5,REGIONAL,41
-28.2,-52.4,REGIONAL,40
-22.9,-47.2,REGIONAL,40
-19.6,-43.4,REGIONAL,40
-22.3,-48.1,INTERNAL,40
-10.1,-41.1,REGIONAL,40
-17.4,-56.8,EXTERNAL,40
-13.4,-38.9,EXTERNAL,40
-13.3,-50.6,EXTERNAL,40
-12.8,-46.8,REGIONAL,40
-25.7,-48.4,INTERNAL,40
-29.5,-52.0,EXTERNAL,40
-23.0,-49.9,REGIONAL,40
-23.4,-47.5,EXTERNAL,40
-20.4,-44.0,REGIONAL,40
-3.0,-59.8,REGIONAL,40
-20.7,-41.0,REGIONAL,40
-3.8,-49.7,EXTERNAL,40
-13.9,-40.1,REGIONAL,40
-7.8,-38.7,REGIONAL,40
-12.5,-39.1,REGIONAL,40
-10.5,-40.2,REGIONAL,40
-23.5,-46.1,EXTERNAL,40
-19.4,-42.5,REGIONAL,40
-3.0,-48.0,EXTERNAL,40
-5.3,-49.1,REGIONAL,40
-31.8,-53.4,REGIONAL,40
-27.0,-50.1,REGIONAL,40
-21.3,-47.7,REGIONAL,40
-14.6,-39.1,REGIONAL,40
-24.0,-46.2,EXTERNAL,40
-27.5,-48.7,REGIONAL,40
-26.1,-53.0,REGIONAL,40
-17.9,-41.5,REGIONAL,40
-17.1,-49.8,REGIONAL,40
-22.8,-46.8,REGIONAL,40
-27.3,-49.6,REGIONAL,40
-26.2,-51.1,EXTERNAL,40
-15.5,-58.6,REGIONAL,40
-24.3,-47.0,INTERNAL,40
-20.9,-47.9,EXTERNAL,40
-20.8,-43.5,REGIONAL,40
-23.4,-46.4,REGIONAL,40
-19.9,-40.1,EXTERNAL,40
-20.5,-53.5,EXTERNAL,40
-22.3,-47.2,REGIONAL,40
-18.9,-50.4,INTERNAL,40
-23.0,-45.0,EXTERNAL,40
-9.2,-35.8,REGIONAL,40
2.0,-61.3,REGIONAL,40
-23.4,-45.0,EXTERNAL,40
2.9,-60.7,EXTERNAL,40
-20.4,-43.4,REGIONAL,40
-20.5,-47.8,INTERNAL,40
-13.0,-40.0,EXTERNAL,40
-23.5,-47.0,EXTERNAL,40
-15.3,-55.8,REGIONAL,40
-7.1,-36.0,REGIONAL,40
-23.4,-45.2,REGIONAL,40
-19.7,-47.9,EXTERNAL,40
-6.8,-35.6,REGIONAL,40
-24.3,-53.8,REGIONAL,40
-20.7,-54.5,EXTERNAL,40
-3.0,-60.7,EXTERNAL,39
-23.3,-47.2,EXTERNAL,39
-21.2,-48.1,INTERNAL,39
-9.8,-35.8,REGIONAL,39
-22.0,-44.6,REGIONAL,39
-17.8,-44.2,REGIONAL,39
-20.4,-40.0,REGIONAL,39
-23.1,-44.1,REGIONAL,39
-27.9,-48.6,INTERNAL,39
-14.4,-44.4,EXTERNAL,39
-24.0,-48.0,REGIONAL,39
-3.9,-41.1,REGIONAL,39
-23.7,-45.4,REGIONAL,39
-8.7,-35.5,REGIONAL,39
-24.0,-47.5,INTERNAL,39
-22.0,-44.9,REGIONAL,39
-22.2,-50.0,REGIONAL,39
-20.8,-49.7,INTERNAL,39
-15.1,-44.2,REGIONAL,39
-27.1,-49.1,EXTERNAL,39
-1.9,-61.4,REGIONAL,39
-20.6,-47.9,EXTERNAL,39
-28.4,-49.0,REGIONAL,39
-25.8,-50.4,REGIONAL,39
-8.4,-35.7,REGIONAL,39
-20.9,-42.1,REGIONAL,39
-19.7,-39.9,REGIONAL,39
-23.5,-47.2,EXTERNAL,39
-25.2,-49.1,REGIONAL,39
-17.2,-56.9,REGIONAL,39
-28.8,-49.3,REGIONAL,39
-22.8,-42.1,EXTERNAL,39
-6.3,-55.8,REGIONAL,39
-15.0,-44.0,EXTERNAL,39
-21.6,-45.4,EXTERNAL,39
-0.1,-51.2,REGIONAL,39
-22.1,-47.8,EXTERNAL,39
-24.2,-46.6,INTERNAL,39
-20.5,-47.9,INTERNAL,39
-22.9,-50.2,INTERNAL,39
-22.8,-45.6,EXTERNAL,39
-23.0,-49.9,EXTERNAL,39
-25.7,-50.8,REGIONAL,39
-15.2,-59.3,EXTERNAL,39
-26.9,-48.6,EXTERNAL,39
-24.4,-47.4,INTERNAL,39
-21.3,-48.2,INTERNAL,39
-22.0,-43.9,INTERNAL,39
-22.9,-44.2,REGIONAL,39
-14.3,-44.4,EXTERNAL,39
-22.4,-47.9,REGIONAL,39
-20.7,-47.9,EXTERNAL,39
-8.6,-38.6,REGIONAL,39
-29.7,-52.4,EXTERNAL,39
-8.0,-34.3,EXTERNAL,39
-20.2,-40.4,REGIONAL,39
-16.3,-48.8,REGIONAL,39
-20.5,-54.8,REGIONAL,39
-17.8,-50.9,EXTERNAL,39
-21.0,-51.2,EXTERNAL,39
-16.6,-48.7,REGIONAL,39
-13.2,-44.6,EXTERNAL,39
-19.0,-50.4,INTERNAL,39
-4.5,-56.3,REGIONAL,38
-21.1,-56.4,REGIONAL,38
-26.7,-48.7,EXTERNAL,38
-7.5,-72.7,REGIONAL,38
-22.9,-50.0,EXTERNAL,38
-21.7,-45.9,REGIONAL,38
-29.4,-50.0,REGIONAL,38
-32.5,-52.5,REGIONAL,38
-2.8,-60.0,REGIONAL,38
-21.3,-48.4,REGIONAL,38
-25.5,-48.4,REGIONAL,38
-14.3,-47.8,REGIONAL,38
-23.1,-48.0,INTERNAL,38
-10.7,-46.7,INTERNAL,38
-23.0,-49.3,INTERNAL,38
-20.0,-44.8,REGIONAL,38
-23.2,-44.7,INTERNAL,38
-20.9,-42.8,REGIONAL,38
-22.6,-42.4,REGIONAL,38
-7.8,-35.0,REGIONAL,38
-11.4,-42.4,EXTERNAL,38
-2.9,-40.0,EXTERNAL,38
-23.6,-47.8,EXTERNAL,38
-25.6,-43.8,EXTERNAL,38
-28.0,-53.0,EXTERNAL,38
-20.5,-53.4,EXTERNAL,38
-8.6,-37.3,REGIONAL,38
-23.2,-41.0,INTERNAL,38
-11.3,-40.5,REGIONAL,38
-24.3,-46.2,EXTERNAL,38
-23.0,-44.8,REGIONAL,38
-7.7,-63.1,EXTERNAL,38
-13.1,-44.6,EXTERNAL,38
-25.0,-47.9,EXTERNAL,38
-20.5,-47.8,EXTERNAL,38
-6.1,-50.3,REGIONAL,38
-12.5,-41.3,REGIONAL,38
-13.9,-47.3,REGIONAL,38
-12.4,-45.0,REGIONAL,38
-16.0,-48.2,REGIONAL,38
-22.7,-43.3,REGIONAL,38
-3.7,-59.9,REGIONAL,38
-29.6,-50.4,REGIONAL,38
-22.3,-48.9,EXTERNAL,38
-22.5,-47.8,INTERNAL,38
-22.8,-45.4,INTERNAL,38
-30.0,-51.3,EXTERNAL,38
-22.3,-42.3,EXTERNAL,38
-24.2,-49.7,REGIONAL,38
-24.3,-48.3,INTERNAL,38
-21.8,-46.5,REGIONAL,38
-2.0,-59.6,REGIONAL,38
-26.4,-51.3,REGIONAL,38
-22.5,-42.9,REGIONAL,38
-27.7,-48.6,EXTERNAL,38
-21.5,-46.8,INTERNAL,38
-20.8,-56.8,REGIONAL,38
-22.5,-42.0,EXTERNAL,38
-25.5,-49.8,REGIONAL,38
-11.6,-41.0,REGIONAL,38
-25.8,-54.6,REGIONAL,38
-3.2,-59.0,REGIONAL,38
-24.8,-50.0,REGIONAL,38
-25.2,-49.6,REGIONAL,38
-23.1,-45.9,EXTERNAL,38
-21.3,-45.0,REGIONAL,38
-22.9,-50.8,INTERNAL,38
-21.7,-52.4,EXTERNAL,38
-28.2,-48.7,EXTERNAL,38
-27.7,-49.0,REGIONAL,38
-19.5,-55.6,EXTERNAL,38
-11.1,-42.7,REGIONAL,37
-20.5,-47.4,INTERNAL,37
-12.8,-38.2,INTERNAL,37
-7.1,-40.0,REGIONAL,37
-3.1,-59.9,EXTERNAL,37
-22.4,-48.8,INTERNAL,37
-14.3,-39.3,REGIONAL,37
-19.9,-54.9,REGIONAL,37
-11.4,-61.7,REGIONAL,37
-10.4,-40.2,INTERNAL,37
-6.7,-34.9,INTERNAL,37
-31.0,-54.7,EXTERNAL,37
-20.3,-40.1,REGIONAL,37
-16.3,-48.2,REGIONAL,37
-20.6,-50.0,INTERNAL,37
0.4,-51.1,REGIONAL,37
-6.3,-39.4,REGIONAL,37
-13.7,-46.4,REGIONAL,37
-22.7,-47.1,EXTERNAL,37
2.5,-54.7,REGIONAL,37
-22.6,-45.1,INTERNAL,37
-22.4,-51.0,EXTERNAL,37
-20.4,-40.5,REGIONAL,37
-0.0,-51.2,REGIONAL,37
-8.1,-63.6,EXTERNAL,37
-11.7,-49.0,REGIONAL,37
-10.2,-48.3,EXTERNAL,37
-10.7,-37.3,REGIONAL,37
-27.0,-52.5,REGIONAL,37
-24.2,-46.2,INTERNAL,37
-10.3,-36.6,REGIONAL,37
-22.1,-46.6,REGIONAL,37
5.2,-50.4,EXTERNAL,37
-25.8,-48.5,EXTERNAL,37
-23.7,-47.0,EXTERNAL,37
-23.9,-47.2,INTERNAL,37
-25.4,-52.5,REGIONAL,37
-16.7,-48.6,REGIONAL,37
-12.1,-45.0,REGIONAL,37
-11.4,-37.4,REGIONAL,37
-26.6,-52.5,REGIONAL,37
-23.6,-47.5,EXTERNAL,37
-32.5,-53.4,REGIONAL,37
-21.3,-46.9,REGIONAL,37
-30.5,-53.5,REGIONAL,37
-20.1,-37.5,INTERNAL,37
-27.6,-49.1,REGIONAL,37
-27.1,-49.2,REGIONAL,37
-3.0,-43.3,REGIONAL,37
-22.7,-43.1,INTERNAL,37
-24.1,-46.1,INTERNAL,37
-24.3,-47.5,REGIONAL,37
-8.5,-64.0,EXTERNAL,37
-19.9,-44.2,REGIONAL,37
-21.8,-43.3,EXTERNAL,37
-21.0,-48.5,REGIONAL,37
-21.2,-48.9,REGIONAL,37
-8.3,-35.1,REGIONAL,37
-30.1,-50.9,EXTERNAL,37
-21.6,-47.6,REGIONAL,37
-16.0,-48.6,REGIONAL,37
-13.4,-44.6,EXTERNAL,37
-8.8,-63.9,INTERNAL,37
-24.8,-48.2,INTERNAL,37
-24.3,-44.2,INTERNAL,37
-13.0,-46.6,REGIONAL,37
-21.6,-47.7,INTERNAL,37
-14.4,-44.3,EXTERNAL,37
-21.8,-45.7,EXTERNAL,37
-15.5,-48.1,REGIONAL,37
-23.3,-45.8,REGIONAL,37
-7.2,-34.8,EXTERNAL,37
-25.3,-49.2,EXTERNAL,37
-23.6,-46.3,INTERNAL,37
-23.4,-52.0,EXTERNAL,37
-5.0,-35.0,EXTERNAL,37
-21.0,-41.2,REGIONAL,37
-6.1,-31.0,EXTERNAL,37
-23.8,-46.6,INTERNAL,37
-20.3,-46.6,REGIONAL,37
-20.8,-48.3,REGIONAL,37
-7.5,-37.8,REGIONAL,37
-23.4,-44.9,EXTERNAL,37
-24.1,-47.9,REGIONAL,37
-15.7,-57.2,REGIONAL,37
-16.1,-48.9,REGIONAL,37
-25.6,-49.3,EXTERNAL,37
-29.7,-50.0,EXTERNAL,37
-8.3,-36.4,REGIONAL,37
-20.2,-45.0,EXTERNAL,36
-16.4,-43.2,REGIONAL,36
-27.6,-52.3,REGIONAL,36
-28.8,-49.9,REGIONAL,36
-7.4,-38.7,REGIONAL,36
-17.2,-46.9,REGIONAL,36
-18.3,-43.6,REGIONAL,36
-25.8,-54.4,REGIONAL,36
-19.3,-39.7,REGIONAL,36
-23.2,-46.5,EXTERNAL,36
-22.6,-51.5,INTERNAL,36
-16.0,-41.0,EXTERNAL,36
-22.8,-51.1,INTERNAL,36
-21.0,-49.0,REGIONAL,36
5.1,-50.2,EXTERNAL,36
-13.4,-48.1,REGIONAL,36
-22.5,-46.6,EXTERNAL,36
-23.0,-42.1,REGIONAL,36
-18.9,-54.9,REGIONAL,36
-14.1,-46.4,REGIONAL,36
-16.1,-50.2,EXTERNAL,36
-20.5,-52.9,EXTERNAL,36
-7.6,-63.1,EXTERNAL,36
-19.6,-56.3,REGIONAL,36
-29.6,-53.5,REGIONAL,36
-27.8,-50.3,EXTERNAL,36
-27.1,-51.3,REGIONAL,36
-16.0,-39.0,EXTERNAL,36
-25.8,-48.4,INTERNAL,36
-22.8,-47.4,EXTERNAL,36
-13.6,-48.1,REGIONAL,36
-12.8,-44.7,EXTERNAL,36
-26.2,-52.7,EXTERNAL,36
-15.7,-47.7,EXTERNAL,36
-5.1,-49.3,REGIONAL,36
-14.8,-39.3,REGIONAL,36
-0.9,-51.2,REGIONAL,36
-22.4,-43.4,REGIONAL,36
-18.1,-56.2,REGIONAL,36
-19.5,-43.6,REGIONAL,36
-20.1,-55.9,REGIONAL,36
-3.6,-38.7,REGIONAL,36
-9.3,-50.0,REGIONAL,36
-22.3,-44.9,REGIONAL,36
-26.1,-48.7,REGIONAL,36
-16.0,-50.1,REGIONAL,36
-12.3,-40.5,REGIONAL,36
-18.0,-43.0,EXTERNAL,36
-18.3,-53.4,REGIONAL,36
-20.3,-36.6,REGIONAL,36
-7.8,-60.4,REGIONAL,36
-20.4,-54.0,EXTERNAL,36
-12.8,-41.4,REGIONAL,36
-23.0,-47.2,EXTERNAL,36
-19.8,-43.4,REGIONAL,36
-16.1,-48.3,EXTERNAL,36
-2.5,-60.8,REGIONAL,36
-23.4,-47.3,EXTERNAL,36
-20.4,-40.9,REGIONAL,36
-6.5,-36.2,REGIONAL,36
-2.9,-54.9,EXTERNAL,36
-22.5,-43.8,EXTERNAL,36
-21.3,-52.9,EXTERNAL,36
-22.5,-52.2,INTERNAL,36
-29.9,-50.1,EXTERNAL,36
-2.8,-40.4,REGIONAL,36
-12.7,-44.7,EXTERNAL,36
-22.5,-42.2,EXTERNAL,36
-22.3,-48.5,REGIONAL,36
-19.5,-56.2,REGIONAL,36
-20.5,-40.8,REGIONAL,36
-19.6,-40.6,REGIONAL,36
-19.0,-43.0,EXTERNAL,36
-24.2,-47.2,INTERNAL,36
-18.3,-46.1,REGIONAL,35
-1.8,-49.8,REGIONAL,35
-23.5,-48.7,INTERNAL,35
-22.2,-46.9,INTERNAL,35
-10.3,-63.3,REGIONAL,35
-17.8,-40.3,REGIONAL,35
-15.7,-47.6,REGIONAL,35
-14.5,-42.2,REGIONAL,35
-23.2,-45.1,REGIONAL,35
-15.8,-49.3,REGIONAL,35
-27.8,-48.9,REGIONAL,35
-31.1,-50.9,REGIONAL,35
-30.2,-50.2,EXTERNAL,35
-12.6,-44.7,EXTERNAL,35
-22.9,-46.0,INTERNAL,35
-3.4,-54.9,REGIONAL,35
-1.6,-34.7,EXTERNAL,35
-23.8,-45.8,EXTERNAL,35
-15.9,-56.1,REGIONAL,35
-3.9,-40.9,REGIONAL,35
-17.0,-40.0,EXTERNAL,35
-8.0,-71.5,REGIONAL,35
-24.5,-48.6,REGIONAL,35
-26.8,-50.9,REGIONAL,35
-24.3,-46.5,INTERNAL,35
-5.4,-35.3,REGIONAL,35
-21.9,-47.7,INTERNAL,35
-26.3,-49.3,REGIONAL,35
-17.0,-41.0,EXTERNAL,35
-22.6,-50.7,EXTERNAL,35
-3.0,-60.3,REGIONAL,35
-8.1,-63.7,EXTERNAL,35
-17.5,-44.3,REGIONAL,35
-2.6,-44.1,REGIONAL,35
-20.2,-41.1,REGIONAL,35
-21.0,-43.8,REGIONAL,35
-29.8,-51.7,REGIONAL,35
-23.2,-47.1,REGIONAL,35
-3.3,-60.5,REGIONAL,35
-5.2,-49.0,REGIONAL,35
-26.5,-52.5,REGIONAL,35
-30.3,-54.3,EXTERNAL,35
-24.8,-46.7,INTERNAL,35
-1.0,-62.9,EXTERNAL,35
-21.1,-51.0,EXTERNAL,35
-32.0,-52.1,EXTERNAL,35
-22.3,-46.8,INTERNAL,35
-22.3,-43.5,REGIONAL,35
-29.3,-51.9,REGIONAL,35
-8.6,-64.0,EXTERNAL,35
-20.4,-49.8,INTERNAL,35
-23.1,-45.7,EXTERNAL,35
-28.6,-49.5,EXTERNAL,35
-2.6,-42.7,REGIONAL,35
-21.2,-53.1,EXTERNAL,35
-20.9,-41.7,REGIONAL,35
-9.4,-35.5,REGIONAL,35
-20.6,-41.1,REGIONAL,35
-7.5,-63.2,REGIONAL,35
-22.3,-48.6,REGIONAL,35
-24.0,-46.1,INTERNAL,35
-25.5,-48.9,REGIONAL,35
-17.9,-39.1,REGIONAL,35
-16.8,-57.0,REGIONAL,35
-27.0,-49.3,REGIONAL,35
-17.1,-36.7,REGIONAL,35
-8.1,-50.2,REGIONAL,35
-29.5,-50.8,REGIONAL,35
-22.8,-48.3,INTERNAL,35
-30.3,-54.3,REGIONAL,35
-22.6,-42.7,EXTERNAL,35
-31.7,-52.4,EXTERNAL,35
-9.5,-55.8,REGIONAL,35
-26.1,-49.0,REGIONAL,35
-20.8,-51.7,EXTERNAL,35
-15.8,-47.7,EXTERNAL,35
-10.7,-48.4,REGIONAL,34
-8.0,-63.4,EXTERNAL,34
-13.4,-39.4,INTERNAL,34
-30.0,-50.1,INTERNAL,34
-3.9,-38.5,EXTERNAL,34
-22.9,-47.6,INTERNAL,34
-10.4,-46.5,INTERNAL,34
-19.8,-48.0,EXTERNAL,34
-17.7,-48.6,EXTERNAL,34
-12.7,-38.3,EXTERNAL,34
-3.7,-60.3,EXTERNAL,34
-7.7,-72.7,REGIONAL,34
-6.1,-35.3,REGIONAL,34
-10.3,-40.2,REGIONAL,34
-20.5,-40.4,EXTERNAL,34
-26.8,-48.7,EXTERNAL,34
-23.1,-46.4,REGIONAL,34
-25.2,-47.1,INTERNAL,34
-20.8,-49.2,INTERNAL,34
-23.7,-47.2,REGIONAL,34
-23.7,-47.3,EXTERNAL,34
-25.6,-54.6,EXTERNAL,34
-16.7,-49.4,REGIONAL,34
-22.6,-45.0,EXTERNAL,34
-14.9,-59.4,REGIONAL,34
-7.4,-38.8,REGIONAL,34
-21.3,-50.4,REGIONAL,34
-24.3,-47.2,INTERNAL,34
-24.9,-50.1,REGIONAL,34
-11.0,-38.0,EXTERNAL,34
-16.2,-39.0,REGIONAL,34
-29.4,-50.8,EXTERNAL,34
-29.9,-51.8,REGIONAL,34
3.8,-61.8,REGIONAL,34
-24.5,-47.8,EXTERNAL,34
-7.2,-39.3,EXTERNAL,34
-3.2,-59.8,REGIONAL,34
-18.2,-43.6,EXTERNAL,34
-28.4,-54.9,REGIONAL,34
-20.5,-36.5,EXTERNAL,34
-22.6,-47.1,EXTERNAL,34
-8.5,-35.0,EXTERNAL,34
-3.7,-38.7,EXTERNAL,34
-1.2,-46.0,REGIONAL,34
-25.3,-49.3,EXTERNAL,34
-22.7,-47.4,REGIONAL,34
-24.5,-50.4,REGIONAL,34
-7.1,-47.4,REGIONAL,34
-9.0,-35.0,EXTERNAL,34
-27.3,-51.9,REGIONAL,34
-30.0,-51.7,REGIONAL,34
-21.9,-47.5,INTERNAL,34
-22.0,-51.7,EXTERNAL,34
-21.6,-41.6,REGIONAL,34
-8.2,-63.9,EXTERNAL,34
-21.2,-41.9,EXTERNAL,34
-23.2,-46.4,EXTERNAL,34
-8.5,-36.4,REGIONAL,34
-22.0,-55.0,EXTERNAL,34
-19.0,-40.6,REGIONAL,34
-2.3,-49.6,REGIONAL,34
-5.6,-36.1,REGIONAL,34
-16.5,-42.9,REGIONAL,34
-22.6,-42.7,REGIONAL,34
-3.7,-38.7,REGIONAL,34
-15.9,-48.1,EXTERNAL,34
-17.4,-45.0,REGIONAL,34
-22.5,-42.2,REGIONAL,34
-20.8,-42.8,REGIONAL,34
-20.7,-42.0,REGIONAL,34
-6.4,-37.0,REGIONAL,34
-27.0,-49.4,REGIONAL,34
-8.1,-35.1,REGIONAL,34
-25.3,-49.5,REGIONAL,34
-22.9,-43.8,REGIONAL,34
-23.8,-45.6,INTERNAL,34
-16.2,-40.7,REGIONAL,34
-16.7,-56.9,EXTERNAL,34
-29.9,-51.4,REGIONAL,34
-21.0,-40.8,REGIONAL,34
-7.6,-38.5,REGIONAL,34
-22.5,-44.4,REGIONAL,34
-25.9,-51.6,REGIONAL,34
-18.1,-43.3,REGIONAL,34
-14.6,-45.8,REGIONAL,34
-23.6,-46.0,EXTERNAL,34
-23.5,-48.0,INTERNAL,34
-24.0,-51.4,REGIONAL,34
-4.9,-65.2,EXTERNAL,34
-26.2,-51.1,REGIONAL,34
-22.0,-44.3,REGIONAL,34
-23.5,-51.4,REGIONAL,34
-19.2,-41.5,REGIONAL,34
-28.4,-49.4,REGIONAL,34
-22.3,-48.2,INTERNAL,34
-10.5,-64.0,REGIONAL,33
-21.3,-48.3,INTERNAL,33
-7.6,-72.7,EXTERNAL,33
-1.5,-48.6,REGIONAL,33
-22.7,-50.3,EXTERNAL,33
-29.8,-50.0,EXTERNAL,33
-24.3,-49.2,REGIONAL,33
-23.4,-41.3,INTERNAL,33
-20.1,-40.6,REGIONAL,33
-6.6,-52.0,REGIONAL,33
-22.4,-43.4,EXTERNAL,33
-23.3,-46.2,REGIONAL,33
-20.6,-38.1,REGIONAL,33
-19.7,-48.0,REGIONAL,33
-9.7,-48.6,REGIONAL,33
-29.3,-50.7,REGIONAL,33
-20.0,-40.1,INTERNAL,33
-21.8,-43.8,REGIONAL,33
-21.7,-43.3,EXTERNAL,33
-10.7,-40.4,REGIONAL,33
-20.4,-45.7,REGIONAL,33
-14.6,-52.2,REGIONAL,33
0.9,-29.4,EXTERNAL,33
-22.8,-48.7,REGIONAL,33
-23.0,-44.0,EXTERNAL,33
-15.4,-55.9,REGIONAL,33
-13.9,-47.4,REGIONAL,33
-21.2,-43.8,REGIONAL,33
-8.2,-35.1,EXTERNAL,33
-23.3,-47.4,EXTERNAL,33
-9.9,-35.9,REGIONAL,33
-22.8,-45.9,REGIONAL,33
-29.5,-53.6,REGIONAL,33
-24.5,-46.8,INTERNAL,33
-8.2,-70.8,REGIONAL,33
-20.9,-44.2,REGIONAL,33
-19.8,-44.1,REGIONAL,33
-21.6,-47.0,INTERNAL,33
-12.5,-41.6,REGIONAL,33
-12.5,-38.8,REGIONAL,33
-15.7,-48.2,EXTERNAL,33
-25.7,-53.8,REGIONAL,33
-2.9,-60.0,EXTERNAL,33
-1.0,-46.7,INTERNAL,33
-10.0,-39.0,REGIONAL,33
-8.7,-35.8,EXTERNAL,33
-13.2,-43.9,EXTERNAL,33
-26.4,-49.0,REGIONAL,33
-22.3,-44.6,EXTERNAL,33
-16.1,-57.7,EXTERNAL,33
-8.9,-62.1,REGIONAL,33
-16.1,-48.3,REGIONAL,33
-18.3,-53.5,REGIONAL,33
-2.4,-54.7,EXTERNAL,33
-25.5,-49.4,EXTERNAL,33
-12.8,-38.2,EXTERNAL,33
-29.8,-52.4,REGIONAL,33
-10.0,-48.2,INTERNAL,33
-28.9,-49.6,REGIONAL,33
-10.9,-62.0,REGIONAL,33
-20.5,-54.8,INTERNAL,33
-31.3,-52.6,REGIONAL,33
-26.8,-49.3,EXTERNAL,33
-22.4,-44.3,REGIONAL,33
-10.4,-41.3,REGIONAL,33
-5.2,-37.3,EXTERNAL,33
-28.9,-49.4,REGIONAL,33
-15.5,-55.7,EXTERNAL,33
-23.5,-47.3,EXTERNAL,33
-29.7,-52.8,REGIONAL,33
-27.1,-48.5,EXTERNAL,33
-24.6,-47.7,INTERNAL,33
-29.5,-51.9,REGIONAL,33
-23.3,-45.0,REGIONAL,33
-23.9,-46.9,REGIONAL,33
-26.2,-49.0,REGIONAL,33
-15.0,-45.5,INTERNAL,33
-21.2,-49.0,INTERNAL,33
-22.8,-42.5,EXTERNAL,33
-22.8,-47.6,REGIONAL,32
-22.2,-47.6,REGIONAL,32
-30.9,-55.5,REGIONAL,32
-22.2,-42.2,REGIONAL,32
-26.2,-45.5,EXTERNAL,32
-22.7,-48.2,INTERNAL,32
-21.8,-47.1,REGIONAL,32
-21.1,-56.6,REGIONAL,32
-8.2,-35.5,EXTERNAL,32
-1.7,-56.5,EXTERNAL,32
-22.6,-51.3,INTERNAL,32
-21.9,-52.2,INTERNAL,32
-30.0,-50.4,REGIONAL,32
-10.1,-48.9,REGIONAL,32
-6.4,-35.0,EXTERNAL,32
-16.1,-48.4,REGIONAL,32
-24.4,-47.3,INTERNAL,32
-20.5,-40.3,REGIONAL,32
-4.3,-73.8,INTERNAL,32
-15.6,-42.7,EXTERNAL,32
-16.1,-50.2,REGIONAL,32
-22.6,-45.8,REGIONAL,32
-20.7,-54.2,EXTERNAL,32
-24.2,-46.3,INTERNAL,32
-20.8,-49.3,EXTERNAL,32
-29.3,-51.2,REGIONAL,32
-21.4,-52.8,EXTERNAL,32
-23.6,-45.1,REGIONAL,32
-20.2,-55.9,REGIONAL,32
-11.4,-41.3,REGIONAL,32
-21.9,-47.9,EXTERNAL,32
-22.3,-48.8,EXTERNAL,32
-2.0,-60.1,EXTERNAL,32
-25.9,-52.2,REGIONAL,32
-22.6,-46.7,EXTERNAL,32
-16.8,-39.1,REGIONAL,32
0.9,-29.3,EXTERNAL,32
-23.6,-45.3,EXTERNAL,32
-26.4,-49.4,REGIONAL,32
-20.3,-43.2,REGIONAL,32
-12.6,-41.5,EXTERNAL,32
-20.5,-55.4,REGIONAL,32
-20.2,-44.3,REGIONAL,32
-7.9,-34.8,EXTERNAL,32
-7.0,-38.0,EXTERNAL,32
-22.6,-52.8,INTERNAL,32
-21.5,-51.5,INTERNAL,32
-22.4,-49.1,REGIONAL,32
-25.4,-51.8,REGIONAL,32
-27.9,-52.8,REGIONAL,32
-26.7,-52.7,REGIONAL,32
-21.0,-47.9,REGIONAL,32
-12.0,-43.0,EXTERNAL,32
-29.7,-51.5,EXTERNAL,32
-15.1,-48.9,REGIONAL,32
-5.5,-37.5,REGIONAL,32
-3.0,-67.9,REGIONAL,32
-13.9,-48.3,REGIONAL,32
-20.5,-41.2,REGIONAL,32
-29.8,-57.1,EXTERNAL,32
-28.6,-48.9,REGIONAL,32
-25.3,-50.0,REGIONAL,32
-21.6,-45.4,REGIONAL,32
-30.9,-53.4,REGIONAL,32
-14.7,-39.2,INTERNAL,32
-19.4,-57.2,REGIONAL,32
-8.5,-37.7,REGIONAL,32
-3.9,-33.8,EXTERNAL,32
-20.9,-51.4,EXTERNAL,32
-5.5,-50.0,REGIONAL,32
-3.9,-33.8,REGIONAL,32
-27.3,-50.6,REGIONAL,32
-18.0,-38.9,REGIONAL,32
-21.2,-50.6,EXTERNAL,32
-20.6,-54.3,REGIONAL,32
-20.5,-40.7,REGIONAL,32
-23.0,-49.5,REGIONAL,32
-24.2,-47.5,INTERNAL,32
-22.3,-48.5,EXTERNAL,32
-20.2,-44.9,EXTERNAL,32
-20.4,-43.0,INTERNAL,32
-20.7,-51.7,REGIONAL,32
-20.2,-44.9,REGIONAL,32
-9.7,-62.1,REGIONAL,32
-31.3,-51.1,EXTERNAL,32
-17.9,-43.8,REGIONAL,32
-4.2,-60.8,REGIONAL,32
-19.2,-55.3,REGIONAL,32
-16.2,-49.1,REGIONAL,32
0.9,-51.1,REGIONAL,32
-25.4,-49.4,EXTERNAL,32
-8.2,-35.6,EXTERNAL,32
-27.3,-52.1,REGIONAL,32
-22.3,-49.1,INTERNAL,32
-21.0,-48.0,INTERNAL,32
-28.0,-49.0,EXTERNAL,32
-12.8,-39.5,REGIONAL,32
-22.7,-42.6,REGIONAL,32
-30.5,-50.4,REGIONAL,31
-22.3,-42.0,REGIONAL,31
-20.6,-48.6,REGIONAL,31
-0.6,-47.6,INTERNAL,31
-28.0,-49.2,REGIONAL,31
-9.4,-36.2,REGIONAL,31
-18.0,-44.0,EXTERNAL,31
-16.3,-46.8,REGIONAL,31
-23.6,-51.1,EXTERNAL,31
-22.3,-48.6,EXTERNAL,31
-22.7,-46.7,INTERNAL,31
-1.5,-59.8,REGIONAL,31
-8.8,-71.2,REGIONAL,31
-16.3,-49.0,EXTERNAL,31
-4.9,-66.9,REGIONAL,31
-24.3,-47.2,EXTERNAL,31
-30.0,-52.9,EXTERNAL,31
-19.9,-56.2,REGIONAL,31
2.4,-60.9,REGIONAL,31
-6.3,-55.9,REGIONAL,31
-7.1,-45.1,REGIONAL,31
-3.6,-60.2,EXTERNAL,31
-23.0,-45.0,REGIONAL,31
-22.7,-46.8,INTERNAL,31
-13.0,-41.0,EXTERNAL,31
-18.9,-47.0,REGIONAL,31
-22.2,-47.8,REGIONAL,31
-19.3,-40.1,REGIONAL,31
-12.1,-38.4,EXTERNAL,31
-29.5,-50.9,REGIONAL,31
-16.3,-39.1,REGIONAL,31
-20.0,-43.5,REGIONAL,31
-22.7,-43.2,REGIONAL,31
-24.9,-53.5,EXTERNAL,31
-26.8,-49.1,EXTERNAL,31
-3.3,-54.9,EXTERNAL,31
-21.4,-48.1,REGIONAL,31
-4.1,-40.0,REGIONAL,31
-20.7,-43.8,REGIONAL,31
-7.1,-34.7,INTERNAL,31
-18.0,-39.0,EXTERNAL,31
-19.0,-48.3,EXTERNAL,31
-25.2,-48.9,REGIONAL,31
-22.7,-48.0,REGIONAL,31
-2.5,-59.8,REGIONAL,31
-24.8,-49.3,REGIONAL,31
-24.0,-45.4,REGIONAL,31
-20.0,-40.0,EXTERNAL,31
-28.6,-49.2,REGIONAL,31
-20.4,-52.6,REGIONAL,31
-7.4,-36.5,REGIONAL,31
-22.7,-48.6,EXTERNAL,31
-25.5,-48.5,EXTERNAL,31
-2.8,-41.8,REGIONAL,31
-5.1,-38.4,REGIONAL,31
-26.3,-49.1,REGIONAL,31
-8.3,-63.9,EXTERNAL,31
-22.9,-47.3,EXTERNAL,31
-3.4,-55.0,REGIONAL,31
-20.0,-44.4,EXTERNAL,31
-27.5,-48.8,REGIONAL,31
-21.3,-48.1,INTERNAL,31
-19.8,-40.6,REGIONAL,31
-22.3,-47.4,REGIONAL,31
-22.1,-45.1,EXTERNAL,31
-24.5,-48.6,INTERNAL,31
-16.6,-46.5,REGIONAL,31
-2.7,-54.9,EXTERNAL,31
-30.2,-50.9,EXTERNAL,31
-22.5,-43.7,EXTERNAL,31
-11.5,-41.1,REGIONAL,31
-21.2,-42.2,INTERNAL,31
-21.3,-50.3,EXTERNAL,31
-22.8,-48.5,EXTERNAL,31
-23.0,-44.5,EXTERNAL,31
-24.9,-47.9,REGIONAL,31
-15.7,-56.1,REGIONAL,31
-22.4,-40.1,INTERNAL,31
-16.2,-55.9,REGIONAL,31
-18.2,-51.9,EXTERNAL,31
-23.6,-46.4,INTERNAL,31
-0.9,-52.5,EXTERNAL,31
-4.6,-37.5,REGIONAL,31
-17.9,-53.0,REGIONAL,31
-23.3,-46.5,EXTERNAL,31
-21.9,-52.0,EXTERNAL,31
-30.1,-50.8,REGIONAL,31
-23.2,-47.6,EXTERNAL,31
-19.5,-44.2,EXTERNAL,31
-21.1,-53.1,EXTERNAL,31
-19.2,-40.9,REGIONAL,31
-23.8,-46.3,INTERNAL,31
-14.7,-39.2,REGIONAL,31
-21.9,-45.7,EXTERNAL,30
-23.6,-45.6,INTERNAL,30
-15.2,-48.3,REGIONAL,30
-22.2,-49.9,EXTERNAL,30
-24.0,-43.5,INTERNAL,30
-7.0,-34.8,EXTERNAL,30
-16.1,-41.3,EXTERNAL,30
-13.1,-38.4,REGIONAL,30
-29.2,-49.7,REGIONAL,30
-19.7,-43.9,EXTERNAL,30
-28.7,-49.2,REGIONAL,30
1.0,-26.5,EXTERNAL,30
-21.9,-47.9,REGIONAL,30
-15.9,-48.2,REGIONAL,30
-11.1,-37.1,REGIONAL,30
-26.9,-49.0,EXTERNAL,30
-21.8,-48.0,INTERNAL,30
-18.5,-40.3,REGIONAL,30
-25.2,-49.2,REGIONAL,30
-31.8,-52.6,REGIONAL,30
-24.7,-47.5,EXTERNAL,30
-32.3,-52.3,REGIONAL,30
-18.0,-43.4,REGIONAL,30
-16.7,-56.8,EXTERNAL,30
-27.3,-48.6,REGIONAL,30
-21.1,-47.5,INTERNAL,30
-20.4,-51.4,REGIONAL,30
-9.8,-58.3,REGIONAL,30
-0.1,-67.1,REGIONAL,30
-20.1,-40.5,REGIONAL,30
-20.9,-41.1,REGIONAL,30
-7.9,-38.1,REGIONAL,30
-23.2,-44.6,INTERNAL,30
-8.2,-63.8,EXTERNAL,30
-29.0,-50.9,REGIONAL,30
-24.7,-49.0,REGIONAL,30
-4.2,-38.9,EXTERNAL,30
-29.7,-53.1,REGIONAL,30
-16.3,-39.0,EXTERNAL,30
-8.3,-35.0,EXTERNAL,30
-22.7,-51.4,EXTERNAL,30
-9.7,-65.4,REGIONAL,30
-10.0,-50.0,REGIONAL,30
-1.2,-47.1,REGIONAL,30
-17.7,-44.2,EXTERNAL,30
-29.2,-50.5,EXTERNAL,30
-19.0,-44.0,EXTERNAL,30
-23.3,-45.0,INTERNAL,30
-20.0,-43.8,EXTERNAL,30
-23.9,-47.5,INTERNAL,30
-14.5,-46.5,REGIONAL,30
-3.9,-49.7,REGIONAL,30
-22.4,-48.4,REGIONAL,30
-15.0,-43.0,EXTERNAL,30
-24.5,-48.9,REGIONAL,30
-21.6,-47.2,INTERNAL,30
-21.2,-41.7,REGIONAL,30
-4.3,-38.0,REGIONAL,30
-21.3,-50.4,EXTERNAL,30
-22.9,-46.5,REGIONAL,30
-9.0,-44.4,REGIONAL,30
-23.3,-44.9,EXTERNAL,30
-15.0,-39.0,REGIONAL,30
-30.3,-50.3,REGIONAL,30
-22.9,-46.4,INTERNAL,30
-22.4,-49.7,REGIONAL,30
-29.5,-53.9,REGIONAL,30
-23.8,-45.2,REGIONAL,30
-8.0,-34.5,REGIONAL,30
-26.4,-48.7,EXTERNAL,30
-12.4,-41.8,REGIONAL,30
-23.8,-47.4,REGIONAL,30
-18.8,-42.9,REGIONAL,30
-23.7,-47.1,EXTERNAL,30
-23.2,-51.6,EXTERNAL,30
-21.9,-47.8,INTERNAL,30
-17.4,-56.5,REGIONAL,30
-29.1,-49.6,REGIONAL,30
-21.4,-46.5,EXTERNAL,30
-12.5,-55.7,REGIONAL,30
-23.9,-50.2,REGIONAL,30
-14.7,-42.5,EXTERNAL,30
-9.1,-68.7,REGIONAL,30
-22.5,-47.9,INTERNAL,30
-28.5,-52.8,REGIONAL,30
-22.5,-42.0,REGIONAL,30
-18.7,-49.6,REGIONAL,30
-2.6,-54.9,REGIONAL,30
-12.8,-46.6,REGIONAL,30
-9.6,-42.1,REGIONAL,30
-6.3,-47.4,REGIONAL,30
-17.3,-56.4,REGIONAL,30
-17.8,-51.1,EXTERNAL,30
-25.7,-48.5,EXTERNAL,30
-23.1,-45.5,INTERNAL,30
-17.5,-56.8,REGIONAL,30
-17.1,-39.3,REGIONAL,30
-23.3,-45.9,REGIONAL,30
-8.7,-63.9,EXTERNAL,30
-22.1,-43.2,EXTERNAL,30
-5.5,-50.1,REGIONAL,30
-22.0,-42.0,REGIONAL,30
-22.9,-46.2,REGIONAL,30
-16.4,-56.7,EXTERNAL,30
-13.1,-41.5,REGIONAL,30
-9.5,-56.0,REGIONAL,30
-25.0,-48.1,REGIONAL,30
-30.1,-51.0,REGIONAL,30
-21.8,-48.7,INTERNAL,30
-22.9,-46.5,EXTERNAL,30
-16.5,-43.8,EXTERNAL,30
-11.0,-51.0,EXTERNAL,30
-21.6,-49.9,EXTERNAL,30
-22.4,-47.1,INTERNAL,30
-14.6,-39.3,INTERNAL,30
-24.1,-46.6,INTERNAL,30
-10.2,-67.7,REGIONAL,30
-20.4,-44.2,REGIONAL,30
-25.1,-48.8,REGIONAL,30
-3.5,-46.8,REGIONAL,30
-4.9,-42.8,REGIONAL,30
-28.3,-49.6,REGIONAL,30
-26.3,-45.4,EXTERNAL,30
-20.3,-47.8,EXTERNAL,30
-19.9,-44.4,EXTERNAL,30
-19.8,-44.2,EXTERNAL,29
-16.3,-51.5,EXTERNAL,29
-14.4,-47.5,REGIONAL,29
-29.4,-51.3,REGIONAL,29
-25.1,-50.0,EXTERNAL,29
-1.4,-48.5,INTERNAL,29
-0.9,-46.6,REGIONAL,29
-25.6,-49.4,EXTERNAL,29
-20.0,-50.0,INTERNAL,29
-20.8,-56.7,EXTERNAL,29
-26.5,-48.6,REGIONAL,29
-16.0,-47.2,REGIONAL,29
-19.0,-50.5,REGIONAL,29
-22.2,-43.0,REGIONAL,29
-24.3,-48.6,INTERNAL,29
-25.6,-48.8,REGIONAL,29
-24.3,-50.6,REGIONAL,29
-19.2,-46.5,REGIONAL,29
-20.7,-41.1,REGIONAL,29
-3.9,-38.4,EXTERNAL,29
-7.5,-37.3,REGIONAL,29
-26.1,-48.9,REGIONAL,29
-15.0,-46.0,EXTERNAL,29
-19.2,-45.1,REGIONAL,29
-8.1,-37.7,REGIONAL,29
-15.0,-57.0,EXTERNAL,29
-20.3,-47.5,INTERNAL,29
-7.3,-63.2,EXTERNAL,29
-22.4,-43.0,INTERNAL,29
-16.6,-42.9,EXTERNAL,29
-8.2,-35.0,REGIONAL,29
-24.5,-46.7,REGIONAL,29
-22.8,-46.6,REGIONAL,29
-23.5,-48.7,REGIONAL,29
-18.8,-42.0,REGIONAL,29
-4.4,-56.8,REGIONAL,29
-20.9,-45.3,REGIONAL,29
-12.6,-47.9,REGIONAL,29
-23.6,-44.7,INTERNAL,29
-22.6,-50.8,EXTERNAL,29
-21.1,-47.4,REGIONAL,29
-23.0,-44.2,EXTERNAL,29
-23.1,-45.6,EXTERNAL,29
-22.2,-47.3,REGIONAL,29
-5.1,-37.4,REGIONAL,29
-10.9,-68.8,INTERNAL,29
-20.6,-54.6,EXTERNAL,29
-32.8,-51.8,INTERNAL,29
-17.0,-43.0,REGIONAL,29
-20.7,-37.7,REGIONAL,29
-28.3,-49.2,REGIONAL,29
-21.1,-48.0,EXTERNAL,29
-16.7,-57.9,REGIONAL,29
-18.5,-44.6,REGIONAL,29
-25.0,-50.4,REGIONAL,29
-8.3,-63.9,REGIONAL,29
-12.1,-38.5,REGIONAL,29
-10.1,-68.0,INTERNAL,29
-24.7,-44.2,INTERNAL,29
-15.5,-49.8,REGIONAL,29
-23.8,-46.9,EXTERNAL,29
-23.3,-44.7,EXTERNAL,29
-16.4,-51.1,REGIONAL,29
-22.8,-45.7,EXTERNAL,29
-23.1,-47.7,INTERNAL,29
-23.1,-50.4,REGIONAL,29
-20.6,-48.6,EXTERNAL,29
-19.5,-56.9,REGIONAL,29
-1.9,-38.6,EXTERNAL,29
-22.7,-48.1,INTERNAL,29
-19.9,-40.8,REGIONAL,29
-2.9,-41.3,EXTERNAL,29
-28.3,-52.8,EXTERNAL,29
-13.0,-44.0,EXTERNAL,29
-16.4,-50.8,EXTERNAL,29
-12.6,-41.4,EXTERNAL,29
-23.7,-47.3,REGIONAL,29
-19.3,-57.2,REGIONAL,29
-24.5,-47.8,INTERNAL,29
-11.5,-54.4,REGIONAL,29
-11.0,-37.0,REGIONAL,29
-18.6,-45.4,REGIONAL,29
-14.0,-52.1,REGIONAL,29
-19.7,-44.1,EXTERNAL,29
-22.6,-48.2,INTERNAL,29
-16.7,-57.8,REGIONAL,29
-28.5,-49.0,EXTERNAL,29
-6.4,-35.0,REGIONAL,29
-30.6,-51.4,REGIONAL,29
-21.5,-42.6,REGIONAL,29
-22.6,-43.4,EXTERNAL,29
-20.4,-47.4,INTERNAL,29
-8.0,-48.0,EXTERNAL,29
-16.7,-44.0,REGIONAL,29
-22.6,-47.1,REGIONAL,29
-21.5,-52.6,EXTERNAL,29
-6.0,-36.0,EXTERNAL,29
-27.7,-48.8,EXTERNAL,29
-22.3,-41.7,REGIONAL,29
-25.7,-49.6,REGIONAL,29
-23.7,-45.8,REGIONAL,29
-27.1,-50.0,REGIONAL,29
-3.4,-54.9,EXTERNAL,29
-24.7,-53.7,EXTERNAL,29
-16.9,-49.2,REGIONAL,29
-21.0,-41.0,EXTERNAL,29
-25.6,-43.6,EXTERNAL,29
-19.2,-46.3,REGIONAL,28
-21.5,-47.6,REGIONAL,28
-23.3,-41.4,INTERNAL,28
-27.5,-48.6,EXTERNAL,28
-29.5,-51.4,EXTERNAL,28
-21.2,-29.9,EXTERNAL,28
-9.0,-35.9,REGIONAL,28
-22.1,-48.3,REGIONAL,28
-1.2,-47.2,REGIONAL,28
-14.9,-40.9,REGIONAL,28
-16.2,-47.9,EXTERNAL,28
-20.6,-43.8,REGIONAL,28
-12.9,-38.7,EXTERNAL,28
-22.9,-46.3,EXTERNAL,28
3.8,-51.9,REGIONAL,28
-29.8,-55.8,REGIONAL,28
-22.9,-43.4,INTERNAL,28
-6.0,-37.0,EXTERNAL,28
-16.2,-48.7,REGIONAL,28
-18.0,-35.9,REGIONAL,28
-23.1,-45.9,REGIONAL,28
-20.0,-56.0,REGIONAL,28
-22.9,-46.4,EXTERNAL,28
-23.1,-43.1,INTERNAL,28
-27.9,-54.5,REGIONAL,28
-16.3,-47.9,REGIONAL,28
-22.5,-43.4,REGIONAL,28
-27.7,-48.7,EXTERNAL,28
-6.6,-35.0,INTERNAL,28
-20.4,-54.6,INTERNAL,28
-22.5,-44.0,EXTERNAL,28
-16.3,-56.7,REGIONAL,28
-10.0,-36.0,EXTERNAL,28
-22.2,-47.1,REGIONAL,28
-21.5,-49.2,INTERNAL,28
-20.5,-53.6,EXTERNAL,28
-18.6,-39.7,REGIONAL,28
-26.5,-49.1,INTERNAL,28
-6.5,-36.3,REGIONAL,28
-15.4,-47.4,REGIONAL,28
-20.6,-50.6,INTERNAL,28
-21.1,-47.0,REGIONAL,28
-22.9,-49.9,INTERNAL,28
-26.8,-49.9,REGIONAL,28
-4.7,-45.2,REGIONAL,28
-35.5,-50.4,EXTERNAL,28
-26.4,-48.9,REGIONAL,28
-25.6,-54.1,REGIONAL,28
-27.1,-48.9,EXTERNAL,28
-4.8,-37.8,INTERNAL,28
-22.0,-42.5,REGIONAL,28
-20.9,-47.7,INTERNAL,28
-16.6,-49.4,EXTERNAL,28
-22.8,-47.7,EXTERNAL,28
-27.9,-51.0,REGIONAL,28
-3.8,-40.9,INTERNAL,28
-19.5,-40.0,REGIONAL,28
-27.2,-51.5,EXTERNAL,28
-15.1,-39.3,REGIONAL,28
-22.3,-48.7,EXTERNAL,28
-20.4,-53.8,EXTERNAL,28
-22.4,-46.8,REGIONAL,28
-17.8,-51.4,EXTERNAL,28
-26.3,-49.2,REGIONAL,28
-27.5,-49.8,REGIONAL,28
-6.0,-42.6,REGIONAL,28
-17.5,-39.7,REGIONAL,28
-2.9,-41.4,REGIONAL,28
-20.5,-43.5,REGIONAL,28
-4.0,-40.1,REGIONAL,28
-20.2,-40.3,EXTERNAL,28
-26.7,-51.6,REGIONAL,28
-26.4,-48.6,REGIONAL,28
-27.4,-49.4,REGIONAL,28
-22.2,-40.9,INTERNAL,28
-6.5,-49.9,REGIONAL,28
-20.4,-49.1,INTERNAL,28
-6.6,-47.5,REGIONAL,28
-22.5,-42.1,REGIONAL,28
-22.6,-46.5,EXTERNAL,28
-4.8,-42.6,REGIONAL,28
-3.2,-39.4,REGIONAL,28
-29.6,-50.8,REGIONAL,28
-18.9,-39.6,INTERNAL,28
-23.3,-47.8,REGIONAL,28
-15.9,-52.3,EXTERNAL,28
-1.4,-48.3,REGIONAL,28
-22.4,-44.5,EXTERNAL,28
-7.9,-35.5,REGIONAL,28
-20.3,-49.5,INTERNAL,28
-9.2,-63.1,REGIONAL,28
-29.4,-51.1,EXTERNAL,28
-18.2,-43.7,REGIONAL,28
-28.1,-50.6,REGIONAL,28
-14.4,-43.0,REGIONAL,28
-15.1,-49.0,REGIONAL,28
-22.9,-45.8,REGIONAL,28
-26.9,-52.4,EXTERNAL,28
-24.6,-47.2,INTERNAL,28
-23.1,-46.4,EXTERNAL,28
-20.7,-47.6,INTERNAL,28
-27.3,-51.4,REGIONAL,28
-19.2,-57.7,REGIONAL,28
-7.4,-35.0,REGIONAL,28
-18.6,-39.7,EXTERNAL,28
-23.1,-46.7,REGIONAL,28
-28.7,-53.1,REGIONAL,28
-26.4,-48.7,REGIONAL,28
-20.8,-47.9,EXTERNAL,28
-23.9,-46.8,EXTERNAL,28
-19.5,-44.0,REGIONAL,28
-22.0,-43.9,REGIONAL,28
-3.3,-60.7,REGIONAL,28
-4.9,-72.3,REGIONAL,28
-23.6,-47.6,REGIONAL,28
-22.4,-42.2,REGIONAL,28
-18.8,-39.5,INTERNAL,28
-22.0,-42.9,REGIONAL,28
-3.4,-39.0,INTERNAL,28
-5.6,-35.2,REGIONAL,28
-19.9,-43.8,EXTERNAL,28
-20.7,-49.0,INTERNAL,28
-23.4,-47.3,REGIONAL,27
-23.7,-46.2,EXTERNAL,27
-23.3,-45.3,INTERNAL,27
-11.0,-50.0,EXTERNAL,27
-8.7,-42.6,REGIONAL,27
-20.4,-50.0,INTERNAL,27
-16.9,-42.1,REGIONAL,27
-3.6,-54.8,EXTERNAL,27
-20.9,-49.3,EXTERNAL,27
-20.4,-50.3,INTERNAL,27
-20.4,-56.6,REGIONAL,27
-0.9,-46.6,INTERNAL,27
-29.8,-53.0,REGIONAL,27
-20.6,-41.7,INTERNAL,27
-12.7,-46.4,REGIONAL,27
-20.3,-54.7,REGIONAL,27
-16.3,-47.8,REGIONAL,27
-16.5,-54.6,EXTERNAL,27
-14.6,-49.0,REGIONAL,27
-20.3,-46.9,REGIONAL,27
-21.2,-50.7,EXTERNAL,27
-20.0,-54.0,EXTERNAL,27
-29.8,-55.8,EXTERNAL,27
-7.0,-36.0,EXTERNAL,27
-23.3,-51.3,EXTERNAL,27
-21.1,-53.4,EXTERNAL,27
-4.4,-37.8,REGIONAL,27
-22.6,-42.4,EXTERNAL,27
-5.2,-38.5,REGIONAL,27
-6.0,-40.3,REGIONAL,27
-24.0,-45.3,REGIONAL,27
-23.1,-48.2,INTERNAL,27
-5.1,-38.1,REGIONAL,27
-22.2,-47.8,INTERNAL,27
-15.6,-43.0,REGIONAL,27
-23.2,-49.6,REGIONAL,27
4.5,-61.1,REGIONAL,27
-23.4,-47.4,EXTERNAL,27
-7.7,-34.8,INTERNAL,27
-8.6,-36.9,REGIONAL,27
-26.7,-49.1,REGIONAL,27
-6.5,-37.5,EXTERNAL,27
-22.4,-45.8,REGIONAL,27
-23.4,-46.0,EXTERNAL,27
-2.8,-44.5,INTERNAL,27
-4.0,-38.0,EXTERNAL,27
-25.6,-49.2,EXTERNAL,27
-24.6,-48.3,INTERNAL,27
-23.8,-53.3,REGIONAL,27
-21.7,-42.3,REGIONAL,27
-22.9,-42.2,EXTERNAL,27
-25.1,-53.9,INTERNAL,27
-7.2,-36.0,REGIONAL,27
-29.0,-49.5,EXTERNAL,27
-24.0,-46.5,INTERNAL,27
2.5,-50.9,REGIONAL,27
-16.2,-41.0,REGIONAL,27
2.2,-54.4,REGIONAL,27
-23.1,-49.2,INTERNAL,27
-19.5,-43.9,EXTERNAL,27
3.0,-30.0,EXTERNAL,27
-9.1,-69.0,REGIONAL,27
-29.8,-50.4,REGIONAL,27
-23.8,-50.9,REGIONAL,27
-0.7,-48.5,REGIONAL,27
-19.3,-45.9,REGIONAL,27
-24.6,-50.4,REGIONAL,27
-22.0,-42.1,REGIONAL,27
-9.6,-56.0,REGIONAL,27
-14.8,-47.6,REGIONAL,27
-26.2,-51.6,REGIONAL,27
-20.4,-54.7,EXTERNAL,27
-6.3,-50.4,REGIONAL,27
-25.5,-54.2,REGIONAL,27
-19.8,-43.8,EXTERNAL,27
-27.5,-53.2,REGIONAL,27
-5.2,-35.5,REGIONAL,27
-29.5,-53.7,REGIONAL,27
-25.6,-48.3,EXTERNAL,27
-6.1,-37.6,REGIONAL,27
-24.6,-49.4,REGIONAL,27
-7.9,-35.1,EXTERNAL,27
-20.9,-42.6,REGIONAL,27
-22.2,-47.7,REGIONAL,27
-23.2,-51.1,REGIONAL,27
-14.5,-47.0,REGIONAL,27
-11.3,-37.3,REGIONAL,27
-24.3,-47.1,REGIONAL,27
-17.6,-45.2,REGIONAL,27
-3.1,-60.1,EXTERNAL,27
-19.6,-42.5,REGIONAL,27
-2.0,-54.0,EXTERNAL,27
-21.0,-47.2,REGIONAL,27
-26.0,-48.6,EXTERNAL,27
-32.1,-52.0,EXTERNAL,27
-8.8,-65.6,REGIONAL,27
-12.5,-37.9,REGIONAL,27
-12.3,-38.9,EXTERNAL,27
-27.3,-48.5,EXTERNAL,27
-29.2,-51.5,REGIONAL,27
-10.2,-48.2,REGIONAL,27
-22.6,-45.2,REGIONAL,27
-5.8,-41.3,REGIONAL,27
-27.4,-49.6,REGIONAL,27
-15.6,-55.5,REGIONAL,27
-24.4,-46.9,INTERNAL,27
-22.7,-47.2,EXTERNAL,27
-26.3,-48.4,INTERNAL,27
-16.1,-48.2,REGIONAL,27
-28.1,-48.6,EXTERNAL,27
-21.9,-51.8,EXTERNAL,27
-20.4,-40.6,REGIONAL,27
2.8,-60.6,REGIONAL,27
-9.5,-37.4,EXTERNAL,27
-16.6,-50.1,EXTERNAL,27
-23.4,-48.2,REGIONAL,27
-12.7,-38.3,REGIONAL,27
-20.7,-49.1,INTERNAL,27
-26.0,-52.7,REGIONAL,27
-16.1,-47.9,EXTERNAL,27
-20.8,-56.7,REGIONAL,27
-20.8,-54.8,REGIONAL,27
-21.1,-48.2,REGIONAL,27
-22.1,-47.7,EXTERNAL,27
-22.0,-40.7,INTERNAL,26
-2.9,-60.6,REGIONAL,26
-23.5,-47.1,INTERNAL,26
-24.4,-48.5,INTERNAL,26
-17.2,-54.2,REGIONAL,26
-29.4,-49.9,REGIONAL,26
-10.0,-67.7,REGIONAL,26
-6.0,-50.0,REGIONAL,26
-3.6,-40.4,REGIONAL,26
-22.5,-46.5,INTERNAL,26
-22.4,-37.6,INTERNAL,26
-16.6,-54.7,REGIONAL,26
-19.5,-43.4,REGIONAL,26
-28.7,-51.9,REGIONAL,26
-22.3,-46.6,REGIONAL,26
-5.9,-35.3,EXTERNAL,26
-25.9,-53.8,REGIONAL,26
-22.4,-46.9,EXTERNAL,26
-28.3,-50.7,REGIONAL,26
-13.3,-44.6,REGIONAL,26
-3.6,-60.0,REGIONAL,26
-2.9,-55.0,INTERNAL,26
-12.9,-41.4,REGIONAL,26
-22.5,-44.6,INTERNAL,26
-24.6,-49.0,INTERNAL,26
-21.5,-47.0,EXTERNAL,26
-1.0,-48.0,EXTERNAL,26
-7.8,-72.6,REGIONAL,26
-16.4,-51.3,EXTERNAL,26
-4.5,-38.0,REGIONAL,26
-10.0,-38.3,REGIONAL,26
-12.0,-45.0,EXTERNAL,26
-19.6,-46.9,REGIONAL,26
-23.0,-46.4,EXTERNAL,26
-23.1,-47.3,EXTERNAL,26
-22.4,-43.7,EXTERNAL,26
-13.8,-48.3,REGIONAL,26
-20.6,-40.8,REGIONAL,26
-27.2,-48.8,REGIONAL,26
-27.2,-49.8,REGIONAL,26
-13.8,-39.2,REGIONAL,26
-21.6,-41.0,REGIONAL,26
-23.4,-48.4,INTERNAL,26
-21.1,-49.3,INTERNAL,26
-21.3,-41.1,REGIONAL,26
-22.2,-45.1,REGIONAL,26
-15.1,-44.1,REGIONAL,26
-12.8,-38.6,REGIONAL,26
-29.5,-50.8,EXTERNAL,26
-5.7,-35.3,EXTERNAL,26
-9.0,-40.0,EXTERNAL,26
-28.6,-53.8,REGIONAL,26
-5.1,-36.1,EXTERNAL,26
-16.3,-51.0,REGIONAL,26
-15.4,-56.2,REGIONAL,26
-22.8,-45.8,REGIONAL,26
-7.9,-38.8,REGIONAL,26
-6.0,-47.0,EXTERNAL,26
-27.8,-49.3,REGIONAL,26
-22.6,-42.5,REGIONAL,26
-21.2,-45.4,REGIONAL,26
-16.5,-46.5,REGIONAL,26
-20.9,-47.9,INTERNAL,26
-22.9,-41.9,REGIONAL,26
-9.6,-35.6,REGIONAL,26
-9.1,-36.2,REGIONAL,26
1.4,-61.1,REGIONAL,26
-20.9,-44.1,REGIONAL,26
-21.6,-49.8,EXTERNAL,26
-27.1,-53.8,REGIONAL,26
-21.5,-41.1,REGIONAL,26
-19.5,-42.5,EXTERNAL,26
-10.1,-40.2,REGIONAL,26
-15.3,-59.2,EXTERNAL,26
-20.0,-44.3,REGIONAL,26
-15.9,-38.9,REGIONAL,26
-20.5,-40.0,REGIONAL,26
-25.5,-48.8,EXTERNAL,26
-19.5,-56.9,EXTERNAL,26
-25.3,-48.8,REGIONAL,26
-16.5,-56.6,REGIONAL,26
-20.3,-45.5,REGIONAL,26
-5.8,-52.6,REGIONAL,26
-14.0,-48.3,REGIONAL,26
-28.9,-49.5,EXTERNAL,26
-11.8,-39.2,REGIONAL,26
-22.9,-44.1,REGIONAL,26
-15.3,-58.8,REGIONAL,26
-12.5,-40.3,REGIONAL,26
-9.4,-38.2,EXTERNAL,26
-29.0,-51.9,REGIONAL,26
-21.6,-47.6,EXTERNAL,26
-20.5,-45.4,REGIONAL,26
-19.7,-48.0,EXTERNAL,26
-12.7,-41.5,REGIONAL,26
-12.4,-37.9,EXTERNAL,26
-23.3,-45.5,REGIONAL,26
-3.2,-64.8,REGIONAL,26
-21.9,-44.0,REGIONAL,26
-22.9,-45.4,REGIONAL,26
-25.4,-52.4,REGIONAL,26
-15.7,-38.9,REGIONAL,26
-18.1,-43.6,REGIONAL,26
-10.0,-40.0,EXTERNAL,26
-8.2,-36.2,REGIONAL,26
-16.9,-39.2,REGIONAL,26
-21.6,-57.8,REGIONAL,26
-20.1,-44.4,REGIONAL,26
-11.9,-64.2,REGIONAL,26
-14.8,-40.5,REGIONAL,26
-20.2,-44.8,REGIONAL,26
-13.0,-41.4,EXTERNAL,26
-24.0,-46.6,REGIONAL,26
-23.5,-44.9,INTERNAL,26
-14.4,-51.0,REGIONAL,26
-21.7,-45.3,REGIONAL,26
-25.5,-48.7,REGIONAL,26
-11.1,-37.1,EXTERNAL,26
-24.8,-45.2,INTERNAL,26
-20.6,-54.5,REGIONAL,26
-19.4,-44.3,REGIONAL,26
-1.4,-48.2,REGIONAL,26
-22.6,-42.8,REGIONAL,26
-21.9,-47.9,INTERNAL,26
-24.2,-48.1,REGIONAL,26
-23.9,-48.0,REGIONAL,26
-6.9,-37.1,REGIONAL,26
-23.3,-48.6,INTERNAL,26
-14.2,-59.7,INTERNAL,26
-14.0,-44.5,EXTERNAL,26
-2.8,-40.5,EXTERNAL,26
-22.3,-43.2,REGIONAL,26
-22.3,-43.2,EXTERNAL,26
-23.3,-51.3,REGIONAL,26
-20.2,-56.5,REGIONAL,26
-30.8,-53.5,REGIONAL,26
-28.4,-52.2,REGIONAL,26
-24.6,-48.2,INTERNAL,26
-22.8,-47.8,INTERNAL,26
-5.7,-36.6,REGIONAL,26
-28.2,-49.5,REGIONAL,26
-27.7,-48.9,REGIONAL,26
-6.8,-35.0,REGIONAL,26
-22.2,-43.7,REGIONAL,26
-22.8,-51.3,INTERNAL,26
-25.0,-44.6,EXTERNAL,26
-15.0,-49.0,EXTERNAL,25
-8.9,-71.2,REGIONAL,25
-29.5,-50.3,REGIONAL,25
-20.5,-41.5,REGIONAL,25
-3.3,-30.0,EXTERNAL,25
-29.6,-51.2,EXTERNAL,25
-27.6,-48.9,REGIONAL,25
-21.7,-42.1,REGIONAL,25
-23.5,-51.8,EXTERNAL,25
-16.7,-39.1,REGIONAL,25
-23.7,-47.4,EXTERNAL,25
-16.9,-49.4,REGIONAL,25
-23.2,-48.0,REGIONAL,25
-16.8,-45.9,REGIONAL,25
-17.8,-57.6,REGIONAL,25
-26.9,-52.3,REGIONAL,25
-25.0,-53.5,EXTERNAL,25
-23.6,-45.7,REGIONAL,25
-20.7,-49.2,INTERNAL,25
-22.8,-43.8,REGIONAL,25
-2.7,-60.8,REGIONAL,25
-16.3,-51.4,EXTERNAL,25
-30.2,-50.9,REGIONAL,25
-23.1,-47.8,EXTERNAL,25
-22.1,-46.8,REGIONAL,25
-22.7,-51.6,INTERNAL,25
-27.8,-51.6,REGIONAL,25
-22.5,-48.9,EXTERNAL,25
-26.3,-49.9,REGIONAL,25
-21.7,-41.4,REGIONAL,25
-13.3,-41.8,REGIONAL,25
-20.0,-44.9,REGIONAL,25
-2.9,-40.9,REGIONAL,25
-23.7,-46.3,EXTERNAL,25
-1.4,-45.8,REGIONAL,25
-15.3,-47.1,REGIONAL,25
-9.7,-38.5,REGIONAL,25
-26.3,-48.7,REGIONAL,25
-20.3,-44.1,REGIONAL,25
-28.5,-49.2,REGIONAL,25
-9.2,-64.6,REGIONAL,25
-27.8,-48.7,REGIONAL,25
-25.8,-48.6,REGIONAL,25
-22.8,-46.2,REGIONAL,25
-22.3,-47.8,REGIONAL,25
-15.7,-55.7,REGIONAL,25
-22.7,-42.6,EXTERNAL,25
-22.7,-42.9,EXTERNAL,25
-20.6,-54.7,REGIONAL,25
-25.7,-49.1,REGIONAL,25
-22.9,-41.0,INTERNAL,25
-17.0,-57.0,REGIONAL,25
-27.2,-53.7,REGIONAL,25
-28.6,-51.8,REGIONAL,25
-9.2,-35.5,INTERNAL,25
-7.6,-37.9,REGIONAL,25
-25.5,-54.0,REGIONAL,25
-19.4,-40.2,REGIONAL,25
-19.0,-48.2,REGIONAL,25
-10.1,-69.2,REGIONAL,25
-25.5,-49.9,REGIONAL,25
-21.8,-45.8,REGIONAL,25
-15.9,-52.2,REGIONAL,25
-20.2,-44.2,REGIONAL,25
-9.7,-37.5,REGIONAL,25
-30.1,-54.3,REGIONAL,25
-4.3,-38.9,EXTERNAL,25
-17.9,-51.7,EXTERNAL,25
-23.0,-42.7,REGIONAL,25
-20.8,-49.5,EXTERNAL,25
-21.3,-47.8,REGIONAL,25
-9.0,-36.6,REGIONAL,25
-17.8,-45.2,REGIONAL,25
-22.8,-41.1,INTERNAL,25
-23.8,-47.7,INTERNAL,25
-22.5,-52.7,INTERNAL,25
-16.5,-54.7,REGIONAL,25
-8.1,-38.1,REGIONAL,25
-19.3,-43.6,EXTERNAL,25
-18.8,-40.8,REGIONAL,25
-11.0,-37.3,REGIONAL,25
-8.0,-34.9,INTERNAL,25
-23.1,-52.5,EXTERNAL,25
-2.0,-59.5,REGIONAL,25
-19.3,-55.2,REGIONAL,25
-6.8,-45.3,REGIONAL,25
-24.4,-47.9,INTERNAL,25
-14.4,-54.0,REGIONAL,25
-20.1,-44.3,EXTERNAL,25
-12.0,-46.0,EXTERNAL,25
-4.9,-36.7,INTERNAL,25
-16.8,-49.4,EXTERNAL,25
-22.4,-49.0,EXTERNAL,25
-24.3,-48.4,EXTERNAL,25
-19.8,-45.1,REGIONAL,25
-3.5,-64.7,REGIONAL,25
-3.8,-64.5,INTERNAL,25
-23.3,-45.6,INTERNAL,25
-22.4,-46.9,INTERNAL,25
-4.4,-59.6,REGIONAL,25
-22.1,-56.5,REGIONAL,25
-22.0,-43.0,EXTERNAL,25
-21.7,-41.3,EXTERNAL,25
-15.6,-48.3,INTERNAL,25
-16.4,-39.6,REGIONAL,25
-23.3,-46.3,EXTERNAL,25
-19.8,-40.5,REGIONAL,25
-16.6,-50.2,EXTERNAL,25
-20.4,-55.2,EXTERNAL,25
-16.2,-48.9,REGIONAL,25
-19.7,-43.9,REGIONAL,25
-23.9,-52.4,REGIONAL,25
-3.9,-38.6,EXTERNAL,25
-20.1,-43.9,EXTERNAL,25
-21.2,-49.6,INTERNAL,25
-24.0,-51.3,REGIONAL,25
-6.5,-39.5,REGIONAL,25
-25.4,-49.6,REGIONAL,25
-21.9,-45.6,EXTERNAL,25
-21.2,-48.6,REGIONAL,25
-19.4,-40.0,REGIONAL,25
-19.5,-57.4,EXTERNAL,25
-23.0,-42.1,INTERNAL,25
-9.4,-55.8,REGIONAL,25
-9.8,-56.1,EXTERNAL,25
-10.0,-68.1,REGIONAL,25
-3.8,-60.3,EXTERNAL,25
-23.2,-45.3,EXTERNAL,24
-7.9,-71.7,REGIONAL,24
-17.6,-50.7,EXTERNAL,24
1.2,-52.8,INTERNAL,24
-21.1,-48.5,REGIONAL,24
-31.9,-52.2,REGIONAL,24
-19.8,-42.8,REGIONAL,24
-12.8,-38.5,REGIONAL,24
-24.1,-45.9,INTERNAL,24
-24.9,-53.4,REGIONAL,24
-6.7,-51.9,REGIONAL,24
-23.0,-45.5,INTERNAL,24
-22.8,-49.5,EXTERNAL,24
-17.7,-49.1,REGIONAL,24
-23.6,-46.0,REGIONAL,24
-2.8,-42.9,REGIONAL,24
-15.8,-40.5,REGIONAL,24
-4.5,-40.6,REGIONAL,24
-16.3,-51.0,EXTERNAL,24
-25.7,-49.5,EXTERNAL,24
-11.8,-61.1,REGIONAL,24
-13.7,-47.8,REGIONAL,24
-26.8,-45.3,EXTERNAL,24
-22.3,-48.4,EXTERNAL,24
-17.0,-42.0,EXTERNAL,24
-26.7,-49.0,REGIONAL,24
-25.8,-49.1,REGIONAL,24
-19.5,-39.9,INTERNAL,24
-30.0,-50.2,EXTERNAL,24
-12.7,-38.1,EXTERNAL,24
-20.8,-51.6,EXTERNAL,24
-22.8,-46.3,EXTERNAL,24
-16.4,-39.0,EXTERNAL,24
-13.0,-42.7,REGIONAL,24
-30.0,-51.3,REGIONAL,24
-16.0,-47.8,EXTERNAL,24
-24.0,-48.9,EXTERNAL,24
-20.6,-45.4,REGIONAL,24
-21.5,-47.6,EXTERNAL,24
-20.2,-43.7,REGIONAL,24
-7.6,-39.1,REGIONAL,24
-8.9,-36.2,REGIONAL,24
-21.8,-41.4,REGIONAL,24
-23.2,-45.4,INTERNAL,24
-18.8,-40.6,REGIONAL,24
-21.8,-47.9,INTERNAL,24
-19.0,-41.2,REGIONAL,24
-29.4,-50.3,REGIONAL,24
-16.8,-49.2,EXTERNAL,24
-21.8,-49.4,INTERNAL,24
-30.3,-55.9,REGIONAL,24
-17.6,-44.7,REGIONAL,24
-21.7,-57.6,REGIONAL,24
-16.4,-49.2,REGIONAL,24
-18.5,-43.5,REGIONAL,24
-7.1,-36.4,REGIONAL,24
-21.8,-49.0,INTERNAL,24
-21.1,-53.2,EXTERNAL,24
-24.5,-47.9,REGIONAL,24
-6.2,-36.4,REGIONAL,24
-22.9,-44.0,EXTERNAL,24
-18.9,-42.0,EXTERNAL,24
-21.9,-45.3,REGIONAL,24
-18.0,-44.0,INTERNAL,24
-15.5,-47.5,EXTERNAL,24
-21.1,-42.4,EXTERNAL,24
-22.3,-45.9,EXTERNAL,24
-20.6,-40.6,REGIONAL,24
-22.8,-45.6,INTERNAL,24
-29.9,-50.9,REGIONAL,24
-14.2,-47.3,REGIONAL,24
-22.9,-44.5,REGIONAL,24
-16.3,-50.9,EXTERNAL,24
-3.4,-60.3,REGIONAL,24
-13.8,-47.6,REGIONAL,24
-23.3,-45.5,INTERNAL,24
-22.4,-47.0,EXTERNAL,24
-22.2,-45.9,EXTERNAL,24
-23.2,-44.1,EXTERNAL,24
-16.0,-48.8,REGIONAL,24
-28.9,-50.4,REGIONAL,24
-23.9,-46.5,INTERNAL,24
-24.7,-47.9,REGIONAL,24
-20.2,-47.8,EXTERNAL,24
-9.7,-63.1,REGIONAL,24
-23.4,-46.2,REGIONAL,24
-19.7,-42.5,REGIONAL,24
-14.2,-47.8,EXTERNAL,24
-17.7,-45.2,REGIONAL,24
-28.3,-54.3,EXTERNAL,24
-2.7,-61.0,REGIONAL,24
-24.5,-49.9,REGIONAL,24
-15.7,-48.7,REGIONAL,24
-22.5,-43.4,EXTERNAL,24
-23.2,-45.2,REGIONAL,24
-20.6,-40.7,REGIONAL,24
-13.5,-48.1,REGIONAL,24
-20.1,-47.6,INTERNAL,24
-23.0,-40.8,INTERNAL,24
-26.4,-49.1,REGIONAL,24
-3.7,-40.4,EXTERNAL,24
-4.3,-56.0,REGIONAL,24
-21.2,-49.3,INTERNAL,24
-21.2,-43.8,EXTERNAL,24
-30.1,-51.6,REGIONAL,24
-11.7,-61.5,REGIONAL,24
-22.2,-53.3,REGIONAL,24
-20.1,-44.6,REGIONAL,24
-3.4,-39.0,REGIONAL,24
-3.1,-58.5,REGIONAL,24
-22.2,-48.3,EXTERNAL,24
-30.2,-57.4,REGIONAL,24
-28.8,-54.9,REGIONAL,24
-22.5,-50.8,EXTERNAL,24
-22.1,-40.2,INTERNAL,24
-7.6,-34.8,EXTERNAL,24
-12.7,-41.3,REGIONAL,24
-6.0,-50.2,REGIONAL,24
-12.8,-38.6,EXTERNAL,24
-16.8,-50.9,REGIONAL,24
-23.2,-41.1,INTERNAL,24
-27.3,-53.9,REGIONAL,24
-22.9,-46.9,EXTERNAL,24
-8.6,-35.1,REGIONAL,24
-26.9,-48.7,INTERNAL,24
-2.4,-59.8,INTERNAL,24
-7.3,-64.8,REGIONAL,24
-13.9,-40.1,EXTERNAL,24
-19.0,-56.7,REGIONAL,24
-20.6,-40.2,REGIONAL,24
3.1,-60.9,EXTERNAL,24
-20.7,-44.5,REGIONAL,24
-17.1,-43.3,REGIONAL,24
-31.4,-52.7,REGIONAL,24
-27.2,-49.6,EXTERNAL,24
-21.3,-48.3,EXTERNAL,24
-7.5,-70.3,REGIONAL,24
-19.0,-44.8,REGIONAL,24
-23.7,-44.7,INTERNAL,24
-22.0,-42.7,REGIONAL,24
-26.3,-48.5,REGIONAL,24
-20.2,-48.2,INTERNAL,24
-24.6,-47.5,INTERNAL,24
-28.0,-53.1,REGIONAL,24
-18.0,-51.8,EXTERNAL,24
-15.6,-47.5,REGIONAL,24
-14.9,-45.9,REGIONAL,24
-20.4,-41.7,REGIONAL,24
-16.4,-48.9,REGIONAL,24
-22.6,-47.5,EXTERNAL,24
-7.5,-72.8,REGIONAL,24
-19.7,-57.0,REGIONAL,24
2.3,-52.8,EXTERNAL,23
-13.1,-38.5,REGIONAL,23
-8.5,-71.4,REGIONAL,23
-8.0,-34.8,EXTERNAL,23
-23.1,-48.6,INTERNAL,23
-21.3,-52.8,EXTERNAL,23
-20.5,-43.7,EXTERNAL,23
-24.2,-53.0,REGIONAL,23
-12.6,-38.1,EXTERNAL,23
-19.7,-44.2,EXTERNAL,23
-23.1,-42.0,INTERNAL,23
-23.1,-45.9,INTERNAL,23
-19.4,-54.6,REGIONAL,23
-20.0,-43.6,REGIONAL,23
-7.2,-39.1,REGIONAL,23
-10.3,-48.1,REGIONAL,23
-26.0,-49.0,INTERNAL,23
-2.8,-42.3,REGIONAL,23
4.2,-60.4,REGIONAL,23
-18.6,-48.2,REGIONAL,23
-12.8,-38.4,EXTERNAL,23
-16.7,-43.8,REGIONAL,23
-19.6,-43.5,REGIONAL,23
-5.9,-49.9,REGIONAL,23
-22.8,-47.4,INTERNAL,23
-19.1,-43.6,REGIONAL,23
-6.3,-39.1,REGIONAL,23
-23.9,-45.4,EXTERNAL,23
-31.4,-52.5,REGIONAL,23
-21.8,-48.6,INTERNAL,23
-27.4,-51.2,EXTERNAL,23
-22.5,-47.5,INTERNAL,23
1.4,-61.0,REGIONAL,23
-3.0,-60.4,REGIONAL,23
-17.0,-39.0,EXTERNAL,23
-23.1,-44.7,REGIONAL,23
-20.7,-44.6,REGIONAL,23
-7.1,-48.0,REGIONAL,23
-18.8,-40.9,REGIONAL,23
-26.4,-50.1,REGIONAL,23
-21.7,-49.7,EXTERNAL,23
-24.1,-45.7,REGIONAL,23
-9.7,-35.7,EXTERNAL,23
-31.5,-52.6,INTERNAL,23
-1.8,-56.5,EXTERNAL,23
-22.0,-43.2,REGIONAL,23
-28.3,-49.7,EXTERNAL,23
-23.4,-48.4,REGIONAL,23
-9.2,-41.0,REGIONAL,23
-17.3,-51.8,REGIONAL,23
-25.7,-49.3,EXTERNAL,23
-2.5,-64.7,REGIONAL,23
-2.8,-57.1,REGIONAL,23
-21.7,-43.3,REGIONAL,23
-23.0,-48.0,EXTERNAL,23
-25.4,-52.4,EXTERNAL,23
-13.1,-38.9,INTERNAL,23
-12.5,-38.0,EXTERNAL,23
-9.2,-43.5,REGIONAL,23
-20.0,-46.0,EXTERNAL,23
-22.6,-41.4,INTERNAL,23
-8.6,-63.9,REGIONAL,23
-26.2,-50.4,EXTERNAL,23
-17.7,-50.8,EXTERNAL,23
-5.2,-40.7,REGIONAL,23
-3.5,-59.8,REGIONAL,23
-27.9,-51.1,REGIONAL,23
-7.9,-38.7,REGIONAL,23
-23.9,-51.2,REGIONAL,23
-20.4,-43.7,REGIONAL,23
-15.4,-57.9,EXTERNAL,23
-21.6,-46.7,REGIONAL,23
-25.3,-48.3,EXTERNAL,23
-7.4,-35.9,REGIONAL,23
-10.7,-39.9,REGIONAL,23
-29.6,-53.3,REGIONAL,23
-16.8,-56.9,EXTERNAL,23
-9.0,-37.0,REGIONAL,23
3.3,-61.4,EXTERNAL,23
-24.4,-48.6,REGIONAL,23
-0.1,-41.8,EXTERNAL,23
-28.7,-49.0,REGIONAL,23
-14.1,-47.4,REGIONAL,23
-25.8,-48.8,REGIONAL,23
-27.7,-50.0,EXTERNAL,23
-13.9,-39.0,REGIONAL,23
-9.7,-68.1,REGIONAL,23
-17.7,-57.5,REGIONAL,23
-1.5,-52.6,REGIONAL,23
-8.3,-72.7,REGIONAL,23
-9.6,-35.9,REGIONAL,23
-25.9,-49.5,REGIONAL,23
-22.2,-45.3,REGIONAL,23
-22.7,-50.4,REGIONAL,23
-22.6,-47.5,REGIONAL,23
-23.9,-48.0,EXTERNAL,23
-21.7,-49.8,EXTERNAL,23
-19.6,-56.0,REGIONAL,23
-25.2,-51.0,EXTERNAL,23
-21.0,-47.5,REGIONAL,23
-27.3,-54.1,EXTERNAL,23
-21.7,-45.3,EXTERNAL,23
-29.2,-51.6,REGIONAL,23
0.9,-51.3,REGIONAL,23
-23.0,-42.5,INTERNAL,23
-13.0,-39.3,EXTERNAL,23
-21.9,-52.7,EXTERNAL,23
-25.6,-48.6,EXTERNAL,23
-23.1,-43.2,EXTERNAL,23
-7.0,-37.0,EXTERNAL,23
-20.3,-41.0,REGIONAL,23
-15.4,-55.8,EXTERNAL,23
-24.1,-44.7,INTERNAL,23
-13.4,-44.1,REGIONAL,23
-16.2,-48.5,REGIONAL,23
-15.9,-46.3,REGIONAL,23
-20.1,-43.5,EXTERNAL,23
-26.3,-49.4,REGIONAL,23
-1.1,-48.4,REGIONAL,23
-0.6,-47.6,EXTERNAL,23
-18.4,-49.2,EXTERNAL,23
-21.5,-51.5,REGIONAL,23
-1.9,-59.5,REGIONAL,23
-20.5,-53.3,EXTERNAL,23
-16.5,-42.9,EXTERNAL,23
-12.4,-41.5,REGIONAL,23
-24.7,-48.2,INTERNAL,23
-25.0,-50.1,REGIONAL,23
-22.3,-49.7,INTERNAL,23
-14.7,-39.4,REGIONAL,23
-21.6,-41.1,REGIONAL,23
-20.5,-29.3,EXTERNAL,23
-1.0,-46.8,INTERNAL,23
-22.0,-49.0,REGIONAL,23
-22.3,-41.8,EXTERNAL,23
-18.0,-54.0,EXTERNAL,23
-22.2,-48.7,INTERNAL,23
-3.4,-60.0,EXTERNAL,23
-14.8,-39.2,EXTERNAL,23
-20.3,-40.0,REGIONAL,23
-13.3,-43.4,REGIONAL,23
-8.4,-35.0,EXTERNAL,23
-16.5,-50.6,EXTERNAL,23
-30.1,-50.8,EXTERNAL,23
-22.7,-44.3,REGIONAL,23
-29.4,-52.0,EXTERNAL,23
-20.6,-41.3,REGIONAL,23
-29.0,-49.0,INTERNAL,23
-18.9,-43.4,REGIONAL,23
-24.2,-47.6,INTERNAL,23
-24.7,-47.6,EXTERNAL,23
-2.3,-55.1,REGIONAL,23
-22.9,-41.6,EXTERNAL,23
-22.5,-44.2,REGIONAL,23
-26.6,-48.8,REGIONAL,23
-7.2,-36.9,REGIONAL,23
-8.1,-37.3,REGIONAL,23
-20.1,-56.8,REGIONAL,23
-23.9,-48.7,INTERNAL,23
-16.3,-55.8,REGIONAL,23
-21.9,-47.5,REGIONAL,23
-27.4,-48.6,EXTERNAL,23
-21.2,-47.9,EXTERNAL,23
-5.4,-67.3,REGIONAL,23
-10.4,-36.3,REGIONAL,23
-27.4,-52.0,REGIONAL,23
-29.7,-50.9,REGIONAL,23
-23.4,-47.0,REGIONAL,23
-6.4,-50.1,REGIONAL,23
-29.5,-51.0,REGIONAL,23
-11.0,-42.0,REGIONAL,23
-23.4,-47.5,REGIONAL,23
-21.1,-42.9,EXTERNAL,23
-26.2,-48.6,EXTERNAL,23
-21.4,-50.3,EXTERNAL,23
-7.3,-35.0,REGIONAL,23
-22.7,-45.8,REGIONAL,23
-2.7,-44.3,REGIONAL,23
-10.7,-40.1,REGIONAL,23
-19.7,-46.2,REGIONAL,22
-10.9,-37.0,EXTERNAL,22
-28.8,-49.3,EXTERNAL,22
-19.5,-57.2,EXTERNAL,22
-20.4,-47.1,REGIONAL,22
-22.1,-45.0,EXTERNAL,22
-11.4,-41.0,REGIONAL,22
-16.4,-43.1,REGIONAL,22
-29.6,-50.2,REGIONAL,22
-20.1,-41.1,REGIONAL,22
-11.0,-42.0,EXTERNAL,22
-31.8,-52.1,INTERNAL,22
-6.7,-37.4,REGIONAL,22
-22.6,-46.7,INTERNAL,22
-20.0,-49.4,INTERNAL,22
-12.3,-38.0,REGIONAL,22
-12.0,-55.5,REGIONAL,22
-23.0,-48.8,INTERNAL,22
-22.6,-43.1,EXTERNAL,22
-5.1,-36.3,REGIONAL,22
-22.8,-45.2,INTERNAL,22
-7.5,-39.7,REGIONAL,22
-24.3,-49.1,REGIONAL,22
-20.3,-55.9,REGIONAL,22
-12.7,-38.6,INTERNAL,22
-2.5,-44.0,INTERNAL,22
-15.8,-48.2,EXTERNAL,22
-16.4,-56.8,REGIONAL,22
-23.3,-51.9,REGIONAL,22
-13.0,-46.0,EXTERNAL,22
-25.7,-49.0,REGIONAL,22
-2.2,-59.7,REGIONAL,22
-29.6,-50.0,REGIONAL,22
-19.4,-41.3,REGIONAL,22
-28.5,-50.9,REGIONAL,22
-23.3,-51.4,EXTERNAL,22
-26.6,-49.9,REGIONAL,22
-15.1,-46.3,REGIONAL,22
-12.7,-38.7,INTERNAL,22
-20.4,-47.8,EXTERNAL,22
-22.3,-46.3,INTERNAL,22
-14.2,-39.1,REGIONAL,22
-25.2,-48.1,INTERNAL,22
-24.3,-53.8,EXTERNAL,22
-20.4,-42.9,REGIONAL,22
-20.7,-40.6,REGIONAL,22
-21.0,-56.5,INTERNAL,22
-23.0,-55.0,EXTERNAL,22
-20.4,-40.4,EXTERNAL,22
-20.9,-47.0,EXTERNAL,22
-22.3,-42.7,INTERNAL,22
-14.5,-44.0,EXTERNAL,22
-27.0,-54.0,EXTERNAL,22
-20.6,-54.4,REGIONAL,22
-22.5,-47.9,EXTERNAL,22
-18.4,-49.2,REGIONAL,22
-20.6,-50.4,INTERNAL,22
-27.8,-49.6,EXTERNAL,22
-9.9,-39.1,REGIONAL,22
-19.9,-49.7,INTERNAL,22
-21.9,-46.7,INTERNAL,22
-28.5,-54.6,REGIONAL,22
-21.5,-52.0,INTERNAL,22
-17.9,-51.6,EXTERNAL,22
-2.8,-65.0,REGIONAL,22
-21.7,-47.6,REGIONAL,22
-7.7,-36.9,REGIONAL,22
-11.5,-39.2,REGIONAL,22
-20.4,-57.0,REGIONAL,22
-19.8,-40.0,REGIONAL,22
-22.0,-44.9,EXTERNAL,22
-17.7,-52.2,EXTERNAL,22
-23.8,-46.2,INTERNAL,22
-16.6,-56.4,REGIONAL,22
-24.1,-47.2,REGIONAL,22
-21.2,-50.6,REGIONAL,22
-2.7,-60.7,REGIONAL,22
-8.3,-36.3,REGIONAL,22
0.2,-51.1,REGIONAL,22
-18.3,-50.5,REGIONAL,22
-24.5,-47.8,REGIONAL,22
-29.1,-51.2,EXTERNAL,22
-20.4,-46.5,REGIONAL,22
-8.1,-35.8,REGIONAL,22
-2.4,-59.9,EXTERNAL,22
-30.4,-51.2,REGIONAL,22
-24.3,-47.3,EXTERNAL,22
-7.3,-35.9,EXTERNAL,22
-28.2,-54.0,REGIONAL,22
-7.3,-36.0,REGIONAL,22
-29.9,-50.8,REGIONAL,22
-18.9,-44.8,REGIONAL,22
-20.0,-44.4,REGIONAL,22
-20.6,-56.6,EXTERNAL,22
-21.1,-51.7,INTERNAL,22
-5.7,-47.4,REGIONAL,22
-2.4,-44.4,REGIONAL,22
-20.5,-54.0,EXTERNAL,22
-32.3,-53.4,REGIONAL,22
-11.7,-41.4,REGIONAL,22
-20.1,-44.6,EXTERNAL,22
-19.4,-43.5,EXTERNAL,22
-21.5,-56.4,EXTERNAL,22
-23.6,-51.4,INTERNAL,22
-20.8,-49.3,REGIONAL,22
-23.5,-51.9,EXTERNAL,22
-24.0,-44.7,INTERNAL,22
-5.5,-37.0,REGIONAL,22
-26.7,-50.3,REGIONAL,22
-23.3,-44.6,INTERNAL,22
-10.6,-68.3,REGIONAL,22
-28.3,-49.0,REGIONAL,22
-27.2,-53.8,REGIONAL,22
-24.5,-44.8,INTERNAL,22
-19.3,-40.3,REGIONAL,22
-20.1,-50.8,INTERNAL,22
-22.5,-42.3,INTERNAL,22
-29.7,-50.8,REGIONAL,22
-32.1,-52.3,EXTERNAL,22
-7.7,-37.6,REGIONAL,22
-14.5,-40.4,REGIONAL,22
-17.0,-44.0,EXTERNAL,22
-30.8,-53.9,REGIONAL,22
-3.1,-54.9,EXTERNAL,22
-23.2,-46.2,EXTERNAL,22
-22.5,-49.0,EXTERNAL,22
-21.2,-44.2,REGIONAL,22
-20.4,-53.0,EXTERNAL,22
-21.4,-50.0,INTERNAL,22
-22.9,-46.8,EXTERNAL,22
-29.6,-50.8,EXTERNAL,22
-20.3,-43.3,REGIONAL,22
-22.5,-46.7,REGIONAL,22
-24.2,-50.9,REGIONAL,22
-12.6,-39.0,EXTERNAL,22
-13.2,-50.6,REGIONAL,22
-23.4,-45.7,REGIONAL,22
-14.7,-56.3,REGIONAL,22
-20.0,-47.8,REGIONAL,22
-21.2,-47.7,REGIONAL,22
-25.1,-51.1,REGIONAL,22
-12.5,-44.7,EXTERNAL,22
-21.1,-56.5,EXTERNAL,22
-9.4,-55.9,REGIONAL,22
-23.1,-46.0,REGIONAL,22
-29.2,-49.9,REGIONAL,22
-20.4,-41.9,INTERNAL,22
-21.3,-43.8,EXTERNAL,22
-13.5,-41.8,REGIONAL,22
-22.9,-45.9,EXTERNAL,22
-6.7,-35.6,REGIONAL,22
-16.4,-51.2,EXTERNAL,22
-29.5,-51.9,EXTERNAL,22
-23.3,-46.8,REGIONAL,22
-23.4,-47.7,EXTERNAL,22
-3.1,-64.9,REGIONAL,22
-20.0,-40.4,REGIONAL,22
-24.3,-46.9,EXTERNAL,22
-21.8,-46.1,REGIONAL,22
-21.1,-42.5,INTERNAL,22
-23.3,-45.8,EXTERNAL,22
-26.0,-48.0,EXTERNAL,22
-3.9,-40.4,REGIONAL,22
-12.8,-39.4,REGIONAL,21
-26.8,-52.3,REGIONAL,21
-8.0,-71.3,REGIONAL,21
-4.8,-37.8,REGIONAL,21
-19.3,-44.9,REGIONAL,21
-12.5,-38.1,REGIONAL,21
-25.4,-48.2,REGIONAL,21
-9.7,-38.7,REGIONAL,21
-30.1,-50.4,REGIONAL,21
-16.8,-42.1,REGIONAL,21
-28.3,-52.4,EXTERNAL,21
-25.3,-54.1,REGIONAL,21
-18.2,-43.5,REGIONAL,21
-10.4,-38.9,REGIONAL,21
-20.9,-48.7,INTERNAL,21
-25.8,-49.2,REGIONAL,21
-7.6,-40.5,REGIONAL,21
-32.9,-51.5,INTERNAL,21
-13.6,-56.6,REGIONAL,21
-20.2,-40.6,REGIONAL,21
-22.7,-50.4,INTERNAL,21
-19.0,-48.0,EXTERNAL,21
-18.3,-43.8,EXTERNAL,21
-6.5,-47.5,REGIONAL,21
-2.5,-44.3,INTERNAL,21
-11.4,-41.2,REGIONAL,21
-8.8,-35.8,REGIONAL,21
-9.6,-35.8,EXTERNAL,21
-22.4,-48.4,INTERNAL,21
-18.4,-39.8,REGIONAL,21
-4.3,-56.1,REGIONAL,21
-24.1,-47.7,INTERNAL,21
-22.2,-49.2,EXTERNAL,21
-20.3,-47.5,REGIONAL,21
-8.1,-70.4,REGIONAL,21
-2.1,-40.1,EXTERNAL,21
-20.6,-54.7,EXTERNAL,21
-22.2,-47.5,REGIONAL,21
-21.2,-50.9,REGIONAL,21
-18.2,-52.8,REGIONAL,21
-21.8,-47.1,INTERNAL,21
-3.6,-52.0,REGIONAL,21
-20.6,-47.3,REGIONAL,21
-23.4,-51.1,EXTERNAL,21
-29.7,-52.5,REGIONAL,21
-22.3,-45.9,REGIONAL,21
-16.9,-56.8,REGIONAL,21
-22.5,-40.5,INTERNAL,21
-21.2,-48.2,REGIONAL,21
-22.4,-42.3,EXTERNAL,21
-21.0,-40.8,EXTERNAL,21
-20.1,-48.0,INTERNAL,21
-2.9,-45.8,REGIONAL,21
-16.3,-46.4,REGIONAL,21
-30.3,-52.4,REGIONAL,21
-5.8,-35.3,EXTERNAL,21
-9.9,-56.0,REGIONAL,21
-16.9,-56.9,REGIONAL,21
-9.7,-37.7,REGIONAL,21
-20.0,-49.0,EXTERNAL,21
-10.2,-65.3,EXTERNAL,21
-23.3,-46.2,EXTERNAL,21
-20.7,-48.9,EXTERNAL,21
-13.0,-56.0,EXTERNAL,21
-31.2,-54.1,EXTERNAL,21
-22.3,-40.6,INTERNAL,21
-23.8,-43.2,INTERNAL,21
-22.9,-46.4,REGIONAL,21
-29.3,-52.1,REGIONAL,21
-19.0,-43.4,REGIONAL,21
-5.4,-35.3,EXTERNAL,21
-12.4,-38.0,REGIONAL,21
-16.4,-40.0,REGIONAL,21
-17.0,-56.9,REGIONAL,21
-24.1,-46.8,REGIONAL,21
-16.7,-56.7,REGIONAL,21
1.8,-61.1,REGIONAL,21
-23.0,-45.9,REGIONAL,21
-15.3,-55.9,REGIONAL,21
0.9,-63.4,REGIONAL,21
-6.4,-67.9,REGIONAL,21
-3.5,-60.0,EXTERNAL,21
-21.0,-47.0,EXTERNAL,21
-9.6,-48.6,REGIONAL,21
-23.2,-49.4,EXTERNAL,21
-32.6,-52.6,REGIONAL,21
-23.9,-50.7,REGIONAL,21
-23.7,-46.4,INTERNAL,21
-6.2,-50.0,REGIONAL,21
-24.5,-48.8,REGIONAL,21
-9.9,-55.9,REGIONAL,21
-18.8,-39.8,REGIONAL,21
-5.1,-42.6,REGIONAL,21
-22.4,-42.1,REGIONAL,21
-13.0,-51.0,EXTERNAL,21
-6.1,-50.5,REGIONAL,21
-14.4,-40.4,EXTERNAL,21
-20.0,-48.9,REGIONAL,21
-22.7,-43.7,EXTERNAL,21
-2.7,-60.3,REGIONAL,21
-28.3,-49.4,REGIONAL,21
-7.5,-36.4,REGIONAL,21
-16.0,-42.4,REGIONAL,21
-18.2,-56.2,REGIONAL,21
-24.0,-47.4,INTERNAL,21
-20.5,-47.3,REGIONAL,21
-6.0,-49.6,REGIONAL,21
-15.0,-59.9,REGIONAL,21
-21.6,-51.3,INTERNAL,21
-24.1,-47.6,INTERNAL,21
-8.4,-37.1,REGIONAL,21
-23.0,-42.8,REGIONAL,21
-23.8,-47.3,REGIONAL,21
-19.5,-57.1,REGIONAL,21
-25.6,-48.9,REGIONAL,21
-5.1,-72.8,REGIONAL,21
-3.8,-59.8,REGIONAL,21
-28.7,-51.5,REGIONAL,21
-12.6,-38.3,EXTERNAL,21
-19.6,-43.2,EXTERNAL,21
-24.5,-47.9,EXTERNAL,21
-23.6,-48.1,INTERNAL,21
-20.6,-48.8,INTERNAL,21
-16.7,-49.4,EXTERNAL,21
-4.3,-37.9,REGIONAL,21
-23.3,-50.7,REGIONAL,21
-9.8,-36.1,REGIONAL,21
-10.0,-65.3,EXTERNAL,21
-18.4,-43.6,REGIONAL,21
-15.1,-56.2,REGIONAL,21
-22.1,-39.9,INTERNAL,21
-22.0,-44.2,REGIONAL,21
-22.2,-42.5,EXTERNAL,21
-22.4,-48.4,EXTERNAL,21
-15.3,-49.6,REGIONAL,21
-23.1,-49.7,INTERNAL,21
-29.8,-51.6,REGIONAL,21
-27.7,-49.8,EXTERNAL,21
-13.5,-46.4,REGIONAL,21
-29.2,-51.1,REGIONAL,21
-16.0,-57.2,REGIONAL,21
-11.6,-41.3,REGIONAL,21
-14.7,-39.7,REGIONAL,21
-3.4,-55.1,REGIONAL,21
-22.8,-46.7,REGIONAL,21
-7.3,-37.3,REGIONAL,21
-29.4,-52.0,REGIONAL,21
-18.6,-44.0,REGIONAL,21
-22.5,-48.2,INTERNAL,21
-23.0,-43.1,EXTERNAL,21
-3.8,-60.4,EXTERNAL,21
-6.8,-35.1,EXTERNAL,21
-8.0,-63.5,EXTERNAL,21
-17.5,-51.9,EXTERNAL,21
-23.6,-47.3,REGIONAL,21
-9.2,-72.7,REGIONAL,21
-2.5,-43.2,REGIONAL,21
-12.2,-45.0,REGIONAL,21
-17.8,-51.3,EXTERNAL,21
-18.3,-45.3,REGIONAL,21
-3.3,-64.8,REGIONAL,21
-16.6,-50.3,EXTERNAL,21
-11.5,-41.1,EXTERNAL,21
-7.4,-47.4,REGIONAL,21
-23.0,-47.5,EXTERNAL,21
-19.1,-57.6,REGIONAL,21
-27.4,-48.9,REGIONAL,21
-24.6,-47.2,REGIONAL,21
-28.5,-48.9,INTERNAL,21
-3.1,-60.8,REGIONAL,21
-22.7,-45.0,REGIONAL,21
-22.7,-45.5,EXTERNAL,21
-17.8,-39.1,REGIONAL,21
-20.7,-40.5,EXTERNAL,21
-14.1,-52.2,REGIONAL,21
-19.7,-44.8,REGIONAL,21
-11.7,-49.2,REGIONAL,21
-8.0,-38.3,EXTERNAL,21
-26.1,-53.1,REGIONAL,21
-17.7,-57.3,REGIONAL,21
-20.6,-51.1,INTERNAL,21
-23.0,-46.6,REGIONAL,21
-4.0,-44.0,EXTERNAL,21
-20.6,-56.8,REGIONAL,21
-2.4,-60.0,REGIONAL,21
4.0,-51.8,EXTERNAL,21
-5.2,-36.0,REGIONAL,21
-13.6,-41.3,REGIONAL,21
-21.6,-46.6,REGIONAL,21
-29.8,-57.0,REGIONAL,21
-7.9,-35.0,EXTERNAL,21
-0.4,-51.1,REGIONAL,21
-30.0,-51.8,REGIONAL,21
-25.0,-50.1,INTERNAL,21
-23.4,-47.1,EXTERNAL,21
-20.5,-54.5,REGIONAL,21
-23.7,-47.4,REGIONAL,21
-27.0,-49.1,EXTERNAL,21
-16.1,-47.9,REGIONAL,21
-6.6,-47.6,REGIONAL,21
-12.4,-44.8,EXTERNAL,21
-15.9,-48.3,REGIONAL,21
-24.2,-48.0,REGIONAL,21
-28.2,-51.5,REGIONAL,20
-20.0,-56.0,EXTERNAL,20
-26.5,-49.0,REGIONAL,20
-22.7,-44.7,INTERNAL,20
-21.4,-50.2,EXTERNAL,20
-16.4,-49.0,EXTERNAL,20
-20.2,-44.1,REGIONAL,20
-5.2,-37.8,REGIONAL,20
-2.0,-59.4,REGIONAL,20
-23.4,-51.2,EXTERNAL,20
-9.9,-63.1,REGIONAL,20
-6.1,-49.9,EXTERNAL,20
-29.0,-51.7,REGIONAL,20
-8.3,-35.5,REGIONAL,20
-21.8,-41.1,REGIONAL,20
-22.3,-44.5,EXTERNAL,20
-23.1,-43.4,REGIONAL,20
-22.0,-42.4,REGIONAL,20
-2.9,-60.7,REGIONAL,20
-22.4,-45.0,REGIONAL,20
-13.6,-41.9,REGIONAL,20
-22.4,-40.3,INTERNAL,20
-9.3,-36.5,REGIONAL,20
-21.2,-40.3,INTERNAL,20
-28.2,-49.8,EXTERNAL,20
-14.7,-44.1,EXTERNAL,20
-43.8,-73.7,INTERNAL,20
-24.1,-49.3,EXTERNAL,20
-20.9,-47.8,INTERNAL,20
-13.5,-48.2,REGIONAL,20
-3.0,-45.0,EXTERNAL,20
-17.2,-56.7,EXTERNAL,20
-22.6,-42.5,EXTERNAL,20
-16.0,-48.1,EXTERNAL,20
-17.4,-50.4,EXTERNAL,20
-17.1,-39.1,REGIONAL,20
-27.4,-51.1,EXTERNAL,20
-9.1,-64.7,REGIONAL,20
-10.0,-48.0,EXTERNAL,20
-23.1,-47.1,REGIONAL,20
-23.2,-53.0,REGIONAL,20
-17.8,-39.0,REGIONAL,20
-18.1,-52.8,REGIONAL,20
-22.4,-42.6,EXTERNAL,20
-15.7,-43.3,EXTERNAL,20
-21.7,-49.7,INTERNAL,20
2.4,-61.4,REGIONAL,20
-22.7,-44.5,REGIONAL,20
-21.9,-48.1,INTERNAL,20
-16.5,-49.0,REGIONAL,20
-21.5,-43.5,REGIONAL,20
-20.0,-43.4,REGIONAL,20
-21.9,-42.0,REGIONAL,20
-25.9,-50.4,EXTERNAL,20
-22.0,-48.0,REGIONAL,20
-3.0,-44.3,REGIONAL,20
-11.7,-39.0,REGIONAL,20
-28.3,-49.9,REGIONAL,20
-23.6,-47.6,EXTERNAL,20
-17.6,-52.6,REGIONAL,20
-22.3,-46.2,INTERNAL,20
-19.8,-39.5,INTERNAL,20
-23.1,-43.3,REGIONAL,20
-8.8,-37.3,REGIONAL,20
-9.5,-48.5,REGIONAL,20
-16.0,-42.0,EXTERNAL,20
-21.6,-40.7,INTERNAL,20
-22.2,-47.2,INTERNAL,20
-28.6,-53.6,EXTERNAL,20
-2.9,-41.7,EXTERNAL,20
-23.5,-51.9,REGIONAL,20
-24.6,-53.1,REGIONAL,20
-17.9,-44.2,REGIONAL,20
-20.0,-47.0,EXTERNAL,20
-22.4,-49.9,INTERNAL,20
-24.1,-48.4,INTERNAL,20
-7.1,-48.2,REGIONAL,20
-4.5,-40.7,REGIONAL,20
-16.0,-47.7,REGIONAL,20
-23.7,-45.7,REGIONAL,20
-22.3,-42.2,EXTERNAL,20
-14.4,-55.5,EXTERNAL,20
-23.5,-51.3,REGIONAL,20
-23.5,-47.0,REGIONAL,20
-18.2,-43.4,EXTERNAL,20
-21.6,-48.4,EXTERNAL,20
-19.4,-56.1,REGIONAL,20
-9.2,-64.7,REGIONAL,20
-3.3,-60.4,REGIONAL,20
-20.5,-40.2,REGIONAL,20
-22.4,-49.8,INTERNAL,20
-22.1,-46.7,REGIONAL,20
-23.7,-42.5,INTERNAL,20
-29.4,-51.0,REGIONAL,20
-11.0,-40.0,EXTERNAL,20
-22.5,-47.6,INTERNAL,20
-22.4,-42.4,EXTERNAL,20
-15.9,-58.5,REGIONAL,20
-21.1,-51.1,EXTERNAL,20
-26.5,-48.7,REGIONAL,20
-15.2,-39.0,REGIONAL,20
-16.0,-43.8,REGIONAL,20
-29.2,-54.9,REGIONAL,20
-17.2,-56.6,EXTERNAL,20
-17.3,-53.2,REGIONAL,20
-6.0,-35.3,REGIONAL,20
-25.3,-49.6,REGIONAL,20
0.5,-29.6,EXTERNAL,20
-13.3,-44.7,EXTERNAL,20
-22.2,-49.4,REGIONAL,20
-20.8,-31.8,INTERNAL,20
-20.4,-50.6,INTERNAL,20
-33.0,-51.0,INTERNAL,20
-17.9,-57.5,REGIONAL,20
-5.9,-35.4,REGIONAL,20
-15.5,-47.3,EXTERNAL,20
-18.9,-57.7,REGIONAL,20
-11.6,-49.1,REGIONAL,20
-27.1,-53.4,REGIONAL,20
-21.0,-56.7,REGIONAL,20
-24.7,-47.4,REGIONAL,20
-19.4,-43.6,INTERNAL,20
-5.0,-37.1,REGIONAL,20
-28.9,-51.6,REGIONAL,20
-10.0,-56.4,REGIONAL,20
-6.7,-38.4,REGIONAL,20
-14.1,-48.1,REGIONAL,20
-23.7,-47.6,EXTERNAL,20
-23.5,-51.4,EXTERNAL,20
-17.3,-53.2,EXTERNAL,20
-11.5,-42.4,EXTERNAL,20
-11.0,-49.0,EXTERNAL,20
-25.4,-51.3,REGIONAL,20
-24.5,-49.0,INTERNAL,20
-20.0,-44.3,EXTERNAL,20
-13.0,-52.0,EXTERNAL,20
-22.6,-45.6,REGIONAL,20
-2.9,-44.0,REGIONAL,20
-20.6,-47.4,EXTERNAL,20
-23.4,-47.0,EXTERNAL,20
-11.4,-37.4,INTERNAL,20
-21.6,-41.1,EXTERNAL,20
-25.4,-46.3,INTERNAL,20
-12.0,-51.0,EXTERNAL,20
-20.7,-46.6,EXTERNAL,20
-8.3,-49.3,EXTERNAL,20
-23.2,-48.1,EXTERNAL,20
-25.5,-49.0,INTERNAL,20
-20.2,-48.6,INTERNAL,20
-22.8,-42.3,EXTERNAL,20
-29.9,-50.9,EXTERNAL,20
-20.7,-50.0,INTERNAL,20
1.5,-50.9,EXTERNAL,20
-21.4,-48.7,INTERNAL,20
-26.1,-49.8,EXTERNAL,20
-27.3,-49.7,REGIONAL,20
-27.2,-49.7,EXTERNAL,20
-19.2,-40.2,REGIONAL,20
-15.9,-57.0,REGIONAL,20
-19.4,-56.0,REGIONAL,20
-7.2,-39.6,REGIONAL,20
-13.4,-39.9,EXTERNAL,20
-4.1,-41.7,INTERNAL,20
-28.6,-50.1,REGIONAL,20
-26.8,-52.2,REGIONAL,20
-26.9,-52.8,REGIONAL,20
-17.7,-48.5,REGIONAL,20
-26.8,-51.0,REGIONAL,20
-8.4,-36.7,REGIONAL,20
-19.1,-42.5,REGIONAL,20
-27.0,-49.6,REGIONAL,20
-21.1,-49.2,INTERNAL,20
-8.6,-71.5,REGIONAL,20
-20.5,-39.9,REGIONAL,20
-29.1,-51.0,REGIONAL,20
-24.5,-50.0,REGIONAL,20
-14.8,-46.1,REGIONAL,20
-17.1,-39.4,REGIONAL,20
-22.4,-43.5,REGIONAL,20
-23.0,-46.3,EXTERNAL,20
-24.6,-49.1,INTERNAL,20
-21.0,-49.7,INTERNAL,20
-19.0,-54.0,EXTERNAL,20
-22.3,-46.7,REGIONAL,20
-2.8,-60.5,REGIONAL,20
-6.7,-47.7,REGIONAL,20
-20.9,-56.5,REGIONAL,20
-9.8,-36.7,REGIONAL,20
-22.9,-44.6,REGIONAL,20
-25.9,-52.9,REGIONAL,20
-7.4,-34.8,INTERNAL,20
-27.0,-50.2,REGIONAL,20
-8.1,-71.2,REGIONAL,20
-22.7,-45.0,EXTERNAL,20
-19.0,-43.7,REGIONAL,20
-23.2,-47.4,REGIONAL,20
-22.4,-50.5,INTERNAL,20
-21.5,-48.0,INTERNAL,20
-8.2,-70.4,EXTERNAL,20
-16.7,-49.1,EXTERNAL,20
-8.1,-48.5,REGIONAL,20
-16.8,-56.7,EXTERNAL,20
-7.6,-37.1,REGIONAL,20
-13.3,-41.9,EXTERNAL,20
-2.7,-42.5,REGIONAL,20
-24.2,-53.9,REGIONAL,20
-2.6,-54.8,EXTERNAL,20
-6.1,-49.8,REGIONAL,20
-22.5,-43.8,REGIONAL,20
-29.3,-47.3,REGIONAL,20
-23.9,-47.0,EXTERNAL,19
-20.7,-42.7,EXTERNAL,19
-18.0,-39.2,REGIONAL,19
-5.2,-35.4,REGIONAL,19
-29.2,-51.0,REGIONAL,19
-8.1,-34.4,EXTERNAL,19
-19.4,-42.6,REGIONAL,19
-23.3,-45.7,REGIONAL,19
0.3,-50.9,REGIONAL,19
-2.0,-59.7,REGIONAL,19
-21.0,-47.7,INTERNAL,19
-14.3,-43.8,REGIONAL,19
-25.2,-48.8,REGIONAL,19
-6.2,-38.5,REGIONAL,19
-19.2,-43.6,REGIONAL,19
-22.8,-51.5,REGIONAL,19
-30.5,-52.5,REGIONAL,19
-20.1,-40.7,REGIONAL,19
-23.7,-45.5,REGIONAL,19
-23.6,-47.4,INTERNAL,19
-21.8,-54.5,REGIONAL,19
-23.6,-45.5,REGIONAL,19
-25.9,-47.9,INTERNAL,19
-21.1,-49.0,EXTERNAL,19
-22.1,-40.7,INTERNAL,19
-19.2,-49.8,REGIONAL,19
-5.1,-37.5,REGIONAL,19
-21.9,-43.3,EXTERNAL,19
-21.9,-49.5,EXTERNAL,19
-4.6,-38.9,REGIONAL,19
-14.9,-42.8,REGIONAL,19
-14.7,-52.3,REGIONAL,19
-20.3,-45.6,REGIONAL,19
-21.3,-46.7,EXTERNAL,19
-10.1,-48.3,INTERNAL,19
-6.5,-47.4,INTERNAL,19
-13.3,-51.9,REGIONAL,19
-16.1,-48.6,REGIONAL,19
-3.7,-38.4,REGIONAL,19
-6.9,-36.0,REGIONAL,19
-14.7,-40.2,REGIONAL,19
-4.9,-38.4,REGIONAL,19
-24.2,-48.0,INTERNAL,19
-15.9,-50.3,REGIONAL,19
-21.6,-54.9,REGIONAL,19
-29.0,-51.2,REGIONAL,19
-22.1,-51.5,INTERNAL,19
-24.4,-47.8,INTERNAL,19
-10.7,-62.2,REGIONAL,19
-27.8,-49.4,EXTERNAL,19
-8.8,-39.8,REGIONAL,19
-29.6,-52.2,EXTERNAL,19
-23.2,-48.0,EXTERNAL,19
-15.8,-54.6,REGIONAL,19
-22.6,-46.1,EXTERNAL,19
-20.3,-43.9,REGIONAL,19
-15.6,-57.2,REGIONAL,19
-10.8,-69.1,INTERNAL,19
-2.6,-54.7,EXTERNAL,19
-22.1,-42.4,REGIONAL,19
-20.7,-49.6,INTERNAL,19
-12.7,-39.7,REGIONAL,19
-27.3,-52.7,EXTERNAL,19
-26.2,-51.8,REGIONAL,19
-9.6,-67.6,REGIONAL,19
-21.4,-42.7,EXTERNAL,19
-16.2,-40.7,EXTERNAL,19
-5.3,-49.2,EXTERNAL,19
-19.4,-45.0,REGIONAL,19
-25.1,-51.3,REGIONAL,19
-0.8,-46.6,REGIONAL,19
-20.2,-42.7,REGIONAL,19
-11.8,-55.4,REGIONAL,19
-12.1,-54.1,REGIONAL,19
-4.0,-38.3,REGIONAL,19
-21.2,-48.0,REGIONAL,19
-8.9,-48.5,REGIONAL,19
-19.9,-57.8,INTERNAL,19
-22.9,-46.6,REGIONAL,19
-2.8,-59.2,REGIONAL,19
-13.6,-44.5,EXTERNAL,19
-18.8,-40.4,REGIONAL,19
-29.0,-51.5,REGIONAL,19
-22.8,-52.4,INTERNAL,19
-20.4,-42.8,REGIONAL,19
-22.3,-42.6,EXTERNAL,19
-9.0,-36.7,REGIONAL,19
-27.3,-50.6,EXTERNAL,19
-6.2,-35.0,EXTERNAL,19
-28.3,-48.8,INTERNAL,19
-20.3,-43.7,REGIONAL,19
-21.5,-50.1,EXTERNAL,19
-21.7,-51.1,EXTERNAL,19
-10.5,-36.4,REGIONAL,19
-9.0,-48.0,EXTERNAL,19
-14.1,-42.7,REGIONAL,19
-12.4,-46.4,REGIONAL,19
-28.3,-54.2,REGIONAL,19
-10.0,-68.4,REGIONAL,19
-19.1,-43.7,EXTERNAL,19
-27.3,-50.9,EXTERNAL,19
-7.9,-40.1,REGIONAL,19
-10.0,-55.9,REGIONAL,19
-3.0,-60.1,EXTERNAL,19
-21.8,-48.0,REGIONAL,19
-18.3,-43.0,REGIONAL,19
-17.8,-51.0,EXTERNAL,19
-28.4,-48.8,EXTERNAL,19
-7.9,-37.9,REGIONAL,19
-27.5,-51.9,EXTERNAL,19
-21.0,-49.2,INTERNAL,19
-27.0,-52.6,REGIONAL,19
-13.7,-44.4,EXTERNAL,19
-25.6,-48.7,REGIONAL,19
-10.3,-62.9,REGIONAL,19
-19.5,-56.0,REGIONAL,19
-23.8,-48.6,REGIONAL,19
-23.4,-47.6,INTERNAL,19
-22.9,-49.0,INTERNAL,19
-7.6,-34.8,REGIONAL,19
-15.7,-56.0,REGIONAL,19
-22.7,-47.5,EXTERNAL,19
-18.3,-43.8,REGIONAL,19
-13.4,-41.2,REGIONAL,19
-2.4,-61.0,REGIONAL,19
-29.0,-49.4,EXTERNAL,19
-12.9,-44.7,EXTERNAL,19
-1.1,-46.8,EXTERNAL,19
-21.8,-47.5,INTERNAL,19
-21.9,-41.0,REGIONAL,19
-20.4,-54.9,REGIONAL,19
-14.5,-55.7,REGIONAL,19
-16.0,-47.6,REGIONAL,19
-23.8,-53.7,REGIONAL,19
-17.5,-50.5,EXTERNAL,19
-21.1,-48.4,REGIONAL,19
-13.9,-59.7,REGIONAL,19
-7.2,-35.8,REGIONAL,19
-22.3,-47.7,REGIONAL,19
-9.9,-58.3,REGIONAL,19
-16.7,-43.8,EXTERNAL,19
-20.6,-43.7,REGIONAL,19
-7.5,-34.8,INTERNAL,19
-23.6,-46.2,REGIONAL,19
-18.8,-39.7,REGIONAL,19
-2.7,-42.7,REGIONAL,19
-29.7,-53.9,EXTERNAL,19
-25.3,-47.6,INTERNAL,19
-3.8,-38.8,REGIONAL,19
-7.9,-35.3,EXTERNAL,19
-23.6,-51.6,EXTERNAL,19
-28.4,-49.4,EXTERNAL,19
-15.1,-39.0,REGIONAL,19
-11.9,-55.5,EXTERNAL,19
-20.7,-49.4,EXTERNAL,19
-3.5,-60.2,EXTERNAL,19
-24.3,-48.5,REGIONAL,19
-7.2,-35.3,REGIONAL,19
-17.0,-49.0,EXTERNAL,19
-3.7,-54.8,EXTERNAL,19
-27.7,-49.9,EXTERNAL,19
-22.2,-46.8,REGIONAL,19
-27.0,-48.7,EXTERNAL,19
-22.0,-45.0,EXTERNAL,19
-19.9,-43.9,INTERNAL,19
-20.5,-44.5,REGIONAL,19
-16.9,-39.1,REGIONAL,19
-21.7,-41.0,INTERNAL,19
-16.0,-49.8,REGIONAL,19
-14.8,-45.9,REGIONAL,19
-5.0,-42.8,EXTERNAL,19
-24.1,-47.6,REGIONAL,19
-22.2,-42.4,REGIONAL,19
-24.2,-53.0,EXTERNAL,19
-14.2,-42.8,REGIONAL,19
-27.7,-49.2,REGIONAL,19
-25.4,-49.5,EXTERNAL,19
-29.8,-51.0,EXTERNAL,19
-7.7,-72.7,EXTERNAL,19
-19.7,-39.8,REGIONAL,19
-24.7,-44.5,INTERNAL,19
-28.1,-49.6,EXTERNAL,19
-22.5,-55.7,REGIONAL,19
-21.0,-42.0,EXTERNAL,19
-21.0,-42.8,REGIONAL,19
-6.3,-35.0,REGIONAL,19
-23.2,-44.9,INTERNAL,19
-25.6,-49.9,REGIONAL,19
-24.3,-46.2,REGIONAL,19
-5.9,-50.5,REGIONAL,19
-19.8,-40.1,REGIONAL,19
-22.5,-44.4,EXTERNAL,19
-15.2,-56.9,REGIONAL,19
-19.0,-49.5,EXTERNAL,19
-11.8,-55.5,EXTERNAL,19
-24.8,-47.8,INTERNAL,19
-21.6,-46.9,EXTERNAL,19
-14.2,-53.1,REGIONAL,19
-32.1,-52.1,EXTERNAL,19
-19.5,-57.5,REGIONAL,19
-16.7,-50.6,REGIONAL,19
-22.8,-46.6,EXTERNAL,19
-24.2,-51.1,INTERNAL,19
-29.4,-50.4,EXTERNAL,19
-26.0,-53.0,EXTERNAL,19
-23.2,-46.3,REGIONAL,19
-28.6,-49.0,REGIONAL,19
-18.1,-43.4,REGIONAL,19
-26.2,-48.9,EXTERNAL,19
-25.2,-44.9,INTERNAL,19
-21.7,-41.0,EXTERNAL,19
-9.4,-68.1,REGIONAL,19
-24.7,-47.7,INTERNAL,19
-0.9,-54.4,REGIONAL,19
0.1,-51.1,REGIONAL,19
-21.7,-40.1,INTERNAL,19
-22.9,-48.0,REGIONAL,19
-20.5,-50.9,INTERNAL,19
-4.9,-37.1,REGIONAL,19
-31.5,-52.6,REGIONAL,19
-27.3,-51.6,REGIONAL,19
-22.3,-48.2,REGIONAL,19
-20.4,-49.7,INTERNAL,19
-9.9,-70.2,REGIONAL,19
-24.6,-49.0,REGIONAL,19
-22.8,-43.8,EXTERNAL,19
-26.2,-51.7,REGIONAL,19
-20.1,-51.0,INTERNAL,19
-23.8,-45.5,EXTERNAL,19
-21.1,-40.1,INTERNAL,18
-18.1,-51.5,EXTERNAL,18
-9.5,-48.6,REGIONAL,18
-22.2,-44.5,REGIONAL,18
-9.7,-67.0,EXTERNAL,18
-21.8,-52.1,INTERNAL,18
-26.9,-52.2,EXTERNAL,18
-20.7,-49.8,INTERNAL,18
-9.8,-55.9,REGIONAL,18
-19.8,-56.3,REGIONAL,18
-24.2,-46.7,REGIONAL,18
-22.4,-43.9,REGIONAL,18
-22.8,-46.0,REGIONAL,18
-22.7,-43.0,EXTERNAL,18
-18.9,-54.8,REGIONAL,18
-1.1,-47.0,REGIONAL,18
-16.0,-56.5,REGIONAL,18
-22.2,-40.2,INTERNAL,18
-22.0,-51.6,INTERNAL,18
-21.8,-50.9,EXTERNAL,18
-19.8,-44.2,REGIONAL,18
-22.9,-49.6,EXTERNAL,18
-25.3,-46.9,INTERNAL,18
-25.8,-49.2,INTERNAL,18
-20.4,-40.5,EXTERNAL,18
-6.9,-35.6,REGIONAL,18
-19.4,-44.2,EXTERNAL,18
-21.7,-40.3,INTERNAL,18
-29.5,-49.9,EXTERNAL,18
-4.3,-38.8,REGIONAL,18
-25.0,-53.4,EXTERNAL,18
-9.3,-64.7,REGIONAL,18
-23.5,-50.1,REGIONAL,18
-22.1,-42.5,REGIONAL,18
-24.1,-48.4,REGIONAL,18
-22.9,-43.7,REGIONAL,18
-17.7,-39.2,REGIONAL,18
-14.2,-44.9,REGIONAL,18
-6.8,-39.3,REGIONAL,18
-33.2,-49.8,EXTERNAL,18
-21.4,-44.7,REGIONAL,18
-23.0,-46.0,REGIONAL,18
-23.8,-47.8,EXTERNAL,18
-14.5,-49.1,REGIONAL,18
-0.9,-48.3,EXTERNAL,18
-22.5,-46.6,INTERNAL,18
-26.2,-53.0,REGIONAL,18
-15.3,-43.7,REGIONAL,18
-33.9,-53.5,EXTERNAL,18
-9.5,-35.7,REGIONAL,18
-18.4,-50.5,REGIONAL,18
-18.5,-43.3,REGIONAL,18
-11.8,-49.1,REGIONAL,18
-32.1,-52.6,REGIONAL,18
-16.3,-48.4,REGIONAL,18
-23.5,-52.0,REGIONAL,18
-12.8,-38.5,EXTERNAL,18
-10.2,-48.8,REGIONAL,18
-19.7,-44.0,REGIONAL,18
-22.3,-51.1,INTERNAL,18
-26.7,-49.2,EXTERNAL,18
-22.5,-46.5,REGIONAL,18
-24.4,-48.6,INTERNAL,18
-21.4,-50.1,EXTERNAL,18
-20.0,-45.5,EXTERNAL,18
-23.8,-47.4,EXTERNAL,18
-26.4,-52.3,REGIONAL,18
-28.9,-49.4,EXTERNAL,18
-24.1,-46.5,REGIONAL,18
-29.0,-52.0,REGIONAL,18
-27.0,-51.2,REGIONAL,18
-29.2,-49.8,REGIONAL,18
-21.5,-44.6,REGIONAL,18
-22.7,-41.9,EXTERNAL,18
-24.2,-47.3,INTERNAL,18
-10.7,-63.6,REGIONAL,18
-21.5,-51.4,INTERNAL,18
-20.0,-55.0,EXTERNAL,18
-28.3,-54.0,REGIONAL,18
-18.6,-44.1,REGIONAL,18
-7.6,-73.0,REGIONAL,18
-20.6,-51.5,INTERNAL,18
-22.5,-45.6,REGIONAL,18
-8.3,-34.9,INTERNAL,18
-21.7,-47.3,INTERNAL,18
-22.0,-40.5,INTERNAL,18
-19.3,-43.5,EXTERNAL,18
1.9,-61.0,REGIONAL,18
-21.2,-53.2,EXTERNAL,18
-17.6,-44.3,REGIONAL,18
-24.2,-52.3,REGIONAL,18
-22.3,-54.2,EXTERNAL,18
-16.0,-47.0,EXTERNAL,18
-6.5,-68.7,INTERNAL,18
-30.3,-50.3,EXTERNAL,18
-20.4,-40.8,REGIONAL,18
-14.3,-39.1,REGIONAL,18
-7.3,-35.9,REGIONAL,18
-21.3,-56.4,REGIONAL,18
-27.1,-49.7,REGIONAL,18
-20.4,-50.8,INTERNAL,18
-23.2,-45.1,INTERNAL,18
-17.2,-56.4,REGIONAL,18
-20.5,-28.8,INTERNAL,18
-8.8,-63.8,EXTERNAL,18
-21.9,-50.5,EXTERNAL,18
-21.7,-43.2,REGIONAL,18
-10.0,-67.9,INTERNAL,18
-18.3,-43.5,REGIONAL,18
-29.4,-51.8,REGIONAL,18
-26.5,-52.0,EXTERNAL,18
-22.6,-44.2,EXTERNAL,18
-22.3,-40.1,INTERNAL,18
-25.6,-54.5,INTERNAL,18
-7.3,-45.1,REGIONAL,18
-21.0,-52.0,EXTERNAL,18
-25.5,-48.6,REGIONAL,18
-25.7,-49.4,REGIONAL,18
-21.1,-47.7,REGIONAL,18
-13.5,-48.4,REGIONAL,18
-1.2,-47.3,EXTERNAL,18
-9.2,-36.0,EXTERNAL,18
-20.8,-41.4,REGIONAL,18
-2.5,-54.7,EXTERNAL,18
-20.5,-43.8,REGIONAL,18
-10.1,-37.1,REGIONAL,18
-9.8,-56.0,REGIONAL,18
-7.0,-36.9,REGIONAL,18
-19.6,-44.0,EXTERNAL,18
-25.6,-49.6,REGIONAL,18
-16.8,-49.1,EXTERNAL,18
-21.9,-43.3,REGIONAL,18
-23.4,-46.2,EXTERNAL,18
-16.6,-57.9,REGIONAL,18
-29.6,-51.4,REGIONAL,18
-28.4,-53.9,EXTERNAL,18
-10.1,-49.0,REGIONAL,18
-5.2,-35.6,REGIONAL,18
-29.3,-51.5,EXTERNAL,18
-18.8,-45.0,REGIONAL,18
-9.7,-35.8,EXTERNAL,18
-23.8,-46.4,EXTERNAL,18
-19.9,-47.4,REGIONAL,18
-3.7,-38.8,REGIONAL,18
-1.5,-48.7,EXTERNAL,18
-19.0,-49.4,REGIONAL,18
-19.1,-37.8,INTERNAL,18
-23.7,-46.5,INTERNAL,18
-25.9,-50.4,REGIONAL,18
-22.7,-45.7,INTERNAL,18
-18.4,-43.6,EXTERNAL,18
-9.4,-54.9,REGIONAL,18
-16.5,-43.8,REGIONAL,18
-30.0,-50.3,REGIONAL,18
-18.6,-43.4,REGIONAL,18
-8.4,-71.3,REGIONAL,18
-10.0,-39.0,EXTERNAL,18
-1.8,-34.2,EXTERNAL,18
-8.9,-36.6,EXTERNAL,18
-22.2,-43.3,EXTERNAL,18
-13.9,-39.4,EXTERNAL,18
-22.6,-52.3,INTERNAL,18
-20.5,-49.9,INTERNAL,18
-9.1,-44.3,REGIONAL,18
-29.4,-53.5,EXTERNAL,18
-1.7,-48.9,REGIONAL,18
-4.4,-41.5,REGIONAL,18
-7.0,-35.9,REGIONAL,18
1.6,-50.7,REGIONAL,18
-23.0,-48.1,EXTERNAL,18
-25.1,-49.0,EXTERNAL,18
-14.0,-49.0,EXTERNAL,18
-27.9,-48.7,REGIONAL,18
-24.6,-44.3,INTERNAL,18
-14.8,-39.3,EXTERNAL,18
-6.2,-37.8,REGIONAL,18
-9.3,-35.8,REGIONAL,18
-18.2,-45.2,REGIONAL,18
-24.0,-45.0,INTERNAL,18
-20.6,-39.9,INTERNAL,18
-31.0,-52.0,EXTERNAL,18
-30.8,-54.4,REGIONAL,18
-22.0,-42.4,EXTERNAL,18
-7.4,-36.2,REGIONAL,18
-20.4,-50.0,EXTERNAL,18
-10.1,-40.8,REGIONAL,18
-21.2,-50.8,EXTERNAL,18
-23.0,-46.8,INTERNAL,18
-12.4,-39.0,REGIONAL,18
-22.2,-50.9,REGIONAL,18
-13.1,-60.7,EXTERNAL,18
-1.1,-46.7,REGIONAL,18
-3.3,-60.2,EXTERNAL,18
-22.0,-54.0,EXTERNAL,18
-23.1,-44.7,EXTERNAL,18
-22.8,-49.3,INTERNAL,18
-14.6,-39.3,REGIONAL,18
-11.4,-37.3,REGIONAL,18
-22.0,-56.0,EXTERNAL,18
-3.5,-54.9,EXTERNAL,18
-24.1,-49.3,INTERNAL,18
-15.8,-50.2,REGIONAL,18
-6.4,-36.6,REGIONAL,18
-19.9,-40.5,INTERNAL,18
-7.2,-63.1,REGIONAL,18
-15.7,-58.1,REGIONAL,18
-23.6,-41.4,INTERNAL,18
-13.4,-44.2,REGIONAL,18
-19.0,-57.5,REGIONAL,18
-3.3,-39.2,REGIONAL,18
-22.6,-44.1,EXTERNAL,18
-16.4,-39.3,REGIONAL,18
-21.0,-51.0,EXTERNAL,18
-14.2,-44.4,REGIONAL,18
-16.6,-42.2,REGIONAL,18
-3.8,-46.1,REGIONAL,18
-19.8,-40.6,EXTERNAL,18
-7.9,-36.0,REGIONAL,18
-23.5,-51.6,REGIONAL,18
-22.2,-47.4,REGIONAL,18
-9.3,-64.6,REGIONAL,18
-30.3,-51.3,REGIONAL,18
-2.6,-60.3,REGIONAL,18
-3.7,-39.6,REGIONAL,18
-4.9,-39.2,REGIONAL,18
-5.7,-57.4,REGIONAL,18
-22.8,-41.9,EXTERNAL,18
-13.5,-61.2,EXTERNAL,18
-28.5,-49.4,REGIONAL,18
-26.6,-48.7,EXTERNAL,18
-2.7,-60.4,REGIONAL,18
-14.0,-47.0,REGIONAL,18
-8.7,-36.0,REGIONAL,18
-16.8,-53.6,REGIONAL,18
-23.9,-50.8,REGIONAL,18
-23.2,-40.9,INTERNAL,18
-7.0,-34.7,INTERNAL,18
-10.9,-61.9,REGIONAL,18
-3.1,-61.2,REGIONAL,18
-8.3,-36.9,REGIONAL,17
-12.3,-38.9,REGIONAL,17
-20.2,-51.0,REGIONAL,17
-13.4,-42.0,REGIONAL,17
-30.0,-50.9,REGIONAL,17
-24.4,-53.5,EXTERNAL,17
-17.5,-39.2,REGIONAL,17
-13.5,-38.8,REGIONAL,17
-11.3,-42.4,EXTERNAL,17
-29.7,-50.3,REGIONAL,17
-29.3,-49.8,EXTERNAL,17
-22.4,-43.3,EXTERNAL,17
-20.3,-43.4,REGIONAL,17
-22.8,-46.5,REGIONAL,17
-11.5,-61.4,REGIONAL,17
-10.6,-38.6,REGIONAL,17
-25.4,-48.9,EXTERNAL,17
-10.8,-37.0,REGIONAL,17
-28.3,-49.5,REGIONAL,17
-18.0,-52.9,REGIONAL,17
-13.1,-55.9,EXTERNAL,17
-10.4,-68.5,REGIONAL,17
-21.9,-42.5,REGIONAL,17
-22.8,-42.9,REGIONAL,17
-16.8,-57.9,REGIONAL,17
-12.3,-41.6,REGIONAL,17
-22.4,-49.1,INTERNAL,17
-21.1,-45.5,REGIONAL,17
-24.3,-48.5,INTERNAL,17
-28.8,-51.9,REGIONAL,17
-21.0,-49.0,EXTERNAL,17
-15.6,-44.4,REGIONAL,17
-24.1,-47.5,INTERNAL,17
-9.9,-59.4,REGIONAL,17
-25.8,-53.7,REGIONAL,17
-18.1,-48.6,REGIONAL,17
-19.0,-39.9,REGIONAL,17
-22.6,-44.8,REGIONAL,17
-20.2,-49.4,INTERNAL,17
-4.8,-42.2,REGIONAL,17
-22.6,-52.3,REGIONAL,17
-21.6,-47.9,INTERNAL,17
-22.7,-47.8,REGIONAL,17
-23.7,-46.0,EXTERNAL,17
-8.1,-36.4,REGIONAL,17
-24.1,-47.3,REGIONAL,17
-3.9,-60.4,EXTERNAL,17
-23.0,-47.9,EXTERNAL,17
-20.5,-47.2,REGIONAL,17
-1.5,-50.8,REGIONAL,17
-21.2,-47.7,EXTERNAL,17
-25.5,-49.6,EXTERNAL,17
-22.1,-46.6,EXTERNAL,17
-8.4,-64.0,EXTERNAL,17
-20.5,-45.4,EXTERNAL,17
-14.6,-56.3,REGIONAL,17
-28.8,-53.1,REGIONAL,17
-3.4,-38.5,REGIONAL,17
-7.2,-39.8,REGIONAL,17
-21.2,-56.5,REGIONAL,17
-13.0,-38.6,EXTERNAL,17
-19.0,-42.1,REGIONAL,17
-16.1,-50.0,REGIONAL,17
-10.0,-48.8,REGIONAL,17
-27.2,-52.6,EXTERNAL,17
-7.7,-34.8,REGIONAL,17
-26.7,-48.4,INTERNAL,17
-21.7,-44.9,REGIONAL,17
-5.6,-62.2,REGIONAL,17
-90.0,-45.0,INTERNAL,17
-22.7,-48.5,INTERNAL,17
-24.9,-47.8,REGIONAL,17
-24.7,-48.1,REGIONAL,17
-12.2,-38.9,REGIONAL,17
-19.3,-40.5,REGIONAL,17
-18.9,-48.4,REGIONAL,17
-7.6,-72.6,REGIONAL,17
-3.8,-38.4,INTERNAL,17
-24.2,-47.5,REGIONAL,17
-29.5,-51.3,EXTERNAL,17
-3.6,-46.8,REGIONAL,17
-22.2,-43.3,REGIONAL,17
-26.3,-52.7,REGIONAL,17
-6.9,-35.0,REGIONAL,17
-20.5,-48.8,INTERNAL,17
-20.5,-40.9,REGIONAL,17
-25.6,-45.2,INTERNAL,17
-11.6,-41.1,REGIONAL,17
-4.0,-43.0,EXTERNAL,17
-21.4,-47.0,REGIONAL,17
-1.0,-47.0,EXTERNAL,17
-28.0,-51.3,REGIONAL,17
-9.8,-65.5,REGIONAL,17
-5.9,-36.4,REGIONAL,17
-21.8,-47.3,REGIONAL,17
-13.4,-46.3,REGIONAL,17
-22.5,-45.4,REGIONAL,17
-21.6,-50.4,INTERNAL,17
-26.2,-49.4,EXTERNAL,17
-21.5,-43.4,REGIONAL,17
-16.1,-47.5,REGIONAL,17
-1.5,-48.4,EXTERNAL,17
-14.6,-39.2,INTERNAL,17
-22.6,-47.0,REGIONAL,17
-31.2,-50.9,REGIONAL,17
-23.2,-43.5,REGIONAL,17
-6.1,-35.2,EXTERNAL,17
-1.8,-41.5,EXTERNAL,17
-19.8,-44.8,REGIONAL,17
-20.7,-41.5,REGIONAL,17
-9.1,-62.9,REGIONAL,17
-20.6,-40.4,EXTERNAL,17
-7.6,-39.0,REGIONAL,17
-24.1,-47.9,INTERNAL,17
-9.6,-56.6,REGIONAL,17
-17.0,-51.8,EXTERNAL,17
-29.4,-51.9,REGIONAL,17
-5.8,-36.0,REGIONAL,17
-16.5,-50.7,EXTERNAL,17
-3.8,-41.0,REGIONAL,17
-27.1,-49.4,REGIONAL,17
-23.7,-52.6,EXTERNAL,17
-7.6,-34.8,INTERNAL,17
-27.4,-51.3,EXTERNAL,17
-14.6,-48.5,REGIONAL,17
-1.5,-56.3,REGIONAL,17
-17.4,-44.9,REGIONAL,17
-13.2,-41.8,REGIONAL,17
-24.4,-44.1,INTERNAL,17
-5.2,-42.7,REGIONAL,17
-24.3,-46.0,INTERNAL,17
-25.1,-51.6,REGIONAL,17
-9.5,-56.5,INTERNAL,17
-17.0,-48.0,EXTERNAL,17
-26.1,-51.9,REGIONAL,17
-23.3,-46.4,EXTERNAL,17
-29.0,-53.8,REGIONAL,17
-21.4,-46.0,EXTERNAL,17
-22.3,-41.7,EXTERNAL,17
-11.7,-40.6,REGIONAL,17
-3.2,-60.4,REGIONAL,17
-15.5,-56.0,REGIONAL,17
-26.7,-53.5,REGIONAL,17
-19.7,-44.0,EXTERNAL,17
-22.7,-50.2,EXTERNAL,17
-19.7,-43.6,REGIONAL,17
-22.8,-45.1,REGIONAL,17
-29.6,-53.8,EXTERNAL,17
-29.2,-51.4,REGIONAL,17
-19.4,-44.2,REGIONAL,17
-19.6,-56.9,REGIONAL,17
-15.4,-57.9,REGIONAL,17
-5.5,-47.5,EXTERNAL,17
-11.6,-49.2,REGIONAL,17
-3.6,-59.9,REGIONAL,17
-14.0,-59.7,REGIONAL,17
-5.0,-42.0,EXTERNAL,17
-12.2,-38.9,EXTERNAL,17
-20.7,-40.9,REGIONAL,17
-28.0,-49.9,EXTERNAL,17
-25.0,-49.0,EXTERNAL,17
-9.2,-40.4,REGIONAL,17
-22.7,-46.9,EXTERNAL,17
-27.8,-49.7,EXTERNAL,17
-12.3,-37.9,REGIONAL,17
-6.6,-47.4,REGIONAL,17
-21.2,-52.9,EXTERNAL,17
-17.8,-51.2,EXTERNAL,17
-6.5,-30.4,EXTERNAL,17
-22.0,-48.4,INTERNAL,17
-21.8,-46.5,EXTERNAL,17
-16.0,-43.0,EXTERNAL,17
-18.0,-47.8,REGIONAL,17
-20.3,-51.0,REGIONAL,17
-28.0,-48.8,REGIONAL,17
-17.0,-51.8,REGIONAL,17
-25.6,-48.5,REGIONAL,17
-22.4,-52.2,INTERNAL,17
-17.8,-52.1,EXTERNAL,17
-8.4,-36.9,REGIONAL,17
-0.6,-47.4,REGIONAL,17
-22.2,-51.3,EXTERNAL,17
-27.0,-49.0,EXTERNAL,17
-25.9,-49.2,REGIONAL,17
-14.6,-39.2,REGIONAL,17
-17.9,-42.9,REGIONAL,17
-2.9,-60.1,REGIONAL,17
-22.0,-46.4,EXTERNAL,17
-3.0,-38.0,EXTERNAL,17
-16.6,-49.9,EXTERNAL,17
-27.9,-48.9,REGIONAL,17
-21.5,-50.0,EXTERNAL,17
-8.2,-35.1,REGIONAL,17
-22.7,-46.6,EXTERNAL,17
-5.6,-37.0,EXTERNAL,17
-21.9,-50.5,REGIONAL,17
-1.2,-46.1,REGIONAL,17
-5.0,-40.0,EXTERNAL,17
-29.5,-56.8,EXTERNAL,17
-21.6,-57.7,REGIONAL,17
-22.3,-44.4,REGIONAL,17
-17.7,-39.2,EXTERNAL,17
-15.0,-47.6,REGIONAL,17
-8.1,-35.1,EXTERNAL,17
-11.0,-38.8,REGIONAL,17
-16.0,-46.0,EXTERNAL,17
-23.1,-46.8,EXTERNAL,17
-29.3,-52.4,REGIONAL,17
-9.8,-68.0,REGIONAL,17
-7.0,-37.3,EXTERNAL,17
-12.4,-38.8,EXTERNAL,17
-12.3,-41.2,EXTERNAL,17
-18.4,-43.3,REGIONAL,17
-3.2,-39.4,INTERNAL,17
-6.2,-48.5,REGIONAL,17
-12.1,-41.5,REGIONAL,17
-16.4,-54.6,REGIONAL,17
-27.6,-48.8,EXTERNAL,17
-31.0,-51.0,REGIONAL,17
-28.2,-51.7,REGIONAL,17
-22.0,-44.0,EXTERNAL,17
-7.0,-37.3,REGIONAL,17
-27.2,-49.5,REGIONAL,17
-8.6,-35.9,REGIONAL,17
-22.5,-45.0,REGIONAL,17
-21.7,-47.9,INTERNAL,17
-5.0,-47.0,EXTERNAL,17
-17.9,-56.1,REGIONAL,17
-14.2,-42.5,REGIONAL,17
-20.0,-40.2,EXTERNAL,17
-22.9,-45.7,INTERNAL,17
-24.0,-44.8,INTERNAL,17
-22.9,-45.4,EXTERNAL,17
-19.3,-44.4,REGIONAL,17
-23.2,-44.4,EXTERNAL,17
-18.9,-43.7,REGIONAL,17
-23.0,-48.3,REGIONAL,17
-12.3,-39.3,REGIONAL,17
-13.1,-38.7,REGIONAL,17
-6.7,-47.8,REGIONAL,17
-23.1,-47.1,EXTERNAL,17
-6.2,-47.4,REGIONAL,17
-22.2,-50.2,INTERNAL,17
-22.9,-48.3,EXTERNAL,17
-3.5,-39.0,REGIONAL,17
-23.3,-46.1,EXTERNAL,17
-22.6,-51.8,INTERNAL,17
-9.4,-35.9,REGIONAL,17
-22.2,-51.4,REGIONAL,17
-19.9,-43.2,REGIONAL,17
-27.9,-49.1,REGIONAL,17
-23.5,-47.3,REGIONAL,17
-14.6,-45.0,REGIONAL,17
-23.6,-45.2,REGIONAL,16
-29.5,-50.5,REGIONAL,16
-11.3,-41.0,REGIONAL,16
-23.9,-47.2,REGIONAL,16
-6.3,-35.2,REGIONAL,16
-15.5,-47.9,REGIONAL,16
-22.6,-55.6,REGIONAL,16
-4.5,-44.5,REGIONAL,16
-8.0,-34.1,EXTERNAL,16
-8.5,-35.9,REGIONAL,16
-19.8,-42.5,REGIONAL,16
-20.7,-56.8,REGIONAL,16
-25.5,-49.5,EXTERNAL,16
-27.5,-50.8,REGIONAL,16
-18.4,-43.8,REGIONAL,16
-22.7,-46.5,EXTERNAL,16
-8.7,-35.1,EXTERNAL,16
-21.7,-48.2,REGIONAL,16
-29.7,-50.8,EXTERNAL,16
-20.6,-40.1,REGIONAL,16
-18.1,-47.9,EXTERNAL,16
-22.3,-45.8,INTERNAL,16
-18.0,-46.9,REGIONAL,16
-20.4,-47.9,INTERNAL,16
-10.1,-48.8,REGIONAL,16
-7.2,-34.7,INTERNAL,16
-9.1,-68.6,REGIONAL,16
-12.9,-39.2,REGIONAL,16
-21.8,-52.1,EXTERNAL,16
-22.6,-47.2,REGIONAL,16
-31.6,-52.5,EXTERNAL,16
-10.8,-37.1,REGIONAL,16
-21.3,-46.7,REGIONAL,16
-10.1,-67.7,REGIONAL,16
-10.2,-48.9,REGIONAL,16
-1.9,-53.8,REGIONAL,16
-21.4,-42.2,REGIONAL,16
-25.5,-48.3,EXTERNAL,16
-29.3,-49.8,REGIONAL,16
-21.4,-41.0,EXTERNAL,16
-29.8,-53.8,EXTERNAL,16
-3.5,-39.1,REGIONAL,16
-32.2,-53.1,REGIONAL,16
-3.5,-59.5,REGIONAL,16
-4.5,-43.9,EXTERNAL,16
-2.3,-54.2,REGIONAL,16
-24.0,-54.0,EXTERNAL,16
-19.1,-57.5,REGIONAL,16
-22.7,-46.2,REGIONAL,16
-12.5,-41.4,EXTERNAL,16
-0.2,-51.4,REGIONAL,16
-19.6,-39.2,INTERNAL,16
-19.6,-57.4,REGIONAL,16
-20.2,-40.2,INTERNAL,16
-9.7,-56.5,REGIONAL,16
-20.6,-49.8,INTERNAL,16
-23.8,-44.6,INTERNAL,16
-14.4,-44.4,REGIONAL,16
-20.6,-49.7,INTERNAL,16
-18.0,-43.5,REGIONAL,16
-26.6,-49.2,REGIONAL,16
-16.4,-39.2,INTERNAL,16
-5.0,-37.9,REGIONAL,16
-23.3,-50.1,EXTERNAL,16
-13.3,-44.9,REGIONAL,16
-24.8,-47.6,REGIONAL,16
-5.1,-35.6,EXTERNAL,16
-1.3,-47.9,REGIONAL,16
-18.5,-54.7,REGIONAL,16
-0.7,-46.8,INTERNAL,16
-21.0,-44.9,REGIONAL,16
-22.6,-52.5,INTERNAL,16
-10.8,-42.7,REGIONAL,16
-20.2,-40.5,REGIONAL,16
-13.1,-46.9,REGIONAL,16
-1.7,-55.9,REGIONAL,16
-17.8,-50.6,EXTERNAL,16
-13.3,-44.6,EXTERNAL,16
-1.2,-48.3,EXTERNAL,16
-24.2,-47.4,INTERNAL,16
-9.2,-37.2,REGIONAL,16
-7.3,-34.8,EXTERNAL,16
-21.8,-41.5,REGIONAL,16
-23.4,-51.0,REGIONAL,16
-23.4,-45.8,REGIONAL,16
-12.0,-39.1,EXTERNAL,16
-5.4,-36.2,EXTERNAL,16
-7.5,-39.0,EXTERNAL,16
-31.4,-52.0,EXTERNAL,16
-5.1,-36.3,EXTERNAL,16
-23.2,-47.8,EXTERNAL,16
-21.6,-48.0,REGIONAL,16
-17.9,-51.8,EXTERNAL,16
-20.1,-44.1,EXTERNAL,16
-22.9,-47.7,REGIONAL,16
-22.6,-46.1,REGIONAL,16
-19.6,-43.2,REGIONAL,16
-15.8,-49.0,EXTERNAL,16
-20.7,-43.1,EXTERNAL,16
-6.7,-35.3,REGIONAL,16
-15.4,-48.6,REGIONAL,16
-16.6,-56.9,REGIONAL,16
-9.1,-37.0,EXTERNAL,16
-20.7,-51.4,INTERNAL,16
-17.3,-49.0,REGIONAL,16
-28.3,-48.8,EXTERNAL,16
-16.9,-44.9,REGIONAL,16
-11.6,-38.9,REGIONAL,16
-21.9,-41.2,REGIONAL,16
-22.8,-44.2,REGIONAL,16
-29.0,-49.4,REGIONAL,16
-0.8,-61.6,REGIONAL,16
-13.6,-38.9,INTERNAL,16
-22.4,-48.1,REGIONAL,16
-13.6,-56.7,REGIONAL,16
-14.3,-40.3,REGIONAL,16
-21.9,-46.8,INTERNAL,16
-17.6,-55.0,REGIONAL,16
-23.5,-46.0,EXTERNAL,16
-20.7,-46.8,REGIONAL,16
0.9,-29.4,REGIONAL,16
-14.8,-42.7,REGIONAL,16
-13.3,-41.7,REGIONAL,16
-22.0,-49.0,EXTERNAL,16
-20.4,-43.7,EXTERNAL,16
-27.6,-51.1,REGIONAL,16
-14.6,-40.3,REGIONAL,16
-10.5,-40.2,EXTERNAL,16
1.1,-30.1,EXTERNAL,16
-1.0,-62.9,REGIONAL,16
-0.6,-47.3,REGIONAL,16
-2.8,-40.6,REGIONAL,16
-19.4,-43.7,REGIONAL,16
-16.6,-54.5,REGIONAL,16
-9.4,-63.1,REGIONAL,16
-21.0,-37.8,EXTERNAL,16
-4.7,-65.7,REGIONAL,16
-2.9,-55.0,REGIONAL,16
-28.1,-49.0,REGIONAL,16
-20.6,-48.6,INTERNAL,16
-7.4,-34.8,REGIONAL,16
-27.9,-52.4,REGIONAL,16
-25.9,-49.0,REGIONAL,16
-22.3,-42.7,EXTERNAL,16
-0.8,-47.3,REGIONAL,16
-30.4,-51.0,INTERNAL,16
-18.0,-39.2,INTERNAL,16
-22.5,-53.0,INTERNAL,16
-27.0,-50.0,EXTERNAL,16
-8.8,-34.9,EXTERNAL,16
-7.1,-39.7,REGIONAL,16
-5.0,-63.0,REGIONAL,16
-25.3,-54.2,REGIONAL,16
-20.3,-50.2,EXTERNAL,16
-6.4,-35.8,REGIONAL,16
-23.0,-44.4,EXTERNAL,16
-22.5,-49.3,EXTERNAL,16
-16.5,-50.5,EXTERNAL,16
-16.5,-42.0,REGIONAL,16
-19.8,-41.7,REGIONAL,16
-10.9,-68.2,REGIONAL,16
-23.2,-44.6,EXTERNAL,16
-24.8,-50.0,EXTERNAL,16
-20.4,-54.5,EXTERNAL,16
-28.3,-49.1,EXTERNAL,16
-23.8,-46.2,EXTERNAL,16
-0.6,-47.6,REGIONAL,16
-18.4,-52.8,REGIONAL,16
-2.0,-69.0,EXTERNAL,16
-11.6,-41.0,EXTERNAL,16
-23.0,-43.9,INTERNAL,16
-12.2,-39.7,REGIONAL,16
-1.8,-46.9,REGIONAL,16
-17.2,-44.4,REGIONAL,16
-9.9,-63.0,EXTERNAL,16
-21.0,-47.2,INTERNAL,16
-22.8,-45.8,EXTERNAL,16
-3.4,-40.6,REGIONAL,16
-18.1,-43.5,REGIONAL,16
-25.0,-45.7,INTERNAL,16
-16.2,-48.7,EXTERNAL,16
-26.2,-48.8,EXTERNAL,16
-7.8,-39.9,REGIONAL,16
-27.7,-48.8,INTERNAL,16
-22.2,-51.2,REGIONAL,16
-2.5,-43.3,REGIONAL,16
-21.5,-54.3,REGIONAL,16
-21.2,-40.5,INTERNAL,16
-16.5,-56.8,EXTERNAL,16
-22.5,-51.0,EXTERNAL,16
-11.7,-61.9,EXTERNAL,16
-5.3,-35.8,REGIONAL,16
-12.2,-38.4,REGIONAL,16
-25.3,-49.1,EXTERNAL,16
-14.0,-47.0,EXTERNAL,16
-20.3,-44.0,EXTERNAL,16
-0.9,-62.8,EXTERNAL,16
-23.4,-47.7,REGIONAL,16
-20.7,-40.4,REGIONAL,16
-14.1,-48.4,REGIONAL,16
-5.3,-37.3,REGIONAL,16
-2.9,-44.1,REGIONAL,16
-29.7,-51.4,EXTERNAL,16
-12.8,-38.4,REGIONAL,16
-9.6,-55.2,REGIONAL,16
-23.0,-55.2,REGIONAL,16
-22.4,-46.8,EXTERNAL,16
-20.2,-40.3,INTERNAL,16
-23.3,-47.4,REGIONAL,16
-10.3,-57.0,REGIONAL,16
-7.0,-63.1,EXTERNAL,16
-21.0,-50.0,EXTERNAL,16
-20.8,-51.9,EXTERNAL,16
-10.5,-62.4,REGIONAL,16
-9.8,-67.9,REGIONAL,16
-25.8,-49.7,EXTERNAL,16
-6.5,-50.3,REGIONAL,16
-23.1,-45.7,REGIONAL,16
-22.6,-45.5,REGIONAL,16
-12.9,-47.6,REGIONAL,16
-32.1,-52.0,REGIONAL,16
-18.5,-45.4,REGIONAL,16
-22.8,-43.2,INTERNAL,16
-20.6,-50.3,INTERNAL,16
-21.9,-47.4,REGIONAL,16
-4.3,-39.3,REGIONAL,16
-12.1,-55.5,REGIONAL,16
-20.5,-49.1,INTERNAL,16
-17.4,-56.4,REGIONAL,16
-19.0,-48.4,EXTERNAL,16
-13.4,-41.8,REGIONAL,16
-22.3,-46.9,EXTERNAL,16
-5.1,-36.0,REGIONAL,16
-6.4,-36.0,EXTERNAL,16
-24.3,-48.1,REGIONAL,16
-28.3,-53.5,EXTERNAL,16
-23.6,-47.9,EXTERNAL,16
-21.7,-40.5,INTERNAL,16
-2.9,-41.8,EXTERNAL,16
-22.3,-47.1,REGIONAL,16
-26.5,-48.9,REGIONAL,16
-20.6,-40.5,EXTERNAL,16
-6.8,-36.5,REGIONAL,16
-7.3,-47.5,REGIONAL,16
-19.4,-40.4,REGIONAL,16
-26.4,-52.5,REGIONAL,16
-16.2,-48.2,REGIONAL,16
-28.9,-50.5,REGIONAL,16
-23.1,-46.8,REGIONAL,16
-26.9,-50.4,REGIONAL,16
-12.9,-47.0,REGIONAL,16
-10.0,-67.5,REGIONAL,16
-8.9,-44.3,REGIONAL,16
-2.6,-42.8,REGIONAL,15
-15.5,-48.3,REGIONAL,15
-12.7,-38.8,EXTERNAL,15
-23.2,-44.4,REGIONAL,15
-16.0,-47.5,REGIONAL,15
-17.2,-55.2,REGIONAL,15
-22.9,-42.1,EXTERNAL,15
-28.7,-49.8,REGIONAL,15
-3.3,-46.7,REGIONAL,15
-29.5,-53.6,EXTERNAL,15
-20.8,-51.1,INTERNAL,15
-27.4,-51.6,REGIONAL,15
-25.0,-44.3,INTERNAL,15
-18.7,-40.7,REGIONAL,15
-13.8,-52.1,EXTERNAL,15
3.6,-59.9,REGIONAL,15
-13.9,-44.4,EXTERNAL,15
-28.0,-51.1,REGIONAL,15
-21.9,-42.6,REGIONAL,15
-14.9,-49.6,REGIONAL,15
-21.7,-48.1,REGIONAL,15
-23.4,-51.8,REGIONAL,15
-22.5,-40.9,INTERNAL,15
-14.9,-40.9,EXTERNAL,15
-7.2,-37.3,REGIONAL,15
-18.4,-44.5,REGIONAL,15
-21.1,-49.8,INTERNAL,15
-6.5,-62.9,EXTERNAL,15
-28.5,-41.7,INTERNAL,15
-20.9,-50.9,INTERNAL,15
-22.9,-53.7,REGIONAL,15
-10.8,-41.5,REGIONAL,15
-19.8,-42.1,REGIONAL,15
-8.3,-71.1,REGIONAL,15
-25.3,-51.2,REGIONAL,15
-30.3,-50.2,REGIONAL,15
-19.3,-41.3,REGIONAL,15
-27.3,-49.5,REGIONAL,15
-14.3,-47.9,REGIONAL,15
-25.9,-49.5,EXTERNAL,15
-27.3,-48.4,EXTERNAL,15
-15.8,-48.4,REGIONAL,15
-0.6,-52.4,REGIONAL,15
-7.7,-38.2,REGIONAL,15
-2.1,-49.0,REGIONAL,15
-23.7,-52.6,REGIONAL,15
-23.1,-46.3,REGIONAL,15
-16.4,-40.1,INTERNAL,15
-23.8,-51.0,REGIONAL,15
-8.7,-35.6,REGIONAL,15
-2.1,-59.0,REGIONAL,15
-24.3,-47.9,INTERNAL,15
-13.6,-42.0,REGIONAL,15
-25.8,-49.0,REGIONAL,15
-21.3,-50.0,INTERNAL,15
-3.9,-60.5,EXTERNAL,15
-24.3,-48.6,REGIONAL,15
-3.0,-64.8,REGIONAL,15
-6.7,-36.5,REGIONAL,15
-14.9,-40.8,EXTERNAL,15
-25.5,-54.4,REGIONAL,15
-16.6,-41.8,REGIONAL,15
-15.7,-48.3,EXTERNAL,15
-26.5,-44.5,INTERNAL,15
-27.9,-54.5,EXTERNAL,15
-4.4,-37.8,INTERNAL,15
-29.6,-51.4,EXTERNAL,15
-24.0,-43.0,EXTERNAL,15
-22.1,-45.9,REGIONAL,15
-7.8,-37.6,REGIONAL,15
-5.5,-38.3,REGIONAL,15
-3.1,-60.7,REGIONAL,15
-19.9,-55.2,REGIONAL,15
-22.3,-47.9,INTERNAL,15
-14.5,-40.3,REGIONAL,15
3.0,-60.0,EXTERNAL,15
-23.6,-47.6,INTERNAL,15
-14.8,-40.0,EXTERNAL,15
-20.5,-49.2,INTERNAL,15
3.6,-63.2,REGIONAL,15
-23.1,-45.8,REGIONAL,15
-22.4,-47.7,EXTERNAL,15
-17.8,-52.0,EXTERNAL,15
-16.6,-50.0,EXTERNAL,15
-14.6,-49.2,REGIONAL,15
-29.1,-49.6,EXTERNAL,15
-17.9,-45.3,REGIONAL,15
-8.3,-36.7,REGIONAL,15
-19.9,-44.6,REGIONAL,15
-27.1,-51.7,REGIONAL,15
-2.3,-53.5,REGIONAL,15
-6.7,-36.3,REGIONAL,15
-3.2,-60.4,EXTERNAL,15
-22.3,-43.9,EXTERNAL,15
0.2,-51.0,REGIONAL,15
-24.2,-47.8,REGIONAL,15
-27.4,-48.7,EXTERNAL,15
-7.9,-72.1,REGIONAL,15
-22.7,-44.4,REGIONAL,15
-20.7,-43.8,EXTERNAL,15
-24.6,-49.5,REGIONAL,15
-15.9,-56.0,REGIONAL,15
-22.1,-49.3,EXTERNAL,15
-14.9,-47.6,REGIONAL,15
-32.2,-52.3,REGIONAL,15
-16.0,-44.3,REGIONAL,15
-19.9,-48.9,REGIONAL,15
-21.7,-47.0,INTERNAL,15
-10.8,-41.2,EXTERNAL,15
-7.5,-39.1,REGIONAL,15
-14.3,-49.2,REGIONAL,15
-3.2,-40.7,EXTERNAL,15
-15.0,-39.1,REGIONAL,15
-23.3,-47.0,INTERNAL,15
-10.3,-36.4,REGIONAL,15
-14.0,-48.4,REGIONAL,15
-8.5,-36.8,REGIONAL,15
-24.1,-54.3,REGIONAL,15
-10.3,-46.5,REGIONAL,15
-28.7,-56.0,REGIONAL,15
-23.5,-47.5,INTERNAL,15
-7.2,-40.1,REGIONAL,15
-22.3,-46.3,REGIONAL,15
-7.2,-38.8,REGIONAL,15
-10.3,-36.5,REGIONAL,15
-26.4,-51.6,REGIONAL,15
-14.1,-48.2,REGIONAL,15
-20.4,-54.5,REGIONAL,15
-22.8,-46.4,REGIONAL,15
2.9,-51.1,REGIONAL,15
-21.0,-51.1,INTERNAL,15
-19.4,-42.7,REGIONAL,15
-16.5,-42.0,EXTERNAL,15
-23.4,-46.0,INTERNAL,15
-9.0,-36.5,REGIONAL,15
-31.4,-51.0,REGIONAL,15
-22.2,-45.7,EXTERNAL,15
-25.3,-53.9,REGIONAL,15
-22.4,-44.3,EXTERNAL,15
-18.9,-40.1,REGIONAL,15
-5.3,-44.5,EXTERNAL,15
-10.1,-38.3,REGIONAL,15
-18.3,-43.9,REGIONAL,15
2.8,-60.9,REGIONAL,15
-24.1,-49.4,REGIONAL,15
-16.6,-56.8,EXTERNAL,15
-22.6,-47.0,EXTERNAL,15
-21.0,-54.0,REGIONAL,15
-17.9,-51.5,EXTERNAL,15
-24.7,-48.5,INTERNAL,15
-14.2,-48.0,REGIONAL,15
-20.3,-43.8,EXTERNAL,15
-23.9,-47.1,EXTERNAL,15
-21.7,-39.9,INTERNAL,15
-26.7,-49.4,REGIONAL,15
-21.6,-51.9,INTERNAL,15
-16.8,-50.3,REGIONAL,15
-22.5,-43.0,INTERNAL,15
-12.3,-39.1,EXTERNAL,15
-1.8,-55.9,EXTERNAL,15
-20.9,-41.9,REGIONAL,15
-22.8,-46.1,EXTERNAL,15
-4.1,-63.1,REGIONAL,15
-27.2,-50.5,REGIONAL,15
-10.4,-45.2,REGIONAL,15
-14.3,-47.5,REGIONAL,15
-11.4,-42.5,REGIONAL,15
-29.2,-51.3,EXTERNAL,15
-26.8,-49.6,REGIONAL,15
-20.2,-49.6,INTERNAL,15
-15.0,-51.1,REGIONAL,15
-9.5,-35.8,EXTERNAL,15
-19.9,-50.3,INTERNAL,15
-20.6,-40.0,REGIONAL,15
-27.8,-54.2,REGIONAL,15
-27.3,-51.5,REGIONAL,15
-22.1,-45.0,REGIONAL,15
-3.0,-47.4,REGIONAL,15
-20.5,-48.6,EXTERNAL,15
-27.6,-52.3,EXTERNAL,15
-21.1,-47.3,REGIONAL,15
-17.2,-51.8,REGIONAL,15
-18.7,-40.4,REGIONAL,15
-23.7,-49.5,INTERNAL,15
-21.4,-49.8,INTERNAL,15
-26.7,-49.6,REGIONAL,15
-22.8,-47.9,REGIONAL,15
-17.1,-51.9,EXTERNAL,15
-30.8,-55.7,REGIONAL,15
-3.6,-59.1,REGIONAL,15
-14.3,-42.6,INTERNAL,15
-10.8,-40.1,REGIONAL,15
-20.8,-56.6,REGIONAL,15
-12.9,-53.9,REGIONAL,15
-20.8,-50.7,INTERNAL,15
-2.1,-59.7,REGIONAL,15
2.9,-52.4,EXTERNAL,15
-21.3,-49.5,INTERNAL,15
-19.3,-46.1,REGIONAL,15
-21.4,-47.6,REGIONAL,15
-7.5,-36.3,REGIONAL,15
-21.2,-49.4,INTERNAL,15
-27.1,-51.6,EXTERNAL,15
-3.6,-40.5,REGIONAL,15
-17.1,-42.3,REGIONAL,15
-20.3,-50.7,INTERNAL,15
-3.3,-64.6,REGIONAL,15
-26.2,-49.9,REGIONAL,15
-7.2,-35.0,REGIONAL,15
-14.8,-39.0,INTERNAL,15
-20.2,-50.6,INTERNAL,15
-10.6,-38.7,REGIONAL,15
-20.5,-43.0,INTERNAL,15
-22.6,-42.3,EXTERNAL,15
-20.9,-48.5,INTERNAL,15
-25.5,-48.7,EXTERNAL,15
-22.4,-46.6,REGIONAL,15
-6.9,-39.2,REGIONAL,15
-23.5,-51.1,EXTERNAL,15
-22.7,-41.9,INTERNAL,15
-23.3,-52.7,REGIONAL,15
-23.0,-46.7,EXTERNAL,15
-18.7,-39.9,EXTERNAL,15
-1.3,-48.5,EXTERNAL,15
-28.7,-49.1,REGIONAL,15
-22.2,-45.0,REGIONAL,15
-27.8,-49.1,EXTERNAL,15
-31.1,-50.8,REGIONAL,15
-25.4,-50.7,REGIONAL,15
-27.1,-52.7,EXTERNAL,15
-29.2,-51.4,EXTERNAL,15
-16.4,-39.6,EXTERNAL,15
-16.5,-50.8,REGIONAL,15
-20.4,-46.1,REGIONAL,15
-22.9,-46.6,EXTERNAL,15
-19.3,-46.3,REGIONAL,15
-23.3,-44.5,INTERNAL,15
-11.3,-40.5,EXTERNAL,15
-22.2,-50.9,INTERNAL,15
-12.7,-38.9,INTERNAL,15
-23.2,-49.0,EXTERNAL,15
-18.6,-43.6,REGIONAL,15
-7.1,-35.8,REGIONAL,15
-9.2,-61.7,EXTERNAL,15
-6.8,-34.7,INTERNAL,15
-26.7,-48.9,REGIONAL,15
-21.0,-43.0,EXTERNAL,15
-7.8,-35.9,REGIONAL,15
-29.0,-49.9,REGIONAL,15
-17.5,-43.2,REGIONAL,15
-7.0,-40.0,EXTERNAL,15
-14.5,-56.8,EXTERNAL,15
-10.3,-40.3,REGIONAL,15
-28.5,-52.7,REGIONAL,15
-23.1,-48.1,EXTERNAL,15
-23.4,-46.1,REGIONAL,15
-13.4,-41.9,REGIONAL,15
-21.1,-49.0,INTERNAL,15
-13.0,-44.7,EXTERNAL,15
1.2,-60.4,REGIONAL,15
-21.4,-51.4,INTERNAL,15
-19.2,-39.7,REGIONAL,15
-21.8,-51.6,INTERNAL,15
-13.5,-51.5,REGIONAL,15
-8.6,-63.6,REGIONAL,15
-22.5,-46.7,INTERNAL,15
-25.7,-45.2,INTERNAL,15
-21.7,-48.2,EXTERNAL,15
-19.9,-43.0,REGIONAL,15
-20.7,-44.0,REGIONAL,15
-4.8,-43.6,REGIONAL,15
-13.0,-49.0,EXTERNAL,15
-11.5,-39.3,REGIONAL,15
-16.7,-57.0,REGIONAL,15
-7.5,-35.0,REGIONAL,15
-22.1,-44.6,REGIONAL,15
-21.2,-56.4,EXTERNAL,15
-13.5,-47.2,REGIONAL,15
-26.9,-49.3,EXTERNAL,15
-5.9,-35.5,REGIONAL,15
-17.8,-48.6,EXTERNAL,15
-16.5,-50.4,EXTERNAL,15
-10.8,-37.1,EXTERNAL,15
-12.7,-38.2,REGIONAL,15
-22.2,-45.7,REGIONAL,15
-23.4,-45.6,REGIONAL,15
-23.5,-52.0,EXTERNAL,15
-27.4,-53.4,REGIONAL,15
3.0,-61.0,EXTERNAL,15
-2.8,-60.7,REGIONAL,15
-15.3,-49.6,EXTERNAL,15
-1.9,-41.7,EXTERNAL,15
-3.7,-41.0,EXTERNAL,15
-24.1,-46.2,INTERNAL,15
-3.0,-41.0,EXTERNAL,15
-21.1,-47.7,EXTERNAL,15
-22.5,-50.5,REGIONAL,15
-21.6,-43.2,REGIONAL,15
-27.4,-52.1,EXTERNAL,15
-11.1,-37.2,REGIONAL,15
-16.5,-39.3,REGIONAL,15
-22.5,-47.9,REGIONAL,15
-22.3,-43.1,EXTERNAL,15
-23.1,-48.3,EXTERNAL,15
-6.1,-36.5,REGIONAL,15
-23.1,-50.4,EXTERNAL,15
-7.0,-38.6,REGIONAL,15
-9.9,-56.3,REGIONAL,15
-26.4,-48.3,INTERNAL,15
-14.8,-51.1,REGIONAL,15
-8.0,-34.0,EXTERNAL,15
-19.9,-40.9,REGIONAL,14
-23.0,-48.4,EXTERNAL,14
-6.5,-36.4,REGIONAL,14
-21.8,-46.6,INTERNAL,14
-20.7,-40.4,EXTERNAL,14
-24.2,-48.6,REGIONAL,14
-26.8,-50.2,REGIONAL,14
-17.0,-42.4,REGIONAL,14
-6.9,-38.6,REGIONAL,14
-13.5,-47.5,REGIONAL,14
-27.8,-51.1,REGIONAL,14
-23.1,-47.2,INTERNAL,14
-8.3,-36.1,REGIONAL,14
-8.3,-35.2,REGIONAL,14
-22.6,-40.4,INTERNAL,14
-22.9,-50.5,INTERNAL,14
-23.0,-43.8,REGIONAL,14
-15.4,-48.2,REGIONAL,14
-9.8,-63.1,REGIONAL,14
-18.0,-57.5,REGIONAL,14
-8.1,-70.3,REGIONAL,14
-22.7,-44.9,REGIONAL,14
-29.6,-51.3,EXTERNAL,14
-20.6,-43.7,EXTERNAL,14
-19.9,-44.8,REGIONAL,14
-25.3,-54.1,EXTERNAL,14
-17.9,-39.1,INTERNAL,14
-21.1,-40.9,REGIONAL,14
-21.7,-53.5,EXTERNAL,14
-15.5,-44.4,EXTERNAL,14
-23.8,-45.0,EXTERNAL,14
-19.9,-44.3,EXTERNAL,14
-20.8,-51.5,EXTERNAL,14
-19.6,-43.6,REGIONAL,14
-21.5,-44.6,EXTERNAL,14
3.4,-61.3,REGIONAL,14
-14.1,-47.3,REGIONAL,14
-7.1,-63.1,EXTERNAL,14
-20.7,-42.0,EXTERNAL,14
-22.1,-42.9,REGIONAL,14
-15.9,-47.6,REGIONAL,14
-14.7,-38.9,REGIONAL,14
-21.2,-50.1,INTERNAL,14
-4.0,-40.7,REGIONAL,14
-3.1,-54.9,REGIONAL,14
-8.7,-63.5,REGIONAL,14
-7.0,-34.0,EXTERNAL,14
-23.2,-46.1,EXTERNAL,14
-10.5,-50.5,REGIONAL,14
-28.5,-52.2,REGIONAL,14
-22.3,-43.3,REGIONAL,14
2.0,-60.0,EXTERNAL,14
-15.0,-48.0,EXTERNAL,14
-3.0,-40.0,EXTERNAL,14
-28.9,-51.5,REGIONAL,14
-6.8,-35.7,REGIONAL,14
-20.5,-41.4,REGIONAL,14
-16.6,-49.7,EXTERNAL,14
-20.2,-55.8,REGIONAL,14
-15.8,-43.3,EXTERNAL,14
-16.1,-50.1,REGIONAL,14
-21.0,-50.8,INTERNAL,14
-23.6,-46.1,REGIONAL,14
-25.4,-52.1,REGIONAL,14
-16.8,-43.9,EXTERNAL,14
-21.0,-55.0,REGIONAL,14
-16.6,-56.6,REGIONAL,14
-19.1,-56.8,REGIONAL,14
-9.9,-55.1,REGIONAL,14
-13.4,-40.4,REGIONAL,14
-28.7,-53.2,REGIONAL,14
-21.9,-50.5,INTERNAL,14
-12.2,-43.2,EXTERNAL,14
-4.6,-37.8,REGIONAL,14
-0.9,-51.3,REGIONAL,14
-8.9,-42.6,REGIONAL,14
-17.7,-39.3,REGIONAL,14
-21.2,-50.5,INTERNAL,14
-32.6,-52.5,REGIONAL,14
-29.3,-51.5,REGIONAL,14
-14.0,-47.7,REGIONAL,14
-18.5,-50.3,EXTERNAL,14
-6.4,-38.9,REGIONAL,14
-21.5,-57.9,REGIONAL,14
-14.9,-45.3,REGIONAL,14
-25.9,-49.4,REGIONAL,14
-16.7,-58.0,REGIONAL,14
-14.1,-40.3,REGIONAL,14
-29.2,-52.0,REGIONAL,14
-23.5,-45.9,INTERNAL,14
-8.1,-34.8,REGIONAL,14
-21.8,-40.2,INTERNAL,14
-20.6,-47.3,EXTERNAL,14
-12.1,-63.5,REGIONAL,14
-23.2,-49.2,INTERNAL,14
-8.3,-49.3,REGIONAL,14
-29.0,-49.5,REGIONAL,14
-22.3,-48.8,REGIONAL,14
-31.4,-53.1,REGIONAL,14
-23.1,-44.4,INTERNAL,14
-16.8,-56.6,REGIONAL,14
-19.5,-41.0,REGIONAL,14
-1.3,-48.4,EXTERNAL,14
-25.0,-52.0,EXTERNAL,14
-18.8,-40.5,REGIONAL,14
-28.0,-49.8,REGIONAL,14
-11.5,-42.7,EXTERNAL,14
-16.0,-58.5,REGIONAL,14
-6.2,-35.1,EXTERNAL,14
-21.4,-48.5,EXTERNAL,14
-28.5,-53.8,REGIONAL,14
-9.5,-40.6,REGIONAL,14
-13.9,-40.1,INTERNAL,14
-22.3,-40.4,INTERNAL,14
-21.2,-48.5,REGIONAL,14
-27.3,-50.1,REGIONAL,14
-20.5,-51.2,INTERNAL,14
-22.3,-47.7,EXTERNAL,14
0.9,-60.4,REGIONAL,14
-19.2,-41.4,REGIONAL,14
-27.2,-51.6,REGIONAL,14
-23.5,-53.1,REGIONAL,14
-28.6,-45.5,EXTERNAL,14
-4.8,-52.5,REGIONAL,14
-20.4,-43.4,EXTERNAL,14
-8.2,-35.7,REGIONAL,14
-8.1,-35.3,EXTERNAL,14
-11.9,-55.4,REGIONAL,14
-3.6,-38.5,REGIONAL,14
-3.5,-44.8,REGIONAL,14
-27.0,-52.2,REGIONAL,14
-23.3,-44.8,EXTERNAL,14
-22.2,-49.6,EXTERNAL,14
-31.7,-52.2,REGIONAL,14
-21.9,-44.3,REGIONAL,14
-22.0,-50.0,REGIONAL,14
-15.5,-60.1,EXTERNAL,14
-28.2,-51.2,REGIONAL,14
-20.5,-51.1,INTERNAL,14
-16.9,-42.9,REGIONAL,14
-29.6,-49.9,EXTERNAL,14
-5.5,-49.1,REGIONAL,14
-13.0,-42.0,EXTERNAL,14
-4.0,-54.9,EXTERNAL,14
-2.7,-60.6,REGIONAL,14
2.3,-54.6,REGIONAL,14
-17.6,-52.4,EXTERNAL,14
-14.5,-44.3,EXTERNAL,14
-22.9,-45.6,REGIONAL,14
-28.8,-49.1,REGIONAL,14
-15.7,-52.8,REGIONAL,14
-20.1,-50.2,INTERNAL,14
-21.3,-48.2,REGIONAL,14
-18.9,-56.7,REGIONAL,14
-8.1,-38.7,REGIONAL,14
-8.5,-48.6,REGIONAL,14
-11.0,-38.0,REGIONAL,14
1.1,-61.7,REGIONAL,14
-6.5,-50.1,REGIONAL,14
-14.2,-51.9,REGIONAL,14
-12.4,-41.4,REGIONAL,14
-5.6,-35.4,REGIONAL,14
-17.0,-43.0,EXTERNAL,14
-22.6,-46.4,EXTERNAL,14
-25.0,-53.6,REGIONAL,14
-21.4,-41.0,REGIONAL,14
2.7,-63.6,REGIONAL,14
-12.0,-55.0,EXTERNAL,14
-18.5,-43.9,REGIONAL,14
-14.8,-40.0,REGIONAL,14
-0.0,-51.2,EXTERNAL,14
-22.8,-41.8,INTERNAL,14
-17.0,-39.5,REGIONAL,14
-13.5,-60.5,REGIONAL,14
-20.8,-49.3,INTERNAL,14
-7.3,-47.4,REGIONAL,14
-21.4,-42.7,REGIONAL,14
-22.9,-45.2,REGIONAL,14
-5.3,-36.6,EXTERNAL,14
-24.3,-50.6,EXTERNAL,14
-6.0,-35.2,EXTERNAL,14
-24.0,-45.5,REGIONAL,14
-19.2,-46.2,EXTERNAL,14
-26.2,-49.1,REGIONAL,14
-10.9,-40.1,REGIONAL,14
-19.5,-40.1,REGIONAL,14
-8.8,-35.0,EXTERNAL,14
-16.8,-41.3,REGIONAL,14
-24.3,-47.4,REGIONAL,14
-12.9,-51.8,REGIONAL,14
-10.8,-38.6,REGIONAL,14
-24.9,-48.5,INTERNAL,14
-18.1,-53.3,REGIONAL,14
-23.0,-48.2,EXTERNAL,14
-22.9,-43.3,INTERNAL,14
-28.3,-51.2,REGIONAL,14
-6.9,-63.1,EXTERNAL,14
-1.2,-48.5,REGIONAL,14
-10.7,-65.3,REGIONAL,14
-20.4,-46.6,REGIONAL,14
-5.7,-35.3,REGIONAL,14
-16.0,-51.0,EXTERNAL,14
-12.8,-38.3,EXTERNAL,14
-30.9,-52.5,EXTERNAL,14
2.9,-60.6,REGIONAL,14
-10.3,-46.9,REGIONAL,14
-6.7,-40.2,REGIONAL,14
-24.0,-52.4,EXTERNAL,14
-10.5,-36.5,EXTERNAL,14
-21.5,-40.9,INTERNAL,14
-21.1,-42.6,REGIONAL,14
-13.4,-47.1,REGIONAL,14
-29.0,-51.6,REGIONAL,14
-12.4,-43.2,REGIONAL,14
-12.0,-64.1,REGIONAL,14
-23.9,-50.6,REGIONAL,14
-29.7,-51.0,EXTERNAL,14
-7.6,-35.5,REGIONAL,14
-10.3,-48.3,REGIONAL,14
-27.6,-49.0,REGIONAL,14
-7.8,-37.1,REGIONAL,14
-20.6,-47.9,REGIONAL,14
-19.9,-43.5,EXTERNAL,14
-5.1,-36.5,INTERNAL,14
-15.0,-39.3,REGIONAL,14
-20.2,-43.4,REGIONAL,14
-21.1,-42.8,REGIONAL,14
-22.8,-42.4,EXTERNAL,14
-19.6,-47.0,REGIONAL,14
-31.8,-52.6,INTERNAL,14
-22.6,-43.5,EXTERNAL,14
-24.7,-48.1,EXTERNAL,14
-13.7,-48.2,REGIONAL,14
-13.9,-39.5,REGIONAL,14
-9.9,-56.2,REGIONAL,14
-23.3,-47.8,EXTERNAL,14
-10.2,-37.4,EXTERNAL,14
-3.8,-40.3,REGIONAL,14
-4.4,-39.0,REGIONAL,14
-7.1,-41.5,REGIONAL,14
-5.0,-42.6,REGIONAL,14
-12.4,-45.0,EXTERNAL,14
0.8,-51.4,REGIONAL,14
-22.9,-46.7,EXTERNAL,14
-22.5,-44.8,INTERNAL,14
-27.1,-49.5,EXTERNAL,14
-12.1,-45.8,REGIONAL,14
-22.2,-43.1,EXTERNAL,14
-15.4,-44.3,REGIONAL,14
-22.7,-43.8,EXTERNAL,14
-4.1,-38.2,REGIONAL,14
-30.0,-52.9,REGIONAL,14
-7.7,-38.0,REGIONAL,14
-20.9,-47.6,REGIONAL,14
-28.4,-49.6,EXTERNAL,14
-9.3,-36.0,REGIONAL,14
-3.2,-40.1,REGIONAL,14
-12.8,-39.2,EXTERNAL,14
-27.7,-48.7,INTERNAL,14
-22.6,-43.7,EXTERNAL,14
-21.1,-51.4,INTERNAL,14
-22.5,-43.1,INTERNAL,14
-22.6,-43.9,EXTERNAL,14
-15.6,-46.4,REGIONAL,14
-23.0,-48.7,INTERNAL,14
-3.0,-58.0,EXTERNAL,14
-13.6,-47.5,REGIONAL,14
-22.2,-43.2,REGIONAL,14
-8.8,-44.2,REGIONAL,14
-24.5,-47.3,REGIONAL,14
-20.7,-40.0,REGIONAL,14
-14.0,-41.0,EXTERNAL,14
-23.3,-47.6,EXTERNAL,14
-25.1,-47.8,REGIONAL,14
-2.8,-43.9,REGIONAL,14
-11.7,-55.5,REGIONAL,14
-15.5,-47.7,REGIONAL,14
-18.4,-52.0,EXTERNAL,14
-21.1,-45.1,REGIONAL,14
-11.6,-61.2,REGIONAL,14
-21.5,-57.1,REGIONAL,14
-22.9,-44.3,EXTERNAL,14
-17.9,-39.4,REGIONAL,14
-23.3,-47.5,EXTERNAL,14
-10.8,-63.6,REGIONAL,14
-22.5,-53.2,EXTERNAL,14
-22.0,-47.8,INTERNAL,14
-15.6,-47.9,EXTERNAL,14
-15.6,-58.8,REGIONAL,14
-21.0,-47.9,EXTERNAL,14
-16.0,-48.3,REGIONAL,14
-12.7,-60.1,REGIONAL,14
-8.3,-38.7,REGIONAL,14
-7.9,-37.1,REGIONAL,14
-6.2,-35.8,REGIONAL,14
-4.5,-59.6,REGIONAL,14
-21.7,-43.9,EXTERNAL,14
-13.7,-46.9,REGIONAL,14
-21.2,-48.6,INTERNAL,14
-30.6,-54.1,REGIONAL,14
-3.8,-54.8,EXTERNAL,14
-19.7,-47.7,REGIONAL,14
-5.7,-37.8,REGIONAL,14
-2.0,-57.0,EXTERNAL,14
-25.5,-54.3,REGIONAL,14
-4.9,-38.0,REGIONAL,14
-20.2,-46.5,EXTERNAL,14
-22.2,-44.6,REGIONAL,14
-18.1,-53.0,REGIONAL,14
-26.7,-52.5,EXTERNAL,14
-16.8,-43.0,REGIONAL,14
-20.9,-51.3,EXTERNAL,14
-16.7,-47.7,REGIONAL,14
-22.8,-46.7,EXTERNAL,14
-16.6,-50.8,REGIONAL,14
-8.8,-35.8,EXTERNAL,14
-19.8,-43.2,EXTERNAL,14
-5.7,-35.8,REGIONAL,14
-20.4,-54.7,INTERNAL,14
-20.1,-47.8,EXTERNAL,14
-7.4,-63.2,EXTERNAL,14
-17.0,-39.6,REGIONAL,14
-23.4,-47.6,EXTERNAL,14
-24.0,-47.0,EXTERNAL,14
-5.1,-47.7,REGIONAL,14
-20.3,-51.0,INTERNAL,14
-22.6,-42.9,INTERNAL,14
-20.6,-47.4,REGIONAL,14
-30.1,-51.1,INTERNAL,14
-30.3,-50.5,REGIONAL,14
-30.6,-51.8,REGIONAL,14
-7.3,-39.1,REGIONAL,14
-4.4,-39.3,REGIONAL,14
-18.3,-39.8,REGIONAL,14
-26.2,-49.4,INTERNAL,14
-7.8,-39.1,REGIONAL,14
-20.6,-49.5,INTERNAL,13
-19.0,-56.4,REGIONAL,13
-16.3,-39.2,REGIONAL,13
-24.6,-48.6,EXTERNAL,13
-2.8,-58.2,REGIONAL,13
-21.1,-50.2,INTERNAL,13
-9.9,-36.8,REGIONAL,13
-19.4,-43.4,REGIONAL,13
-20.0,-40.8,REGIONAL,13
-14.6,-56.0,REGIONAL,13
1.8,-50.9,REGIONAL,13
-14.2,-44.6,REGIONAL,13
-20.9,-49.4,REGIONAL,13
-14.4,-48.2,REGIONAL,13
-27.4,-48.6,INTERNAL,13
-19.4,-54.7,REGIONAL,13
-21.1,-49.0,REGIONAL,13
-22.5,-52.0,INTERNAL,13
-26.2,-49.8,REGIONAL,13
-17.9,-56.0,REGIONAL,13
-30.0,-52.4,EXTERNAL,13
-9.4,-56.0,REGIONAL,13
-13.6,-52.3,REGIONAL,13
-21.8,-47.4,REGIONAL,13
-20.8,-52.0,EXTERNAL,13
-20.8,-40.7,EXTERNAL,13
-20.3,-50.9,REGIONAL,13
-23.4,-46.1,EXTERNAL,13
-5.2,-40.9,REGIONAL,13
-15.8,-58.4,REGIONAL,13
-9.9,-67.8,EXTERNAL,13
-7.3,0.0,INTERNAL,13
-18.7,-50.5,INTERNAL,13
-5.6,-36.1,EXTERNAL,13
0.9,-54.4,REGIONAL,13
-15.6,-57.2,EXTERNAL,13
-20.7,-52.1,EXTERNAL,13
-24.6,-47.4,REGIONAL,13
-6.2,-50.2,EXTERNAL,13
-21.8,-47.1,EXTERNAL,13
-9.9,-68.0,REGIONAL,13
-22.7,-51.3,INTERNAL,13
-7.4,-39.0,REGIONAL,13
-21.1,-44.3,EXTERNAL,13
-15.7,-43.0,REGIONAL,13
-17.8,-48.7,INTERNAL,13
-26.8,-51.0,EXTERNAL,13
-30.5,-52.5,EXTERNAL,13
-32.2,-52.0,REGIONAL,13
-7.5,-39.0,REGIONAL,13
-22.0,-47.7,INTERNAL,13
-5.2,-38.1,REGIONAL,13
-7.6,-63.2,EXTERNAL,13
-22.4,-41.8,INTERNAL,13
-18.2,-51.3,EXTERNAL,13
-20.8,-51.6,INTERNAL,13
-16.4,-39.0,INTERNAL,13
-26.9,-48.9,EXTERNAL,13
-14.8,-39.1,INTERNAL,13
-23.2,-45.5,INTERNAL,13
-29.3,-53.6,REGIONAL,13
-23.4,-45.9,EXTERNAL,13
-32.0,-52.0,REGIONAL,13
-1.6,-52.5,REGIONAL,13
-13.5,-40.2,REGIONAL,13
-7.9,-72.3,REGIONAL,13
-25.8,-49.2,EXTERNAL,13
-25.7,-49.4,EXTERNAL,13
-8.0,-50.0,EXTERNAL,13
-12.6,-41.6,REGIONAL,13
-13.3,-41.3,REGIONAL,13
-22.8,-42.8,REGIONAL,13
-22.7,-51.4,INTERNAL,13
-29.5,-51.8,EXTERNAL,13
-20.2,-46.7,INTERNAL,13
-24.7,-48.8,INTERNAL,13
-21.8,-48.1,EXTERNAL,13
-15.6,-39.2,REGIONAL,13
-22.7,-40.3,INTERNAL,13
-22.7,-44.0,REGIONAL,13
-1.1,-57.1,REGIONAL,13
-16.0,-56.0,EXTERNAL,13
-14.4,-40.0,REGIONAL,13
-22.5,-42.7,INTERNAL,13
3.5,-52.0,EXTERNAL,13
-1.5,-48.7,REGIONAL,13
-12.0,-64.2,REGIONAL,13
-13.6,-46.8,REGIONAL,13
-20.4,-36.6,REGIONAL,13
-2.4,-56.5,REGIONAL,13
-23.2,-47.7,EXTERNAL,13
-27.1,-51.4,REGIONAL,13
-21.3,-48.0,REGIONAL,13
-23.1,-45.6,REGIONAL,13
-26.2,-48.7,EXTERNAL,13
-20.0,-43.4,EXTERNAL,13
-3.8,-32.5,REGIONAL,13
-3.4,-68.9,REGIONAL,13
-6.4,-38.4,REGIONAL,13
-8.7,-36.3,REGIONAL,13
-5.1,-47.6,REGIONAL,13
-5.5,-47.3,REGIONAL,13
-13.6,-47.2,REGIONAL,13
-27.3,-48.5,INTERNAL,13
-8.1,-36.7,REGIONAL,13
-21.1,-47.5,REGIONAL,13
-18.0,-44.2,REGIONAL,13
-21.5,-54.4,EXTERNAL,13
-4.2,-40.7,REGIONAL,13
-19.9,-45.1,REGIONAL,13
-20.9,-48.5,REGIONAL,13
-10.3,-41.4,REGIONAL,13
-16.4,-54.6,EXTERNAL,13
-20.5,-46.0,EXTERNAL,13
-21.5,-42.6,EXTERNAL,13
-27.4,-51.0,EXTERNAL,13
-15.9,-57.1,REGIONAL,13
-26.4,-52.8,REGIONAL,13
-20.4,-50.1,INTERNAL,13
-5.1,-36.6,EXTERNAL,13
-19.9,-44.3,REGIONAL,13
-23.9,-47.6,REGIONAL,13
-29.6,-51.0,EXTERNAL,13
-16.8,-49.9,REGIONAL,13
-19.5,-56.1,EXTERNAL,13
-24.2,-44.9,INTERNAL,13
-20.7,-42.9,EXTERNAL,13
-16.4,-51.0,EXTERNAL,13
-17.1,-39.2,EXTERNAL,13
-9.5,-69.3,REGIONAL,13
-18.2,-43.4,REGIONAL,13
-17.3,-45.0,REGIONAL,13
-6.8,-43.0,EXTERNAL,13
-6.3,-50.1,REGIONAL,13
-27.2,-53.3,EXTERNAL,13
-9.4,-35.8,REGIONAL,13
-22.3,-47.8,EXTERNAL,13
-10.0,-48.9,REGIONAL,13
-20.4,-47.3,REGIONAL,13
-14.8,-40.8,EXTERNAL,13
-12.6,-38.7,INTERNAL,13
-20.8,-49.7,REGIONAL,13
-24.7,-45.9,INTERNAL,13
-15.5,-47.6,EXTERNAL,13
-5.0,-38.0,REGIONAL,13
-7.1,-35.4,REGIONAL,13
-20.9,-47.0,REGIONAL,13
-8.8,-36.0,REGIONAL,13
-5.2,-37.4,EXTERNAL,13
-22.8,-45.3,EXTERNAL,13
-28.2,-52.4,EXTERNAL,13
-25.2,-50.0,INTERNAL,13
-6.7,-40.3,REGIONAL,13
-12.4,-39.3,REGIONAL,13
-19.8,-43.5,REGIONAL,13
-28.7,-50.4,REGIONAL,13
-26.6,-49.5,REGIONAL,13
-15.5,-52.2,REGIONAL,13
-19.2,-46.6,REGIONAL,13
-18.2,-53.0,REGIONAL,13
-16.4,-51.8,REGIONAL,13
-18.7,-50.6,INTERNAL,13
-24.1,-47.8,INTERNAL,13
1.3,-61.1,REGIONAL,13
-13.3,-41.2,REGIONAL,13
-28.6,-51.6,REGIONAL,13
-18.0,-39.0,INTERNAL,13
-8.1,-38.7,EXTERNAL,13
-1.0,-46.0,EXTERNAL,13
-29.5,-53.5,REGIONAL,13
-8.3,-59.9,REGIONAL,13
-17.0,-39.5,EXTERNAL,13
-18.9,-39.8,REGIONAL,13
-11.7,-47.7,REGIONAL,13
-21.7,-44.3,REGIONAL,13
-5.9,-50.4,REGIONAL,13
-15.0,-53.0,EXTERNAL,13
-21.5,-42.2,EXTERNAL,13
-9.7,-36.7,EXTERNAL,13
-20.3,-43.7,EXTERNAL,13
-26.7,-53.2,REGIONAL,13
-25.4,-48.7,EXTERNAL,13
-1.9,-61.7,REGIONAL,13
-1.7,-55.8,REGIONAL,13
-19.4,-43.8,EXTERNAL,13
-7.1,-39.6,REGIONAL,13
-21.4,-45.8,REGIONAL,13
-26.3,-48.6,EXTERNAL,13
-1.9,-41.3,EXTERNAL,13
-16.1,-41.2,REGIONAL,13
-18.8,-48.1,REGIONAL,13
-30.9,-51.8,REGIONAL,13
-15.7,-56.2,EXTERNAL,13
-19.5,-49.5,REGIONAL,13
-25.7,-54.4,INTERNAL,13
-4.4,-70.0,EXTERNAL,13
-29.4,-50.5,REGIONAL,13
-22.1,-40.4,INTERNAL,13
-17.1,-44.8,REGIONAL,13
-21.4,-47.6,INTERNAL,13
-19.2,-44.0,REGIONAL,13
-20.8,-48.8,INTERNAL,13
-20.2,-56.3,REGIONAL,13
-12.4,-38.4,EXTERNAL,13
-21.9,-51.5,EXTERNAL,13
-2.5,-48.8,REGIONAL,13
-19.4,-47.9,REGIONAL,13
-10.7,-65.1,EXTERNAL,13
0.3,-44.3,REGIONAL,13
-16.5,-49.4,REGIONAL,13
-20.1,-49.4,INTERNAL,13
-11.9,-64.1,REGIONAL,13
-28.3,-54.3,REGIONAL,13
-10.4,-62.5,EXTERNAL,13
-19.9,-56.0,REGIONAL,13
-18.0,-39.3,INTERNAL,13
-21.3,-49.8,INTERNAL,13
0.0,-48.0,EXTERNAL,13
-20.6,-50.2,INTERNAL,13
-9.2,-62.9,REGIONAL,13
-25.2,-49.1,EXTERNAL,13
-14.9,-46.1,REGIONAL,13
-21.7,-46.6,REGIONAL,13
-1.6,-48.7,REGIONAL,13
-2.3,-54.5,EXTERNAL,13
-9.1,-64.0,REGIONAL,13
-11.7,-42.6,EXTERNAL,13
-15.4,-46.6,REGIONAL,13
-16.5,-47.8,REGIONAL,13
-22.0,-49.4,EXTERNAL,13
-5.2,-39.3,REGIONAL,13
-19.5,-41.0,EXTERNAL,13
-20.4,-43.9,REGIONAL,13
-5.3,-35.5,REGIONAL,13
-4.2,-38.1,EXTERNAL,13
-21.5,-45.2,EXTERNAL,13
-7.6,-72.6,EXTERNAL,13
-20.5,-49.8,INTERNAL,13
-12.5,-40.3,EXTERNAL,13
-4.3,-40.2,REGIONAL,13
-16.2,-56.6,REGIONAL,13
-19.9,-41.6,REGIONAL,13
-7.2,-63.1,EXTERNAL,13
-21.8,-47.5,REGIONAL,13
-6.0,-42.0,EXTERNAL,13
-10.8,-37.0,EXTERNAL,13
-28.8,-49.8,REGIONAL,13
-21.9,-40.1,INTERNAL,13
-3.5,-39.6,EXTERNAL,13
-6.3,-39.2,REGIONAL,13
-7.1,-35.7,REGIONAL,13
-2.4,-59.7,REGIONAL,13
-23.9,-46.1,EXTERNAL,13
-18.2,-48.8,REGIONAL,13
-17.0,-56.8,REGIONAL,13
-23.4,-47.9,REGIONAL,13
-8.9,-58.5,REGIONAL,13
-20.6,-52.4,EXTERNAL,13
-22.6,-44.2,REGIONAL,13
-16.7,-42.9,REGIONAL,13
-23.2,-51.7,EXTERNAL,13
-29.2,-50.0,INTERNAL,13
-5.6,-37.0,REGIONAL,13
0.7,-51.5,INTERNAL,13
-3.9,-32.6,REGIONAL,13
-23.5,-48.5,INTERNAL,13
-15.9,-48.7,REGIONAL,13
-8.9,-72.6,REGIONAL,13
-26.7,-51.7,REGIONAL,13
-17.0,-54.0,EXTERNAL,13
-17.4,-50.4,REGIONAL,13
-10.0,-47.7,REGIONAL,13
-0.9,-46.8,REGIONAL,13
-28.3,-49.9,EXTERNAL,13
-9.0,-35.8,EXTERNAL,13
-22.1,-40.5,INTERNAL,13
-21.8,-47.3,EXTERNAL,13
-22.9,-44.3,REGIONAL,13
-23.3,-48.7,EXTERNAL,13
-20.7,-43.0,REGIONAL,13
-16.4,-51.0,REGIONAL,13
-3.0,-54.9,REGIONAL,13
-19.2,-57.7,EXTERNAL,13
-18.5,-52.1,EXTERNAL,13
-21.7,-45.0,EXTERNAL,13
-1.3,-48.4,REGIONAL,13
-23.4,-48.1,REGIONAL,13
-20.8,-42.8,EXTERNAL,13
-19.8,-56.8,REGIONAL,13
-15.4,-39.6,EXTERNAL,13
-9.3,-49.8,REGIONAL,13
-11.6,-46.8,REGIONAL,13
-16.5,-48.0,REGIONAL,13
-3.0,-40.1,REGIONAL,13
-20.6,-56.6,REGIONAL,13
-11.3,-41.9,REGIONAL,13
-21.7,-49.8,INTERNAL,13
-31.5,-52.3,EXTERNAL,13
-19.8,-42.1,EXTERNAL,13
-7.6,-35.8,REGIONAL,13
-29.5,-50.0,REGIONAL,13
-25.1,-48.1,REGIONAL,13
-24.9,-47.7,REGIONAL,13
-2.2,-65.7,REGIONAL,13
-7.7,-35.3,REGIONAL,13
-30.2,-51.0,EXTERNAL,13
-20.1,-46.7,REGIONAL,13
-26.4,-46.6,INTERNAL,13
-20.5,-49.3,INTERNAL,13
-3.9,-32.4,EXTERNAL,13
-7.1,-35.0,EXTERNAL,13
-19.2,-57.0,REGIONAL,13
-12.2,-37.8,REGIONAL,13
-8.5,-39.5,REGIONAL,13
-30.0,-51.6,REGIONAL,13
3.0,-60.9,EXTERNAL,13
-18.7,-39.8,EXTERNAL,13
-4.3,-39.6,REGIONAL,13
-14.0,-39.0,REGIONAL,13
-21.8,-48.6,REGIONAL,13
-6.7,-63.0,EXTERNAL,13
-4.1,-38.2,EXTERNAL,13
-10.2,-48.4,REGIONAL,13
-26.9,-53.0,REGIONAL,13
-17.9,-51.9,EXTERNAL,13
-20.2,-42.0,REGIONAL,13
-1.4,-48.6,REGIONAL,13
-8.3,-35.8,REGIONAL,13
-23.4,-45.5,INTERNAL,13
-12.8,-48.3,REGIONAL,13
-21.6,-53.5,REGIONAL,13
-20.3,-43.0,REGIONAL,13
-20.3,-49.9,INTERNAL,13
-10.6,-36.6,REGIONAL,13
-8.0,-36.0,REGIONAL,13
-24.6,-46.3,INTERNAL,13
-14.0,-47.3,REGIONAL,13
-20.2,-49.5,INTERNAL,13
-24.7,-47.8,INTERNAL,13
-21.2,-49.7,INTERNAL,13
-19.2,-43.4,REGIONAL,13
-24.5,-47.3,EXTERNAL,13
-19.7,-45.3,REGIONAL,13
-25.3,-49.4,REGIONAL,13
-15.7,-44.0,REGIONAL,13
-33.0,-50.6,INTERNAL,13
-21.8,-52.0,REGIONAL,13
-9.9,-67.9,EXTERNAL,13
-17.7,-46.2,REGIONAL,13
-23.1,-48.6,EXTERNAL,13
-3.2,-54.9,EXTERNAL,13
-7.3,-39.3,EXTERNAL,13
-21.9,-39.8,INTERNAL,13
-11.0,-47.0,EXTERNAL,13
-19.9,-43.7,EXTERNAL,13
-29.8,-50.5,EXTERNAL,13
-6.9,-45.2,REGIONAL,13
-24.5,-48.8,INTERNAL,13
-24.6,-48.0,REGIONAL,13
-4.2,-58.7,REGIONAL,13
-25.2,-47.9,INTERNAL,13
-10.0,-40.9,REGIONAL,13
-11.7,-37.5,REGIONAL,13
-22.5,-52.2,REGIONAL,13
-18.0,-41.0,EXTERNAL,13
-8.3,-34.7,EXTERNAL,13
-21.0,-41.3,REGIONAL,13
-23.0,-46.2,REGIONAL,13
-8.6,-64.0,REGIONAL,13
-14.5,-39.0,EXTERNAL,13
-19.3,-42.0,REGIONAL,13
-21.4,-47.7,EXTERNAL,13
-15.1,-44.3,REGIONAL,13
-1.1,-48.5,REGIONAL,13
-8.1,-35.2,EXTERNAL,13
-16.8,-44.2,REGIONAL,13
-21.6,-48.8,EXTERNAL,13
-23.2,-45.4,EXTERNAL,13
-25.4,-48.9,INTERNAL,13
-22.9,-44.4,EXTERNAL,13
-7.2,-39.7,REGIONAL,13
-12.3,-42.9,REGIONAL,13
-21.9,-44.2,REGIONAL,13
-24.0,-51.0,REGIONAL,13
-24.3,-47.6,REGIONAL,13
-20.3,-56.3,REGIONAL,13
-22.1,-50.3,REGIONAL,13
-13.4,-48.2,REGIONAL,13
-23.5,-50.1,EXTERNAL,13
-20.0,-51.0,EXTERNAL,13
-3.0,-39.7,REGIONAL,13
-6.4,-36.9,REGIONAL,13
-13.5,-39.1,REGIONAL,13
-20.9,-48.8,INTERNAL,13
-32.5,-52.5,EXTERNAL,13
-24.0,-45.6,REGIONAL,13
-21.9,-51.8,REGIONAL,13
-2.8,-44.0,REGIONAL,13
-18.0,-43.8,REGIONAL,13
-25.2,-47.9,REGIONAL,13
-24.8,-47.7,INTERNAL,13
-9.4,-68.6,REGIONAL,13
-20.4,-51.4,EXTERNAL,13
-23.2,-49.7,REGIONAL,13
-15.3,-39.0,REGIONAL,12
-7.2,-38.4,REGIONAL,12
-25.3,-48.1,EXTERNAL,12
-23.1,-52.4,EXTERNAL,12
-16.2,-56.0,REGIONAL,12
-11.7,-61.3,EXTERNAL,12
-14.5,-46.8,REGIONAL,12
-29.0,-49.6,EXTERNAL,12
-23.0,-42.3,INTERNAL,12
-5.5,-35.6,REGIONAL,12
-26.5,-49.0,EXTERNAL,12
-24.3,-47.7,INTERNAL,12
-12.5,-38.3,EXTERNAL,12
-23.5,-48.4,REGIONAL,12
-28.0,-49.5,REGIONAL,12
-18.4,-52.0,REGIONAL,12
-5.4,-42.7,REGIONAL,12
-21.4,-41.1,REGIONAL,12
-27.8,-48.4,EXTERNAL,12
-23.1,-55.2,EXTERNAL,12
-3.6,-38.7,EXTERNAL,12
-21.0,-51.1,EXTERNAL,12
-23.0,-42.2,REGIONAL,12
-28.6,-49.8,REGIONAL,12
-21.2,-50.5,REGIONAL,12
-18.1,-39.6,REGIONAL,12
-4.7,-37.8,REGIONAL,12
-8.9,-42.7,REGIONAL,12
0.1,-51.1,EXTERNAL,12
-8.5,-40.9,REGIONAL,12
-23.1,-50.0,REGIONAL,12
-4.8,-61.4,EXTERNAL,12
-8.8,-63.8,REGIONAL,12
-30.5,-53.5,EXTERNAL,12
-22.6,-41.9,REGIONAL,12
-13.0,-60.6,EXTERNAL,12
-21.4,-50.1,INTERNAL,12
-22.1,-47.5,EXTERNAL,12
-22.2,-43.4,EXTERNAL,12
-29.6,-52.0,REGIONAL,12
-19.5,-44.4,REGIONAL,12
-27.5,-50.8,EXTERNAL,12
-22.9,-45.3,REGIONAL,12
-28.3,-49.3,REGIONAL,12
-19.2,-40.9,INTERNAL,12
-29.8,-51.9,REGIONAL,12
-29.7,-51.0,REGIONAL,12
-22.2,-47.9,EXTERNAL,12
-4.3,-38.5,REGIONAL,12
-8.4,-35.1,EXTERNAL,12
-6.4,-36.2,REGIONAL,12
-28.3,-49.2,EXTERNAL,12
-20.9,-56.2,REGIONAL,12
-9.6,-55.8,REGIONAL,12
-14.6,-57.5,EXTERNAL,12
-21.1,-40.6,INTERNAL,12
-14.2,-59.7,REGIONAL,12
-9.7,-56.0,REGIONAL,12
-22.0,-45.3,REGIONAL,12
-19.6,-44.4,REGIONAL,12
-21.0,-48.2,INTERNAL,12
-19.9,-55.3,REGIONAL,12
-13.7,-56.7,REGIONAL,12
-14.3,-38.9,REGIONAL,12
-16.9,-42.8,REGIONAL,12
-8.7,-64.0,REGIONAL,12
-20.2,-40.9,INTERNAL,12
-18.1,-44.3,REGIONAL,12
-4.1,-39.9,REGIONAL,12
-24.9,-44.4,INTERNAL,12
-30.0,-51.0,EXTERNAL,12
-17.4,-39.2,REGIONAL,12
-6.0,-62.5,REGIONAL,12
-3.1,-59.7,REGIONAL,12
-23.4,-42.2,INTERNAL,12
-3.3,-39.3,REGIONAL,12
-20.6,-46.5,REGIONAL,12
-21.3,-49.9,INTERNAL,12
-12.8,-38.3,REGIONAL,12
-20.9,-47.6,EXTERNAL,12
-20.7,-46.3,REGIONAL,12
-29.3,-50.8,EXTERNAL,12
-16.6,-49.4,REGIONAL,12
-20.4,-44.5,EXTERNAL,12
-31.9,-52.3,REGIONAL,12
-16.4,-50.7,EXTERNAL,12
-20.7,-43.5,REGIONAL,12
-21.2,-41.9,REGIONAL,12
-16.9,-43.1,REGIONAL,12
-20.8,-40.7,INTERNAL,12
-20.7,-48.1,EXTERNAL,12
-27.1,-50.2,REGIONAL,12
-29.8,-50.1,EXTERNAL,12
-21.1,-50.5,INTERNAL,12
-18.1,-38.8,REGIONAL,12
-23.7,-46.3,INTERNAL,12
-6.5,-35.0,REGIONAL,12
-21.6,-52.4,EXTERNAL,12
-20.2,-49.9,INTERNAL,12
-10.7,-68.5,REGIONAL,12
-12.8,-60.2,REGIONAL,12
-11.0,-68.8,REGIONAL,12
-9.7,-65.2,REGIONAL,12
-22.5,-42.6,REGIONAL,12
-29.0,-50.2,REGIONAL,12
-6.2,-47.3,REGIONAL,12
-17.9,-43.1,REGIONAL,12
-33.0,-51.2,INTERNAL,12
-33.7,-53.4,EXTERNAL,12
-2.4,-44.1,EXTERNAL,12
-29.5,-52.1,REGIONAL,12
-23.4,-51.4,REGIONAL,12
-10.1,-67.8,EXTERNAL,12
-26.6,-52.3,REGIONAL,12
-16.5,-42.8,REGIONAL,12
-0.5,-46.7,EXTERNAL,12
-17.0,-39.2,REGIONAL,12
-23.9,-42.8,INTERNAL,12
-5.2,-48.9,REGIONAL,12
-8.5,-35.1,REGIONAL,12
-27.2,-52.0,EXTERNAL,12
-16.0,-57.0,EXTERNAL,12
-8.5,-36.9,REGIONAL,12
-2.4,-55.0,REGIONAL,12
-19.0,-57.6,EXTERNAL,12
-22.3,-46.6,EXTERNAL,12
-1.0,-62.1,REGIONAL,12
-26.9,-49.8,REGIONAL,12
-22.1,-49.9,EXTERNAL,12
-11.6,-39.3,EXTERNAL,12
-26.1,-49.1,REGIONAL,12
-22.1,-47.8,INTERNAL,12
-20.3,-56.4,REGIONAL,12
-21.7,-52.4,REGIONAL,12
0.3,-51.1,REGIONAL,12
-22.5,-44.9,REGIONAL,12
-6.1,-48.4,REGIONAL,12
-20.5,-43.6,EXTERNAL,12
-23.5,-44.7,INTERNAL,12
-24.2,-52.4,REGIONAL,12
-9.1,-72.7,REGIONAL,12
-19.3,-45.0,REGIONAL,12
-16.5,-49.3,EXTERNAL,12
-21.1,-48.6,INTERNAL,12
-4.8,-61.3,EXTERNAL,12
-22.8,-46.2,EXTERNAL,12
-15.8,-51.9,REGIONAL,12
-9.8,-40.4,EXTERNAL,12
-16.6,-57.0,REGIONAL,12
-5.0,-42.7,EXTERNAL,12
-21.7,-50.8,INTERNAL,12
-25.4,-50.0,EXTERNAL,12
-21.2,-40.2,INTERNAL,12
-24.1,-47.2,INTERNAL,12
-20.8,-49.2,EXTERNAL,12
-18.0,-52.8,REGIONAL,12
-11.4,-61.7,EXTERNAL,12
-11.0,-41.0,EXTERNAL,12
-22.8,-42.5,REGIONAL,12
-24.7,-47.9,EXTERNAL,12
-31.2,-50.8,EXTERNAL,12
-29.0,-51.1,REGIONAL,12
-21.7,-41.1,REGIONAL,12
-8.3,-72.8,REGIONAL,12
-27.8,-50.2,EXTERNAL,12
-20.1,-48.6,INTERNAL,12
-5.2,-42.8,EXTERNAL,12
-23.2,-49.4,REGIONAL,12
0.9,-51.9,REGIONAL,12
-8.3,-35.1,EXTERNAL,12
2.2,-50.9,REGIONAL,12
-1.8,-47.4,REGIONAL,12
-12.4,-37.5,REGIONAL,12
-20.6,-51.2,INTERNAL,12
-21.9,-42.9,REGIONAL,12
-22.6,-47.8,EXTERNAL,12
-27.1,-53.0,REGIONAL,12
-18.3,-52.7,REGIONAL,12
-27.2,-51.5,REGIONAL,12
-25.0,-49.4,REGIONAL,12
-23.7,-47.7,EXTERNAL,12
-2.4,-48.7,REGIONAL,12
-14.7,-39.0,REGIONAL,12
-24.2,-45.0,INTERNAL,12
-6.6,-35.5,REGIONAL,12
-23.0,-51.9,REGIONAL,12
-13.5,-61.1,REGIONAL,12
4.1,-30.0,EXTERNAL,12
-20.2,-50.4,INTERNAL,12
-16.4,-49.5,REGIONAL,12
-2.8,-65.1,REGIONAL,12
-7.8,-72.4,REGIONAL,12
-21.9,-47.8,EXTERNAL,12
-4.7,-37.5,REGIONAL,12
-27.6,-50.4,REGIONAL,12
-29.1,-51.9,REGIONAL,12
-20.5,-52.7,EXTERNAL,12
-7.0,-36.5,REGIONAL,12
-2.5,-44.1,EXTERNAL,12
-20.8,-41.8,REGIONAL,12
-31.7,-52.8,REGIONAL,12
-20.6,-49.9,INTERNAL,12
-20.7,-49.7,INTERNAL,12
-20.3,-43.1,REGIONAL,12
-23.6,-48.5,EXTERNAL,12
-15.3,-44.4,REGIONAL,12
-4.1,-38.5,REGIONAL,12
-12.0,-39.1,REGIONAL,12
1.0,-51.2,REGIONAL,12
-19.0,-43.8,REGIONAL,12
-18.2,-51.4,EXTERNAL,12
-21.1,-42.9,REGIONAL,12
-12.1,-39.0,EXTERNAL,12
-23.6,-51.5,EXTERNAL,12
-18.0,-45.4,REGIONAL,12
-19.0,-47.5,REGIONAL,12
-24.1,-52.4,REGIONAL,12
-32.0,-52.0,INTERNAL,12
-29.2,-54.9,EXTERNAL,12
-20.1,-43.4,EXTERNAL,12
-22.8,-48.6,EXTERNAL,12
-20.0,-48.9,INTERNAL,12
-4.1,-60.7,EXTERNAL,12
-10.9,-62.0,EXTERNAL,12
-7.5,-60.7,REGIONAL,12
-23.5,-45.6,REGIONAL,12
-14.3,-51.0,INTERNAL,12
-7.5,-39.3,REGIONAL,12
-2.7,-42.6,REGIONAL,12
-27.7,-48.4,REGIONAL,12
-14.8,-56.4,REGIONAL,12
-20.2,-43.0,REGIONAL,12
-10.5,-62.8,REGIONAL,12
-16.4,-46.9,EXTERNAL,12
-23.3,-45.7,EXTERNAL,12
-22.5,-47.7,REGIONAL,12
-29.8,-50.9,EXTERNAL,12
-20.8,-47.4,INTERNAL,12
-21.9,-48.2,REGIONAL,12
-24.2,-43.4,INTERNAL,12
-26.4,-53.0,REGIONAL,12
-2.9,-40.8,REGIONAL,12
-10.8,-65.1,EXTERNAL,12
-27.8,-50.4,EXTERNAL,12
-15.3,-47.4,REGIONAL,12
-25.2,-50.1,REGIONAL,12
-31.6,-53.4,REGIONAL,12
-28.8,-51.7,REGIONAL,12
-33.5,-53.4,REGIONAL,12
-8.2,-35.4,REGIONAL,12
-22.5,-48.5,INTERNAL,12
-10.0,-67.6,REGIONAL,12
-18.6,-48.2,EXTERNAL,12
-20.7,-48.9,REGIONAL,12
-15.0,-60.0,REGIONAL,12
-8.4,-42.2,REGIONAL,12
-5.2,-47.7,REGIONAL,12
-12.4,-41.9,EXTERNAL,12
-7.6,-35.4,REGIONAL,12
-5.0,-44.4,REGIONAL,12
-15.2,-45.8,REGIONAL,12
-11.3,-41.8,REGIONAL,12
-1.7,-48.6,EXTERNAL,12
-5.0,-40.0,REGIONAL,12
-27.5,-51.2,REGIONAL,12
-12.8,-45.9,REGIONAL,12
-33.5,-53.4,EXTERNAL,12
-28.4,-49.2,REGIONAL,12
-16.8,-39.1,EXTERNAL,12
-22.2,-44.6,EXTERNAL,12
-20.5,-56.0,REGIONAL,12
-16.2,-46.2,REGIONAL,12
-4.5,-45.9,REGIONAL,12
-12.6,-39.0,REGIONAL,12
-9.1,-36.0,REGIONAL,12
-22.2,-41.7,REGIONAL,12
-30.3,-51.6,REGIONAL,12
-31.9,-52.3,EXTERNAL,12
-27.3,-51.3,REGIONAL,12
-23.3,-42.7,INTERNAL,12
-26.7,-48.8,REGIONAL,12
-17.0,-53.0,EXTERNAL,12
-21.5,-43.0,REGIONAL,12
-20.6,-45.3,REGIONAL,12
-22.0,-44.7,REGIONAL,12
-28.5,-49.6,REGIONAL,12
-25.1,-52.8,REGIONAL,12
-25.0,-53.3,REGIONAL,12
-7.5,-39.5,INTERNAL,12
-6.2,-62.7,EXTERNAL,12
-14.9,-39.5,REGIONAL,12
-12.9,-41.2,REGIONAL,12
-20.5,-42.1,REGIONAL,12
1.0,-51.9,REGIONAL,12
-0.7,-51.6,REGIONAL,12
-16.9,-49.4,EXTERNAL,12
-5.1,-42.7,REGIONAL,12
-16.3,-56.5,REGIONAL,12
-27.7,-51.1,REGIONAL,12
-16.0,-47.3,REGIONAL,12
-21.4,-47.3,REGIONAL,12
-3.6,-38.8,EXTERNAL,12
-4.1,-36.3,EXTERNAL,12
-23.0,-45.8,EXTERNAL,12
-14.4,-48.4,REGIONAL,12
-15.6,-47.3,EXTERNAL,12
-11.5,-63.6,REGIONAL,12
-10.5,-37.2,REGIONAL,12
-23.4,-49.6,INTERNAL,12
-7.0,-34.0,INTERNAL,12
-26.1,-48.8,REGIONAL,12
-5.1,-37.3,REGIONAL,12
-4.0,-46.8,REGIONAL,12
-11.5,-45.1,REGIONAL,12
-20.4,-56.0,REGIONAL,12
-15.2,-39.4,REGIONAL,12
-14.3,-40.1,REGIONAL,12
-28.2,-48.6,REGIONAL,12
-27.8,-48.4,REGIONAL,12
-18.6,-43.5,REGIONAL,12
-9.4,-67.3,EXTERNAL,12
-12.7,-56.9,REGIONAL,12
-23.2,-47.2,REGIONAL,12
-6.0,-40.3,EXTERNAL,12
-23.7,-41.3,INTERNAL,12
-20.1,-37.5,REGIONAL,12
-14.7,-41.0,REGIONAL,12
-17.9,-41.5,EXTERNAL,12
-20.8,-47.6,REGIONAL,12
-17.1,-47.7,REGIONAL,12
-21.3,-50.3,REGIONAL,12
-23.5,-45.6,INTERNAL,12
-7.3,-35.8,REGIONAL,12
-15.6,-54.3,REGIONAL,12
-18.4,-38.0,EXTERNAL,12
-19.0,-43.6,REGIONAL,12
-18.1,-51.9,EXTERNAL,12
-7.1,-35.8,EXTERNAL,12
-23.9,-51.9,REGIONAL,12
-7.9,-38.0,REGIONAL,12
-6.2,-50.1,REGIONAL,12
-17.6,-56.9,REGIONAL,12
-16.3,-57.8,REGIONAL,12
-13.6,-46.3,REGIONAL,12
-26.3,-49.5,REGIONAL,12
-22.5,-55.7,EXTERNAL,12
-16.3,-56.8,REGIONAL,12
-20.9,-50.6,INTERNAL,12
-9.2,-37.4,REGIONAL,12
-26.5,-48.4,EXTERNAL,12
-21.6,-51.8,INTERNAL,12
-20.1,-50.4,INTERNAL,12
-7.0,-35.8,EXTERNAL,12
-21.6,-48.4,REGIONAL,12
-1.3,-47.9,EXTERNAL,12
-22.3,-43.7,EXTERNAL,12
-23.0,-45.0,INTERNAL,12
-10.1,-54.9,REGIONAL,12
-21.0,-51.3,EXTERNAL,12
2.2,-54.2,REGIONAL,12
-20.9,-49.2,INTERNAL,12
-24.6,-47.3,REGIONAL,12
-16.0,-48.9,REGIONAL,12
-13.6,-43.0,REGIONAL,12
-15.5,-47.8,REGIONAL,12
-15.9,-50.2,REGIONAL,12
-21.6,-40.4,INTERNAL,12
-6.0,-38.0,REGIONAL,12
-5.1,-38.1,EXTERNAL,12
-25.0,-50.1,EXTERNAL,12
-7.6,-37.5,REGIONAL,12
-18.6,-45.5,REGIONAL,12
-15.3,-39.5,REGIONAL,12
-2.7,-59.9,REGIONAL,12
-20.7,-42.8,REGIONAL,12
-22.4,-49.0,REGIONAL,12
-11.6,-50.7,EXTERNAL,12
-10.1,-45.4,REGIONAL,12
-15.7,-57.3,REGIONAL,12
-12.7,-39.8,REGIONAL,12
-17.0,-49.8,REGIONAL,12
-10.9,-37.1,INTERNAL,12
-7.8,-34.8,INTERNAL,12
-17.7,-42.5,REGIONAL,12
-14.3,-44.5,REGIONAL,12
-15.3,-44.8,REGIONAL,12
-17.1,-45.0,REGIONAL,12
-2.9,-59.7,EXTERNAL,12
-24.2,-51.7,EXTERNAL,12
-20.2,-47.4,REGIONAL,12
-21.8,-40.1,INTERNAL,12
-21.5,-52.5,EXTERNAL,12
-25.7,-53.1,EXTERNAL,12
-18.9,-46.3,REGIONAL,12
-29.9,-50.2,EXTERNAL,12
-1.4,-46.1,REGIONAL,12
-11.7,-44.9,REGIONAL,12
-7.0,-42.1,REGIONAL,12
-17.8,-51.9,EXTERNAL,12
-30.1,-51.4,EXTERNAL,12
-5.8,-35.9,REGIONAL,12
-19.4,-56.2,REGIONAL,12
-5.2,-35.7,REGIONAL,12
-5.5,-36.9,REGIONAL,12
-21.0,-42.4,INTERNAL,12
-22.1,-47.9,INTERNAL,12
-3.8,-57.6,REGIONAL,12
-18.0,-45.7,REGIONAL,12
-30.3,-54.4,REGIONAL,12
-12.8,-40.2,REGIONAL,12
-18.4,-51.1,EXTERNAL,12
-2.9,-41.9,REGIONAL,11
-28.2,-49.0,REGIONAL,11
-12.1,-43.2,REGIONAL,11
-32.1,-52.6,EXTERNAL,11
-21.4,-50.6,INTERNAL,11
-27.0,-51.8,EXTERNAL,11
-22.2,-42.6,REGIONAL,11
-27.3,-48.9,EXTERNAL,11
-22.0,-40.4,INTERNAL,11
-27.2,-49.4,REGIONAL,11
-6.9,-34.8,INTERNAL,11
-20.9,-51.5,INTERNAL,11
-18.3,-48.9,REGIONAL,11
-9.7,-37.1,REGIONAL,11
-20.6,-46.2,INTERNAL,11
-20.7,-50.6,REGIONAL,11
-24.0,-46.0,INTERNAL,11
-24.6,-48.4,INTERNAL,11
-22.2,-48.8,EXTERNAL,11
-21.1,-42.4,REGIONAL,11
-3.8,-38.7,EXTERNAL,11
-1.1,-48.1,REGIONAL,11
-9.2,-36.7,REGIONAL,11
-15.6,-54.3,EXTERNAL,11
-18.7,-47.5,EXTERNAL,11
-4.0,-38.2,REGIONAL,11
-30.4,-52.4,REGIONAL,11
-7.0,-41.1,REGIONAL,11
-23.2,-51.0,REGIONAL,11
-33.1,-50.8,INTERNAL,11
-22.3,-41.8,REGIONAL,11
-8.1,-63.5,EXTERNAL,11
-3.3,-60.3,REGIONAL,11
-23.9,-44.9,INTERNAL,11
-28.6,-51.4,REGIONAL,11
-22.8,-50.0,INTERNAL,11
-3.0,-59.0,EXTERNAL,11
-28.6,-49.4,EXTERNAL,11
0.8,-63.3,REGIONAL,11
-13.8,-44.0,REGIONAL,11
-6.1,-35.5,REGIONAL,11
-22.3,-43.9,REGIONAL,11
-18.2,-47.9,EXTERNAL,11
-21.7,-46.4,REGIONAL,11
-30.2,-53.6,REGIONAL,11
-19.0,-42.0,EXTERNAL,11
-25.9,-49.1,REGIONAL,11
-20.1,-40.3,EXTERNAL,11
-20.1,-55.8,REGIONAL,11
2.0,-30.1,EXTERNAL,11
-11.8,-61.5,REGIONAL,11
-6.8,-47.9,REGIONAL,11
-4.4,-38.9,REGIONAL,11
-23.1,-45.4,INTERNAL,11
-9.0,-36.0,REGIONAL,11
-12.5,-44.8,EXTERNAL,11
-20.3,-40.8,EXTERNAL,11
-24.8,-44.7,INTERNAL,11
-13.7,-59.8,REGIONAL,11
-12.1,-45.0,EXTERNAL,11
-5.3,-49.1,EXTERNAL,11
-18.3,-51.9,EXTERNAL,11
-3.1,-41.8,REGIONAL,11
-29.4,-51.5,REGIONAL,11
-9.6,-65.1,REGIONAL,11
-6.4,-39.4,REGIONAL,11
-16.2,-46.0,REGIONAL,11
-7.9,-41.9,REGIONAL,11
-3.5,-59.9,REGIONAL,11
-21.2,-42.6,EXTERNAL,11
-21.9,-42.7,EXTERNAL,11
-27.9,-49.3,REGIONAL,11
-10.4,-40.3,REGIONAL,11
-18.8,-44.9,REGIONAL,11
-20.8,-42.2,REGIONAL,11
-2.3,-54.8,REGIONAL,11
-30.0,-51.6,EXTERNAL,11
-27.0,-51.0,EXTERNAL,11
-8.7,-35.7,REGIONAL,11
-22.7,-42.9,REGIONAL,11
-22.2,-41.5,REGIONAL,11
-12.2,-43.2,REGIONAL,11
-16.6,-49.8,EXTERNAL,11
-5.2,-37.1,REGIONAL,11
-22.4,-42.5,EXTERNAL,11
-5.8,-35.4,REGIONAL,11
-25.3,-49.0,EXTERNAL,11
-20.3,-50.3,EXTERNAL,11
-2.6,-55.1,REGIONAL,11
-8.1,-63.8,EXTERNAL,11
-20.4,-42.0,REGIONAL,11
-22.5,-45.2,REGIONAL,11
-7.1,-36.8,REGIONAL,11
-22.2,-43.0,EXTERNAL,11
-14.7,-40.1,REGIONAL,11
-8.7,-38.7,REGIONAL,11
-21.5,-51.5,EXTERNAL,11
-16.1,-39.3,REGIONAL,11
-8.8,-64.0,REGIONAL,11
-22.1,-42.6,REGIONAL,11
-16.6,-49.6,EXTERNAL,11
-7.4,-73.8,REGIONAL,11
-14.3,-48.4,REGIONAL,11
-20.2,-42.8,REGIONAL,11
-20.2,-40.7,REGIONAL,11
-8.8,-36.6,REGIONAL,11
-23.2,-47.7,REGIONAL,11
-23.4,-47.8,EXTERNAL,11
-21.5,-43.0,EXTERNAL,11
-20.1,-50.1,INTERNAL,11
-12.7,-60.1,EXTERNAL,11
-21.7,-41.2,REGIONAL,11
-14.2,-41.7,REGIONAL,11
-16.8,-49.9,EXTERNAL,11
-7.1,-37.3,REGIONAL,11
4.1,-64.4,REGIONAL,11
-3.6,-44.6,REGIONAL,11
-14.7,-39.6,REGIONAL,11
-6.7,-40.1,REGIONAL,11
-8.3,-63.8,REGIONAL,11
-24.4,-49.0,INTERNAL,11
-22.1,-40.9,INTERNAL,11
-20.5,-40.5,REGIONAL,11
-8.2,-35.0,EXTERNAL,11
-7.5,-34.5,EXTERNAL,11
-20.3,-48.3,EXTERNAL,11
-22.5,-48.6,EXTERNAL,11
-9.1,-62.2,REGIONAL,11
-5.0,-37.0,EXTERNAL,11
-24.4,-47.9,EXTERNAL,11
-19.3,-44.4,EXTERNAL,11
2.1,-50.5,INTERNAL,11
-22.4,-42.5,INTERNAL,11
-22.6,-45.8,EXTERNAL,11
-21.0,-48.2,REGIONAL,11
-6.2,-42.8,REGIONAL,11
-20.1,-45.0,EXTERNAL,11
-21.8,-48.2,INTERNAL,11
-29.5,-50.1,REGIONAL,11
-19.9,-56.4,REGIONAL,11
-20.0,-49.8,INTERNAL,11
-16.2,-39.0,EXTERNAL,11
-20.4,-49.6,INTERNAL,11
-22.1,-48.0,REGIONAL,11
-21.3,-47.2,REGIONAL,11
-22.6,-47.6,REGIONAL,11
-10.9,-37.2,EXTERNAL,11
-20.5,-56.7,REGIONAL,11
-29.6,-50.6,REGIONAL,11
-22.6,-51.9,REGIONAL,11
-11.3,-37.3,EXTERNAL,11
-21.9,-47.6,EXTERNAL,11
-21.1,-42.0,REGIONAL,11
-12.7,-40.6,REGIONAL,11
-20.4,-56.5,REGIONAL,11
-6.2,-38.3,REGIONAL,11
-25.9,-45.8,INTERNAL,11
-32.3,-52.4,REGIONAL,11
-5.8,-36.3,EXTERNAL,11
-21.4,-41.4,REGIONAL,11
-15.9,-57.8,REGIONAL,11
-28.0,-54.0,EXTERNAL,11
-15.4,-47.1,REGIONAL,11
-28.8,-49.6,REGIONAL,11
-20.8,-41.1,EXTERNAL,11
-27.2,-48.7,REGIONAL,11
-15.6,-48.3,REGIONAL,11
-22.5,-43.6,EXTERNAL,11
-24.3,-47.6,EXTERNAL,11
-22.6,-46.0,REGIONAL,11
-13.1,-41.4,REGIONAL,11
-16.1,-47.6,REGIONAL,11
2.6,-60.6,REGIONAL,11
-3.8,-49.6,EXTERNAL,11
-22.5,-52.9,INTERNAL,11
-16.0,-39.1,REGIONAL,11
-11.0,-41.1,REGIONAL,11
-21.6,-49.9,REGIONAL,11
-3.6,-39.0,REGIONAL,11
-22.2,-49.1,REGIONAL,11
-29.3,-51.3,REGIONAL,11
-27.9,-49.2,REGIONAL,11
-5.2,-36.5,REGIONAL,11
-21.0,-48.5,EXTERNAL,11
-22.7,-47.2,INTERNAL,11
-16.7,-43.0,REGIONAL,11
-17.9,-48.5,REGIONAL,11
-14.7,-41.2,REGIONAL,11
-5.9,-55.7,REGIONAL,11
-10.2,-41.0,REGIONAL,11
-16.3,-40.9,REGIONAL,11
-14.2,-40.3,REGIONAL,11
-8.9,-36.6,REGIONAL,11
-22.3,-43.0,EXTERNAL,11
-19.3,-41.2,REGIONAL,11
-22.6,-42.9,REGIONAL,11
-5.7,-50.4,REGIONAL,11
-15.3,-45.7,REGIONAL,11
-5.3,-35.3,REGIONAL,11
-15.2,-41.3,EXTERNAL,11
-21.8,-40.5,INTERNAL,11
-27.5,-51.9,REGIONAL,11
-5.8,-48.0,REGIONAL,11
-19.6,-47.9,REGIONAL,11
-25.0,-48.0,EXTERNAL,11
3.4,-61.5,REGIONAL,11
-15.8,-42.2,REGIONAL,11
-29.9,-50.4,EXTERNAL,11
-19.6,-43.8,REGIONAL,11
-16.5,-39.2,REGIONAL,11
-20.6,-48.1,INTERNAL,11
-22.7,-46.3,EXTERNAL,11
-20.4,-48.4,INTERNAL,11
-21.9,-47.6,REGIONAL,11
-27.6,-51.7,REGIONAL,11
-3.1,-58.4,INTERNAL,11
-9.9,-38.3,REGIONAL,11
-25.2,-52.0,REGIONAL,11
-10.9,-37.2,REGIONAL,11
-28.2,-50.8,REGIONAL,11
-19.8,-39.6,INTERNAL,11
-9.5,-36.0,REGIONAL,11
-13.9,-44.5,EXTERNAL,11
-23.2,-45.6,REGIONAL,11
-18.7,-40.3,EXTERNAL,11
-17.0,-52.0,EXTERNAL,11
-27.6,-49.3,REGIONAL,11
-10.5,-41.3,REGIONAL,11
-20.1,-50.7,INTERNAL,11
-3.0,-55.0,REGIONAL,11
-0.9,-48.1,EXTERNAL,11
-18.9,-52.1,EXTERNAL,11
-7.4,-47.6,REGIONAL,11
-24.5,-48.1,REGIONAL,11
-22.0,-43.7,REGIONAL,11
-31.1,-50.8,EXTERNAL,11
-7.9,-35.4,EXTERNAL,11
-22.0,-51.0,EXTERNAL,11
-22.3,-46.8,REGIONAL,11
3.0,-60.7,REGIONAL,11
-17.9,-48.6,REGIONAL,11
-22.0,-50.0,EXTERNAL,11
-16.5,-51.2,REGIONAL,11
-20.4,-47.4,REGIONAL,11
-7.6,-57.5,REGIONAL,11
-31.6,-52.6,EXTERNAL,11
-19.6,-44.1,EXTERNAL,11
-19.0,-40.5,REGIONAL,11
-16.1,-57.3,REGIONAL,11
-21.2,-48.3,EXTERNAL,11
-2.0,-47.0,EXTERNAL,11
-12.9,-52.1,REGIONAL,11
-10.4,-41.4,REGIONAL,11
-23.4,-47.9,EXTERNAL,11
-12.6,-38.5,EXTERNAL,11
-22.7,-47.3,INTERNAL,11
-10.4,-36.3,EXTERNAL,11
-10.9,-68.9,INTERNAL,11
-5.0,-43.3,REGIONAL,11
-26.8,-50.0,REGIONAL,11
-23.1,-54.2,EXTERNAL,11
-10.4,-36.4,REGIONAL,11
-29.6,-50.1,EXTERNAL,11
-6.5,-47.1,REGIONAL,11
-23.9,-46.6,INTERNAL,11
-21.5,-56.1,REGIONAL,11
-5.1,-36.4,EXTERNAL,11
-26.9,-51.2,REGIONAL,11
-22.7,-43.8,REGIONAL,11
-23.9,-48.2,REGIONAL,11
-16.3,-47.9,EXTERNAL,11
-15.2,-47.6,REGIONAL,11
-19.0,-48.4,REGIONAL,11
-9.6,-54.9,REGIONAL,11
-10.5,-37.1,EXTERNAL,11
-24.3,-50.9,REGIONAL,11
-23.7,-47.5,EXTERNAL,11
-7.8,-38.0,REGIONAL,11
-19.6,-42.6,REGIONAL,11
-17.8,-38.9,INTERNAL,11
-9.0,-35.2,EXTERNAL,11
-14.4,-47.1,REGIONAL,11
-24.0,-47.8,REGIONAL,11
-12.4,-44.9,EXTERNAL,11
-22.3,-42.8,INTERNAL,11
-24.4,-45.6,INTERNAL,11
-20.8,-41.5,EXTERNAL,11
-7.2,-73.7,REGIONAL,11
-17.2,-39.3,REGIONAL,11
-11.7,-61.8,EXTERNAL,11
-15.5,-56.2,REGIONAL,11
-20.4,-40.7,EXTERNAL,11
-30.1,-53.7,REGIONAL,11
-22.6,-44.0,EXTERNAL,11
-17.8,-56.0,REGIONAL,11
-14.7,-47.6,REGIONAL,11
-26.1,-49.9,REGIONAL,11
-3.2,-39.3,EXTERNAL,11
-21.8,-48.9,EXTERNAL,11
-30.3,-56.4,REGIONAL,11
-9.6,-63.1,REGIONAL,11
-12.5,-37.8,REGIONAL,11
-20.4,-55.9,REGIONAL,11
-20.5,-47.5,EXTERNAL,11
-21.9,-49.8,INTERNAL,11
-24.5,-44.9,INTERNAL,11
-23.4,-51.4,EXTERNAL,11
-5.9,-38.6,REGIONAL,11
-33.7,-53.3,REGIONAL,11
-7.0,-48.0,EXTERNAL,11
-6.9,-36.4,REGIONAL,11
-21.3,-48.6,REGIONAL,11
-9.6,-48.4,REGIONAL,11
-17.2,-53.9,REGIONAL,11
-16.8,-43.1,REGIONAL,11
-7.4,-37.2,REGIONAL,11
-26.5,-49.9,REGIONAL,11
-6.8,-38.3,REGIONAL,11
-18.7,-52.1,EXTERNAL,11
-24.4,-46.3,INTERNAL,11
-16.8,-47.7,REGIONAL,11
-18.9,-39.1,INTERNAL,11
-22.4,-40.6,INTERNAL,11
-13.2,-48.2,REGIONAL,11
-30.5,-46.8,INTERNAL,11
-23.8,-50.1,EXTERNAL,11
-26.2,-52.0,REGIONAL,11
-27.9,-49.4,REGIONAL,11
-15.6,-52.2,REGIONAL,11
-6.0,-37.0,REGIONAL,11
-12.4,-37.6,REGIONAL,11
-29.4,-50.2,REGIONAL,11
-27.9,-53.3,EXTERNAL,11
-19.2,-44.4,REGIONAL,11
-10.9,-68.8,REGIONAL,11
-20.7,-51.3,INTERNAL,11
-22.7,-47.5,REGIONAL,11
-6.5,-37.4,EXTERNAL,11
-23.1,-41.0,INTERNAL,11
2.9,-52.4,REGIONAL,11
-2.5,-60.0,REGIONAL,11
-29.2,-49.6,EXTERNAL,11
-18.9,-41.9,EXTERNAL,11
-18.0,-44.0,REGIONAL,11
-15.8,-58.1,REGIONAL,11
-21.9,-46.6,REGIONAL,11
-11.4,-42.3,EXTERNAL,11
-12.4,-64.2,REGIONAL,11
-20.1,-40.5,INTERNAL,11
-20.9,-49.4,EXTERNAL,11
2.5,-61.2,INTERNAL,11
-8.0,-60.1,REGIONAL,11
-14.4,-56.4,REGIONAL,11
-24.7,-47.4,INTERNAL,11
-14.7,-39.1,REGIONAL,11
-21.2,-40.7,INTERNAL,11
-22.2,-43.8,INTERNAL,11
-21.5,-43.8,EXTERNAL,11
-22.8,-47.5,REGIONAL,11
-4.0,-38.2,EXTERNAL,11
-21.8,-57.9,REGIONAL,11
-30.0,-53.7,REGIONAL,11
0.1,-51.0,REGIONAL,11
-22.4,-46.6,EXTERNAL,11
-3.8,-38.7,REGIONAL,11
-20.0,-42.1,REGIONAL,11
-23.1,-49.4,REGIONAL,11
-23.6,-42.2,INTERNAL,11
-12.5,-38.5,REGIONAL,11
-15.3,-47.7,REGIONAL,11
-21.3,-41.0,REGIONAL,11
-5.7,-67.7,REGIONAL,11
-20.4,-50.9,REGIONAL,11
-27.1,-49.0,EXTERNAL,11
-17.8,-48.5,REGIONAL,11
-22.4,-48.2,INTERNAL,11
-28.3,-48.7,EXTERNAL,11
-2.0,-44.0,EXTERNAL,11
-21.6,-44.6,REGIONAL,11
-9.3,-36.2,EXTERNAL,11
-3.6,-60.1,REGIONAL,11
-27.3,-52.8,EXTERNAL,11
-1.9,-61.6,REGIONAL,11
-23.1,-45.2,INTERNAL,11
-24.3,-47.5,EXTERNAL,11
-25.1,-53.8,REGIONAL,11
-3.0,-41.2,EXTERNAL,11
-12.3,-41.2,REGIONAL,11
-19.1,-46.3,REGIONAL,11
-9.5,-36.6,REGIONAL,11
-20.6,-49.3,INTERNAL,11
-24.9,-48.7,REGIONAL,11
-4.3,-69.9,REGIONAL,11
-2.9,-40.1,REGIONAL,11
-18.8,-39.9,REGIONAL,11
-16.0,-50.0,EXTERNAL,11
-16.0,-55.0,REGIONAL,11
-4.0,-45.0,EXTERNAL,11
-26.1,-49.4,REGIONAL,11
-24.0,-47.9,EXTERNAL,11
-14.0,-57.0,EXTERNAL,11
-19.1,-46.4,REGIONAL,11
-22.4,-42.2,EXTERNAL,11
-29.2,-49.8,EXTERNAL,11
-29.2,-52.3,REGIONAL,11
-23.0,-44.6,EXTERNAL,11
-29.0,-50.0,REGIONAL,11
-16.2,-49.6,REGIONAL,11
-19.5,-44.3,EXTERNAL,11
-20.0,-48.2,INTERNAL,11
-16.5,-49.4,EXTERNAL,11
-21.8,-57.8,REGIONAL,11
-16.5,-56.3,REGIONAL,11
-20.1,-49.7,INTERNAL,11
-20.2,-51.0,EXTERNAL,11
-16.6,-43.0,REGIONAL,11
-6.8,-38.2,REGIONAL,11
-29.4,-50.6,EXTERNAL,11
-5.6,-36.9,EXTERNAL,11
-18.3,-51.2,EXTERNAL,11
-15.6,-56.2,EXTERNAL,11
-26.3,-53.1,REGIONAL,11
-2.7,-46.4,REGIONAL,11
-18.7,-57.1,REGIONAL,11
-18.7,-47.5,REGIONAL,11
-23.0,-48.0,INTERNAL,11
-14.8,-59.2,EXTERNAL,11
-23.6,-47.7,EXTERNAL,11
-8.7,-37.3,REGIONAL,11
-2.5,-60.9,REGIONAL,11
-8.9,-36.7,REGIONAL,11
-11.2,-62.0,REGIONAL,11
-7.7,-35.6,REGIONAL,11
-22.5,-47.2,EXTERNAL,11
-3.5,-40.2,REGIONAL,11
-19.7,-45.3,EXTERNAL,11
-22.4,-44.4,REGIONAL,11
-31.5,-51.3,EXTERNAL,11
-4.9,-43.4,EXTERNAL,11
-14.1,-48.3,REGIONAL,11
-22.3,-47.9,REGIONAL,11
-22.6,-48.7,EXTERNAL,11
-14.2,-45.6,REGIONAL,11
-10.9,-40.4,REGIONAL,11
-4.1,-38.8,REGIONAL,11
-16.8,-43.6,REGIONAL,11
-22.5,-52.3,INTERNAL,11
-25.9,-45.7,INTERNAL,11
-20.3,-46.3,REGIONAL,11
-16.4,-49.5,EXTERNAL,11
-22.5,-47.0,EXTERNAL,11
2.8,-60.8,REGIONAL,11
-29.8,-57.1,INTERNAL,11
-12.3,-37.8,REGIONAL,11
-16.6,-50.5,EXTERNAL,11
-27.7,-49.7,EXTERNAL,11
-11.4,-58.8,EXTERNAL,11
-17.5,-39.7,EXTERNAL,11
-13.6,-46.4,REGIONAL,11
-2.8,-42.3,EXTERNAL,11
-27.3,-49.9,REGIONAL,11
-23.1,-55.2,REGIONAL,11
-27.1,-48.7,EXTERNAL,11
-15.8,-48.3,EXTERNAL,11
-21.8,-48.7,REGIONAL,11
-6.1,-48.3,REGIONAL,11
-16.3,-43.7,REGIONAL,11
-19.7,-40.7,REGIONAL,11
-9.0,-46.7,REGIONAL,11
-3.1,-57.7,REGIONAL,11
-30.1,-52.0,EXTERNAL,11
-7.6,-45.2,REGIONAL,11
-12.0,-52.0,EXTERNAL,11
-18.1,-51.8,EXTERNAL,11
-6.8,-37.8,EXTERNAL,11
-22.9,-45.6,EXTERNAL,11
-22.7,-49.4,EXTERNAL,11
-22.7,-43.2,INTERNAL,11
-28.1,-53.1,REGIONAL,11
-21.3,-43.7,REGIONAL,11
-2.9,-41.4,EXTERNAL,11
-5.1,-35.6,REGIONAL,11
-20.5,-54.7,INTERNAL,11
-20.4,-41.0,EXTERNAL,11
-10.6,-63.9,REGIONAL,10
-22.2,-39.8,INTERNAL,10
1.5,-50.9,REGIONAL,10
-13.0,-39.6,REGIONAL,10
-14.8,-51.0,REGIONAL,10
-21.3,-48.1,REGIONAL,10
-23.5,-51.1,REGIONAL,10
-19.2,-41.3,REGIONAL,10
-20.3,-50.5,REGIONAL,10
-21.0,-47.7,EXTERNAL,10
-22.5,-48.3,INTERNAL,10
-6.5,-34.9,INTERNAL,10
-27.6,-49.7,REGIONAL,10
-3.1,-60.4,EXTERNAL,10
-27.0,-51.8,REGIONAL,10
-21.2,-47.5,INTERNAL,10
-18.4,-39.9,REGIONAL,10
-24.6,-43.9,INTERNAL,10
-23.0,-42.7,EXTERNAL,10
-21.7,-47.5,INTERNAL,10
-24.2,-47.6,REGIONAL,10
-20.0,-56.4,REGIONAL,10
-21.5,-56.8,REGIONAL,10
-18.3,-44.2,REGIONAL,10
-12.5,-41.7,EXTERNAL,10
-25.2,-49.0,REGIONAL,10
-28.0,-54.4,REGIONAL,10
-28.1,-48.9,REGIONAL,10
-20.1,-50.9,INTERNAL,10
-19.2,-44.9,REGIONAL,10
-22.7,-42.7,EXTERNAL,10
-23.1,-44.6,REGIONAL,10
-6.6,-38.6,REGIONAL,10
-28.2,-49.4,INTERNAL,10
-19.9,-47.5,REGIONAL,10
-8.0,-35.1,EXTERNAL,10
-17.5,-39.8,EXTERNAL,10
-23.6,-51.5,REGIONAL,10
-20.8,-49.8,INTERNAL,10
-7.7,-48.4,REGIONAL,10
-3.6,-47.8,REGIONAL,10
-22.8,-43.4,INTERNAL,10
-9.0,-55.0,REGIONAL,10
-22.1,-40.6,INTERNAL,10
-23.2,-49.4,INTERNAL,10
-20.4,-45.6,INTERNAL,10
-17.0,-42.5,REGIONAL,10
0.4,-51.0,REGIONAL,10
-26.9,-52.1,EXTERNAL,10
-28.7,-53.4,REGIONAL,10
-22.3,-47.0,EXTERNAL,10
-20.4,-47.2,REGIONAL,10
-14.0,-47.4,REGIONAL,10
-15.1,-47.7,REGIONAL,10
-20.4,-43.8,REGIONAL,10
-24.2,-47.1,INTERNAL,10
-22.0,-44.8,REGIONAL,10
-13.5,-43.6,EXTERNAL,10
-13.1,-60.5,REGIONAL,10
-24.6,-48.9,INTERNAL,10
-2.0,-54.9,REGIONAL,10
-18.3,-40.1,REGIONAL,10
-16.4,-49.1,REGIONAL,10
-16.0,-47.9,EXTERNAL,10
-22.0,-44.6,INTERNAL,10
-18.6,-42.9,REGIONAL,10
-5.5,-67.5,REGIONAL,10
-24.9,-51.5,REGIONAL,10
-24.0,-48.3,EXTERNAL,10
-16.2,-48.8,REGIONAL,10
-29.3,-50.9,EXTERNAL,10
-22.3,-45.4,EXTERNAL,10
-32.6,-53.4,EXTERNAL,10
-3.5,-38.9,EXTERNAL,10
-21.6,-44.4,REGIONAL,10
-20.7,-49.1,REGIONAL,10
-8.4,-42.3,REGIONAL,10
-14.9,-47.0,REGIONAL,10
-14.5,-39.2,REGIONAL,10
-4.6,-37.7,REGIONAL,10
-1.6,-56.3,REGIONAL,10
-7.0,-36.7,REGIONAL,10
-13.0,-41.0,REGIONAL,10
-21.0,-49.5,INTERNAL,10
-20.1,-50.5,INTERNAL,10
-9.4,-62.0,REGIONAL,10
-10.3,-48.3,EXTERNAL,10
-11.1,-70.2,REGIONAL,10
-28.0,-50.8,REGIONAL,10
-20.5,-43.6,REGIONAL,10
-14.6,-39.8,INTERNAL,10
-6.4,-36.7,REGIONAL,10
-19.4,-42.4,EXTERNAL,10
-16.4,-49.4,REGIONAL,10
-14.1,-60.3,REGIONAL,10
-3.0,-47.4,EXTERNAL,10
-5.3,-49.8,REGIONAL,10
-7.5,-37.1,REGIONAL,10
-20.1,-42.4,REGIONAL,10
-22.0,-48.4,EXTERNAL,10
-11.5,-41.4,REGIONAL,10
-30.0,-52.4,REGIONAL,10
-22.1,-42.7,REGIONAL,10
-22.2,-49.7,EXTERNAL,10
-5.5,-67.4,REGIONAL,10
-2.6,-60.8,REGIONAL,10
-21.1,-48.8,INTERNAL,10
-3.4,-64.7,EXTERNAL,10
-19.5,-46.5,REGIONAL,10
-19.0,-50.3,INTERNAL,10
-12.9,-48.2,REGIONAL,10
-9.6,-36.2,REGIONAL,10
-27.3,-49.4,REGIONAL,10
-27.6,-51.5,EXTERNAL,10
-29.7,-50.9,EXTERNAL,10
-21.6,-44.9,REGIONAL,10
-10.8,-41.4,REGIONAL,10
-21.3,-41.4,REGIONAL,10
-22.4,-45.4,EXTERNAL,10
-24.3,-52.4,REGIONAL,10
-20.6,-46.3,REGIONAL,10
-2.5,-61.0,REGIONAL,10
-25.0,-48.4,INTERNAL,10
-8.7,-42.5,REGIONAL,10
-20.7,-45.4,REGIONAL,10
-0.1,-67.1,EXTERNAL,10
-27.0,-52.0,EXTERNAL,10
-13.2,-43.4,REGIONAL,10
-2.7,-44.7,REGIONAL,10
-11.6,-42.0,REGIONAL,10
-25.1,-48.9,REGIONAL,10
-14.6,-42.5,EXTERNAL,10
-21.2,-50.9,INTERNAL,10
-21.5,-48.1,REGIONAL,10
-19.4,-42.4,REGIONAL,10
-13.2,-40.8,REGIONAL,10
-3.7,-38.9,REGIONAL,10
-11.3,-42.1,REGIONAL,10
-13.1,-38.8,INTERNAL,10
-23.7,-42.1,INTERNAL,10
-15.2,-40.2,REGIONAL,10
-22.8,-47.7,REGIONAL,10
-17.1,-55.0,REGIONAL,10
-22.5,-46.4,REGIONAL,10
-19.5,-57.2,REGIONAL,10
-20.5,-55.5,INTERNAL,10
-16.0,-44.9,REGIONAL,10
-26.7,-50.0,REGIONAL,10
2.0,-50.5,EXTERNAL,10
-28.6,-49.7,REGIONAL,10
-15.5,-55.8,EXTERNAL,10
-5.6,-37.7,REGIONAL,10
-22.1,-39.8,INTERNAL,10
-20.5,-46.0,REGIONAL,10
-29.1,-51.5,EXTERNAL,10
-12.1,-37.7,REGIONAL,10
-8.4,-34.7,EXTERNAL,10
-24.1,-46.5,EXTERNAL,10
-3.2,-47.8,REGIONAL,10
-21.7,-45.2,REGIONAL,10
-11.3,-41.9,EXTERNAL,10
-13.5,-40.0,REGIONAL,10
-22.7,-46.2,EXTERNAL,10
-15.3,-55.6,REGIONAL,10
-15.1,-39.0,EXTERNAL,10
-22.6,-46.5,INTERNAL,10
-29.3,-51.0,EXTERNAL,10
-8.0,-35.6,REGIONAL,10
-17.6,-52.5,EXTERNAL,10
-18.7,-48.2,EXTERNAL,10
-9.4,-36.4,REGIONAL,10
-8.0,-44.0,EXTERNAL,10
-22.4,-45.8,EXTERNAL,10
-15.0,-49.0,REGIONAL,10
-23.5,-45.6,EXTERNAL,10
-7.7,-65.1,EXTERNAL,10
-21.1,-44.0,REGIONAL,10
-23.4,-45.7,EXTERNAL,10
-25.1,-46.4,INTERNAL,10
-13.0,-40.5,REGIONAL,10
-6.0,-49.9,REGIONAL,10
-23.0,-48.9,REGIONAL,10
-17.0,-39.4,REGIONAL,10
-25.0,-50.9,REGIONAL,10
-5.8,-50.8,REGIONAL,10
-23.3,-51.6,EXTERNAL,10
-1.7,-46.8,REGIONAL,10
-29.7,-50.6,EXTERNAL,10
-10.3,-48.2,REGIONAL,10
-21.3,-43.8,REGIONAL,10
-27.3,-51.4,EXTERNAL,10
-23.0,-49.2,EXTERNAL,10
-25.9,-53.7,REGIONAL,10
-5.5,-37.6,REGIONAL,10
-1.4,-61.7,REGIONAL,10
-2.8,-41.9,REGIONAL,10
-20.0,-48.9,EXTERNAL,10
-27.2,-51.2,REGIONAL,10
-32.1,-53.1,EXTERNAL,10
-12.1,-38.8,EXTERNAL,10
-23.1,-46.3,EXTERNAL,10
-2.2,-49.5,EXTERNAL,10
-1.4,-48.2,EXTERNAL,10
-17.1,-51.8,REGIONAL,10
-14.4,-59.6,REGIONAL,10
-8.1,-35.1,INTERNAL,10
-22.8,-47.5,EXTERNAL,10
-11.0,-37.2,REGIONAL,10
-19.5,-54.0,REGIONAL,10
-18.2,-48.0,EXTERNAL,10
-10.0,-57.9,REGIONAL,10
-16.5,-51.9,REGIONAL,10
-20.0,-40.5,EXTERNAL,10
-16.9,-42.7,REGIONAL,10
-22.0,-40.6,INTERNAL,10
-23.0,-48.6,REGIONAL,10
-23.4,-52.6,REGIONAL,10
-4.9,-47.3,REGIONAL,10
-15.0,-47.8,REGIONAL,10
-22.6,-48.0,EXTERNAL,10
-20.3,-50.3,INTERNAL,10
-25.3,-54.0,REGIONAL,10
-15.0,-44.1,REGIONAL,10
-30.8,-51.8,EXTERNAL,10
-22.2,-51.5,REGIONAL,10
-23.3,-40.9,INTERNAL,10
-3.3,-59.9,REGIONAL,10
-28.9,-51.0,REGIONAL,10
-12.9,-39.8,REGIONAL,10
-27.6,-51.4,EXTERNAL,10
-15.2,-47.8,REGIONAL,10
-23.0,-47.4,EXTERNAL,10
-11.0,-68.7,REGIONAL,10
-29.8,-53.7,REGIONAL,10
-6.9,-36.7,REGIONAL,10
-21.7,-48.0,REGIONAL,10
-22.6,-45.3,REGIONAL,10
-27.0,-51.6,REGIONAL,10
-20.8,-46.4,REGIONAL,10
-22.1,-50.0,REGIONAL,10
-3.9,-32.3,REGIONAL,10
-27.4,-48.8,REGIONAL,10
-22.6,-46.9,REGIONAL,10
-9.9,-40.6,REGIONAL,10
-27.5,-50.9,EXTERNAL,10
-13.5,-41.6,REGIONAL,10
-3.5,-38.9,INTERNAL,10
-14.4,-39.0,EXTERNAL,10
-29.3,-51.8,REGIONAL,10
-15.4,-43.2,REGIONAL,10
-29.5,-55.6,REGIONAL,10
-23.3,-46.1,REGIONAL,10
-10.7,-48.4,EXTERNAL,10
-17.9,-44.6,EXTERNAL,10
-23.0,-51.0,EXTERNAL,10
-15.2,-44.2,EXTERNAL,10
-14.0,-44.4,EXTERNAL,10
-19.8,-55.4,REGIONAL,10
-27.3,-48.8,EXTERNAL,10
-20.7,-54.6,EXTERNAL,10
-30.3,-54.9,REGIONAL,10
-17.0,-49.2,EXTERNAL,10
-23.1,-42.4,INTERNAL,10
-16.0,-40.8,REGIONAL,10
-20.8,-46.8,REGIONAL,10
-3.2,-47.7,REGIONAL,10
-22.8,-45.4,REGIONAL,10
-12.8,-41.5,EXTERNAL,10
-17.8,-39.0,INTERNAL,10
-9.7,-36.6,EXTERNAL,10
-12.9,-38.6,REGIONAL,10
-17.5,-50.4,EXTERNAL,10
-18.3,-44.1,REGIONAL,10
-9.5,-40.5,REGIONAL,10
-21.7,-48.1,INTERNAL,10
-2.6,-49.5,REGIONAL,10
-14.3,-39.4,REGIONAL,10
-2.5,-44.4,REGIONAL,10
-32.8,-52.1,INTERNAL,10
-6.5,-45.1,REGIONAL,10
-5.3,-36.8,REGIONAL,10
-31.1,-49.4,REGIONAL,10
-3.0,-39.7,EXTERNAL,10
-17.6,-57.3,REGIONAL,10
-22.3,-46.3,EXTERNAL,10
-22.7,-47.8,EXTERNAL,10
-18.6,-52.1,EXTERNAL,10
-19.1,-55.3,REGIONAL,10
-27.6,-49.4,REGIONAL,10
-17.6,-57.2,REGIONAL,10
-26.5,-53.3,REGIONAL,10
-20.3,-51.4,REGIONAL,10
-27.0,-51.7,EXTERNAL,10
-9.6,-36.5,REGIONAL,10
-14.5,-39.1,EXTERNAL,10
-22.1,-43.5,REGIONAL,10
2.5,-60.9,REGIONAL,10
-21.7,-51.1,INTERNAL,10
-5.2,-49.8,EXTERNAL,10
-24.9,-50.4,REGIONAL,10
-10.8,-65.3,REGIONAL,10
-9.2,-57.1,REGIONAL,10
-23.2,-45.4,REGIONAL,10
-24.3,-52.1,REGIONAL,10
-10.0,-45.3,REGIONAL,10
-13.7,-38.9,REGIONAL,10
-29.3,-56.6,REGIONAL,10
-21.1,-49.7,INTERNAL,10
-21.8,-42.2,REGIONAL,10
-20.2,-50.9,EXTERNAL,10
-31.3,-52.5,REGIONAL,10
-13.0,-60.9,REGIONAL,10
-21.2,-48.9,EXTERNAL,10
-10.4,-38.3,EXTERNAL,10
-3.3,-60.9,REGIONAL,10
-4.0,-38.4,REGIONAL,10
-24.0,-46.8,REGIONAL,10
-16.0,-47.1,REGIONAL,10
-27.4,-51.8,REGIONAL,10
1.5,-62.8,REGIONAL,10
-19.0,-57.4,INTERNAL,10
-24.5,-48.3,INTERNAL,10
-22.0,-48.0,EXTERNAL,10
-6.6,-36.8,REGIONAL,10
-6.3,-38.4,REGIONAL,10
-20.2,-43.9,EXTERNAL,10
-28.1,-52.9,REGIONAL,10
-5.0,-37.4,REGIONAL,10
-21.2,-43.7,REGIONAL,10
-26.8,-49.0,EXTERNAL,10
-13.1,-52.4,REGIONAL,10
-27.5,-49.0,REGIONAL,10
-24.5,-48.9,INTERNAL,10
-15.2,-51.2,REGIONAL,10
-23.2,-51.2,REGIONAL,10
-20.2,-42.5,REGIONAL,10
-19.6,-43.8,EXTERNAL,10
-24.8,-51.9,REGIONAL,10
-13.6,-56.2,REGIONAL,10
-23.6,-45.5,EXTERNAL,10
-17.6,-50.8,EXTERNAL,10
-9.8,-35.9,EXTERNAL,10
-31.0,-53.6,REGIONAL,10
-9.3,-64.5,REGIONAL,10
-25.0,-51.6,REGIONAL,10
-22.7,-45.2,REGIONAL,10
-11.1,-40.7,REGIONAL,10
-2.0,-61.2,REGIONAL,10
-26.5,-49.6,REGIONAL,10
-5.6,-37.8,REGIONAL,10
-28.1,-51.1,REGIONAL,10
-8.5,-35.2,REGIONAL,10
-16.6,-49.5,EXTERNAL,10
-1.1,-48.4,EXTERNAL,10
-2.0,-53.9,REGIONAL,10
-29.8,-52.3,EXTERNAL,10
-2.4,-60.1,REGIONAL,10
-6.0,-35.6,REGIONAL,10
-12.4,-39.1,EXTERNAL,10
-20.3,-40.9,REGIONAL,10
-1.9,-59.5,EXTERNAL,10
-22.4,-40.0,INTERNAL,10
-29.8,-57.2,REGIONAL,10
-20.3,-42.0,EXTERNAL,10
-29.4,-54.1,REGIONAL,10
-20.5,-56.9,REGIONAL,10
-0.8,-47.6,REGIONAL,10
-9.7,-50.1,REGIONAL,10
-19.0,-46.4,REGIONAL,10
-8.1,-36.9,REGIONAL,10
-9.5,-68.3,REGIONAL,10
5.1,-60.6,REGIONAL,10
-22.6,-48.0,INTERNAL,10
-26.6,-53.4,EXTERNAL,10
-26.6,-49.0,REGIONAL,10
-22.9,-45.8,INTERNAL,10
-21.9,-47.8,REGIONAL,10
-12.8,-47.1,REGIONAL,10
-22.2,-47.7,EXTERNAL,10
-9.9,-57.8,REGIONAL,10
-21.4,-40.4,INTERNAL,10
-26.2,-51.0,EXTERNAL,10
-5.2,-35.5,EXTERNAL,10
-15.9,-48.9,EXTERNAL,10
-29.5,-53.4,REGIONAL,10
-19.6,-44.1,REGIONAL,10
-29.8,-52.5,REGIONAL,10
-29.2,-51.1,EXTERNAL,10
-23.3,-51.0,EXTERNAL,10
-6.8,-43.1,REGIONAL,10
-14.0,-52.2,REGIONAL,10
-9.6,-56.2,REGIONAL,10
-22.8,-49.3,REGIONAL,10
-3.1,-46.1,REGIONAL,10
-24.0,-47.2,EXTERNAL,10
-8.8,-50.4,REGIONAL,10
-11.8,-49.0,REGIONAL,10
-16.3,-49.5,REGIONAL,10
-23.2,-44.9,EXTERNAL,10
-19.2,-41.9,REGIONAL,10
-21.1,-41.2,REGIONAL,10
-26.9,-52.0,EXTERNAL,10
-28.1,-49.7,REGIONAL,10
-14.7,-54.8,REGIONAL,10
-22.7,-50.8,INTERNAL,10
-4.9,-61.4,EXTERNAL,10
-29.0,-50.0,EXTERNAL,10
-18.7,-48.2,REGIONAL,10
-6.1,-38.0,REGIONAL,10
-9.1,-35.3,EXTERNAL,10
-19.5,-40.7,REGIONAL,10
-21.3,-47.7,EXTERNAL,10
-19.9,-43.6,REGIONAL,10
-8.6,-35.7,REGIONAL,10
-30.4,-54.0,EXTERNAL,10
-21.3,-50.3,INTERNAL,10
-6.2,-39.4,REGIONAL,10
-16.8,-57.8,REGIONAL,10
-20.7,-41.2,REGIONAL,10
-27.4,-52.2,EXTERNAL,10
-21.0,-56.6,REGIONAL,10
-30.2,-51.0,REGIONAL,10
-5.6,-47.4,REGIONAL,10
-19.6,-57.1,REGIONAL,10
-24.0,-46.9,INTERNAL,10
-13.2,-41.9,REGIONAL,10
-17.2,-48.6,REGIONAL,10
-17.7,-51.8,EXTERNAL,10
-21.8,-49.2,INTERNAL,10
-27.8,-48.9,INTERNAL,10
-22.7,-44.1,REGIONAL,10
-18.6,-41.9,REGIONAL,10
-21.8,-48.8,INTERNAL,10
-15.0,-48.9,REGIONAL,10
-12.2,-61.0,REGIONAL,10
-11.2,-63.1,REGIONAL,10
-26.8,-50.3,REGIONAL,10
-21.2,-51.5,REGIONAL,10
-12.2,-39.2,REGIONAL,10
2.5,-60.8,REGIONAL,10
-28.0,-55.0,REGIONAL,10
-18.0,-53.0,REGIONAL,10
-31.2,-53.5,REGIONAL,10
1.7,-50.1,INTERNAL,10
-6.4,-37.1,REGIONAL,10
-27.2,-47.1,INTERNAL,10
-14.0,-41.2,REGIONAL,10
-24.2,-47.1,REGIONAL,10
-24.8,-48.2,REGIONAL,10
-20.5,-45.6,REGIONAL,10
-24.4,-54.0,REGIONAL,10
-29.8,-56.9,REGIONAL,10
-13.3,-41.6,REGIONAL,10
-11.4,-40.5,EXTERNAL,10
-9.0,-72.7,REGIONAL,10
-7.7,-34.8,EXTERNAL,10
-3.4,-64.8,REGIONAL,10
-20.9,-55.0,REGIONAL,10
-23.1,-48.4,REGIONAL,10
-17.8,-45.1,REGIONAL,10
-20.5,-42.0,REGIONAL,10
-7.8,-35.8,REGIONAL,10
-7.4,-36.8,REGIONAL,10
1.1,-32.6,REGIONAL,10
-8.4,-35.1,REGIONAL,10
-22.5,-40.2,INTERNAL,10
-20.4,-43.3,REGIONAL,10
-20.6,-54.8,REGIONAL,10
-12.0,-39.2,EXTERNAL,10
-20.3,-50.9,INTERNAL,10
-16.4,-49.3,EXTERNAL,10
-9.0,-39.9,EXTERNAL,10
-19.2,-45.8,REGIONAL,10
-8.6,-35.2,REGIONAL,10
-10.1,-59.5,REGIONAL,10
-26.3,-49.4,EXTERNAL,10
-16.5,-49.3,INTERNAL,10
-20.4,-55.3,INTERNAL,10
-29.1,-53.8,EXTERNAL,10
-26.3,-49.3,INTERNAL,10
-21.3,-43.2,REGIONAL,10
-15.2,-39.6,REGIONAL,10
-14.6,-46.1,REGIONAL,10
-18.9,-43.8,REGIONAL,10
-17.0,-57.1,REGIONAL,10
-18.8,-42.9,EXTERNAL,10
-30.0,-53.9,EXTERNAL,10
-18.4,-43.7,EXTERNAL,10
-9.7,-55.2,REGIONAL,10
-21.6,-42.1,EXTERNAL,10
-21.8,-40.0,INTERNAL,10
-27.1,-51.5,REGIONAL,10
-6.6,-44.1,REGIONAL,10
-22.8,-45.1,EXTERNAL,10
-10.7,-39.8,REGIONAL,10
-19.3,-46.0,REGIONAL,10
-0.9,-48.1,REGIONAL,10
-21.2,-48.0,EXTERNAL,10
-27.7,-49.1,EXTERNAL,10
-24.8,-47.7,REGIONAL,10
-29.3,-51.4,EXTERNAL,10
-23.6,-46.1,EXTERNAL,10
-5.7,-35.2,EXTERNAL,10
-20.2,-42.0,EXTERNAL,10
-1.4,-69.4,REGIONAL,10
-6.9,-34.9,EXTERNAL,10
-25.7,-53.8,EXTERNAL,10
-5.2,-37.2,REGIONAL,10
-19.7,-39.1,INTERNAL,10
1.6,-60.6,REGIONAL,10
-1.6,-48.9,REGIONAL,10
-3.2,-57.3,REGIONAL,10
-6.7,-34.9,REGIONAL,10
-8.0,-36.1,REGIONAL,10
-28.8,-50.6,REGIONAL,10
-6.2,-37.4,EXTERNAL,10
-21.9,-46.4,EXTERNAL,10
-21.6,-43.5,REGIONAL,10
-14.4,-45.8,REGIONAL,10
-19.8,-43.2,REGIONAL,10
-22.4,-48.0,REGIONAL,10
-24.0,-46.6,INTERNAL,10
-14.1,-42.9,EXTERNAL,10
-15.2,-49.8,REGIONAL,10
-6.4,-37.2,REGIONAL,10
-26.1,-49.3,REGIONAL,10
-27.3,-50.5,REGIONAL,10
-23.1,-51.0,REGIONAL,10
-22.2,-53.5,REGIONAL,10
-19.0,-45.4,REGIONAL,10
-12.8,-46.5,REGIONAL,10
-7.5,-36.7,REGIONAL,10
-22.4,-41.9,EXTERNAL,10
-21.1,-48.5,INTERNAL,10
-9.2,-40.5,REGIONAL,10
-22.7,-45.7,EXTERNAL,10
-6.2,-36.7,REGIONAL,10
-23.5,-46.7,INTERNAL,10
-20.3,-46.5,EXTERNAL,10
-18.9,-48.1,REGIONAL,10
-21.1,-48.7,REGIONAL,10
-14.3,-42.5,REGIONAL,10
-23.3,-44.5,REGIONAL,10
-9.7,-36.7,REGIONAL,10
-19.8,-44.3,EXTERNAL,10
-2.2,-56.1,REGIONAL,10
-27.5,-49.0,EXTERNAL,10
-5.6,-37.3,REGIONAL,10
-20.9,-49.1,INTERNAL,10
-22.2,-42.9,REGIONAL,10
-7.5,-73.0,REGIONAL,10
-13.7,-41.7,REGIONAL,10
-13.2,-44.7,EXTERNAL,10
-16.1,-51.2,EXTERNAL,10
-17.2,-45.5,REGIONAL,10
-22.1,-51.3,EXTERNAL,10
-22.4,-47.3,EXTERNAL,10
-2.1,-59.6,REGIONAL,10
-15.9,-48.5,REGIONAL,10
-19.0,-48.2,EXTERNAL,10
-5.8,-49.8,REGIONAL,10
-11.7,-38.9,REGIONAL,10
-9.4,-64.7,REGIONAL,10
-16.2,-46.5,REGIONAL,10
-24.7,-45.3,INTERNAL,10
-7.2,-37.1,REGIONAL,10
-20.0,-43.7,REGIONAL,10
-7.2,-48.2,EXTERNAL,10
-18.9,-42.4,REGIONAL,10
-6.1,-50.3,EXTERNAL,10
-10.8,-68.3,REGIONAL,9
-14.6,-46.6,REGIONAL,9
-24.6,-48.0,INTERNAL,9
-22.6,-46.0,EXTERNAL,9
-20.3,-43.6,EXTERNAL,9
-19.6,-47.8,EXTERNAL,9
-13.6,-41.7,REGIONAL,9
-24.0,-47.9,REGIONAL,9
2.7,-60.8,REGIONAL,9
-21.2,-51.9,INTERNAL,9
-8.0,-39.1,REGIONAL,9
-20.6,-52.3,EXTERNAL,9
-4.9,-39.1,REGIONAL,9
-0.1,-51.8,REGIONAL,9
-20.4,-51.3,EXTERNAL,9
-20.0,-48.0,EXTERNAL,9
-26.5,-49.4,REGIONAL,9
-3.4,-57.8,REGIONAL,9
-11.0,-55.0,EXTERNAL,9
-16.9,-43.2,REGIONAL,9
-26.1,-52.7,REGIONAL,9
-21.1,-40.2,INTERNAL,9
-23.8,-47.7,EXTERNAL,9
-17.6,-39.7,REGIONAL,9
-20.7,-44.1,REGIONAL,9
-20.5,-56.8,REGIONAL,9
-21.7,-47.5,REGIONAL,9
-19.1,-46.7,REGIONAL,9
-0.8,-48.5,EXTERNAL,9
-21.8,-50.9,INTERNAL,9
-2.6,-60.9,EXTERNAL,9
-27.8,-49.6,REGIONAL,9
-5.5,-49.2,REGIONAL,9
-21.7,-43.5,EXTERNAL,9
-7.1,-35.2,EXTERNAL,9
-25.5,-50.6,EXTERNAL,9
2.6,-51.0,REGIONAL,9
-24.2,-44.7,INTERNAL,9
-23.5,-51.7,EXTERNAL,9
-4.2,-44.8,REGIONAL,9
-2.9,-44.3,REGIONAL,9
-18.6,-42.7,REGIONAL,9
-19.2,-41.6,REGIONAL,9
-16.2,-48.0,EXTERNAL,9
-28.6,-53.0,EXTERNAL,9
-20.4,-55.8,REGIONAL,9
-21.8,-49.6,EXTERNAL,9
-21.7,-46.5,REGIONAL,9
-7.2,-35.2,REGIONAL,9
-29.0,-56.0,EXTERNAL,9
-28.0,-50.5,REGIONAL,9
-15.7,-47.4,REGIONAL,9
-20.5,-43.9,EXTERNAL,9
-19.0,-49.4,EXTERNAL,9
-10.9,-37.7,REGIONAL,9
-18.4,-50.4,EXTERNAL,9
-21.7,-52.5,EXTERNAL,9
-30.3,-51.0,EXTERNAL,9
-25.2,-50.6,REGIONAL,9
-9.1,-38.2,REGIONAL,9
-7.7,-34.9,INTERNAL,9
-3.1,-47.3,REGIONAL,9
-12.4,-39.1,REGIONAL,9
-20.0,-49.0,INTERNAL,9
-19.7,-44.2,REGIONAL,9
-23.2,-45.7,EXTERNAL,9
-19.3,-46.4,REGIONAL,9
-1.4,-48.9,REGIONAL,9
-16.6,-49.0,INTERNAL,9
-23.5,-45.5,REGIONAL,9
-4.8,-47.3,REGIONAL,9
-29.3,-51.1,REGIONAL,9
-19.0,-56.3,REGIONAL,9
-23.0,-46.6,EXTERNAL,9
-29.6,-50.0,EXTERNAL,9
-20.1,-40.8,REGIONAL,9
-20.0,-40.3,REGIONAL,9
-21.9,-43.2,REGIONAL,9
-3.5,-39.6,REGIONAL,9
-14.7,-52.4,EXTERNAL,9
-28.1,-48.8,REGIONAL,9
-27.2,-46.9,INTERNAL,9
-24.6,-48.3,REGIONAL,9
-22.8,-52.0,EXTERNAL,9
-3.4,-39.1,EXTERNAL,9
-21.2,-40.8,INTERNAL,9
-6.8,-36.7,REGIONAL,9
-21.6,-43.3,REGIONAL,9
-17.1,-43.1,REGIONAL,9
-8.7,-69.5,REGIONAL,9
-7.6,-35.1,REGIONAL,9
-16.9,-51.9,EXTERNAL,9
-16.0,-57.1,REGIONAL,9
-19.8,-40.3,INTERNAL,9
-22.3,-47.0,INTERNAL,9
-23.3,-52.0,REGIONAL,9
2.3,-45.9,EXTERNAL,9
-30.9,-55.5,EXTERNAL,9
-22.3,-51.5,EXTERNAL,9
-6.7,-38.3,REGIONAL,9
-19.4,-40.1,INTERNAL,9
-20.0,-53.2,REGIONAL,9
-23.4,-45.4,INTERNAL,9
-25.8,-48.9,REGIONAL,9
-17.0,-56.0,EXTERNAL,9
-8.4,-35.8,REGIONAL,9
-21.8,-46.7,REGIONAL,9
-11.9,-62.6,EXTERNAL,9
-19.7,-51.2,REGIONAL,9
-25.0,-51.5,REGIONAL,9
-9.2,-61.9,EXTERNAL,9
-22.1,-47.6,INTERNAL,9
-23.1,-44.6,INTERNAL,9
-22.7,-49.2,INTERNAL,9
-7.6,-43.0,REGIONAL,9
-11.8,-39.6,REGIONAL,9
-1.8,-47.3,REGIONAL,9
-28.6,-48.7,REGIONAL,9
-9.3,-38.0,REGIONAL,9
-4.2,-47.7,REGIONAL,9
-23.1,-47.3,REGIONAL,9
-14.0,-36.5,EXTERNAL,9
-22.0,-39.8,INTERNAL,9
-22.1,-48.7,EXTERNAL,9
-20.4,-40.6,EXTERNAL,9
-26.2,-49.5,REGIONAL,9
3.1,-52.3,REGIONAL,9
-7.5,-46.0,EXTERNAL,9
-20.6,-46.4,INTERNAL,9
-21.6,-45.7,REGIONAL,9
-11.7,-49.1,EXTERNAL,9
-6.1,-37.8,REGIONAL,9
-13.0,-47.0,EXTERNAL,9
-21.6,-41.0,EXTERNAL,9
-15.5,-48.2,REGIONAL,9
-27.5,-49.4,REGIONAL,9
-21.9,-47.6,INTERNAL,9
-23.1,-48.3,REGIONAL,9
-16.3,-48.5,REGIONAL,9
-9.0,-54.0,EXTERNAL,9
-12.9,-39.9,REGIONAL,9
-20.4,-55.2,REGIONAL,9
-5.8,-41.4,REGIONAL,9
-5.6,-39.4,REGIONAL,9
-4.2,-70.3,REGIONAL,9
-11.4,-58.7,REGIONAL,9
-8.1,-39.2,REGIONAL,9
-8.9,-35.1,INTERNAL,9
-7.8,-35.2,REGIONAL,9
-23.2,-45.7,REGIONAL,9
-23.0,-44.3,INTERNAL,9
-19.6,-44.2,REGIONAL,9
-23.3,-43.6,REGIONAL,9
-26.7,-50.1,REGIONAL,9
-26.6,-51.5,REGIONAL,9
-15.8,-58.0,REGIONAL,9
-16.2,-48.0,REGIONAL,9
-21.5,-46.7,REGIONAL,9
-9.6,-56.0,EXTERNAL,9
-7.8,-37.2,REGIONAL,9
-10.9,-61.9,EXTERNAL,9
-21.1,-44.1,EXTERNAL,9
-26.7,-53.5,EXTERNAL,9
-23.7,-45.5,EXTERNAL,9
-27.8,-49.5,EXTERNAL,9
-20.0,-47.5,INTERNAL,9
-6.5,-51.7,REGIONAL,9
-17.5,-56.7,REGIONAL,9
-2.8,-58.0,REGIONAL,9
-8.4,-36.7,EXTERNAL,9
-5.1,-42.7,EXTERNAL,9
-20.3,-41.1,EXTERNAL,9
-14.4,-54.1,REGIONAL,9
-25.2,-50.6,EXTERNAL,9
-27.4,-49.9,REGIONAL,9
-23.1,-43.9,REGIONAL,9
-6.9,-48.0,REGIONAL,9
-11.0,-70.3,REGIONAL,9
-22.0,-45.8,REGIONAL,9
3.8,-59.8,REGIONAL,9
-19.2,-48.4,EXTERNAL,9
-19.6,-39.9,REGIONAL,9
-9.2,-35.5,REGIONAL,9
-28.7,-49.0,EXTERNAL,9
-14.8,-43.9,REGIONAL,9
-10.6,-46.5,REGIONAL,9
-12.7,-41.4,REGIONAL,9
-23.2,-48.2,EXTERNAL,9
-18.5,-57.3,REGIONAL,9
-19.7,-39.6,INTERNAL,9
0.3,-51.0,REGIONAL,9
-20.8,-45.9,REGIONAL,9
-1.6,-52.4,REGIONAL,9
3.6,-29.2,EXTERNAL,9
-13.3,-39.0,REGIONAL,9
-15.3,-39.2,EXTERNAL,9
-11.6,-39.2,REGIONAL,9
-23.1,-48.9,INTERNAL,9
-21.3,-47.0,REGIONAL,9
-16.7,-49.5,EXTERNAL,9
-24.9,-48.0,REGIONAL,9
-20.2,-39.8,INTERNAL,9
-24.9,-53.4,EXTERNAL,9
-20.5,-52.8,EXTERNAL,9
-23.3,-52.1,REGIONAL,9
-22.5,-44.0,REGIONAL,9
-5.5,-39.3,REGIONAL,9
-29.6,-49.8,REGIONAL,9
-13.0,-39.3,REGIONAL,9
-4.3,-39.7,REGIONAL,9
-12.0,-55.3,REGIONAL,9
-5.4,-47.8,REGIONAL,9
-10.3,-40.2,EXTERNAL,9
-20.2,-50.9,REGIONAL,9
-15.6,-55.2,EXTERNAL,9
-21.5,-44.9,REGIONAL,9
-15.1,-39.5,REGIONAL,9
-9.7,-50.4,REGIONAL,9
-21.9,-40.4,INTERNAL,9
-20.4,-47.4,EXTERNAL,9
-22.5,-46.5,EXTERNAL,9
-31.3,-51.2,REGIONAL,9
-21.2,-56.5,EXTERNAL,9
-24.8,-51.8,REGIONAL,9
-18.8,-42.5,REGIONAL,9
-8.2,-35.2,REGIONAL,9
-21.2,-47.6,EXTERNAL,9
-23.4,-45.3,REGIONAL,9
-15.8,-56.4,REGIONAL,9
-19.9,-56.8,EXTERNAL,9
-14.7,-49.2,REGIONAL,9
-12.5,-41.3,EXTERNAL,9
-1.7,-50.5,EXTERNAL,9
-22.1,-44.1,REGIONAL,9
-27.5,-50.4,EXTERNAL,9
-4.4,-38.8,REGIONAL,9
-28.0,-49.4,REGIONAL,9
-20.0,-45.5,REGIONAL,9
-13.6,-39.2,REGIONAL,9
-21.8,-49.7,EXTERNAL,9
-20.1,-48.1,REGIONAL,9
-21.1,-42.7,REGIONAL,9
-21.8,-51.4,INTERNAL,9
-16.1,-47.3,REGIONAL,9
-11.6,-46.6,REGIONAL,9
-9.7,-48.6,EXTERNAL,9
-19.9,-45.0,EXTERNAL,9
-14.1,-44.5,REGIONAL,9
-8.8,-63.7,REGIONAL,9
-13.2,-38.6,REGIONAL,9
-9.5,-37.8,REGIONAL,9
-2.9,-41.7,INTERNAL,9
-21.2,-44.9,REGIONAL,9
-21.8,-52.6,REGIONAL,9
-15.5,-54.1,EXTERNAL,9
-13.0,-46.4,REGIONAL,9
-3.6,-39.5,REGIONAL,9
-24.8,-51.8,INTERNAL,9
-18.3,-44.0,REGIONAL,9
-13.0,-38.7,EXTERNAL,9
-18.1,-57.5,REGIONAL,9
-10.7,-38.4,REGIONAL,9
-18.9,-57.6,REGIONAL,9
-16.7,-44.4,REGIONAL,9
-11.8,-39.4,EXTERNAL,9
-13.2,-39.3,REGIONAL,9
-20.0,-44.5,EXTERNAL,9
-14.5,-46.7,REGIONAL,9
-7.5,-48.3,REGIONAL,9
0.3,-50.5,REGIONAL,9
-2.9,-40.4,REGIONAL,9
-27.3,-53.6,REGIONAL,9
-20.9,-48.3,REGIONAL,9
-22.6,-43.8,EXTERNAL,9
-14.7,-39.5,REGIONAL,9
-13.8,-40.1,EXTERNAL,9
-22.5,-55.6,REGIONAL,9
-17.0,-57.0,EXTERNAL,9
-25.4,-54.4,EXTERNAL,9
-1.0,-46.7,REGIONAL,9
-22.8,-44.6,REGIONAL,9
-18.6,-47.6,REGIONAL,9
-11.7,-46.7,REGIONAL,9
1.9,-50.9,REGIONAL,9
-6.9,-35.8,REGIONAL,9
-23.3,-44.4,REGIONAL,9
-10.6,-38.4,REGIONAL,9
-23.7,-50.9,REGIONAL,9
-3.8,-60.3,REGIONAL,9
-16.6,-57.8,REGIONAL,9
-28.7,-52.1,REGIONAL,9
-12.0,-42.0,INTERNAL,9
-20.6,-46.9,REGIONAL,9
-3.0,-57.5,REGIONAL,9
-22.0,-44.6,EXTERNAL,9
-16.4,-42.8,REGIONAL,9
-16.7,-52.2,EXTERNAL,9
-20.0,-56.7,REGIONAL,9
-28.0,-48.7,EXTERNAL,9
-9.0,-39.8,REGIONAL,9
-20.4,-46.8,REGIONAL,9
-20.0,-51.0,INTERNAL,9
-23.2,-50.0,REGIONAL,9
-20.4,-44.3,REGIONAL,9
-7.8,-35.3,EXTERNAL,9
-16.2,-46.6,REGIONAL,9
-5.8,-39.4,REGIONAL,9
-16.6,-49.0,EXTERNAL,9
-10.3,-63.2,REGIONAL,9
-9.9,-41.1,REGIONAL,9
-13.3,-46.9,REGIONAL,9
-17.4,-44.2,REGIONAL,9
-21.8,-48.8,EXTERNAL,9
-6.4,-38.0,REGIONAL,9
-3.2,-55.0,EXTERNAL,9
-12.8,-39.4,EXTERNAL,9
-21.0,-48.7,INTERNAL,9
-1.9,-59.4,INTERNAL,9
-13.9,-49.1,REGIONAL,9
-15.4,-47.6,EXTERNAL,9
-33.0,-50.5,INTERNAL,9
-16.1,-56.9,REGIONAL,9
-6.2,-40.7,REGIONAL,9
-7.2,-47.4,REGIONAL,9
-22.2,-42.1,REGIONAL,9
-14.3,-47.7,REGIONAL,9
-7.8,-35.2,EXTERNAL,9
-19.3,-45.2,REGIONAL,9
-8.1,-39.1,EXTERNAL,9
-26.6,-51.6,REGIONAL,9
-2.6,-42.7,EXTERNAL,9
-11.8,-39.4,REGIONAL,9
-22.1,-41.5,REGIONAL,9
-22.5,-44.7,EXTERNAL,9
-8.2,-36.7,REGIONAL,9
-6.3,-36.3,REGIONAL,9
-21.0,-42.8,EXTERNAL,9
-26.2,-49.2,REGIONAL,9
-15.2,-45.7,REGIONAL,9
-9.2,-63.9,EXTERNAL,9
-13.8,-59.7,EXTERNAL,9
2.0,-61.1,REGIONAL,9
-15.7,-58.3,EXTERNAL,9
-6.7,-47.8,EXTERNAL,9
-28.7,-48.9,REGIONAL,9
-6.0,-35.3,EXTERNAL,9
-15.3,-47.2,REGIONAL,9
-20.9,-42.8,EXTERNAL,9
-11.5,-37.4,REGIONAL,9
-25.6,-52.6,REGIONAL,9
-19.4,-46.3,REGIONAL,9
-21.5,-45.9,EXTERNAL,9
-10.2,-51.2,REGIONAL,9
-14.5,-46.0,REGIONAL,9
-27.7,-48.9,EXTERNAL,9
-20.8,-40.8,REGIONAL,9
-26.0,-49.4,EXTERNAL,9
-15.9,-50.1,EXTERNAL,9
-4.2,-39.2,REGIONAL,9
-22.3,-45.4,REGIONAL,9
-26.1,-53.1,EXTERNAL,9
-9.5,-35.9,REGIONAL,9
-20.8,-44.3,REGIONAL,9
-7.9,-35.6,REGIONAL,9
-8.5,-36.1,REGIONAL,9
-15.9,-43.5,REGIONAL,9
-23.5,-45.9,REGIONAL,9
-13.5,-42.0,EXTERNAL,9
-16.4,-56.4,REGIONAL,9
-24.5,-47.1,INTERNAL,9
-16.6,-58.0,REGIONAL,9
-15.2,-39.1,INTERNAL,9
-19.4,-41.4,REGIONAL,9
-23.1,-41.9,INTERNAL,9
-7.4,-41.1,REGIONAL,9
-10.1,-63.2,REGIONAL,9
-21.2,-49.1,INTERNAL,9
-20.8,-40.5,REGIONAL,9
-9.9,-67.7,REGIONAL,9
-15.8,-52.4,REGIONAL,9
-22.4,-50.2,REGIONAL,9
-17.8,-57.7,REGIONAL,9
-19.4,-40.1,EXTERNAL,9
-3.2,-57.2,REGIONAL,9
-20.8,-50.0,INTERNAL,9
-12.2,-38.4,EXTERNAL,9
-22.7,-42.7,REGIONAL,9
-19.3,-43.4,REGIONAL,9
-23.5,-48.3,EXTERNAL,9
-21.8,-45.4,REGIONAL,9
-21.3,-40.9,INTERNAL,9
-22.5,-47.2,REGIONAL,9
-25.5,-46.7,INTERNAL,9
-24.7,-49.1,REGIONAL,9
-24.1,-47.4,REGIONAL,9
-26.2,-52.6,REGIONAL,9
-19.3,-57.1,EXTERNAL,9
-17.3,-44.0,REGIONAL,9
-25.8,-45.5,INTERNAL,9
-17.8,-57.4,REGIONAL,9
-22.9,-47.0,INTERNAL,9
-20.9,-40.7,REGIONAL,9
-29.3,-53.3,EXTERNAL,9
-6.3,-35.1,REGIONAL,9
-7.0,-42.7,REGIONAL,9
-27.5,-48.8,EXTERNAL,9
-22.7,-52.1,REGIONAL,9
-20.2,-54.6,REGIONAL,9
-16.2,-56.5,EXTERNAL,9
-4.5,-61.1,EXTERNAL,9
-8.8,-35.9,REGIONAL,9
-23.8,-47.7,REGIONAL,9
-26.8,-49.2,EXTERNAL,9
-1.8,-51.4,REGIONAL,9
-3.6,-54.9,EXTERNAL,9
-17.1,-57.0,REGIONAL,9
-27.1,-52.4,REGIONAL,9
-20.2,-47.3,REGIONAL,9
-4.2,-38.5,EXTERNAL,9
-22.1,-56.7,REGIONAL,9
-23.8,-47.1,EXTERNAL,9
-22.7,-51.8,EXTERNAL,9
-13.5,-51.0,REGIONAL,9
-9.6,-36.8,REGIONAL,9
-31.9,-52.0,INTERNAL,9
-6.1,-39.5,REGIONAL,9
-27.8,-50.1,EXTERNAL,9
-13.8,-52.0,REGIONAL,9
-20.4,-50.0,REGIONAL,9
-26.1,-53.1,INTERNAL,9
-15.8,-52.2,REGIONAL,9
-15.9,-55.5,REGIONAL,9
-22.4,-42.6,INTERNAL,9
-29.2,-50.0,EXTERNAL,9
-17.0,-46.0,REGIONAL,9
-22.7,-45.9,EXTERNAL,9
-6.7,-36.9,REGIONAL,9
-6.7,-33.6,EXTERNAL,9
-24.4,-47.7,REGIONAL,9
-10.4,-39.3,REGIONAL,9
-22.5,-47.8,EXTERNAL,9
-3.8,-39.8,REGIONAL,9
-28.8,-49.2,EXTERNAL,9
-25.8,-52.1,REGIONAL,9
-2.9,-40.2,EXTERNAL,9
-21.6,-53.1,REGIONAL,9
-23.0,-41.9,REGIONAL,9
-6.0,-62.5,EXTERNAL,9
-20.5,-43.1,REGIONAL,9
-23.3,-43.0,INTERNAL,9
-22.3,-40.5,INTERNAL,9
-3.0,-59.3,EXTERNAL,9
-7.3,-36.1,REGIONAL,9
-22.6,-52.7,INTERNAL,9
-25.7,-53.5,REGIONAL,9
-6.4,-36.8,REGIONAL,9
-23.9,-47.1,INTERNAL,9
-20.1,-54.3,EXTERNAL,9
-9.4,-35.5,EXTERNAL,9
-8.2,-73.0,REGIONAL,9
-27.1,-51.7,EXTERNAL,9
-17.5,-43.0,EXTERNAL,9
-10.0,-39.2,REGIONAL,9
-11.5,-42.3,EXTERNAL,9
0.4,-51.2,REGIONAL,9
-17.3,-44.2,REGIONAL,9
-21.3,-48.5,EXTERNAL,9
-14.3,-44.4,REGIONAL,9
-22.2,-46.5,EXTERNAL,9
-2.3,-52.2,REGIONAL,9
-29.3,-53.8,REGIONAL,9
-22.0,-41.1,REGIONAL,9
-20.1,-54.4,REGIONAL,9
-9.1,-68.4,REGIONAL,9
-22.3,-47.3,REGIONAL,9
-11.5,-54.9,REGIONAL,9
-2.9,-40.0,REGIONAL,9
-22.7,-41.8,REGIONAL,9
-23.1,-45.8,EXTERNAL,9
-17.0,-48.0,REGIONAL,9
-28.8,-49.6,EXTERNAL,9
-0.6,-59.8,REGIONAL,9
-12.0,-49.0,EXTERNAL,9
-1.9,-48.8,REGIONAL,9
-30.3,-51.1,REGIONAL,9
-19.4,-56.3,REGIONAL,9
-20.8,-41.1,REGIONAL,9
-23.1,-49.7,REGIONAL,9
-9.1,-38.1,REGIONAL,9
-20.6,-46.3,EXTERNAL,9
-7.5,-73.8,REGIONAL,9
-19.1,-39.7,REGIONAL,9
-21.5,-49.2,EXTERNAL,9
-2.7,-44.3,EXTERNAL,9
-11.7,-61.2,EXTERNAL,9
-30.2,-51.4,EXTERNAL,9
-3.8,-38.9,REGIONAL,9
-22.1,-54.8,REGIONAL,9
-17.3,-42.7,REGIONAL,9
-15.1,-39.1,REGIONAL,9
-7.1,-35.3,REGIONAL,9
-23.0,-54.0,EXTERNAL,9
-27.7,-49.0,EXTERNAL,9
-5.3,-49.8,EXTERNAL,9
-22.9,-45.2,EXTERNAL,9
-27.5,-48.9,REGIONAL,9
-28.3,-52.6,REGIONAL,9
-21.5,-41.1,EXTERNAL,9
-27.6,-48.7,INTERNAL,9
-12.7,-38.5,EXTERNAL,9
-9.9,-50.1,REGIONAL,9
-21.9,-45.6,REGIONAL,9
-17.9,-51.8,REGIONAL,9
-23.0,-50.2,INTERNAL,9
-20.7,-40.2,REGIONAL,9
-16.7,-48.0,REGIONAL,9
-7.3,-39.6,REGIONAL,9
-1.7,-48.9,EXTERNAL,9
-15.3,-40.6,REGIONAL,9
-12.4,-44.9,REGIONAL,9
-20.2,-50.0,INTERNAL,9
-31.3,-50.9,REGIONAL,9
-22.1,-49.4,EXTERNAL,9
-19.6,-42.6,EXTERNAL,9
-22.3,-40.0,INTERNAL,9
-32.7,-52.3,INTERNAL,9
-23.0,-41.4,INTERNAL,9
-19.7,-42.1,EXTERNAL,9
-15.7,-52.7,REGIONAL,9
-22.5,-47.3,EXTERNAL,9
-16.7,-48.8,INTERNAL,9
-19.5,-57.4,REGIONAL,9
-32.9,-50.4,INTERNAL,9
-11.9,-37.6,REGIONAL,9
-18.7,-54.8,REGIONAL,9
-17.2,-44.9,REGIONAL,9
-20.3,-50.4,INTERNAL,9
-24.7,-43.9,INTERNAL,9
-11.4,-39.9,REGIONAL,9
-5.4,-49.1,EXTERNAL,9
-12.6,-38.3,REGIONAL,9
-2.8,-66.9,REGIONAL,9
-12.8,-39.8,REGIONAL,9
-31.7,-52.5,EXTERNAL,9
-15.8,-52.7,EXTERNAL,9
-20.6,-48.5,EXTERNAL,9
-5.1,-42.9,EXTERNAL,9
-11.4,-61.4,EXTERNAL,9
-20.7,-43.6,REGIONAL,9
-11.4,-41.4,REGIONAL,9
-27.4,-48.3,EXTERNAL,9
-27.7,-49.3,EXTERNAL,9
-22.5,-42.6,INTERNAL,9
-17.1,-56.7,REGIONAL,9
-21.3,-45.1,REGIONAL,9
-2.0,-54.2,REGIONAL,9
-6.2,-50.2,REGIONAL,9
-5.7,-37.7,REGIONAL,9
-22.4,-43.5,EXTERNAL,9
-19.9,-44.6,EXTERNAL,9
-20.7,-53.6,REGIONAL,9
-14.5,-52.3,REGIONAL,9
-3.4,-39.1,INTERNAL,9
-19.7,-44.9,EXTERNAL,9
-20.9,-45.4,EXTERNAL,9
-22.2,-45.9,INTERNAL,9
-21.5,-49.7,INTERNAL,9
-14.4,-39.3,EXTERNAL,9
-11.0,-44.5,REGIONAL,9
-32.4,-53.4,INTERNAL,9
-7.5,-35.3,REGIONAL,9
-22.7,-45.8,EXTERNAL,9
-13.0,-48.2,REGIONAL,9
-24.6,-47.9,EXTERNAL,9
-12.5,-41.6,EXTERNAL,9
-23.2,-47.5,REGIONAL,9
-16.5,-50.4,REGIONAL,9
-19.6,-56.7,REGIONAL,9
-10.1,-55.4,EXTERNAL,9
-21.6,-51.3,EXTERNAL,9
-11.9,-55.6,REGIONAL,9
-7.2,-35.1,REGIONAL,9
-19.7,-40.6,REGIONAL,9
-11.4,-46.1,REGIONAL,9
-15.8,-46.9,REGIONAL,9
-18.9,-46.8,REGIONAL,9
-18.2,-46.1,REGIONAL,9
-12.5,-38.8,EXTERNAL,9
-2.4,-55.2,REGIONAL,9
-2.7,-60.0,REGIONAL,9
-29.1,-49.9,REGIONAL,9
-6.0,-35.8,REGIONAL,9
-6.7,-52.2,REGIONAL,9
-18.9,-43.6,REGIONAL,9
-9.0,-61.9,REGIONAL,9
-13.3,-61.2,EXTERNAL,9
-25.9,-48.7,REGIONAL,9
-2.5,-56.5,REGIONAL,9
-26.6,-53.2,REGIONAL,9
-12.8,-39.1,REGIONAL,9
-15.6,-54.7,EXTERNAL,9
-15.8,-55.5,REGIONAL,9
-25.6,-50.7,REGIONAL,9
-9.2,-35.3,EXTERNAL,9
-3.5,-38.8,INTERNAL,9
-24.1,-49.5,REGIONAL,9
-8.7,-69.7,REGIONAL,9
-21.6,-46.4,REGIONAL,9
-21.9,-48.9,REGIONAL,9
-22.7,-48.7,EXTERNAL,9
-12.6,-39.2,REGIONAL,9
-23.0,-49.9,INTERNAL,9
-14.9,-52.3,REGIONAL,9
-11.8,-49.2,REGIONAL,9
-30.1,-51.4,REGIONAL,9
-10.2,-49.0,REGIONAL,9
-19.0,-53.9,INTERNAL,9
-8.9,-36.4,REGIONAL,9
-29.6,-50.7,EXTERNAL,9
-5.2,-74.2,INTERNAL,9
-10.9,-69.9,REGIONAL,9
-15.3,-39.0,INTERNAL,9
-14.9,-39.1,REGIONAL,9
-6.5,-43.7,REGIONAL,9
-17.6,-39.7,EXTERNAL,9
-10.3,-41.3,REGIONAL,9
-13.0,-46.9,REGIONAL,9
-18.6,-42.3,REGIONAL,9
-27.5,-49.1,REGIONAL,9
-28.1,-54.8,REGIONAL,9
-4.9,-37.8,REGIONAL,9
-23.1,-46.0,EXTERNAL,9
-5.9,-50.3,REGIONAL,9
-18.2,-43.5,EXTERNAL,9
-4.9,-38.0,EXTERNAL,9
-4.8,-40.1,REGIONAL,9
-9.5,-37.9,REGIONAL,9
-21.8,-47.2,REGIONAL,9
-29.6,-55.1,REGIONAL,9
-23.5,-45.8,EXTERNAL,9
-21.2,-48.1,REGIONAL,9
-28.0,-50.6,REGIONAL,9
-14.2,-47.6,EXTERNAL,9
-30.4,-54.0,REGIONAL,9
-1.6,-48.5,REGIONAL,9
-32.2,-52.1,EXTERNAL,9
-10.3,-36.6,EXTERNAL,9
-20.7,-46.6,REGIONAL,9
-27.3,-48.6,EXTERNAL,9
-20.2,-56.0,REGIONAL,9
-19.4,-41.1,REGIONAL,9
-9.8,-36.0,REGIONAL,9
-23.8,-50.5,REGIONAL,9
-19.8,-40.8,REGIONAL,9
-7.6,-35.2,EXTERNAL,9
-5.8,-47.4,REGIONAL,9
-13.9,-46.9,REGIONAL,9
-19.2,-45.5,REGIONAL,9
-8.5,-55.5,REGIONAL,9
-21.8,-45.4,EXTERNAL,9
-11.5,-61.4,EXTERNAL,9
-13.0,-48.1,REGIONAL,9
-2.9,-60.4,REGIONAL,8
-5.8,-50.5,REGIONAL,8
-31.5,-53.7,EXTERNAL,8
-11.4,-40.0,REGIONAL,8
-16.9,-50.3,REGIONAL,8
-6.9,-38.5,REGIONAL,8
-20.0,-47.7,REGIONAL,8
-12.5,-49.9,REGIONAL,8
-7.9,-35.3,REGIONAL,8
-20.5,-42.5,REGIONAL,8
-30.9,-53.1,EXTERNAL,8
-7.4,-73.7,EXTERNAL,8
-5.0,-45.0,REGIONAL,8
-2.9,-66.9,EXTERNAL,8
-9.4,-36.5,REGIONAL,8
-18.9,-49.5,REGIONAL,8
-14.8,-39.5,REGIONAL,8
-11.7,-47.8,REGIONAL,8
-11.4,-61.2,REGIONAL,8
-23.4,-44.7,EXTERNAL,8
-29.0,-49.8,REGIONAL,8
-20.7,-49.3,REGIONAL,8
-18.5,-43.8,REGIONAL,8
-9.2,-36.5,REGIONAL,8
-13.2,-50.6,EXTERNAL,8
-25.4,-48.3,REGIONAL,8
-22.6,-43.0,INTERNAL,8
-16.2,-42.3,REGIONAL,8
-30.2,-53.6,EXTERNAL,8
-29.7,-52.3,REGIONAL,8
-11.2,-37.2,REGIONAL,8
-22.8,-48.5,REGIONAL,8
-24.0,-44.5,INTERNAL,8
-26.7,-52.4,REGIONAL,8
-10.7,-37.8,EXTERNAL,8
-8.1,-73.8,REGIONAL,8
-18.0,-43.0,REGIONAL,8
-5.9,-62.4,EXTERNAL,8
-21.6,-48.1,REGIONAL,8
-19.2,-57.4,REGIONAL,8
-16.8,-50.2,REGIONAL,8
-4.1,-63.1,EXTERNAL,8
-4.0,-47.0,EXTERNAL,8
-19.2,-46.0,REGIONAL,8
-21.5,-43.6,EXTERNAL,8
-15.3,-40.3,REGIONAL,8
-20.6,-42.9,REGIONAL,8
-11.3,-37.4,REGIONAL,8
-11.5,-37.4,EXTERNAL,8
-27.1,-49.2,INTERNAL,8
-21.2,-49.0,EXTERNAL,8
-23.9,-46.6,EXTERNAL,8
-3.1,-60.8,INTERNAL,8
-9.4,-49.9,REGIONAL,8
-23.3,-48.1,EXTERNAL,8
-23.3,-45.5,EXTERNAL,8
-20.7,-50.8,INTERNAL,8
-28.8,-51.5,REGIONAL,8
-6.7,-47.5,REGIONAL,8
2.5,-60.8,INTERNAL,8
-21.4,-45.5,REGIONAL,8
-22.2,-51.5,EXTERNAL,8
-29.0,-49.6,REGIONAL,8
-9.6,-37.9,REGIONAL,8
-5.0,-37.0,REGIONAL,8
-13.5,-39.0,REGIONAL,8
-16.0,-47.0,REGIONAL,8
-28.6,-49.1,REGIONAL,8
-21.1,-55.8,REGIONAL,8
-25.2,-50.0,EXTERNAL,8
-4.4,-45.0,REGIONAL,8
-18.8,-57.6,REGIONAL,8
-27.1,-49.3,REGIONAL,8
-27.5,-49.3,REGIONAL,8
-20.5,-43.1,INTERNAL,8
-23.1,-43.6,EXTERNAL,8
-19.8,-43.0,EXTERNAL,8
-10.6,-46.7,REGIONAL,8
-11.6,-50.8,REGIONAL,8
-5.6,-35.4,EXTERNAL,8
-18.8,-55.2,REGIONAL,8
-23.3,-53.1,REGIONAL,8
-22.1,-43.0,REGIONAL,8
-28.4,-49.0,EXTERNAL,8
-18.6,-43.9,REGIONAL,8
-17.1,-56.9,EXTERNAL,8
-14.1,-47.9,REGIONAL,8
-22.7,-43.1,REGIONAL,8
-21.7,-46.7,INTERNAL,8
-24.2,-49.2,INTERNAL,8
-14.2,-41.7,EXTERNAL,8
-26.4,-48.6,EXTERNAL,8
-24.3,-43.8,INTERNAL,8
-23.5,-48.4,EXTERNAL,8
-9.7,-65.0,REGIONAL,8
-25.3,-48.1,REGIONAL,8
-2.9,-60.1,EXTERNAL,8
-22.5,-45.1,REGIONAL,8
-20.3,-49.2,REGIONAL,8
-16.4,-40.1,REGIONAL,8
-6.7,-35.4,REGIONAL,8
-5.5,-62.1,EXTERNAL,8
-5.2,-36.2,EXTERNAL,8
-22.0,-45.3,EXTERNAL,8
-13.8,-39.3,REGIONAL,8
-15.4,-43.2,EXTERNAL,8
-10.8,-49.6,REGIONAL,8
-21.5,-49.7,REGIONAL,8
1.6,-52.5,REGIONAL,8
-13.0,-38.3,EXTERNAL,8
-27.1,-48.6,INTERNAL,8
-17.9,-44.6,REGIONAL,8
-2.8,-60.2,REGIONAL,8
-14.9,-42.4,REGIONAL,8
-19.6,-56.2,INTERNAL,8
-20.8,-45.3,REGIONAL,8
-21.8,-41.7,REGIONAL,8
-13.5,-52.5,EXTERNAL,8
-15.9,-49.9,REGIONAL,8
-13.5,-56.7,REGIONAL,8
-16.7,-56.6,REGIONAL,8
-23.1,-47.7,REGIONAL,8
-15.4,-47.7,REGIONAL,8
-22.3,-51.3,EXTERNAL,8
-14.4,-52.4,REGIONAL,8
-12.7,-38.5,REGIONAL,8
-24.1,-48.9,INTERNAL,8
-16.5,-43.0,REGIONAL,8
-2.5,-57.8,REGIONAL,8
-17.1,-42.5,REGIONAL,8
-14.1,-44.6,REGIONAL,8
-14.2,-42.7,REGIONAL,8
-10.9,-69.6,INTERNAL,8
-18.2,-48.1,REGIONAL,8
-20.6,-39.9,REGIONAL,8
-17.2,-44.5,REGIONAL,8
-11.1,-42.1,REGIONAL,8
-23.9,-46.9,INTERNAL,8
-2.8,-41.8,EXTERNAL,8
-6.3,-35.5,REGIONAL,8
-5.4,-40.3,REGIONAL,8
-15.2,-49.6,REGIONAL,8
-8.4,-36.0,EXTERNAL,8
-13.0,-39.2,EXTERNAL,8
-21.0,-56.4,REGIONAL,8
-12.6,-41.2,REGIONAL,8
-28.8,-49.5,REGIONAL,8
-30.0,-51.4,REGIONAL,8
-9.3,-49.9,REGIONAL,8
-6.1,-36.8,REGIONAL,8
-12.2,-39.3,REGIONAL,8
-11.3,-40.4,REGIONAL,8
-21.7,-47.3,EXTERNAL,8
-7.0,-39.3,REGIONAL,8
-21.4,-56.5,REGIONAL,8
-20.6,-51.1,REGIONAL,8
-20.6,-44.5,REGIONAL,8
-4.6,-37.8,EXTERNAL,8
-2.3,-62.7,REGIONAL,8
-22.3,-48.9,INTERNAL,8
-16.2,-41.1,REGIONAL,8
-5.7,-39.6,REGIONAL,8
-21.6,-49.7,REGIONAL,8
-3.6,-45.3,REGIONAL,8
-3.4,-65.9,REGIONAL,8
-27.7,-54.1,REGIONAL,8
-24.6,-50.2,REGIONAL,8
-22.4,-52.5,INTERNAL,8
-16.7,-47.6,REGIONAL,8
-18.4,-39.7,EXTERNAL,8
-23.0,-47.8,EXTERNAL,8
-9.8,-56.2,REGIONAL,8
-18.5,-46.5,REGIONAL,8
-26.6,-51.7,REGIONAL,8
-20.3,-44.1,EXTERNAL,8
-17.4,-56.9,REGIONAL,8
-30.3,-54.9,EXTERNAL,8
-14.9,-42.5,INTERNAL,8
-14.3,-39.2,REGIONAL,8
-26.6,-49.6,REGIONAL,8
-5.8,-62.3,EXTERNAL,8
-3.0,-44.0,EXTERNAL,8
4.5,-61.2,REGIONAL,8
-27.3,-49.1,REGIONAL,8
-22.2,-42.8,REGIONAL,8
-13.3,-39.3,EXTERNAL,8
-11.2,-38.9,REGIONAL,8
-7.0,-55.4,REGIONAL,8
1.2,-52.5,EXTERNAL,8
-1.8,-59.7,REGIONAL,8
-24.5,-51.7,REGIONAL,8
-9.7,-35.9,EXTERNAL,8
-6.2,-48.6,REGIONAL,8
-13.7,-41.8,REGIONAL,8
-1.2,-47.2,EXTERNAL,8
-19.6,-56.4,REGIONAL,8
-6.2,-38.9,REGIONAL,8
-7.1,-35.9,REGIONAL,8
-15.7,-56.2,REGIONAL,8
-20.2,-47.5,INTERNAL,8
-1.6,-59.4,REGIONAL,8
-10.0,-49.0,EXTERNAL,8
-24.3,-54.3,EXTERNAL,8
-13.2,-46.4,REGIONAL,8
-21.0,-41.0,INTERNAL,8
-22.4,-45.8,INTERNAL,8
-23.9,-47.3,INTERNAL,8
-9.7,-48.7,REGIONAL,8
-20.8,-41.2,REGIONAL,8
-20.6,-46.4,REGIONAL,8
-30.3,-54.4,EXTERNAL,8
-6.3,-47.3,EXTERNAL,8
-10.5,-40.3,REGIONAL,8
-19.6,-43.7,REGIONAL,8
-21.0,-56.6,INTERNAL,8
-20.1,-48.9,INTERNAL,8
-22.8,-46.8,EXTERNAL,8
-25.0,-50.0,REGIONAL,8
-16.1,-40.9,REGIONAL,8
-25.8,-49.4,REGIONAL,8
-15.3,-49.1,EXTERNAL,8
-5.1,-35.9,REGIONAL,8
-14.4,-46.2,REGIONAL,8
-22.5,-49.0,REGIONAL,8
-6.0,-44.0,EXTERNAL,8
-25.0,-54.0,EXTERNAL,8
-20.8,-41.7,EXTERNAL,8
-17.0,-42.9,REGIONAL,8
-25.2,-48.6,REGIONAL,8
-23.0,-52.5,REGIONAL,8
-6.0,-39.1,REGIONAL,8
-27.0,-50.4,REGIONAL,8
-23.8,-50.2,REGIONAL,8
-22.3,-41.4,REGIONAL,8
-16.1,-44.6,INTERNAL,8
-23.7,-47.6,REGIONAL,8
-20.1,-40.4,REGIONAL,8
-8.4,-35.9,REGIONAL,8
-6.5,-37.2,EXTERNAL,8
-29.1,-51.8,REGIONAL,8
-25.6,-49.7,REGIONAL,8
-23.1,-45.0,EXTERNAL,8
-18.7,-57.5,REGIONAL,8
-14.3,-51.0,REGIONAL,8
-25.2,-49.3,EXTERNAL,8
-22.0,-50.4,EXTERNAL,8
-15.4,-47.5,EXTERNAL,8
-22.5,-42.3,EXTERNAL,8
-17.1,-42.4,REGIONAL,8
-22.6,-42.3,REGIONAL,8
-8.3,-38.0,REGIONAL,8
-15.3,-40.8,REGIONAL,8
-6.6,-34.9,INTERNAL,8
-11.0,-37.2,EXTERNAL,8
-15.4,-47.6,REGIONAL,8
-20.8,-46.6,EXTERNAL,8
-12.2,-37.8,EXTERNAL,8
-23.2,-43.4,REGIONAL,8
-28.2,-49.1,REGIONAL,8
-26.8,-53.2,EXTERNAL,8
-7.8,-72.3,REGIONAL,8
-21.5,-49.6,INTERNAL,8
-7.3,-39.2,REGIONAL,8
-24.1,-47.4,INTERNAL,8
-5.0,-39.1,REGIONAL,8
-16.4,-48.9,EXTERNAL,8
-20.3,-41.9,REGIONAL,8
-19.9,-42.9,REGIONAL,8
-9.0,-64.0,REGIONAL,8
-4.5,-39.6,REGIONAL,8
-22.2,-55.9,REGIONAL,8
-25.7,-49.2,REGIONAL,8
-20.4,-49.1,REGIONAL,8
-29.4,-53.3,REGIONAL,8
-19.8,-43.7,EXTERNAL,8
-6.3,-50.0,REGIONAL,8
-16.1,-56.6,EXTERNAL,8
-8.5,-63.3,REGIONAL,8
-19.7,-42.9,REGIONAL,8
-14.3,-45.9,REGIONAL,8
-28.6,-48.9,EXTERNAL,8
-27.3,-49.8,EXTERNAL,8
-19.1,-56.7,REGIONAL,8
-9.2,-43.0,REGIONAL,8
-5.0,-39.0,EXTERNAL,8
-18.9,-41.1,REGIONAL,8
-19.3,-44.5,REGIONAL,8
-24.3,-51.0,REGIONAL,8
-21.4,-46.5,REGIONAL,8
-8.2,-36.0,REGIONAL,8
-18.0,-53.3,REGIONAL,8
-10.6,-46.8,REGIONAL,8
-20.7,-46.2,REGIONAL,8
-6.3,-38.9,REGIONAL,8
-29.4,-51.4,REGIONAL,8
-13.3,-49.2,REGIONAL,8
-9.1,-36.1,REGIONAL,8
-27.6,-51.3,REGIONAL,8
-12.2,-44.4,REGIONAL,8
-25.8,-53.0,REGIONAL,8
-11.0,-42.4,REGIONAL,8
-4.3,-60.9,EXTERNAL,8
-25.3,-48.9,EXTERNAL,8
-18.0,-41.7,REGIONAL,8
1.6,-32.6,REGIONAL,8
-3.9,-42.6,EXTERNAL,8
-18.9,-51.4,EXTERNAL,8
-9.7,-64.5,INTERNAL,8
-16.1,-49.5,EXTERNAL,8
-7.7,-37.1,REGIONAL,8
-3.1,-67.8,REGIONAL,8
-21.7,-57.8,INTERNAL,8
-6.8,-35.5,EXTERNAL,8
6.8,-49.6,EXTERNAL,8
-23.2,-47.8,REGIONAL,8
-15.2,-49.6,EXTERNAL,8
-23.3,-51.4,REGIONAL,8
-19.6,-47.0,EXTERNAL,8
-30.2,-51.3,EXTERNAL,8
-11.4,-41.0,EXTERNAL,8
-22.1,-50.2,EXTERNAL,8
-5.5,-50.2,REGIONAL,8
-9.4,-40.7,INTERNAL,8
-27.7,-52.3,REGIONAL,8
-21.5,-47.4,EXTERNAL,8
-5.1,-67.0,REGIONAL,8
-7.1,-48.1,REGIONAL,8
-12.0,-44.7,REGIONAL,8
-2.0,-61.5,REGIONAL,8
-12.0,-48.6,EXTERNAL,8
2.9,-60.9,REGIONAL,8
-20.4,-46.4,REGIONAL,8
-2.6,-55.2,REGIONAL,8
-16.1,-39.0,REGIONAL,8
-20.4,-43.0,REGIONAL,8
-1.5,-59.9,REGIONAL,8
-19.4,-39.9,REGIONAL,8
-22.2,-52.2,INTERNAL,8
-24.0,-45.2,REGIONAL,8
-6.9,-41.5,REGIONAL,8
-26.9,-48.8,EXTERNAL,8
-12.5,-41.1,EXTERNAL,8
-2.5,-45.1,EXTERNAL,8
-17.3,-42.8,REGIONAL,8
-14.1,-40.2,REGIONAL,8
-23.0,-42.8,EXTERNAL,8
-5.8,-37.6,REGIONAL,8
-26.4,-49.1,EXTERNAL,8
-2.6,-54.7,REGIONAL,8
-22.3,-50.6,REGIONAL,8
-18.4,-46.4,REGIONAL,8
-25.6,-49.5,REGIONAL,8
-27.3,-51.0,EXTERNAL,8
-23.7,-47.5,REGIONAL,8
-17.1,-43.0,REGIONAL,8
-16.9,-53.5,REGIONAL,8
-8.9,-36.3,REGIONAL,8
-6.7,-37.2,REGIONAL,8
-12.4,-41.6,REGIONAL,8
-26.9,-51.9,EXTERNAL,8
-25.4,-51.0,REGIONAL,8
-16.2,-44.4,REGIONAL,8
-23.9,-45.5,EXTERNAL,8
-15.0,-42.0,EXTERNAL,8
-12.4,-41.5,EXTERNAL,8
-12.2,-39.1,REGIONAL,8
-28.0,-52.3,EXTERNAL,8
-19.0,-43.3,REGIONAL,8
-19.6,-57.2,REGIONAL,8
-15.3,-44.3,REGIONAL,8
-29.2,-52.2,EXTERNAL,8
-4.4,-61.0,EXTERNAL,8
-17.1,-56.6,REGIONAL,8
-24.0,-51.1,REGIONAL,8
-20.6,-41.8,EXTERNAL,8
-1.4,-48.3,EXTERNAL,8
-19.5,-40.8,INTERNAL,8
-6.8,-34.8,INTERNAL,8
2.8,-60.8,EXTERNAL,8
-21.4,-45.9,EXTERNAL,8
-20.0,-47.4,INTERNAL,8
-25.7,-53.6,REGIONAL,8
-30.2,-51.3,REGIONAL,8
-26.1,-51.6,REGIONAL,8
-20.4,-42.9,EXTERNAL,8
-6.2,-37.0,REGIONAL,8
-23.1,-49.9,EXTERNAL,8
-6.5,-38.3,REGIONAL,8
-2.5,-56.9,REGIONAL,8
-12.2,-41.6,REGIONAL,8
-21.6,-48.3,EXTERNAL,8
-20.5,-51.0,INTERNAL,8
-29.6,-52.7,EXTERNAL,8
-24.6,-54.1,REGIONAL,8
-21.1,-50.1,EXTERNAL,8
-24.8,-44.1,INTERNAL,8
-10.2,-63.1,REGIONAL,8
-24.3,-44.6,INTERNAL,8
-30.0,-51.9,REGIONAL,8
-6.9,-43.1,REGIONAL,8
-18.5,-42.8,EXTERNAL,8
-5.9,-62.5,REGIONAL,8
-6.8,-38.1,REGIONAL,8
-8.3,-70.8,REGIONAL,8
-7.4,-41.5,REGIONAL,8
-22.5,-47.6,EXTERNAL,8
-2.7,-48.7,REGIONAL,8
-22.2,-45.0,EXTERNAL,8
-7.2,-52.9,REGIONAL,8
-20.5,-42.7,REGIONAL,8
-23.5,-47.9,REGIONAL,8
-19.1,-39.8,REGIONAL,8
-22.4,-42.0,EXTERNAL,8
-16.0,-57.0,REGIONAL,8
-26.4,-52.9,EXTERNAL,8
-21.2,-41.0,REGIONAL,8
-18.8,-46.8,REGIONAL,8
-2.7,-49.6,REGIONAL,8
-16.7,-56.2,REGIONAL,8
-12.9,-42.1,REGIONAL,8
-23.5,-51.0,REGIONAL,8
-3.8,-32.6,REGIONAL,8
-19.1,-44.4,REGIONAL,8
-1.3,-48.5,REGIONAL,8
-13.0,-39.6,EXTERNAL,8
-12.6,-38.0,INTERNAL,8
-25.2,-52.1,EXTERNAL,8
-3.5,-40.3,REGIONAL,8
-16.7,-48.5,REGIONAL,8
-4.0,-32.5,REGIONAL,8
-28.6,-56.0,EXTERNAL,8
-21.0,-46.1,REGIONAL,8
-8.1,-39.6,REGIONAL,8
-7.6,-37.3,REGIONAL,8
-2.9,-67.0,EXTERNAL,8
-23.9,-51.4,REGIONAL,8
-20.8,-42.0,REGIONAL,8
-9.8,-58.2,REGIONAL,8
-5.3,-38.3,REGIONAL,8
-2.2,-55.1,REGIONAL,8
-19.4,-44.3,EXTERNAL,8
-13.6,-47.7,REGIONAL,8
-2.7,-60.3,EXTERNAL,8
-22.8,-50.2,REGIONAL,8
-20.9,-41.2,EXTERNAL,8
-20.5,-29.3,REGIONAL,8
-8.9,-35.2,EXTERNAL,8
-24.2,-47.3,EXTERNAL,8
-24.7,-44.7,INTERNAL,8
-15.2,-40.6,REGIONAL,8
-1.3,-48.0,EXTERNAL,8
-19.4,-46.4,REGIONAL,8
-22.0,-57.8,REGIONAL,8
-26.0,-49.1,REGIONAL,8
-20.4,-45.8,INTERNAL,8
-20.3,-44.2,REGIONAL,8
-28.4,-49.5,EXTERNAL,8
-20.0,-45.6,REGIONAL,8
-2.5,-64.6,REGIONAL,8
-22.8,-48.1,REGIONAL,8
-14.4,-48.5,REGIONAL,8
-17.0,-50.4,REGIONAL,8
-24.1,-48.5,REGIONAL,8
-17.9,-43.4,REGIONAL,8
-20.8,-40.9,REGIONAL,8
-9.5,-38.0,REGIONAL,8
2.2,-54.0,REGIONAL,8
-9.3,-40.4,REGIONAL,8
-15.7,-55.3,EXTERNAL,8
-21.9,-49.0,REGIONAL,8
-19.7,-40.1,REGIONAL,8
-3.3,-46.8,REGIONAL,8
0.8,-63.4,REGIONAL,8
-3.4,-39.0,EXTERNAL,8
-23.1,-52.3,EXTERNAL,8
-4.0,-49.6,REGIONAL,8
-19.8,-44.3,REGIONAL,8
-21.0,-49.4,EXTERNAL,8
-22.2,-41.0,EXTERNAL,8
-24.2,-49.1,INTERNAL,8
-30.1,-50.2,EXTERNAL,8
-3.1,-68.0,REGIONAL,8
-14.4,-46.4,REGIONAL,8
-31.4,-52.6,REGIONAL,8
-19.1,-57.3,REGIONAL,8
-9.0,-38.2,EXTERNAL,8
-9.8,-56.3,REGIONAL,8
-7.0,-38.0,REGIONAL,8
-23.2,-48.7,INTERNAL,8
-20.5,-45.1,REGIONAL,8
-29.5,-51.1,EXTERNAL,8
-25.9,-52.5,REGIONAL,8
-15.9,-57.2,REGIONAL,8
-10.8,-63.3,REGIONAL,8
-9.1,-70.2,REGIONAL,8
-6.8,-47.8,REGIONAL,8
-24.6,-54.1,EXTERNAL,8
-14.4,-46.0,REGIONAL,8
-19.4,-44.1,REGIONAL,8
-10.2,-46.7,REGIONAL,8
-21.7,-50.6,INTERNAL,8
-19.6,-48.0,REGIONAL,8
-27.4,-49.8,EXTERNAL,8
-24.2,-47.0,EXTERNAL,8
-8.9,-44.3,EXTERNAL,8
-16.0,-41.4,REGIONAL,8
-21.4,-49.6,INTERNAL,8
-23.8,-45.2,EXTERNAL,8
-27.9,-52.9,REGIONAL,8
-13.2,-41.5,REGIONAL,8
-23.2,-50.0,EXTERNAL,8
-20.8,-42.1,REGIONAL,8
-23.6,-41.3,INTERNAL,8
-22.3,-46.8,EXTERNAL,8
-2.5,-43.1,REGIONAL,8
-28.8,-51.1,EXTERNAL,8
-10.9,-69.5,REGIONAL,8
-19.8,-43.6,REGIONAL,8
-18.4,-40.1,REGIONAL,8
-13.0,-38.8,REGIONAL,8
-15.4,-60.2,REGIONAL,8
-21.7,-48.1,EXTERNAL,8
-32.1,-51.8,INTERNAL,8
-20.6,-50.8,INTERNAL,8
-5.2,-38.0,REGIONAL,8
-17.3,-44.4,REGIONAL,8
-10.1,-54.7,REGIONAL,8
-29.0,-52.2,REGIONAL,8
-10.6,-38.2,REGIONAL,8
-7.1,-49.9,REGIONAL,8
-14.9,-51.1,EXTERNAL,8
-25.8,-53.3,REGIONAL,8
-11.4,-44.9,REGIONAL,8
-4.1,-63.2,REGIONAL,8
-9.0,-36.1,REGIONAL,8
-22.2,-56.0,REGIONAL,8
-22.2,-45.8,REGIONAL,8
-7.4,-36.7,REGIONAL,8
-31.1,-50.6,REGIONAL,8
-12.8,-38.0,REGIONAL,8
-20.7,-46.2,EXTERNAL,8
-5.8,-38.0,REGIONAL,8
-24.0,-48.3,REGIONAL,8
-12.1,-45.1,REGIONAL,8
-6.9,-34.7,INTERNAL,8
-19.6,-41.8,REGIONAL,8
-20.5,-50.5,INTERNAL,8
-25.4,-46.8,INTERNAL,8
-32.2,-53.4,REGIONAL,8
-13.6,-57.9,INTERNAL,8
-23.2,-49.9,INTERNAL,8
-20.5,-44.0,REGIONAL,8
-18.3,-46.8,REGIONAL,8
-2.7,-44.8,REGIONAL,8
-1.5,-46.1,REGIONAL,8
-22.3,-43.7,REGIONAL,8
-19.6,-38.7,INTERNAL,8
-22.9,-45.8,EXTERNAL,8
-13.6,-42.0,EXTERNAL,8
-11.3,-37.5,REGIONAL,8
-17.4,-51.9,EXTERNAL,8
-0.9,-52.5,REGIONAL,8
-14.5,-50.0,REGIONAL,8
-22.4,-50.6,EXTERNAL,8
-24.5,-47.6,INTERNAL,8
-27.0,-48.0,EXTERNAL,8
-7.4,-73.0,REGIONAL,8
-20.4,-45.4,REGIONAL,8
-13.0,-52.9,REGIONAL,8
-22.5,-52.5,INTERNAL,8
-16.8,-39.5,REGIONAL,8
-2.3,-55.0,EXTERNAL,8
-3.5,-64.8,REGIONAL,8
-22.6,-45.0,REGIONAL,8
-27.0,-53.5,REGIONAL,8
-20.9,-49.3,REGIONAL,8
-14.0,-47.8,REGIONAL,8
-12.8,-43.2,REGIONAL,8
-22.3,-44.5,INTERNAL,8
-9.3,-35.5,REGIONAL,8
-20.7,-40.5,INTERNAL,8
-20.8,-42.3,EXTERNAL,8
-3.6,-44.4,REGIONAL,8
-11.0,-37.4,REGIONAL,8
-28.3,-53.1,REGIONAL,8
-6.2,-36.0,REGIONAL,8
-29.3,-52.2,REGIONAL,8
-9.7,-41.9,REGIONAL,8
-21.4,-50.4,EXTERNAL,8
-2.7,-54.8,EXTERNAL,8
-21.9,-41.7,REGIONAL,8
-8.9,-69.3,INTERNAL,8
-19.5,-43.6,EXTERNAL,8
-24.7,-48.6,INTERNAL,8
-2.9,-41.0,REGIONAL,8
-15.9,-50.9,REGIONAL,8
-2.5,-65.1,REGIONAL,8
-10.9,-37.7,EXTERNAL,8
-23.0,-46.1,REGIONAL,8
-18.5,-47.2,REGIONAL,8
-22.0,-40.1,INTERNAL,8
-5.1,-36.5,REGIONAL,8
-21.8,-43.9,REGIONAL,8
-20.0,-47.9,REGIONAL,8
-22.6,-47.4,INTERNAL,8
-29.6,-50.9,REGIONAL,8
-9.2,-56.1,REGIONAL,8
-10.4,-57.0,REGIONAL,8
-5.2,-42.7,EXTERNAL,8
-3.6,-38.6,REGIONAL,8
-22.8,-42.8,EXTERNAL,8
-21.2,-43.0,REGIONAL,8
-8.0,-49.0,EXTERNAL,8
-10.3,-34.9,EXTERNAL,8
-2.5,-44.0,REGIONAL,8
-22.1,-44.6,EXTERNAL,8
-14.2,-45.0,REGIONAL,8
-19.4,-42.5,EXTERNAL,8
-3.8,-40.9,EXTERNAL,8
-22.9,-44.7,INTERNAL,8
-23.6,-52.2,REGIONAL,8
-14.5,-40.0,REGIONAL,8
-5.1,-60.4,REGIONAL,8
-19.1,-55.8,REGIONAL,8
-10.4,-48.9,REGIONAL,8
-12.1,-44.3,EXTERNAL,8
-10.4,-50.0,REGIONAL,8
-29.4,-51.3,EXTERNAL,8
-20.0,-55.9,REGIONAL,8
-21.9,-40.0,INTERNAL,8
-23.1,-52.5,REGIONAL,8
-23.9,-48.0,INTERNAL,8
-22.1,-40.3,INTERNAL,8
-9.7,-36.5,REGIONAL,8
-20.4,-44.1,REGIONAL,8
-6.1,-38.4,REGIONAL,8
-21.1,-41.7,REGIONAL,8
-12.8,-42.2,REGIONAL,8
-30.2,-52.2,REGIONAL,8
-27.0,-52.4,EXTERNAL,8
-9.5,-37.3,REGIONAL,8
-20.8,-47.3,REGIONAL,8
-14.9,-42.5,REGIONAL,8
-19.7,-55.2,REGIONAL,8
-15.5,-54.3,EXTERNAL,8
-15.6,-43.6,REGIONAL,8
-6.4,-35.1,REGIONAL,8
4.0,-60.0,REGIONAL,8
-13.6,-41.8,EXTERNAL,8
-19.4,-46.2,REGIONAL,8
-25.0,-50.9,EXTERNAL,8
-9.0,-35.9,EXTERNAL,8
-7.1,-35.1,REGIONAL,8
-3.8,-59.0,REGIONAL,8
-24.1,-47.5,REGIONAL,8
-5.0,-37.6,EXTERNAL,8
-3.1,-57.3,REGIONAL,8
-20.8,-40.6,EXTERNAL,8
-29.5,-50.7,REGIONAL,8
-21.5,-49.9,REGIONAL,8
-7.3,-47.7,REGIONAL,8
-7.0,-36.4,REGIONAL,8
-19.4,-57.6,REGIONAL,8
-27.9,-53.3,REGIONAL,8
-6.3,-35.5,INTERNAL,8
-15.1,-50.0,REGIONAL,8
-7.5,-45.1,REGIONAL,8
-24.9,-44.0,INTERNAL,8
-10.0,-38.5,REGIONAL,8
-16.5,-50.0,REGIONAL,8
-18.3,-43.4,REGIONAL,8
-21.5,-46.0,REGIONAL,8
-17.2,-53.2,REGIONAL,8
-12.6,-49.3,REGIONAL,8
-9.9,-37.3,REGIONAL,8
-11.0,-40.6,REGIONAL,8
-18.9,-41.7,REGIONAL,8
-28.3,-49.6,EXTERNAL,8
2.1,-50.5,REGIONAL,8
-27.2,-52.7,EXTERNAL,8
-8.8,-36.5,EXTERNAL,8
-10.8,-51.7,EXTERNAL,8
-19.3,-40.4,REGIONAL,8
-21.5,-50.8,REGIONAL,8
-9.0,-36.8,REGIONAL,8
-22.0,-41.0,EXTERNAL,8
-23.0,-47.5,REGIONAL,8
-31.2,-50.8,REGIONAL,8
-4.2,-60.8,EXTERNAL,8
-22.0,-49.5,EXTERNAL,8
-28.2,-51.1,REGIONAL,8
-16.6,-49.8,REGIONAL,8
-20.8,-40.4,REGIONAL,8
-22.0,-46.6,REGIONAL,8
-17.0,-48.3,REGIONAL,8
-11.5,-38.0,REGIONAL,8
-12.3,-46.4,REGIONAL,8
-12.9,-46.9,REGIONAL,8
-13.1,-41.8,REGIONAL,8
-20.2,-50.7,REGIONAL,8
-2.9,-59.9,INTERNAL,8
-8.0,-63.0,EXTERNAL,8
-22.2,-44.3,REGIONAL,8
-15.3,-42.9,REGIONAL,8
-16.6,-41.7,REGIONAL,8
-23.8,-48.6,EXTERNAL,8
-11.2,-41.9,EXTERNAL,8
-7.8,-35.5,REGIONAL,8
-8.3,-37.0,REGIONAL,8
-22.0,-57.0,EXTERNAL,8
-19.2,-48.0,REGIONAL,8
-22.3,-49.6,REGIONAL,8
-4.1,-40.8,REGIONAL,8
-20.9,-40.8,EXTERNAL,8
-22.3,-45.2,REGIONAL,8
-26.2,-49.0,EXTERNAL,8
-7.1,-34.9,INTERNAL,8
-21.7,-50.5,INTERNAL,8
-1.8,-59.5,REGIONAL,8
-11.0,-43.2,REGIONAL,8
-1.6,-47.5,REGIONAL,8
-22.1,-43.1,REGIONAL,8
-10.1,-67.5,REGIONAL,8
-22.8,-42.7,REGIONAL,8
-8.6,-35.0,INTERNAL,8
-10.4,-40.2,REGIONAL,8
-5.4,-37.5,REGIONAL,8
-19.2,-42.0,REGIONAL,8
-15.3,-59.2,REGIONAL,8
-8.1,-43.0,REGIONAL,8
-23.7,-45.9,EXTERNAL,8
-8.8,-69.3,REGIONAL,8
2.1,-54.1,REGIONAL,8
-28.7,-49.5,EXTERNAL,8
-3.6,-38.4,REGIONAL,8
-21.3,-48.7,EXTERNAL,8
-14.7,-49.5,REGIONAL,8
0.8,-52.0,REGIONAL,8
-16.3,-54.8,EXTERNAL,8
-25.7,-45.3,INTERNAL,8
-12.1,-44.1,REGIONAL,8
-14.7,-42.6,REGIONAL,8
-21.3,-49.4,INTERNAL,8
-15.0,-51.3,REGIONAL,8
-20.5,-55.0,INTERNAL,8
-18.4,-52.9,REGIONAL,8
-29.3,-54.9,REGIONAL,8
-17.2,-46.9,EXTERNAL,8
-23.1,-49.0,EXTERNAL,8
-21.6,-42.0,REGIONAL,8
-16.2,-49.2,REGIONAL,8
-3.6,-41.1,EXTERNAL,8
-9.1,-34.8,EXTERNAL,8
-8.5,-70.9,REGIONAL,8
-15.5,-56.0,EXTERNAL,8
-28.0,-54.3,REGIONAL,8
-7.9,-47.9,REGIONAL,8
-24.5,-44.5,INTERNAL,8
-29.7,-52.8,EXTERNAL,8
-9.1,-35.2,REGIONAL,8
-6.5,-38.2,REGIONAL,8
-26.1,-49.0,EXTERNAL,8
-18.8,-48.3,EXTERNAL,8
-4.6,-40.6,REGIONAL,8
-16.7,-50.5,REGIONAL,8
-22.2,-55.0,REGIONAL,8
-18.2,-43.3,REGIONAL,8
4.0,-61.0,EXTERNAL,8
-23.0,-48.2,REGIONAL,8
-5.7,-62.3,EXTERNAL,8
-14.2,-38.9,REGIONAL,8
-6.8,-63.9,EXTERNAL,8
-8.0,-34.4,REGIONAL,8
-10.0,-55.8,REGIONAL,8
-23.0,-42.6,REGIONAL,8
-22.9,-55.2,REGIONAL,8
-2.0,-54.0,REGIONAL,8
-12.3,-42.9,EXTERNAL,8
-17.2,-42.4,REGIONAL,8
-16.4,-43.0,REGIONAL,8
-10.2,-37.0,REGIONAL,8
-10.0,-49.0,REGIONAL,8
-9.3,-62.9,INTERNAL,8
-19.0,-46.2,REGIONAL,8
-22.3,-44.9,EXTERNAL,8
-11.7,-62.3,EXTERNAL,8
-21.2,-56.6,REGIONAL,8
-15.9,-58.5,EXTERNAL,8
-20.9,-49.5,EXTERNAL,8
-8.3,-71.2,REGIONAL,8
-8.2,-73.1,REGIONAL,8
-20.3,-56.6,REGIONAL,8
-21.3,-47.3,EXTERNAL,8
-22.2,-52.4,INTERNAL,8
-27.1,-51.0,REGIONAL,8
-27.6,-52.2,REGIONAL,8
-16.1,-58.4,REGIONAL,8
-19.6,-40.0,EXTERNAL,8
-20.1,-47.7,INTERNAL,8
-14.6,-48.4,REGIONAL,8
-24.7,-43.7,REGIONAL,8
-25.2,-45.1,INTERNAL,8
-29.7,-53.0,REGIONAL,8
-16.3,-59.4,REGIONAL,8
-9.8,-45.4,EXTERNAL,7
-20.8,-41.6,REGIONAL,7
-30.9,-53.6,REGIONAL,7
-22.4,-43.6,REGIONAL,7
-20.9,-44.5,REGIONAL,7
-13.8,-42.8,REGIONAL,7
-18.8,-52.6,EXTERNAL,7
-27.6,-51.6,REGIONAL,7
-16.0,-49.2,REGIONAL,7
-4.8,-38.4,REGIONAL,7
-0.7,-63.0,EXTERNAL,7
-20.9,-45.5,REGIONAL,7
-2.9,-60.8,REGIONAL,7
-3.8,-49.6,REGIONAL,7
-27.0,-49.6,EXTERNAL,7
-20.7,-53.7,REGIONAL,7
-29.4,-50.7,REGIONAL,7
-1.2,-47.3,REGIONAL,7
-28.3,-52.5,REGIONAL,7
-16.8,-52.0,EXTERNAL,7
-19.1,-56.6,REGIONAL,7
-24.0,-48.9,REGIONAL,7
-1.5,-48.3,REGIONAL,7
-23.8,-50.0,EXTERNAL,7
-22.6,-30.0,EXTERNAL,7
-14.1,-42.5,EXTERNAL,7
-22.8,-48.8,INTERNAL,7
-18.0,-43.7,REGIONAL,7
-10.6,-48.9,REGIONAL,7
-12.8,-40.4,REGIONAL,7
0.5,-50.9,REGIONAL,7
-17.2,-54.2,EXTERNAL,7
-3.9,-40.7,REGIONAL,7
-21.6,-45.6,EXTERNAL,7
-7.1,-50.0,EXTERNAL,7
-25.1,-51.0,REGIONAL,7
-29.5,-49.7,REGIONAL,7
-23.3,-43.1,INTERNAL,7
-9.8,-57.8,REGIONAL,7
-2.5,-57.0,REGIONAL,7
-29.5,-50.7,EXTERNAL,7
-27.6,-52.1,EXTERNAL,7
-20.3,-41.5,REGIONAL,7
-26.9,-52.3,EXTERNAL,7
-21.5,-56.5,REGIONAL,7
-20.7,-48.9,INTERNAL,7
-16.6,-47.6,REGIONAL,7
-3.7,-40.1,REGIONAL,7
-15.5,-55.2,REGIONAL,7
-19.5,-43.1,REGIONAL,7
-28.4,-50.7,REGIONAL,7
-10.8,-38.5,EXTERNAL,7
-28.6,-47.7,INTERNAL,7
25.7,-80.2,EXTERNAL,7
-11.4,-41.1,REGIONAL,7
0.9,-52.0,EXTERNAL,7
-12.4,-39.2,EXTERNAL,7
-29.2,-51.9,EXTERNAL,7
-1.7,-59.7,REGIONAL,7
-2.4,-60.9,REGIONAL,7
-9.7,-50.5,INTERNAL,7
-20.9,-42.2,REGIONAL,7
-20.1,-43.7,EXTERNAL,7
-21.9,-52.9,REGIONAL,7
-21.1,-41.6,EXTERNAL,7
-10.6,-63.5,REGIONAL,7
-19.2,-45.4,REGIONAL,7
-14.0,-39.3,REGIONAL,7
-5.4,-67.2,REGIONAL,7
-3.9,-41.0,REGIONAL,7
-1.6,-59.8,REGIONAL,7
-3.7,-57.5,REGIONAL,7
-5.8,-61.3,REGIONAL,7
-4.7,-41.4,REGIONAL,7
-4.3,-70.1,REGIONAL,7
-6.4,-62.8,EXTERNAL,7
-4.3,-40.1,REGIONAL,7
-9.7,-55.4,REGIONAL,7
-2.0,-48.0,EXTERNAL,7
-11.3,-37.6,REGIONAL,7
-20.0,-40.0,REGIONAL,7
-29.0,-51.1,EXTERNAL,7
-27.6,-52.4,EXTERNAL,7
-18.5,-50.8,EXTERNAL,7
-13.8,-56.7,REGIONAL,7
-12.8,-60.3,REGIONAL,7
-10.5,-45.2,REGIONAL,7
-20.2,-56.8,REGIONAL,7
-9.9,-36.3,REGIONAL,7
-11.6,-49.0,REGIONAL,7
-24.7,-53.8,EXTERNAL,7
-14.6,-39.1,INTERNAL,7
-5.0,-42.7,REGIONAL,7
-3.2,-40.7,REGIONAL,7
-4.5,-37.7,EXTERNAL,7
-6.4,-37.1,EXTERNAL,7
-6.4,-50.2,REGIONAL,7
-15.3,-52.1,EXTERNAL,7
-22.9,-48.3,REGIONAL,7
-19.8,-40.7,INTERNAL,7
-25.4,-47.9,INTERNAL,7
-15.6,-55.4,REGIONAL,7
-13.9,-38.9,EXTERNAL,7
-15.7,-57.4,REGIONAL,7
-14.3,-48.7,REGIONAL,7
-28.4,-52.7,EXTERNAL,7
-11.5,-37.8,REGIONAL,7
-17.6,-39.2,REGIONAL,7
-25.6,-48.5,EXTERNAL,7
-25.2,-48.0,EXTERNAL,7
-9.6,-56.1,REGIONAL,7
-17.0,-43.1,REGIONAL,7
-15.8,-58.7,REGIONAL,7
-8.7,-67.4,REGIONAL,7
-3.0,-60.8,REGIONAL,7
-16.7,-54.7,EXTERNAL,7
-20.6,-42.4,REGIONAL,7
-25.2,-48.1,REGIONAL,7
-20.6,-49.7,EXTERNAL,7
-6.2,-50.5,REGIONAL,7
-1.7,-60.1,REGIONAL,7
-6.3,-37.8,REGIONAL,7
-3.0,-50.1,REGIONAL,7
-3.8,-38.4,EXTERNAL,7
-22.7,-46.1,REGIONAL,7
-20.7,-48.7,INTERNAL,7
-20.5,-48.6,INTERNAL,7
-22.0,-46.7,REGIONAL,7
-16.2,-56.2,REGIONAL,7
-19.0,-50.5,EXTERNAL,7
-1.7,-48.9,INTERNAL,7
-16.4,-39.4,REGIONAL,7
-6.5,-37.1,EXTERNAL,7
-23.0,-52.9,EXTERNAL,7
-5.6,-50.4,REGIONAL,7
-12.9,-41.3,EXTERNAL,7
-21.1,-44.3,INTERNAL,7
-6.7,-51.1,REGIONAL,7
-6.3,-38.3,REGIONAL,7
-14.5,-59.4,INTERNAL,7
-6.5,-38.4,REGIONAL,7
-3.2,-59.0,EXTERNAL,7
-24.5,-53.2,REGIONAL,7
-28.0,-49.6,INTERNAL,7
-22.0,-46.8,INTERNAL,7
-22.0,-48.9,EXTERNAL,7
-10.8,-37.4,REGIONAL,7
-13.3,-58.0,INTERNAL,7
-23.3,-51.8,REGIONAL,7
-23.0,-45.1,REGIONAL,7
-21.2,-48.6,EXTERNAL,7
-19.0,-57.0,EXTERNAL,7
-15.1,-58.5,REGIONAL,7
-26.1,-50.3,REGIONAL,7
-21.5,-44.7,REGIONAL,7
-19.6,-42.8,REGIONAL,7
-10.9,-68.7,INTERNAL,7
1.2,-52.1,REGIONAL,7
-31.3,-54.9,REGIONAL,7
-22.4,-48.0,INTERNAL,7
-30.5,-51.5,EXTERNAL,7
-16.5,-54.3,REGIONAL,7
-26.9,-52.7,REGIONAL,7
-22.4,-46.4,EXTERNAL,7
-24.7,-49.0,INTERNAL,7
-13.9,-39.4,REGIONAL,7
-25.6,-49.1,EXTERNAL,7
-12.4,-41.3,REGIONAL,7
-16.4,-38.8,REGIONAL,7
-28.2,-49.2,REGIONAL,7
-6.1,-38.2,EXTERNAL,7
-21.6,-48.3,REGIONAL,7
-2.5,-60.1,REGIONAL,7
-28.6,-48.8,EXTERNAL,7
-3.0,-42.0,INTERNAL,7
-22.5,-42.5,REGIONAL,7
-14.2,-39.6,EXTERNAL,7
-4.2,-69.9,EXTERNAL,7
-18.6,-43.7,REGIONAL,7
-10.0,-55.0,REGIONAL,7
-21.8,-51.7,REGIONAL,7
-20.2,-49.3,INTERNAL,7
-24.4,-47.2,REGIONAL,7
-15.7,-49.4,REGIONAL,7
-26.9,-51.0,REGIONAL,7
-27.3,-49.2,REGIONAL,7
-10.8,-65.3,EXTERNAL,7
-13.0,-41.5,REGIONAL,7
-10.3,-48.7,REGIONAL,7
-22.8,-44.1,REGIONAL,7
-20.5,-49.2,REGIONAL,7
-0.8,-29.4,EXTERNAL,7
-18.7,-42.9,REGIONAL,7
-18.1,-47.6,INTERNAL,7
-8.5,-36.0,REGIONAL,7
-29.7,-53.1,EXTERNAL,7
-28.8,-49.7,REGIONAL,7
-21.1,-50.1,REGIONAL,7
-24.3,-50.5,REGIONAL,7
-25.5,-49.3,INTERNAL,7
-7.0,-55.0,EXTERNAL,7
-18.8,-41.9,EXTERNAL,7
-22.6,-47.7,EXTERNAL,7
-16.6,-49.5,REGIONAL,7
-20.0,-56.6,REGIONAL,7
-20.4,-45.5,REGIONAL,7
-22.1,-47.2,INTERNAL,7
-22.2,-49.7,INTERNAL,7
-16.4,-51.1,EXTERNAL,7
-21.2,-44.1,REGIONAL,7
-35.5,-50.0,REGIONAL,7
3.8,-51.8,EXTERNAL,7
-27.8,-47.4,INTERNAL,7
-14.7,-40.1,EXTERNAL,7
-16.3,-51.3,EXTERNAL,7
-18.1,-52.9,EXTERNAL,7
-30.0,-53.0,EXTERNAL,7
-5.1,-35.7,REGIONAL,7
-22.5,-40.3,INTERNAL,7
-23.0,-44.7,REGIONAL,7
-16.2,-57.4,REGIONAL,7
-18.1,-48.3,REGIONAL,7
-10.9,-37.4,REGIONAL,7
-1.7,-46.9,REGIONAL,7
-4.9,-43.3,EXTERNAL,7
-2.5,-54.8,REGIONAL,7
-13.6,-42.9,REGIONAL,7
-20.1,-41.0,REGIONAL,7
-19.8,-42.4,REGIONAL,7
-22.3,-41.4,INTERNAL,7
-6.1,-38.3,REGIONAL,7
-22.3,-40.8,INTERNAL,7
-3.2,-52.3,REGIONAL,7
-5.1,-37.6,REGIONAL,7
-8.0,-37.0,EXTERNAL,7
-24.0,-43.9,INTERNAL,7
-6.9,-35.1,REGIONAL,7
-20.1,-43.5,INTERNAL,7
-19.6,-46.9,EXTERNAL,7
-2.6,-56.8,REGIONAL,7
-22.8,-46.3,INTERNAL,7
-12.5,-40.5,REGIONAL,7
-15.7,-52.3,REGIONAL,7
-17.8,-48.8,EXTERNAL,7
-21.8,-47.2,EXTERNAL,7
3.7,-61.7,REGIONAL,7
-5.1,-38.5,REGIONAL,7
-13.5,-61.2,REGIONAL,7
-8.4,-43.9,REGIONAL,7
-16.0,-55.0,EXTERNAL,7
-29.9,-51.4,EXTERNAL,7
-16.7,-39.1,EXTERNAL,7
-26.4,-49.2,EXTERNAL,7
-14.5,-54.6,REGIONAL,7
-22.6,-45.9,REGIONAL,7
-6.9,-69.8,REGIONAL,7
-10.7,-37.8,REGIONAL,7
-16.4,-41.4,REGIONAL,7
-25.5,-49.0,EXTERNAL,7
-24.6,-48.8,INTERNAL,7
-31.7,-52.2,EXTERNAL,7
-6.6,-35.1,REGIONAL,7
-19.4,-42.6,EXTERNAL,7
-21.8,-53.3,EXTERNAL,7
-16.6,-46.0,REGIONAL,7
-16.5,-43.5,REGIONAL,7
-27.1,-52.8,EXTERNAL,7
-24.4,-47.3,REGIONAL,7
-16.1,-48.5,EXTERNAL,7
-6.0,-67.8,REGIONAL,7
-21.3,-44.6,EXTERNAL,7
-8.0,-50.1,REGIONAL,7
-21.3,-48.5,INTERNAL,7
-17.9,-51.3,REGIONAL,7
-22.4,-46.3,REGIONAL,7
-15.9,-48.3,EXTERNAL,7
-23.9,-46.9,EXTERNAL,7
-14.5,-44.1,EXTERNAL,7
-29.7,-50.7,EXTERNAL,7
-4.5,-56.3,INTERNAL,7
-14.2,-48.2,REGIONAL,7
-18.4,-47.8,REGIONAL,7
-21.5,-43.1,EXTERNAL,7
-20.7,-49.5,INTERNAL,7
-12.3,-46.2,EXTERNAL,7
-31.3,-52.7,INTERNAL,7
-7.2,-40.0,REGIONAL,7
-21.1,-48.9,EXTERNAL,7
-23.8,-45.3,EXTERNAL,7
-13.5,-48.2,EXTERNAL,7
-11.3,-44.9,REGIONAL,7
-21.5,-51.6,EXTERNAL,7
-1.8,-59.3,REGIONAL,7
-9.2,-36.1,EXTERNAL,7
-3.8,-34.0,EXTERNAL,7
-21.7,-46.3,EXTERNAL,7
-8.7,-35.6,EXTERNAL,7
-9.7,-55.9,REGIONAL,7
-15.0,-41.4,REGIONAL,7
-22.2,-47.3,INTERNAL,7
-0.9,-47.7,REGIONAL,7
-15.1,-57.2,EXTERNAL,7
-29.7,-54.7,EXTERNAL,7
1.6,-61.1,REGIONAL,7
-5.2,-47.8,REGIONAL,7
-13.6,-46.4,EXTERNAL,7
-20.4,-40.8,EXTERNAL,7
-22.8,-45.5,EXTERNAL,7
-17.9,-39.4,EXTERNAL,7
-10.5,-46.4,REGIONAL,7
-9.8,-41.1,REGIONAL,7
-10.6,-37.7,REGIONAL,7
-26.2,-49.3,EXTERNAL,7
-17.9,-45.2,REGIONAL,7
-15.0,-41.0,EXTERNAL,7
-31.4,-52.7,EXTERNAL,7
-20.4,-39.9,REGIONAL,7
-20.1,-46.6,REGIONAL,7
-3.3,-40.6,REGIONAL,7
-21.3,-50.1,INTERNAL,7
-6.0,-42.7,REGIONAL,7
-5.9,-50.7,REGIONAL,7
-11.4,-58.8,REGIONAL,7
-3.4,-48.6,REGIONAL,7
-3.8,-60.4,REGIONAL,7
-14.1,-46.3,REGIONAL,7
-23.3,-47.5,REGIONAL,7
-5.8,-36.9,REGIONAL,7
-6.3,-35.7,REGIONAL,7
-27.7,-49.4,REGIONAL,7
-13.1,-46.5,REGIONAL,7
-16.1,-49.6,REGIONAL,7
-23.9,-49.2,INTERNAL,7
-20.1,-51.1,REGIONAL,7
-0.4,-51.4,REGIONAL,7
-3.0,-38.9,REGIONAL,7
-9.0,-58.5,REGIONAL,7
-14.7,-51.0,REGIONAL,7
-5.7,-67.8,REGIONAL,7
-21.3,-44.7,REGIONAL,7
-15.5,-44.8,REGIONAL,7
-29.7,-53.2,REGIONAL,7
-25.4,-50.5,REGIONAL,7
-14.8,-51.0,EXTERNAL,7
-6.6,-49.4,REGIONAL,7
-20.7,-42.4,REGIONAL,7
-15.9,-51.4,EXTERNAL,7
-7.1,-36.1,REGIONAL,7
-23.2,-48.4,EXTERNAL,7
-12.4,-40.8,EXTERNAL,7
0.3,-66.8,REGIONAL,7
-30.1,-57.4,REGIONAL,7
-1.4,-56.3,REGIONAL,7
-13.3,-54.2,REGIONAL,7
-21.4,-41.9,REGIONAL,7
-16.0,-57.6,EXTERNAL,7
-3.0,-44.2,REGIONAL,7
-7.2,-35.4,REGIONAL,7
-14.4,-40.4,REGIONAL,7
-13.5,-41.9,EXTERNAL,7
-11.3,-42.0,REGIONAL,7
-23.1,-43.0,INTERNAL,7
-27.6,-50.3,REGIONAL,7
-1.3,-48.3,EXTERNAL,7
-15.3,-52.2,REGIONAL,7
-18.8,-42.0,EXTERNAL,7
-20.5,-29.4,INTERNAL,7
-12.6,-55.7,EXTERNAL,7
-7.4,-46.9,REGIONAL,7
-22.2,-43.7,EXTERNAL,7
-11.7,-61.9,REGIONAL,7
-16.0,-58.8,REGIONAL,7
-9.6,-64.9,REGIONAL,7
-11.8,-49.6,REGIONAL,7
-16.3,-50.9,REGIONAL,7
-21.8,-40.7,INTERNAL,7
-22.5,-48.5,EXTERNAL,7
-13.0,-40.0,REGIONAL,7
-30.2,-50.3,EXTERNAL,7
-6.2,-38.2,REGIONAL,7
-13.1,-55.9,REGIONAL,7
-23.4,-49.5,EXTERNAL,7
-13.1,-60.7,REGIONAL,7
-23.4,-45.5,REGIONAL,7
-21.6,-43.6,INTERNAL,7
-23.1,-45.1,REGIONAL,7
-4.0,-38.6,EXTERNAL,7
-27.4,-51.5,EXTERNAL,7
-28.7,-56.0,EXTERNAL,7
-29.0,-50.3,REGIONAL,7
-24.1,-54.3,EXTERNAL,7
-20.4,-49.9,EXTERNAL,7
-13.9,-40.2,REGIONAL,7
-23.7,-45.6,EXTERNAL,7
-13.6,-41.7,EXTERNAL,7
-9.4,-36.3,EXTERNAL,7
-22.2,-50.1,REGIONAL,7
-22.6,-46.3,REGIONAL,7
-13.4,-38.9,INTERNAL,7
-23.4,-48.7,INTERNAL,7
-15.1,-49.7,EXTERNAL,7
-6.1,-37.5,REGIONAL,7
-12.2,-44.4,EXTERNAL,7
-25.7,-52.7,EXTERNAL,7
-9.3,-35.3,REGIONAL,7
-20.9,-54.0,REGIONAL,7
-30.1,-55.7,REGIONAL,7
-20.9,-48.6,EXTERNAL,7
-18.0,-44.1,REGIONAL,7
-22.8,-49.3,EXTERNAL,7
-27.1,-52.1,REGIONAL,7
-21.9,-47.3,INTERNAL,7
-21.3,-47.9,REGIONAL,7
-4.0,-40.9,REGIONAL,7
-4.2,-40.1,REGIONAL,7
-32.5,-52.5,INTERNAL,7
-6.3,-38.2,REGIONAL,7
-15.8,-56.1,REGIONAL,7
-21.3,-46.5,EXTERNAL,7
-26.3,-53.6,REGIONAL,7
-22.9,-41.8,REGIONAL,7
-9.9,-36.4,EXTERNAL,7
-18.5,-53.4,REGIONAL,7
-12.2,-43.7,EXTERNAL,7
-16.4,-42.3,REGIONAL,7
-30.4,-51.6,REGIONAL,7
-7.4,-39.5,REGIONAL,7
-20.1,-45.3,REGIONAL,7
-13.6,-48.2,REGIONAL,7
-12.1,-44.0,EXTERNAL,7
-7.8,-42.3,REGIONAL,7
-17.7,-57.2,REGIONAL,7
-28.1,-49.1,REGIONAL,7
-20.3,-39.9,REGIONAL,7
-19.2,-55.0,REGIONAL,7
-6.9,-35.4,REGIONAL,7
-23.3,-47.0,EXTERNAL,7
-16.0,-55.8,REGIONAL,7
-21.6,-42.1,REGIONAL,7
-17.9,-44.0,REGIONAL,7
-10.1,-59.4,REGIONAL,7
-29.3,-51.4,REGIONAL,7
-17.7,-48.7,REGIONAL,7
-13.5,-39.2,REGIONAL,7
-19.3,-48.0,REGIONAL,7
-23.1,-46.3,INTERNAL,7
-8.9,-63.9,REGIONAL,7
-5.1,-44.6,EXTERNAL,7
-20.4,-55.7,REGIONAL,7
-15.7,-55.5,REGIONAL,7
-8.4,-63.9,REGIONAL,7
-6.1,-50.6,REGIONAL,7
-20.4,-49.5,INTERNAL,7
-8.2,-60.5,REGIONAL,7
-9.1,-64.2,REGIONAL,7
-6.9,-37.8,EXTERNAL,7
-11.7,-37.7,REGIONAL,7
-16.8,-42.4,REGIONAL,7
-6.6,0.0,INTERNAL,7
-27.6,-49.5,REGIONAL,7
-21.4,-41.7,EXTERNAL,7
-16.3,-41.3,EXTERNAL,7
-20.0,-40.6,INTERNAL,7
-25.7,-49.1,EXTERNAL,7
-18.8,-51.3,EXTERNAL,7
-13.8,-56.1,REGIONAL,7
-14.5,-46.9,REGIONAL,7
-5.1,-49.1,REGIONAL,7
-2.4,-54.7,INTERNAL,7
-27.5,-53.9,EXTERNAL,7
-7.9,-36.2,EXTERNAL,7
-28.4,-48.6,REGIONAL,7
-3.1,-67.9,REGIONAL,7
-13.1,-38.6,REGIONAL,7
-4.2,-38.5,REGIONAL,7
-22.1,-47.0,EXTERNAL,7
-9.9,-38.2,REGIONAL,7
-4.0,-38.5,EXTERNAL,7
-3.7,-39.8,REGIONAL,7
-2.9,-42.9,REGIONAL,7
-10.0,-37.1,REGIONAL,7
-20.0,-45.1,REGIONAL,7
-15.7,-48.1,EXTERNAL,7
-25.9,-52.5,EXTERNAL,7
-16.3,-41.8,REGIONAL,7
-1.6,-52.8,REGIONAL,7
-3.1,-58.4,EXTERNAL,7
-4.5,-57.8,REGIONAL,7
-8.6,-46.7,REGIONAL,7
-20.0,-43.5,EXTERNAL,7
-4.3,-38.7,REGIONAL,7
-22.4,-49.5,EXTERNAL,7
-16.7,-49.5,REGIONAL,7
-23.2,-49.0,REGIONAL,7
-21.8,-47.9,REGIONAL,7
-18.7,-38.9,INTERNAL,7
-20.5,-56.6,REGIONAL,7
-22.6,-45.2,EXTERNAL,7
-28.2,-51.5,EXTERNAL,7
-0.9,-46.7,INTERNAL,7
-17.3,-51.9,EXTERNAL,7
-9.0,-63.2,REGIONAL,7
1.0,-51.3,REGIONAL,7
-22.8,-48.2,INTERNAL,7
-33.6,-53.5,REGIONAL,7
-8.6,-34.5,REGIONAL,7
-14.3,-43.2,REGIONAL,7
-25.4,-52.0,REGIONAL,7
-26.6,-49.7,REGIONAL,7
-6.0,-47.4,REGIONAL,7
-10.2,-44.6,REGIONAL,7
-22.9,-44.1,EXTERNAL,7
-30.0,-57.0,EXTERNAL,7
-7.8,-34.8,EXTERNAL,7
-28.5,-50.9,EXTERNAL,7
-29.1,-49.7,EXTERNAL,7
-12.6,-38.6,EXTERNAL,7
-3.1,-40.2,EXTERNAL,7
-14.1,-44.9,REGIONAL,7
-9.4,-40.8,REGIONAL,7
-20.3,-50.6,INTERNAL,7
-19.5,-40.6,EXTERNAL,7
-16.6,-54.5,EXTERNAL,7
-22.6,-44.1,REGIONAL,7
-19.1,-45.1,REGIONAL,7
-22.5,-46.8,EXTERNAL,7
-15.6,-44.2,REGIONAL,7
-21.8,-51.2,EXTERNAL,7
-13.4,-39.0,REGIONAL,7
-33.7,-53.4,REGIONAL,7
-18.2,-45.3,REGIONAL,7
-10.8,-38.9,REGIONAL,7
-29.6,-52.8,REGIONAL,7
-32.1,-53.7,REGIONAL,7
-22.0,-57.7,REGIONAL,7
-2.2,-55.0,REGIONAL,7
-16.9,-57.4,EXTERNAL,7
-15.5,-60.1,REGIONAL,7
-13.9,-39.1,REGIONAL,7
-8.7,-38.3,REGIONAL,7
-25.4,-48.6,REGIONAL,7
-19.5,-43.8,REGIONAL,7
-30.3,-50.5,EXTERNAL,7
-1.4,-52.0,REGIONAL,7
-3.9,-41.7,REGIONAL,7
-10.7,-37.5,REGIONAL,7
-11.6,-43.3,REGIONAL,7
-5.7,-39.0,REGIONAL,7
-20.1,-42.8,EXTERNAL,7
-21.6,-43.9,REGIONAL,7
-12.8,-38.9,INTERNAL,7
-22.1,-50.9,INTERNAL,7
-18.3,-52.0,REGIONAL,7
-25.3,-48.2,REGIONAL,7
-15.0,-48.7,REGIONAL,7
-13.5,-46.5,REGIONAL,7
-6.9,-35.7,REGIONAL,7
-6.8,-63.0,EXTERNAL,7
-7.1,-36.9,REGIONAL,7
-5.5,-35.3,REGIONAL,7
-30.9,-51.5,EXTERNAL,7
-28.4,-52.6,REGIONAL,7
-6.3,-42.9,REGIONAL,7
2.2,-54.3,REGIONAL,7
-17.7,-52.1,EXTERNAL,7
-28.9,-49.9,REGIONAL,7
-2.8,-47.9,REGIONAL,7
-4.7,-61.3,REGIONAL,7
-15.1,-46.5,REGIONAL,7
-16.2,-44.8,REGIONAL,7
-22.5,-39.9,INTERNAL,7
-15.1,-49.7,REGIONAL,7
-0.2,-50.4,REGIONAL,7
-23.4,-52.1,EXTERNAL,7
-1.5,-56.8,EXTERNAL,7
-12.6,-38.4,REGIONAL,7
-10.3,-68.3,REGIONAL,7
-18.6,-39.8,REGIONAL,7
-10.0,-63.1,EXTERNAL,7
-8.9,-64.0,REGIONAL,7
-25.8,-45.7,INTERNAL,7
-8.0,-34.4,EXTERNAL,7
-27.0,-52.1,REGIONAL,7
-3.8,-66.1,REGIONAL,7
-12.0,-41.3,REGIONAL,7
-18.0,-48.6,REGIONAL,7
-8.0,-35.3,EXTERNAL,7
2.2,-54.1,REGIONAL,7
-0.9,-47.1,REGIONAL,7
-17.8,-42.1,REGIONAL,7
-22.6,-43.8,REGIONAL,7
-8.0,-35.4,REGIONAL,7
-10.6,-62.4,REGIONAL,7
-16.3,-41.3,REGIONAL,7
-9.7,-37.6,REGIONAL,7
-28.4,-49.1,REGIONAL,7
-14.4,-43.6,REGIONAL,7
-12.6,-41.3,REGIONAL,7
-3.6,-39.5,EXTERNAL,7
-30.0,-56.3,REGIONAL,7
-6.8,-38.7,REGIONAL,7
-22.2,-50.1,EXTERNAL,7
-5.6,-38.8,REGIONAL,7
-4.8,-39.0,REGIONAL,7
-22.4,-48.7,EXTERNAL,7
-24.9,-46.8,INTERNAL,7
-24.4,-49.6,REGIONAL,7
-30.7,-55.5,REGIONAL,7
-5.4,-35.4,REGIONAL,7
-27.3,-53.0,EXTERNAL,7
-12.7,-42.1,REGIONAL,7
-1.0,-49.9,REGIONAL,7
-13.6,-58.0,INTERNAL,7
-9.0,-63.3,REGIONAL,7
-10.1,-36.1,REGIONAL,7
-14.0,-48.6,REGIONAL,7
-9.4,-40.4,REGIONAL,7
-10.7,-36.9,EXTERNAL,7
-24.4,-48.4,REGIONAL,7
-2.9,-60.5,REGIONAL,7
-12.4,-42.0,REGIONAL,7
-8.8,-55.0,REGIONAL,7
-16.7,-56.5,REGIONAL,7
-4.9,-47.6,REGIONAL,7
-6.8,-43.2,REGIONAL,7
-24.6,-53.0,REGIONAL,7
-24.2,-48.6,INTERNAL,7
-7.3,-37.1,REGIONAL,7
-18.6,-51.1,INTERNAL,7
-11.6,-46.5,REGIONAL,7
-5.8,-36.1,REGIONAL,7
-8.5,-71.5,REGIONAL,7
-16.8,-58.0,REGIONAL,7
-1.5,-47.1,REGIONAL,7
-22.1,-48.9,REGIONAL,7
-15.7,-45.6,REGIONAL,7
-13.4,-49.1,EXTERNAL,7
-29.3,-53.2,EXTERNAL,7
-32.1,-53.7,EXTERNAL,7
-13.8,-46.5,REGIONAL,7
-6.2,-42.1,REGIONAL,7
-13.7,-39.5,REGIONAL,7
-14.1,-39.7,REGIONAL,7
-22.1,-56.3,REGIONAL,7
4.6,-60.2,REGIONAL,7
-23.4,-45.4,REGIONAL,7
-18.8,-43.7,REGIONAL,7
-22.2,-49.8,EXTERNAL,7
-11.1,-37.7,REGIONAL,7
-22.4,-43.9,EXTERNAL,7
-23.2,-48.1,REGIONAL,7
-8.8,-48.5,REGIONAL,7
-18.9,-40.0,REGIONAL,7
-11.7,-40.1,EXTERNAL,7
-6.0,-37.7,REGIONAL,7
-9.6,-35.4,INTERNAL,7
-19.3,-42.6,EXTERNAL,7
-16.2,-56.7,REGIONAL,7
-22.6,-54.9,REGIONAL,7
-6.3,-37.5,EXTERNAL,7
-22.5,-53.0,EXTERNAL,7
-19.6,-40.2,REGIONAL,7
-29.2,-51.9,REGIONAL,7
-20.5,-52.6,EXTERNAL,7
-5.1,-36.1,REGIONAL,7
-21.7,-51.0,EXTERNAL,7
-13.1,-41.0,REGIONAL,7
-20.7,-47.6,REGIONAL,7
-22.4,-39.9,INTERNAL,7
-5.6,-35.2,INTERNAL,7
-25.3,-48.7,EXTERNAL,7
-21.0,-44.1,REGIONAL,7
-21.7,-48.8,EXTERNAL,7
-22.3,-49.5,EXTERNAL,7
1.9,-61.1,REGIONAL,7
-12.0,-42.6,REGIONAL,7
-29.7,-50.4,EXTERNAL,7
-18.0,-40.4,INTERNAL,7
-29.7,-55.5,REGIONAL,7
-20.0,-54.4,REGIONAL,7
-24.5,-48.4,INTERNAL,7
-14.6,-55.9,REGIONAL,7
0.1,-30.6,EXTERNAL,7
-21.0,-41.7,REGIONAL,7
-19.9,-42.7,REGIONAL,7
-7.9,-73.5,REGIONAL,7
-10.7,-41.3,REGIONAL,7
-24.9,-48.1,INTERNAL,7
-21.2,-49.2,INTERNAL,7
1.3,-63.4,REGIONAL,7
-19.2,-57.3,REGIONAL,7
-22.4,-45.3,REGIONAL,7
-18.4,-40.2,REGIONAL,7
-9.8,-56.3,EXTERNAL,7
-27.4,-49.0,REGIONAL,7
-21.8,-46.4,REGIONAL,7
-9.1,-64.1,REGIONAL,7
-27.5,-51.8,EXTERNAL,7
-7.6,-39.3,REGIONAL,7
-28.6,-48.3,INTERNAL,7
-24.2,-47.3,REGIONAL,7
-20.9,-49.6,REGIONAL,7
-12.2,-48.5,EXTERNAL,7
-27.1,-50.0,EXTERNAL,7
-25.1,-52.4,REGIONAL,7
-22.5,-45.5,REGIONAL,7
-24.3,-47.1,EXTERNAL,7
-17.6,-57.4,REGIONAL,7
-10.4,-46.5,REGIONAL,7
-21.4,-47.0,EXTERNAL,7
-21.8,-43.8,EXTERNAL,7
-9.6,-35.8,INTERNAL,7
-8.3,-64.0,EXTERNAL,7
-29.5,-52.9,REGIONAL,7
-24.8,-42.1,INTERNAL,7
-18.3,-48.2,REGIONAL,7
-28.8,-50.0,REGIONAL,7
-13.9,-39.2,REGIONAL,7
-9.3,-43.3,REGIONAL,7
-4.7,-37.3,REGIONAL,7
-10.5,-49.0,REGIONAL,7
3.2,-60.9,REGIONAL,7
-17.4,-52.6,EXTERNAL,7
-6.2,-49.9,REGIONAL,7
-1.5,-47.5,REGIONAL,7
-28.5,-54.6,EXTERNAL,7
-26.4,-52.6,REGIONAL,7
-19.8,-55.3,REGIONAL,7
-15.5,-45.4,REGIONAL,7
-18.9,-39.9,REGIONAL,7
-12.6,-38.2,REGIONAL,7
-24.0,-47.1,EXTERNAL,7
-19.1,-51.7,REGIONAL,7
-6.1,-50.4,REGIONAL,7
-9.0,-56.6,REGIONAL,7
-3.2,-60.1,EXTERNAL,7
-17.7,-52.3,EXTERNAL,7
-29.8,-50.2,EXTERNAL,7
-29.9,-55.5,REGIONAL,7
-6.3,-37.7,REGIONAL,7
-7.1,-36.6,REGIONAL,7
-12.4,-38.3,EXTERNAL,7
-23.1,-48.2,EXTERNAL,7
-22.3,-54.8,EXTERNAL,7
-22.3,-43.6,REGIONAL,7
-21.4,-56.1,REGIONAL,7
-25.3,-50.4,REGIONAL,7
-13.2,-38.5,REGIONAL,7
-13.4,-57.6,REGIONAL,7
-19.0,-44.7,REGIONAL,7
-29.3,-50.3,REGIONAL,7
-14.6,-39.0,REGIONAL,7
-15.0,-40.0,EXTERNAL,7
-22.7,-46.4,EXTERNAL,7
-14.1,-40.3,EXTERNAL,7
-16.3,-54.9,REGIONAL,7
-4.0,-60.6,EXTERNAL,7
-24.2,-49.2,REGIONAL,7
-16.4,-42.9,REGIONAL,7
-14.1,-39.7,EXTERNAL,7
-27.1,-53.4,EXTERNAL,7
-25.6,-48.8,EXTERNAL,7
-11.7,-41.5,REGIONAL,7
-2.8,-42.2,REGIONAL,7
-26.5,-52.4,REGIONAL,7
-17.8,-38.7,REGIONAL,7
-15.9,-48.2,EXTERNAL,7
-16.6,-42.8,REGIONAL,7
-30.7,-51.5,REGIONAL,7
-9.8,-36.1,EXTERNAL,7
-21.1,-41.7,EXTERNAL,7
-12.4,-38.2,REGIONAL,7
-18.0,-49.4,EXTERNAL,7
-22.9,-49.2,EXTERNAL,7
-22.1,-50.4,REGIONAL,7
-3.0,-55.1,REGIONAL,7
-23.2,-44.5,INTERNAL,7
-19.7,-44.4,REGIONAL,7
-15.2,-59.3,REGIONAL,7
-19.8,-40.4,EXTERNAL,7
-20.1,-44.4,EXTERNAL,7
-19.5,-40.7,EXTERNAL,7
-22.4,-45.9,EXTERNAL,7
-19.5,-42.7,REGIONAL,7
-33.5,-53.1,REGIONAL,7
-7.7,-36.8,REGIONAL,7
-12.8,-46.3,REGIONAL,7
-23.0,-47.3,REGIONAL,7
-4.2,-38.7,EXTERNAL,7
-22.7,-44.1,EXTERNAL,7
-17.3,-44.9,EXTERNAL,7
-18.3,-51.1,EXTERNAL,7
-13.4,-48.0,REGIONAL,7
-22.6,-40.1,INTERNAL,7
-6.3,-50.6,REGIONAL,7
-25.3,-44.9,INTERNAL,7
-25.4,-53.9,REGIONAL,7
-27.0,-52.4,REGIONAL,7
-9.2,-63.0,REGIONAL,7
-10.9,-36.8,EXTERNAL,7
-7.2,-35.3,EXTERNAL,7
-15.4,-49.7,REGIONAL,7
-10.6,-40.3,REGIONAL,7
-23.7,-45.3,EXTERNAL,7
-18.5,-49.5,REGIONAL,7
-16.8,-42.9,REGIONAL,7
-31.6,-52.3,REGIONAL,7
-14.1,-44.0,REGIONAL,7
-21.8,-53.0,EXTERNAL,7
-20.7,-44.1,EXTERNAL,7
-20.4,-54.8,EXTERNAL,7
-24.9,-52.2,EXTERNAL,7
-14.0,-48.7,REGIONAL,7
-21.7,-42.0,EXTERNAL,7
-11.0,-65.1,REGIONAL,7
-3.2,-60.2,EXTERNAL,7
-10.1,-46.9,REGIONAL,7
-30.4,-56.4,REGIONAL,7
-22.9,-42.3,INTERNAL,7
-22.8,-49.2,EXTERNAL,7
-3.6,-40.0,REGIONAL,7
-6.8,-45.1,REGIONAL,7
-20.7,-43.0,EXTERNAL,7
-14.1,-44.2,REGIONAL,7
-9.4,-64.4,REGIONAL,7
-3.2,-60.5,REGIONAL,7
-10.0,-45.0,EXTERNAL,7
-19.9,-41.0,INTERNAL,7
-27.5,-50.9,REGIONAL,7
-10.0,-51.0,EXTERNAL,7
-8.5,-37.4,REGIONAL,7
-20.7,-47.8,INTERNAL,7
-21.7,-51.3,INTERNAL,7
-11.3,-37.2,INTERNAL,7
-11.2,-61.3,REGIONAL,7
-0.9,-46.7,REGIONAL,7
-12.3,-38.8,EXTERNAL,7
-1.8,-59.6,REGIONAL,7
-28.9,-49.8,REGIONAL,7
-18.7,-45.2,REGIONAL,7
-6.5,-39.2,REGIONAL,7
-22.2,-42.4,EXTERNAL,7
-17.7,-57.6,REGIONAL,7
-0.2,-51.3,REGIONAL,7
-5.6,-37.7,EXTERNAL,7
-16.6,-43.7,REGIONAL,7
-22.2,-40.5,INTERNAL,7
-22.8,-40.1,INTERNAL,7
-19.2,-39.8,REGIONAL,7
-20.9,-47.6,INTERNAL,7
-26.3,-51.1,EXTERNAL,7
-18.0,-42.0,EXTERNAL,7
-5.8,-37.2,REGIONAL,7
-24.6,-51.3,REGIONAL,7
-21.2,-45.6,REGIONAL,7
-15.8,-48.8,EXTERNAL,7
-20.3,-49.4,INTERNAL,7
-15.8,-50.3,REGIONAL,7
-25.4,-49.8,EXTERNAL,7
-20.6,-54.6,REGIONAL,7
-12.2,-49.3,EXTERNAL,7
-7.7,-39.5,EXTERNAL,7
-23.0,-47.4,REGIONAL,7
-22.5,-45.6,EXTERNAL,7
-20.5,-43.5,EXTERNAL,7
-20.3,-49.8,INTERNAL,7
-14.3,-42.7,REGIONAL,7
-21.7,-40.7,INTERNAL,7
-23.9,-46.5,EXTERNAL,7
-22.1,-41.6,EXTERNAL,7
-16.3,-44.2,EXTERNAL,7
-2.3,-55.0,REGIONAL,7
-20.2,-49.2,REGIONAL,7
-23.2,-47.9,EXTERNAL,7
-27.5,-51.4,EXTERNAL,7
1.7,-61.1,REGIONAL,7
-16.1,-47.2,REGIONAL,7
-24.0,-47.6,INTERNAL,7
-22.2,-49.9,INTERNAL,7
-8.9,-35.8,REGIONAL,7
-25.2,-49.4,REGIONAL,7
-16.4,-47.9,REGIONAL,7
-6.5,-36.6,REGIONAL,7
-20.0,-55.8,REGIONAL,7
0.9,-52.0,INTERNAL,7
-21.5,-45.5,EXTERNAL,7
-22.7,-49.5,EXTERNAL,7
-10.0,-56.1,REGIONAL,7
-15.1,-57.9,REGIONAL,7
-5.6,-49.1,REGIONAL,6
-23.4,-48.2,EXTERNAL,6
-4.0,-54.9,REGIONAL,6
-23.3,-45.3,REGIONAL,6
-16.6,-43.3,REGIONAL,6
-20.5,-44.9,REGIONAL,6
-22.6,-47.6,EXTERNAL,6
-4.4,-45.2,REGIONAL,6
-23.1,-49.6,EXTERNAL,6
-8.0,-36.2,EXTERNAL,6
-24.1,-46.9,REGIONAL,6
-14.3,-47.6,REGIONAL,6
-23.0,-46.5,INTERNAL,6
-16.9,-57.5,REGIONAL,6
-8.3,-35.6,EXTERNAL,6
-27.6,-51.4,REGIONAL,6
-25.1,-54.2,REGIONAL,6
-22.1,-41.5,EXTERNAL,6
-27.7,-49.4,EXTERNAL,6
-5.5,-35.6,EXTERNAL,6
-22.2,-54.9,EXTERNAL,6
-23.7,-53.3,EXTERNAL,6
-6.6,-35.0,REGIONAL,6
-10.7,-36.8,REGIONAL,6
-24.9,-54.3,REGIONAL,6
-20.2,-51.0,INTERNAL,6
-30.3,-57.5,REGIONAL,6
-10.9,-65.2,REGIONAL,6
-18.6,-56.2,EXTERNAL,6
-22.5,-48.6,REGIONAL,6
-16.4,-54.1,REGIONAL,6
-27.1,-50.4,REGIONAL,6
-5.4,-37.3,REGIONAL,6
-11.4,-49.0,REGIONAL,6
-5.7,-36.3,REGIONAL,6
-29.9,-50.8,EXTERNAL,6
-17.0,-50.6,REGIONAL,6
-29.3,-54.1,REGIONAL,6
-20.2,-40.0,INTERNAL,6
-15.8,-58.6,REGIONAL,6
-20.9,-41.9,EXTERNAL,6
-20.3,-40.4,INTERNAL,6
-21.0,-48.2,EXTERNAL,6
-25.8,-53.1,EXTERNAL,6
-19.9,-39.4,INTERNAL,6
-6.3,-50.2,REGIONAL,6
-8.2,-35.9,EXTERNAL,6
2.3,-28.9,REGIONAL,6
-15.7,-43.3,REGIONAL,6
-27.4,-49.4,EXTERNAL,6
-14.9,-47.9,REGIONAL,6
-12.6,-39.4,EXTERNAL,6
-12.4,-41.7,EXTERNAL,6
-15.1,-57.2,REGIONAL,6
3.7,-61.8,REGIONAL,6
-7.3,-49.2,REGIONAL,6
-20.3,-48.3,REGIONAL,6
-23.2,-51.9,REGIONAL,6
-17.7,-57.8,REGIONAL,6
-12.6,-38.7,EXTERNAL,6
-7.7,-39.0,REGIONAL,6
-13.8,-59.7,REGIONAL,6
-20.4,-41.1,EXTERNAL,6
-13.4,-38.8,REGIONAL,6
-5.0,-42.5,REGIONAL,6
-12.6,-37.8,REGIONAL,6
-13.9,-38.8,REGIONAL,6
-2.8,-41.7,REGIONAL,6
-19.9,-39.8,REGIONAL,6
-27.7,-49.2,EXTERNAL,6
-16.4,-44.0,REGIONAL,6
-20.0,-46.5,EXTERNAL,6
-8.3,-38.8,REGIONAL,6
-8.5,-63.8,REGIONAL,6
-9.4,-36.6,EXTERNAL,6
-30.0,-52.0,REGIONAL,6
-21.5,-51.6,REGIONAL,6
-1.8,-53.3,REGIONAL,6
-24.8,-47.9,INTERNAL,6
-23.4,-51.8,EXTERNAL,6
-11.1,-38.5,REGIONAL,6
-7.7,-41.9,REGIONAL,6
-3.2,-58.6,REGIONAL,6
-6.0,-37.4,REGIONAL,6
-30.8,-51.7,REGIONAL,6
-23.4,-48.7,EXTERNAL,6
-11.8,-49.5,REGIONAL,6
-4.9,-65.3,REGIONAL,6
-3.3,-60.6,EXTERNAL,6
-7.8,-36.7,REGIONAL,6
-4.7,-43.5,REGIONAL,6
-21.3,-40.3,REGIONAL,6
-4.4,-49.4,REGIONAL,6
-21.7,-46.8,REGIONAL,6
-24.4,-43.6,INTERNAL,6
-23.1,-44.0,INTERNAL,6
2.4,-61.0,REGIONAL,6
-15.2,-46.6,EXTERNAL,6
-22.0,0.0,EXTERNAL,6
-25.8,-53.5,EXTERNAL,6
-3.9,-38.7,EXTERNAL,6
-18.5,-45.3,REGIONAL,6
-21.2,-45.4,EXTERNAL,6
-3.4,-52.6,REGIONAL,6
-23.2,-49.3,INTERNAL,6
-2.7,-56.7,REGIONAL,6
-16.1,-48.1,EXTERNAL,6
-21.9,-42.6,EXTERNAL,6
-22.6,-42.1,REGIONAL,6
-23.2,-46.0,EXTERNAL,6
-8.6,-36.0,REGIONAL,6
-9.3,-40.8,REGIONAL,6
-29.4,-51.2,EXTERNAL,6
-7.5,-64.7,INTERNAL,6
-10.5,-38.4,INTERNAL,6
-21.8,-47.6,EXTERNAL,6
-27.4,-49.6,EXTERNAL,6
-15.4,-47.3,REGIONAL,6
-11.0,-42.7,REGIONAL,6
-21.9,-49.6,EXTERNAL,6
-22.6,-45.7,REGIONAL,6
-22.2,-49.1,EXTERNAL,6
-22.2,-44.4,REGIONAL,6
-1.4,-61.6,REGIONAL,6
-31.3,-52.2,REGIONAL,6
-4.7,-47.8,REGIONAL,6
-21.4,-48.4,REGIONAL,6
-4.0,-46.2,REGIONAL,6
-12.5,-43.2,REGIONAL,6
-13.2,-41.7,REGIONAL,6
-14.3,-48.2,REGIONAL,6
-9.8,-36.6,EXTERNAL,6
-20.9,-51.4,REGIONAL,6
-26.7,-50.2,REGIONAL,6
-0.8,-46.6,INTERNAL,6
-20.6,-46.1,REGIONAL,6
-2.7,-42.9,REGIONAL,6
-3.0,-40.0,REGIONAL,6
-16.1,-54.9,REGIONAL,6
-25.9,-48.9,INTERNAL,6
-29.8,-52.6,REGIONAL,6
-21.4,-57.2,REGIONAL,6
-19.4,-40.8,REGIONAL,6
-20.8,-46.7,REGIONAL,6
-21.1,-42.5,REGIONAL,6
-29.1,-51.9,EXTERNAL,6
-13.2,-41.3,REGIONAL,6
-28.3,-52.3,EXTERNAL,6
-8.0,-49.4,REGIONAL,6
-1.7,-47.5,REGIONAL,6
-16.3,-56.7,EXTERNAL,6
-18.5,-42.8,REGIONAL,6
-3.0,-45.8,REGIONAL,6
-16.9,-50.4,REGIONAL,6
-12.8,-51.8,EXTERNAL,6
-11.5,-57.4,REGIONAL,6
-29.8,-50.8,REGIONAL,6
-9.3,-40.5,EXTERNAL,6
-15.5,-58.5,REGIONAL,6
-21.2,-44.0,REGIONAL,6
-2.9,-59.8,EXTERNAL,6
-28.6,-51.0,REGIONAL,6
-22.3,-47.3,EXTERNAL,6
-19.4,-57.4,REGIONAL,6
-12.6,-60.3,EXTERNAL,6
-10.7,-65.2,EXTERNAL,6
-29.0,-51.8,REGIONAL,6
-23.2,-43.3,REGIONAL,6
3.0,-61.3,REGIONAL,6
-9.1,-70.3,EXTERNAL,6
-21.2,-42.7,REGIONAL,6
-27.1,-50.9,REGIONAL,6
-13.9,-48.2,REGIONAL,6
-23.8,-50.4,REGIONAL,6
-14.2,-48.4,REGIONAL,6
-11.8,-55.6,REGIONAL,6
-21.2,-50.3,REGIONAL,6
-13.6,-48.8,REGIONAL,6
-19.9,-55.5,REGIONAL,6
-7.1,-37.7,REGIONAL,6
-22.9,-47.7,EXTERNAL,6
-9.3,-43.4,REGIONAL,6
-10.8,-39.2,EXTERNAL,6
-7.6,-35.6,REGIONAL,6
-12.7,-44.0,REGIONAL,6
-32.4,-53.3,EXTERNAL,6
-8.3,-36.4,EXTERNAL,6
-23.1,-47.4,EXTERNAL,6
-2.8,-42.2,EXTERNAL,6
-28.0,-49.6,EXTERNAL,6
-22.2,-49.7,REGIONAL,6
-1.9,-54.6,EXTERNAL,6
-25.6,-53.8,REGIONAL,6
-9.2,-64.1,REGIONAL,6
-15.4,-55.9,EXTERNAL,6
-15.1,-47.8,REGIONAL,6
-12.1,-64.3,REGIONAL,6
-14.8,-40.9,REGIONAL,6
-2.1,-61.1,REGIONAL,6
-4.2,-36.3,EXTERNAL,6
-16.5,-41.3,REGIONAL,6
-17.8,-48.7,EXTERNAL,6
-12.1,-44.9,EXTERNAL,6
-24.5,-53.0,EXTERNAL,6
-22.2,-42.0,EXTERNAL,6
-18.3,-40.2,REGIONAL,6
-13.3,-47.0,REGIONAL,6
-21.9,-50.7,EXTERNAL,6
-20.0,-54.8,REGIONAL,6
-30.8,-55.5,REGIONAL,6
-18.3,-52.0,EXTERNAL,6
-22.5,-50.2,INTERNAL,6
-22.1,-45.2,REGIONAL,6
-11.1,-54.5,REGIONAL,6
-21.9,-46.8,REGIONAL,6
-18.2,-43.2,REGIONAL,6
-9.7,-40.7,REGIONAL,6
-2.0,-51.6,REGIONAL,6
-21.4,-47.9,REGIONAL,6
-13.0,-39.2,REGIONAL,6
-15.3,-46.8,EXTERNAL,6
-12.7,-46.5,REGIONAL,6
-7.5,-72.6,REGIONAL,6
-7.1,-40.6,REGIONAL,6
-28.7,-54.9,REGIONAL,6
-8.0,-49.5,REGIONAL,6
-27.0,-51.3,REGIONAL,6
-9.8,-35.6,INTERNAL,6
-19.5,-46.5,EXTERNAL,6
-22.6,-44.0,REGIONAL,6
6.6,-48.9,REGIONAL,6
-0.8,-52.7,REGIONAL,6
-21.3,-43.6,REGIONAL,6
-29.2,-47.8,INTERNAL,6
-17.2,-39.4,REGIONAL,6
-12.4,-45.7,REGIONAL,6
-26.0,-49.3,EXTERNAL,6
-21.2,-48.7,REGIONAL,6
-14.2,-48.3,REGIONAL,6
-30.8,-55.4,REGIONAL,6
-0.9,-52.4,REGIONAL,6
-21.4,-49.4,INTERNAL,6
-12.5,-39.8,REGIONAL,6
-10.4,-37.2,REGIONAL,6
-6.3,-38.5,REGIONAL,6
-22.0,-46.3,REGIONAL,6
-3.2,-60.3,EXTERNAL,6
-32.0,-53.4,REGIONAL,6
-14.6,-46.2,REGIONAL,6
-9.9,-63.2,EXTERNAL,6
-15.3,-39.4,REGIONAL,6
1.6,-52.3,INTERNAL,6
-24.2,-48.2,INTERNAL,6
-27.0,-51.2,EXTERNAL,6
-18.7,-42.0,REGIONAL,6
-2.6,-56.6,REGIONAL,6
-17.4,-52.7,REGIONAL,6
-27.1,-51.8,REGIONAL,6
-14.1,-48.0,REGIONAL,6
-1.3,-48.2,REGIONAL,6
-3.0,-65.0,REGIONAL,6
-6.2,-42.8,EXTERNAL,6
-9.0,-35.4,REGIONAL,6
-15.1,-44.2,EXTERNAL,6
-29.1,-51.4,REGIONAL,6
-3.0,-60.5,REGIONAL,6
-13.3,-41.1,REGIONAL,6
-14.9,-46.4,EXTERNAL,6
-22.2,-46.8,EXTERNAL,6
-16.9,-42.6,REGIONAL,6
-2.4,-65.1,REGIONAL,6
-1.0,-46.8,EXTERNAL,6
-13.4,-47.3,REGIONAL,6
-4.7,-56.5,REGIONAL,6
-19.9,-54.4,EXTERNAL,6
-21.4,-48.2,REGIONAL,6
-19.7,-47.8,REGIONAL,6
-17.0,-46.0,EXTERNAL,6
-8.1,-63.8,REGIONAL,6
-8.6,-55.2,REGIONAL,6
-13.3,-39.8,EXTERNAL,6
-19.4,-47.8,REGIONAL,6
-12.4,-38.9,EXTERNAL,6
-22.5,-47.4,REGIONAL,6
-29.6,-55.5,EXTERNAL,6
-5.3,-47.8,REGIONAL,6
-21.5,-47.0,REGIONAL,6
-19.7,-50.2,REGIONAL,6
-22.0,-48.8,REGIONAL,6
-23.5,-45.3,REGIONAL,6
-12.1,-45.8,EXTERNAL,6
-20.6,-54.8,EXTERNAL,6
-12.6,-39.1,EXTERNAL,6
-24.0,-47.5,EXTERNAL,6
-9.7,-63.2,EXTERNAL,6
-25.0,-49.3,REGIONAL,6
-22.6,-45.0,INTERNAL,6
-26.9,-50.7,REGIONAL,6
-18.7,-40.9,EXTERNAL,6
-25.3,-50.8,EXTERNAL,6
-20.3,-44.5,EXTERNAL,6
-17.0,-56.4,REGIONAL,6
-13.7,-59.7,EXTERNAL,6
-1.4,-56.4,REGIONAL,6
-7.9,-37.2,REGIONAL,6
-27.8,-50.2,REGIONAL,6
-27.9,-50.0,REGIONAL,6
-19.4,-57.5,REGIONAL,6
-15.4,-51.1,REGIONAL,6
-8.5,-64.0,REGIONAL,6
-24.1,-45.7,EXTERNAL,6
-24.8,-50.2,REGIONAL,6
-10.4,-39.0,REGIONAL,6
-9.2,-35.8,EXTERNAL,6
-6.5,-35.4,REGIONAL,6
-12.7,-43.2,REGIONAL,6
-19.1,-41.3,EXTERNAL,6
-24.6,-49.2,INTERNAL,6
-12.0,-48.0,REGIONAL,6
-14.4,-47.0,REGIONAL,6
-25.6,-54.3,REGIONAL,6
-27.9,-52.2,EXTERNAL,6
-6.6,-39.1,REGIONAL,6
-16.8,-49.5,REGIONAL,6
-26.1,-53.0,EXTERNAL,6
-32.0,-52.3,EXTERNAL,6
-25.6,-49.6,EXTERNAL,6
-20.2,-56.7,REGIONAL,6
-7.9,-71.8,REGIONAL,6
-27.3,-52.0,EXTERNAL,6
-13.0,-60.0,INTERNAL,6
-10.4,-68.3,EXTERNAL,6
-7.6,-44.0,REGIONAL,6
-20.4,-39.9,INTERNAL,6
-27.9,-55.0,EXTERNAL,6
-23.1,-43.6,INTERNAL,6
-9.2,-39.8,REGIONAL,6
-19.4,-42.2,EXTERNAL,6
-20.6,-43.6,EXTERNAL,6
-7.0,-48.1,REGIONAL,6
-6.5,-36.2,EXTERNAL,6
-8.9,-34.9,INTERNAL,6
-15.4,-44.4,REGIONAL,6
-25.4,-51.4,REGIONAL,6
-21.3,-44.6,REGIONAL,6
-32.4,-52.4,REGIONAL,6
-26.5,-48.4,INTERNAL,6
-18.1,-53.4,REGIONAL,6
-25.4,-54.6,EXTERNAL,6
-10.6,-36.9,REGIONAL,6
-25.8,-46.6,INTERNAL,6
-16.8,-42.1,EXTERNAL,6
-30.1,-51.6,EXTERNAL,6
-23.2,-46.1,INTERNAL,6
-21.0,-48.4,EXTERNAL,6
-3.7,-40.9,REGIONAL,6
-21.3,-48.8,EXTERNAL,6
-20.3,-56.7,REGIONAL,6
-25.9,-48.8,REGIONAL,6
-20.7,-52.3,EXTERNAL,6
-8.4,-35.0,INTERNAL,6
-20.6,-46.2,REGIONAL,6
-27.9,-53.8,EXTERNAL,6
-28.2,-48.8,REGIONAL,6
-18.8,-52.1,EXTERNAL,6
-26.6,-52.4,REGIONAL,6
-19.9,-39.5,INTERNAL,6
-3.8,-52.7,REGIONAL,6
-16.6,-43.9,REGIONAL,6
-29.6,-54.2,REGIONAL,6
-6.1,-35.4,REGIONAL,6
-25.1,-50.0,REGIONAL,6
-22.6,-48.4,EXTERNAL,6
-29.2,-50.4,EXTERNAL,6
-16.5,-54.8,REGIONAL,6
0.7,-51.4,EXTERNAL,6
-6.9,-34.8,REGIONAL,6
-19.0,-42.0,REGIONAL,6
-10.8,-62.0,REGIONAL,6
-14.4,-48.3,REGIONAL,6
-20.5,-49.3,REGIONAL,6
-7.9,-48.5,REGIONAL,6
-24.0,-49.3,REGIONAL,6
-7.5,-63.0,EXTERNAL,6
-4.3,-47.5,REGIONAL,6
-8.0,-37.0,REGIONAL,6
-23.7,-49.8,EXTERNAL,6
-5.5,-35.8,REGIONAL,6
0.5,-61.7,REGIONAL,6
-19.8,-40.1,INTERNAL,6
-13.8,-41.0,REGIONAL,6
-18.7,-49.9,REGIONAL,6
-4.0,-41.0,EXTERNAL,6
-31.5,-52.2,EXTERNAL,6
-5.0,-42.3,REGIONAL,6
-10.8,-68.4,REGIONAL,6
-27.9,-51.8,REGIONAL,6
-22.7,-52.2,REGIONAL,6
-6.6,-36.6,REGIONAL,6
-12.3,-54.9,REGIONAL,6
-19.9,-41.1,EXTERNAL,6
-19.2,-44.2,REGIONAL,6
-9.4,-70.0,REGIONAL,6
-27.3,-47.2,INTERNAL,6
-11.3,-39.4,REGIONAL,6
-6.5,-38.5,REGIONAL,6
-18.1,-53.1,REGIONAL,6
-11.3,-41.8,EXTERNAL,6
-7.3,-63.2,REGIONAL,6
-11.6,-39.2,EXTERNAL,6
-28.3,-48.9,INTERNAL,6
-16.1,-57.6,REGIONAL,6
-23.0,-44.1,EXTERNAL,6
-6.0,-36.5,REGIONAL,6
-26.4,-53.3,REGIONAL,6
-13.7,-39.1,REGIONAL,6
-22.6,-48.8,REGIONAL,6
-21.6,-48.8,REGIONAL,6
-12.1,-41.1,REGIONAL,6
-20.3,-46.8,INTERNAL,6
-8.1,-35.9,REGIONAL,6
-13.3,-38.7,REGIONAL,6
-19.2,-48.4,REGIONAL,6
-27.3,-48.7,EXTERNAL,6
-23.3,-45.4,REGIONAL,6
-20.4,-52.9,REGIONAL,6
-27.2,-51.6,EXTERNAL,6
-2.5,-55.0,EXTERNAL,6
-9.6,-65.0,REGIONAL,6
-27.0,-48.8,EXTERNAL,6
-19.7,-41.9,REGIONAL,6
-2.9,-39.9,REGIONAL,6
-1.9,-53.5,REGIONAL,6
-18.9,-46.9,REGIONAL,6
-20.5,-41.0,EXTERNAL,6
-22.2,-44.7,EXTERNAL,6
-21.6,-46.8,REGIONAL,6
-6.9,-39.6,REGIONAL,6
-19.5,-40.2,REGIONAL,6
-3.3,-60.7,EXTERNAL,6
-3.5,-59.6,REGIONAL,6
-6.8,-42.9,REGIONAL,6
-22.4,-49.4,EXTERNAL,6
-24.1,-53.0,EXTERNAL,6
-29.6,-52.5,REGIONAL,6
-22.0,-51.5,REGIONAL,6
-10.8,-63.3,EXTERNAL,6
-7.0,-46.0,EXTERNAL,6
-27.4,-50.9,REGIONAL,6
-4.5,-50.5,REGIONAL,6
-23.4,-48.7,REGIONAL,6
-3.8,-55.0,EXTERNAL,6
-3.9,-50.6,REGIONAL,6
-16.9,-56.7,EXTERNAL,6
-22.4,-47.3,INTERNAL,6
-13.8,-46.7,REGIONAL,6
-14.2,-39.8,EXTERNAL,6
2.7,-60.0,REGIONAL,6
-25.9,-52.2,EXTERNAL,6
-50.8,-50.8,REGIONAL,6
-18.4,-50.5,EXTERNAL,6
-23.0,-52.6,REGIONAL,6
-11.7,-39.0,EXTERNAL,6
-21.7,-43.8,REGIONAL,6
-5.3,-37.2,REGIONAL,6
-23.5,-48.5,EXTERNAL,6
-19.9,-50.0,INTERNAL,6
-16.0,-57.1,EXTERNAL,6
-20.7,-54.6,REGIONAL,6
-20.5,-49.6,INTERNAL,6
-23.8,-52.6,REGIONAL,6
-25.0,-47.8,REGIONAL,6
1.4,-52.0,REGIONAL,6
-7.4,-35.2,REGIONAL,6
-14.1,-39.0,EXTERNAL,6
-19.0,-54.8,REGIONAL,6
-14.4,-41.5,REGIONAL,6
-22.7,-44.7,REGIONAL,6
-14.0,-39.4,REGIONAL,6
-7.0,-64.0,EXTERNAL,6
-7.5,-38.4,REGIONAL,6
-15.5,-49.5,REGIONAL,6
-2.4,-60.8,REGIONAL,6
-26.0,-49.0,EXTERNAL,6
-15.0,-49.9,REGIONAL,6
-8.4,-48.5,REGIONAL,6
-20.5,-47.3,EXTERNAL,6
-20.6,-41.9,REGIONAL,6
-27.9,-49.8,REGIONAL,6
-17.1,-54.0,REGIONAL,6
-9.4,-35.6,REGIONAL,6
-23.2,-46.3,EXTERNAL,6
-5.0,-37.3,REGIONAL,6
-19.2,-45.4,EXTERNAL,6
-19.3,-54.6,INTERNAL,6
-1.9,-50.8,REGIONAL,6
-18.0,-43.3,REGIONAL,6
-10.7,-37.2,REGIONAL,6
-17.4,-51.2,REGIONAL,6
-14.3,-42.6,REGIONAL,6
-25.9,-50.8,REGIONAL,6
-7.7,-38.1,REGIONAL,6
-24.1,-48.0,EXTERNAL,6
-24.0,-48.7,EXTERNAL,6
-19.4,-57.0,EXTERNAL,6
-21.4,-51.8,REGIONAL,6
-15.8,-57.4,REGIONAL,6
-6.2,-62.6,EXTERNAL,6
-22.4,-41.6,REGIONAL,6
-6.1,-50.2,EXTERNAL,6
-30.4,-50.3,EXTERNAL,6
-19.0,-43.4,EXTERNAL,6
-7.1,-37.6,EXTERNAL,6
-21.7,-44.9,EXTERNAL,6
-9.3,-40.7,EXTERNAL,6
-20.3,-42.6,REGIONAL,6
-1.5,-63.0,REGIONAL,6
-24.7,-53.8,REGIONAL,6
-10.8,-68.8,REGIONAL,6
-6.7,-35.1,EXTERNAL,6
-17.7,-39.3,EXTERNAL,6
-7.9,-38.8,EXTERNAL,6
-22.0,-40.1,REGIONAL,6
-27.6,-50.9,REGIONAL,6
-21.2,-44.3,REGIONAL,6
-21.5,-49.9,INTERNAL,6
-3.7,-42.8,REGIONAL,6
-5.6,-50.2,REGIONAL,6
-4.0,-39.0,EXTERNAL,6
-6.8,-35.9,REGIONAL,6
-14.0,-40.0,INTERNAL,6
-29.1,-49.5,REGIONAL,6
-13.6,-39.5,REGIONAL,6
-18.0,-49.0,EXTERNAL,6
-11.5,-61.5,REGIONAL,6
-22.1,-42.4,EXTERNAL,6
-22.8,-42.6,REGIONAL,6
-13.7,-41.3,REGIONAL,6
-22.6,-42.9,EXTERNAL,6
-24.0,-48.0,EXTERNAL,6
-29.5,-52.1,EXTERNAL,6
-22.2,-46.7,EXTERNAL,6
-20.3,-39.8,INTERNAL,6
-8.8,-35.2,EXTERNAL,6
-4.3,-41.9,REGIONAL,6
-3.0,-39.6,REGIONAL,6
-15.1,-55.7,REGIONAL,6
-7.2,-41.8,REGIONAL,6
-2.9,-60.0,INTERNAL,6
-15.5,-48.9,REGIONAL,6
-10.7,-36.9,REGIONAL,6
-6.2,-41.9,REGIONAL,6
-16.0,-40.0,EXTERNAL,6
-9.1,-70.3,REGIONAL,6
-21.3,-56.5,REGIONAL,6
-30.0,-55.4,REGIONAL,6
-5.2,-30.8,REGIONAL,6
-8.0,-72.3,REGIONAL,6
-27.6,-50.6,EXTERNAL,6
-23.1,-47.4,REGIONAL,6
-7.8,-63.1,EXTERNAL,6
-12.5,-40.0,REGIONAL,6
-22.4,-48.8,REGIONAL,6
-8.3,-71.3,REGIONAL,6
-23.8,-52.4,REGIONAL,6
-11.8,-42.3,REGIONAL,6
-20.0,-40.8,INTERNAL,6
2.9,-60.5,REGIONAL,6
-15.1,-51.1,REGIONAL,6
1.0,-51.4,REGIONAL,6
-16.3,-57.3,EXTERNAL,6
-5.9,-35.4,EXTERNAL,6
-27.2,-54.0,EXTERNAL,6
-10.2,-36.8,REGIONAL,6
-15.5,-39.2,REGIONAL,6
-8.6,-35.0,EXTERNAL,6
-15.4,-53.5,REGIONAL,6
-23.6,-47.4,EXTERNAL,6
-23.4,-51.3,REGIONAL,6
-4.3,-56.0,EXTERNAL,6
-0.2,-67.0,REGIONAL,6
-3.1,-60.3,EXTERNAL,6
-18.1,-40.6,REGIONAL,6
-28.1,-49.3,REGIONAL,6
-18.9,-40.3,REGIONAL,6
-7.9,-37.8,REGIONAL,6
-29.5,-51.8,REGIONAL,6
-11.5,-37.5,REGIONAL,6
-12.9,-41.1,REGIONAL,6
-4.1,-38.5,EXTERNAL,6
-20.7,-52.2,EXTERNAL,6
-24.4,-48.5,REGIONAL,6
-12.9,-55.9,REGIONAL,6
-13.8,-47.5,EXTERNAL,6
-4.1,-49.7,REGIONAL,6
-3.7,-43.3,REGIONAL,6
-17.2,-42.4,EXTERNAL,6
-18.3,-52.6,REGIONAL,6
-20.5,-39.8,REGIONAL,6
-4.6,-45.1,REGIONAL,6
-24.1,-52.1,REGIONAL,6
-22.2,-50.6,EXTERNAL,6
-19.7,-41.8,EXTERNAL,6
-22.1,-48.3,EXTERNAL,6
-24.8,-53.7,EXTERNAL,6
-22.1,-55.3,REGIONAL,6
-18.5,-50.4,EXTERNAL,6
-20.2,-46.6,EXTERNAL,6
-10.3,-56.8,REGIONAL,6
-23.6,-51.4,EXTERNAL,6
-23.6,-48.3,REGIONAL,6
-20.0,-44.7,REGIONAL,6
-9.9,-40.8,REGIONAL,6
-24.1,-46.8,EXTERNAL,6
-26.8,-48.9,EXTERNAL,6
-1.8,-48.8,REGIONAL,6
-24.4,-44.6,INTERNAL,6
-28.6,-49.0,EXTERNAL,6
-17.6,-54.9,INTERNAL,6
-19.4,-55.8,REGIONAL,6
-21.9,-47.4,EXTERNAL,6
-7.2,-35.7,REGIONAL,6
-14.4,-44.3,REGIONAL,6
-16.3,-48.8,EXTERNAL,6
-14.5,-48.7,REGIONAL,6
-28.2,-48.9,REGIONAL,6
-3.8,-41.1,REGIONAL,6
-15.9,-52.2,EXTERNAL,6
-29.7,-53.3,REGIONAL,6
-23.8,-41.7,EXTERNAL,6
-21.2,-47.6,INTERNAL,6
-26.0,-48.7,REGIONAL,6
-15.1,-44.0,REGIONAL,6
-22.3,-51.8,INTERNAL,6
-19.0,-57.7,EXTERNAL,6
-6.7,-37.6,REGIONAL,6
-9.9,-68.1,REGIONAL,6
-15.2,-56.1,REGIONAL,6
2.6,-52.6,REGIONAL,6
-20.7,-47.9,REGIONAL,6
-17.5,-39.2,EXTERNAL,6
-19.2,-43.7,EXTERNAL,6
-8.6,-35.3,REGIONAL,6
-6.0,-29.8,EXTERNAL,6
-27.2,-50.9,REGIONAL,6
-8.7,-64.4,REGIONAL,6
-9.2,-36.3,REGIONAL,6
-13.0,-38.0,INTERNAL,6
-12.1,-43.9,EXTERNAL,6
-27.9,-49.5,REGIONAL,6
-5.5,-39.7,REGIONAL,6
-22.1,-41.0,REGIONAL,6
-23.7,-44.1,INTERNAL,6
-22.5,-45.4,EXTERNAL,6
-20.6,-43.8,EXTERNAL,6
-23.5,-49.2,EXTERNAL,6
-7.7,-35.5,REGIONAL,6
-25.8,-52.9,REGIONAL,6
-23.4,-46.5,INTERNAL,6
-20.2,-40.7,EXTERNAL,6
-20.8,-48.4,REGIONAL,6
-4.5,-37.8,REGIONAL,6
-6.8,-37.3,REGIONAL,6
-21.4,-47.6,EXTERNAL,6
-1.9,-54.7,EXTERNAL,6
-1.8,-60.1,INTERNAL,6
-11.6,-38.8,REGIONAL,6
-15.2,-55.6,EXTERNAL,6
-22.7,-48.5,REGIONAL,6
-22.3,-55.0,REGIONAL,6
-22.3,-47.5,EXTERNAL,6
-29.7,-52.6,REGIONAL,6
-29.6,-50.9,EXTERNAL,6
-12.3,-60.3,REGIONAL,6
-0.0,-49.6,REGIONAL,6
-4.8,-47.5,REGIONAL,6
-5.3,-37.4,REGIONAL,6
-11.1,-47.2,REGIONAL,6
-10.5,-39.0,REGIONAL,6
-6.3,-62.8,EXTERNAL,6
-8.7,-36.4,REGIONAL,6
-19.0,-51.5,EXTERNAL,6
-6.3,-50.3,REGIONAL,6
-21.2,-43.2,EXTERNAL,6
-4.0,-60.5,EXTERNAL,6
-15.6,-48.5,EXTERNAL,6
-28.0,-49.0,REGIONAL,6
-19.8,-44.9,EXTERNAL,6
-20.9,-44.5,EXTERNAL,6
-17.7,-44.3,REGIONAL,6
-9.6,-56.1,EXTERNAL,6
-16.1,-49.9,REGIONAL,6
-6.8,-36.8,REGIONAL,6
-23.5,-47.2,INTERNAL,6
-8.4,-35.2,REGIONAL,6
-18.2,-45.2,EXTERNAL,6
-12.5,-42.2,EXTERNAL,6
-8.3,-46.8,REGIONAL,6
-19.3,-45.8,REGIONAL,6
-27.0,-49.7,REGIONAL,6
-23.6,-51.7,EXTERNAL,6
-20.3,-47.1,INTERNAL,6
-19.6,-39.8,EXTERNAL,6
-20.6,-39.8,INTERNAL,6
-6.7,-36.6,REGIONAL,6
-22.1,-41.9,REGIONAL,6
-19.1,-46.2,REGIONAL,6
-10.8,-41.2,REGIONAL,6
-16.4,-39.2,EXTERNAL,6
-20.9,-45.8,REGIONAL,6
-22.0,-47.8,REGIONAL,6
-4.0,-45.7,REGIONAL,6
-17.9,-44.3,REGIONAL,6
-27.4,-48.7,REGIONAL,6
-29.7,-52.9,REGIONAL,6
-9.3,-44.5,REGIONAL,6
-8.5,-37.2,EXTERNAL,6
-13.5,-47.3,REGIONAL,6
-21.7,-40.8,INTERNAL,6
-26.4,-53.2,REGIONAL,6
-15.3,-56.5,EXTERNAL,6
-12.8,-41.3,INTERNAL,6
-14.4,-42.9,REGIONAL,6
-12.7,-39.9,REGIONAL,6
-7.3,-50.0,EXTERNAL,6
-25.2,-49.2,EXTERNAL,6
-27.9,-51.2,EXTERNAL,6
-14.9,-45.8,REGIONAL,6
-16.3,-44.2,REGIONAL,6
-22.4,-46.1,REGIONAL,6
-4.5,-47.5,REGIONAL,6
-5.9,-37.9,REGIONAL,6
-20.8,-51.8,EXTERNAL,6
2.3,-55.8,REGIONAL,6
-29.3,-51.6,EXTERNAL,6
-13.7,-46.7,REGIONAL,6
-9.8,-65.1,INTERNAL,6
-21.5,-43.6,REGIONAL,6
-6.0,-41.0,EXTERNAL,6
-11.0,-63.0,REGIONAL,6
-21.3,-52.8,REGIONAL,6
-16.6,-39.6,REGIONAL,6
-4.4,-70.2,REGIONAL,6
-19.4,-54.6,EXTERNAL,6
-7.3,-39.4,EXTERNAL,6
-17.8,-40.4,EXTERNAL,6
-23.9,-45.3,EXTERNAL,6
-11.5,-61.0,EXTERNAL,6
-26.6,-50.4,REGIONAL,6
-21.3,-40.5,INTERNAL,6
-2.7,-59.8,REGIONAL,6
-12.7,-38.4,EXTERNAL,6
-19.5,-41.1,EXTERNAL,6
-20.3,-56.2,REGIONAL,6
-27.1,-52.5,REGIONAL,6
-16.6,-50.5,REGIONAL,6
-0.6,-48.0,INTERNAL,6
-28.4,-47.4,INTERNAL,6
-14.4,-49.0,REGIONAL,6
-20.8,-54.6,REGIONAL,6
-23.1,-49.6,REGIONAL,6
-5.0,-45.0,EXTERNAL,6
-17.8,-51.5,EXTERNAL,6
-22.3,-46.4,EXTERNAL,6
-1.0,-49.8,REGIONAL,6
-12.3,-45.0,REGIONAL,6
-10.7,-41.2,REGIONAL,6
-20.8,-55.9,REGIONAL,6
-10.7,-47.8,REGIONAL,6
-19.1,-43.5,REGIONAL,6
-30.3,-55.1,REGIONAL,6
-19.1,-51.8,REGIONAL,6
-19.8,-49.1,REGIONAL,6
-10.3,-41.5,REGIONAL,6
-19.2,-56.9,REGIONAL,6
-25.6,-50.4,EXTERNAL,6
-17.1,-55.1,REGIONAL,6
-17.1,-56.8,REGIONAL,6
-20.7,-42.7,REGIONAL,6
-16.3,-41.2,REGIONAL,6
-11.0,-42.1,REGIONAL,6
-15.1,-42.9,REGIONAL,6
-10.8,-36.9,REGIONAL,6
2.5,-61.0,REGIONAL,6
-3.0,-43.2,REGIONAL,6
-25.5,-52.3,REGIONAL,6
-15.4,-42.5,REGIONAL,6
-20.7,-48.6,INTERNAL,6
-11.3,-55.1,REGIONAL,6
-23.2,-47.2,EXTERNAL,6
-17.0,-42.8,REGIONAL,6
-22.4,-49.2,EXTERNAL,6
-20.8,-43.9,REGIONAL,6
-22.7,-47.9,INTERNAL,6
-25.4,-53.6,EXTERNAL,6
-12.3,-38.8,REGIONAL,6
-25.2,-49.9,REGIONAL,6
-18.9,-48.9,REGIONAL,6
-26.9,-52.5,REGIONAL,6
-7.0,-55.3,REGIONAL,6
-21.0,-44.2,REGIONAL,6
-23.1,-50.2,EXTERNAL,6
-17.5,-48.0,REGIONAL,6
-18.7,-46.8,REGIONAL,6
-25.8,-52.9,EXTERNAL,6
-27.6,-54.3,EXTERNAL,6
-19.9,-57.8,REGIONAL,6
-11.6,-50.7,REGIONAL,6
-11.1,-42.8,REGIONAL,6
-12.5,-38.2,REGIONAL,6
-20.5,-40.3,EXTERNAL,6
-5.2,-35.5,INTERNAL,6
-16.7,-40.8,REGIONAL,6
-17.6,-52.5,REGIONAL,6
-16.2,-42.3,EXTERNAL,6
-5.8,-35.8,REGIONAL,6
-2.5,-64.8,REGIONAL,6
-12.5,-41.5,EXTERNAL,6
-27.8,-54.7,REGIONAL,6
-2.3,-54.2,EXTERNAL,6
-5.5,-40.8,REGIONAL,6
-8.2,-34.8,EXTERNAL,6
-6.8,-70.7,INTERNAL,6
-5.0,-61.6,EXTERNAL,6
-29.6,-52.4,REGIONAL,6
-21.2,-46.6,REGIONAL,6
-14.5,-40.4,EXTERNAL,6
-16.9,-48.1,REGIONAL,6
-11.7,-55.4,REGIONAL,6
-23.6,-45.8,EXTERNAL,6
-6.8,-34.8,REGIONAL,6
-27.6,-50.8,EXTERNAL,6
-5.8,-67.7,REGIONAL,6
-1.9,-59.6,REGIONAL,6
-22.9,-47.6,EXTERNAL,6
-22.7,-42.8,REGIONAL,6
-24.7,-45.2,EXTERNAL,6
-14.2,-39.5,EXTERNAL,6
-18.9,-39.1,EXTERNAL,6
-22.2,-50.9,EXTERNAL,6
-21.5,-45.7,EXTERNAL,6
-21.4,-48.3,REGIONAL,6
-27.7,-50.3,EXTERNAL,6
-20.4,-56.7,REGIONAL,6
-25.5,-52.4,REGIONAL,6
-9.7,-67.5,REGIONAL,6
-20.6,-40.9,REGIONAL,6
-7.3,-36.2,REGIONAL,6
-15.9,-43.6,REGIONAL,6
-25.1,-49.4,REGIONAL,6
-22.7,-43.9,EXTERNAL,6
-20.5,-51.0,REGIONAL,6
-17.1,-47.0,REGIONAL,6
-27.9,-48.7,EXTERNAL,6
-2.1,-59.8,REGIONAL,6
-13.3,-46.7,REGIONAL,6
-4.3,-41.8,REGIONAL,6
-20.7,-40.8,EXTERNAL,6
-29.6,-54.0,REGIONAL,6
-33.7,-53.5,EXTERNAL,6
-3.9,-49.8,REGIONAL,6
-6.4,-39.3,EXTERNAL,6
-7.0,-35.9,EXTERNAL,6
-7.5,-73.6,REGIONAL,6
-18.1,-39.5,REGIONAL,6
-7.3,-34.9,EXTERNAL,6
-10.4,-63.3,REGIONAL,6
-20.1,-42.5,REGIONAL,6
-16.3,-48.3,REGIONAL,6
-22.3,-47.2,EXTERNAL,6
-10.0,-58.0,REGIONAL,6
-19.1,-41.9,REGIONAL,6
-13.5,-38.9,REGIONAL,6
-24.4,-50.9,REGIONAL,6
-21.5,-45.4,EXTERNAL,6
-24.8,-54.3,REGIONAL,6
-30.4,-54.3,REGIONAL,6
-9.2,-68.9,REGIONAL,6
-10.9,-69.8,REGIONAL,6
-30.2,-52.4,REGIONAL,6
-14.3,-46.5,REGIONAL,6
-7.9,-38.2,REGIONAL,6
-16.5,-54.7,EXTERNAL,6
-19.3,-45.1,REGIONAL,6
-21.9,-48.8,REGIONAL,6
-18.8,-50.6,INTERNAL,6
-10.5,-67.8,REGIONAL,6
-14.5,-50.5,EXTERNAL,6
-21.1,-47.9,EXTERNAL,6
-28.3,-48.7,INTERNAL,6
-20.8,-43.7,REGIONAL,6
-22.2,-43.6,REGIONAL,6
-5.2,-61.8,EXTERNAL,6
-20.6,-40.5,INTERNAL,6
-22.8,-42.3,REGIONAL,6
-19.1,-57.3,EXTERNAL,6
-15.9,-39.1,REGIONAL,6
-20.4,-46.7,REGIONAL,6
-22.1,-56.5,INTERNAL,6
-18.5,-51.1,EXTERNAL,6
-22.5,-51.1,INTERNAL,6
-1.3,-48.0,REGIONAL,6
-23.2,-43.8,REGIONAL,6
-21.0,-42.1,REGIONAL,6
-29.6,-50.5,EXTERNAL,6
-29.7,-52.5,EXTERNAL,6
-12.9,-38.8,REGIONAL,6
-24.0,-53.7,EXTERNAL,6
-15.0,-38.0,EXTERNAL,6
-11.4,-47.6,REGIONAL,6
-26.8,-52.4,EXTERNAL,6
-21.5,-51.7,REGIONAL,6
-12.7,-60.3,REGIONAL,6
-23.4,-52.9,EXTERNAL,6
-16.6,-49.1,REGIONAL,6
-21.4,-46.3,REGIONAL,6
-10.4,-46.6,REGIONAL,6
-21.7,-49.3,INTERNAL,6
-1.5,-52.3,REGIONAL,6
-10.3,-46.8,REGIONAL,6
-22.9,-40.7,INTERNAL,6
-22.8,-46.5,EXTERNAL,6
-24.5,-53.1,REGIONAL,6
-5.0,-37.5,EXTERNAL,6
-2.9,-41.8,INTERNAL,6
-17.7,-49.1,EXTERNAL,6
-1.1,-46.6,REGIONAL,6
-27.2,-52.1,EXTERNAL,6
-28.5,-52.1,REGIONAL,6
-20.9,-46.4,REGIONAL,6
-30.0,-54.0,EXTERNAL,6
-22.5,-48.5,REGIONAL,6
-6.1,-35.9,REGIONAL,6
-9.8,-55.9,EXTERNAL,6
-23.9,-47.4,INTERNAL,6
-20.6,-40.1,INTERNAL,6
-29.3,-51.2,EXTERNAL,6
-20.6,-42.0,EXTERNAL,6
-14.7,-49.0,REGIONAL,6
-22.2,-46.8,INTERNAL,6
-20.3,-47.3,REGIONAL,6
-13.4,-47.2,REGIONAL,6
-13.0,-43.3,REGIONAL,6
-25.6,-51.5,EXTERNAL,6
-21.3,-47.6,EXTERNAL,6
-9.2,-36.7,EXTERNAL,6
-15.5,-47.5,REGIONAL,6
-15.8,-58.2,EXTERNAL,6
-21.5,-41.9,REGIONAL,6
-27.3,-49.7,EXTERNAL,6
-7.9,-41.6,REGIONAL,6
-29.3,-54.2,REGIONAL,6
-11.3,-39.0,REGIONAL,6
-21.1,-56.5,INTERNAL,6
-4.2,-40.9,REGIONAL,6
-23.6,-47.7,REGIONAL,6
-29.4,-51.7,REGIONAL,6
-9.8,-39.5,REGIONAL,6
-6.3,-47.3,REGIONAL,6
-28.4,-48.9,EXTERNAL,6
-7.8,-37.5,REGIONAL,6
-7.3,-35.5,REGIONAL,6
-23.4,-45.6,INTERNAL,6
-19.5,-46.2,REGIONAL,6
-6.1,-37.3,REGIONAL,6
-13.2,-46.8,REGIONAL,6
-13.0,-41.2,REGIONAL,6
-20.4,-41.9,EXTERNAL,6
-18.5,-43.6,REGIONAL,6
-8.1,-34.8,EXTERNAL,6
-19.3,-55.7,REGIONAL,6
-21.3,-44.9,EXTERNAL,6
-15.9,-55.0,EXTERNAL,6
-25.3,-50.2,REGIONAL,6
-11.9,-38.5,REGIONAL,6
-20.9,-46.4,EXTERNAL,6
-11.7,-40.1,REGIONAL,6
-28.3,-52.7,REGIONAL,6
-12.0,-41.7,EXTERNAL,6
-29.9,-51.3,EXTERNAL,6
-25.4,-48.4,REGIONAL,6
-13.4,-39.1,EXTERNAL,6
-22.3,-49.5,REGIONAL,6
-27.3,-50.7,EXTERNAL,6
-21.9,-39.9,INTERNAL,6
-30.3,-50.2,EXTERNAL,6
-14.8,-39.1,EXTERNAL,6
-28.5,-50.7,REGIONAL,6
-23.6,-41.7,INTERNAL,6
-12.5,-55.7,EXTERNAL,6
-12.3,-41.6,EXTERNAL,6
-15.7,-56.3,REGIONAL,6
-2.8,-40.4,EXTERNAL,6
-14.3,-43.0,REGIONAL,6
1.0,-59.9,INTERNAL,6
-29.9,-55.8,REGIONAL,6
-15.8,-38.6,REGIONAL,6
-20.3,-41.7,EXTERNAL,6
-18.5,-54.8,EXTERNAL,6
-2.8,-40.2,EXTERNAL,6
-18.2,-38.5,EXTERNAL,6
-19.8,-54.8,REGIONAL,6
-15.6,-56.2,REGIONAL,6
-19.6,-42.7,REGIONAL,6
-18.5,-40.2,REGIONAL,6
-20.9,-43.8,REGIONAL,6
-21.6,-45.0,REGIONAL,6
-21.8,-45.0,REGIONAL,6
-4.5,-40.8,REGIONAL,6
-14.9,-44.1,REGIONAL,6
-18.7,-47.7,REGIONAL,6
-9.6,-41.1,REGIONAL,6
-11.0,-55.2,REGIONAL,6
-27.3,-50.2,REGIONAL,6
-26.5,-49.2,EXTERNAL,6
-7.8,-72.2,REGIONAL,6
-6.4,-50.4,REGIONAL,6
-6.0,-50.5,REGIONAL,6
-12.7,-48.2,REGIONAL,6
-7.1,-36.2,REGIONAL,6
-5.2,-47.6,REGIONAL,6
-21.2,-45.1,REGIONAL,6
-15.3,-44.2,REGIONAL,6
-22.1,-47.9,EXTERNAL,6
-19.0,-39.8,REGIONAL,6
-5.9,-35.5,EXTERNAL,6
-9.0,-72.3,REGIONAL,6
-1.7,-45.4,REGIONAL,6
-22.6,-46.6,EXTERNAL,6
-23.7,-41.7,INTERNAL,6
-16.5,-44.0,REGIONAL,6
-17.8,-57.3,REGIONAL,6
0.8,-51.9,EXTERNAL,6
-5.7,-39.2,REGIONAL,6
-4.7,-40.6,REGIONAL,6
-20.8,-47.8,REGIONAL,6
-16.4,-56.5,REGIONAL,6
-16.3,-56.0,REGIONAL,6
-24.2,-45.9,INTERNAL,6
-26.5,-46.6,INTERNAL,6
-25.6,-47.5,INTERNAL,6
-14.0,-48.2,REGIONAL,6
-7.7,-63.8,REGIONAL,6
-3.9,-59.1,EXTERNAL,6
-29.8,-53.6,REGIONAL,6
-17.1,-43.6,REGIONAL,6
-21.3,-50.6,EXTERNAL,6
-11.2,-37.4,REGIONAL,6
-6.4,-35.2,REGIONAL,6
-8.5,-36.2,REGIONAL,6
-22.0,-45.4,EXTERNAL,6
-3.9,-40.5,REGIONAL,6
-20.1,-54.9,REGIONAL,6
-29.6,-52.2,REGIONAL,6
-11.1,-43.1,REGIONAL,6
-28.6,-53.7,REGIONAL,6
-17.0,-43.7,REGIONAL,6
-24.4,-53.4,REGIONAL,6
-29.8,-51.3,REGIONAL,6
-7.7,-37.8,REGIONAL,6
-0.7,-48.5,EXTERNAL,6
-13.0,-44.1,REGIONAL,6
-28.8,-52.5,EXTERNAL,6
-19.8,-49.0,REGIONAL,6
-14.7,-45.8,REGIONAL,6
-8.4,-35.2,EXTERNAL,6
-8.2,-63.8,REGIONAL,6
-21.1,-48.8,REGIONAL,6
-19.8,-40.9,REGIONAL,6
-22.9,-55.3,REGIONAL,6
-2.4,-54.6,REGIONAL,6
-7.3,-38.2,REGIONAL,6
-20.0,-52.0,EXTERNAL,6
-15.5,-44.5,EXTERNAL,6
-6.6,-35.5,INTERNAL,6
-20.2,-40.1,REGIONAL,6
-23.6,-45.6,REGIONAL,6
-13.1,-48.1,REGIONAL,6
-11.6,-38.9,EXTERNAL,6
-20.4,-44.6,REGIONAL,6
-20.8,-43.4,REGIONAL,6
-6.8,-47.5,REGIONAL,6
-27.8,-51.2,REGIONAL,6
-23.1,-44.1,EXTERNAL,6
-10.4,-40.2,EXTERNAL,6
-11.1,-38.3,EXTERNAL,6
-16.7,-42.2,REGIONAL,6
-23.0,-45.7,EXTERNAL,6
-27.2,-48.9,EXTERNAL,6
-19.9,-40.5,EXTERNAL,6
-15.3,-42.9,EXTERNAL,6
-7.2,-35.2,EXTERNAL,6
-22.1,-41.9,EXTERNAL,6
-3.6,-38.4,EXTERNAL,6
-22.0,-48.6,INTERNAL,6
-22.0,-47.8,EXTERNAL,6
-26.3,-52.9,REGIONAL,6
-14.6,-48.6,REGIONAL,6
-29.0,-51.0,REGIONAL,6
-4.1,-44.1,REGIONAL,6
-12.3,-46.2,REGIONAL,6
-8.0,-71.2,REGIONAL,6
-29.4,-54.8,REGIONAL,6
-20.1,-49.9,EXTERNAL,6
-6.4,-35.6,EXTERNAL,6
-26.1,-52.6,REGIONAL,6
-6.5,-47.0,REGIONAL,6
-10.1,-48.4,REGIONAL,6
-17.1,-54.9,REGIONAL,6
-7.8,-49.4,REGIONAL,6
-20.2,-44.4,EXTERNAL,6
-14.5,-48.6,REGIONAL,6
-1.5,-59.7,REGIONAL,6
-21.4,-48.6,REGIONAL,6
-6.6,-40.3,REGIONAL,6
-30.3,-51.3,EXTERNAL,6
-10.5,-39.0,EXTERNAL,6
-31.0,-54.7,REGIONAL,6
-20.8,-56.5,REGIONAL,6
-22.8,-53.3,REGIONAL,6
-12.8,-41.1,REGIONAL,6
-1.8,-53.4,REGIONAL,6
-14.6,-49.1,REGIONAL,6
0.3,-50.9,EXTERNAL,6
-1.9,-60.0,REGIONAL,6
-13.8,-48.4,REGIONAL,6
-12.2,-44.6,REGIONAL,6
-26.6,-53.5,EXTERNAL,6
-30.5,-50.6,REGIONAL,6
-2.9,-60.9,REGIONAL,6
-28.0,-54.8,EXTERNAL,6
-7.3,-47.5,EXTERNAL,6
-27.6,-48.9,EXTERNAL,6
4.0,-60.3,REGIONAL,6
-21.4,-51.9,EXTERNAL,6
-7.1,-40.4,REGIONAL,6
2.8,-60.6,EXTERNAL,6
-22.2,-45.4,REGIONAL,6
-18.8,-51.4,EXTERNAL,6
-27.6,-50.2,REGIONAL,6
-8.2,-49.8,REGIONAL,6
-28.4,-50.8,REGIONAL,6
-23.5,-51.8,REGIONAL,6
-19.3,-57.5,REGIONAL,6
-13.5,-38.9,INTERNAL,6
-17.8,-51.8,EXTERNAL,6
-22.4,-51.5,REGIONAL,6
-20.4,-55.5,REGIONAL,6
-9.9,-68.3,REGIONAL,6
-16.7,-54.4,REGIONAL,6
-22.6,-48.6,INTERNAL,6
-3.0,-47.0,EXTERNAL,6
-9.5,-69.5,REGIONAL,6
-25.3,-51.4,REGIONAL,6
-15.6,-56.0,INTERNAL,6
-8.9,-38.3,REGIONAL,6
-31.1,-52.2,EXTERNAL,6
-29.5,-51.4,REGIONAL,6
-17.4,-52.7,EXTERNAL,6
-23.6,-50.1,REGIONAL,6
-16.3,-49.1,REGIONAL,6
-3.5,-40.4,REGIONAL,6
-20.3,-56.5,REGIONAL,6
-22.6,-49.4,EXTERNAL,6
-17.1,-47.1,REGIONAL,6
-8.5,-45.8,REGIONAL,6
-0.9,-52.4,EXTERNAL,6
-14.8,-52.3,EXTERNAL,6
-14.7,-46.3,REGIONAL,6
-10.9,-68.4,REGIONAL,6
-24.7,-48.0,EXTERNAL,6
-30.0,-50.9,EXTERNAL,6
-27.0,-46.7,INTERNAL,6
-12.1,-37.7,EXTERNAL,6
-15.1,-56.1,REGIONAL,6
-5.6,-35.6,REGIONAL,6
-12.8,-42.8,REGIONAL,6
-13.8,-42.7,REGIONAL,6
-14.9,-42.8,EXTERNAL,6
-20.6,-40.3,REGIONAL,6
-13.1,-41.3,REGIONAL,6
-4.3,-38.9,INTERNAL,6
-20.1,-42.1,REGIONAL,6
-28.5,-49.5,EXTERNAL,6
-11.8,-37.6,REGIONAL,6
-4.0,-32.4,REGIONAL,6
-12.1,-45.5,EXTERNAL,6
-6.3,-47.4,EXTERNAL,6
-6.9,-36.6,REGIONAL,6
-15.7,-48.4,REGIONAL,6
-26.7,-52.4,EXTERNAL,6
-14.9,-39.0,EXTERNAL,6
-10.2,-46.9,REGIONAL,6
0.6,-51.7,EXTERNAL,6
-13.7,-39.3,EXTERNAL,5
-5.9,-42.7,REGIONAL,5
-34.5,-50.8,INTERNAL,5
-4.2,-39.0,EXTERNAL,5
-3.5,-40.7,REGIONAL,5
-21.1,-39.6,INTERNAL,5
-20.0,-39.5,INTERNAL,5
-2.7,-44.3,INTERNAL,5
-18.3,-50.9,REGIONAL,5
-15.5,-39.4,REGIONAL,5
-3.7,-39.6,EXTERNAL,5
-6.9,-38.2,REGIONAL,5
-19.3,-44.3,REGIONAL,5
-21.0,-42.5,REGIONAL,5
-17.3,-49.0,EXTERNAL,5
-21.6,-53.6,REGIONAL,5
-15.5,-46.7,REGIONAL,5
-0.6,-52.5,REGIONAL,5
-23.1,-43.7,REGIONAL,5
-14.5,-42.7,REGIONAL,5
2.9,-60.4,REGIONAL,5
-29.5,-51.5,REGIONAL,5
-7.2,-38.6,REGIONAL,5
-6.9,-37.2,REGIONAL,5
-2.4,-44.1,INTERNAL,5
-12.3,-55.0,REGIONAL,5
-6.8,-35.3,REGIONAL,5
-3.5,-39.4,REGIONAL,5
-8.6,-36.2,REGIONAL,5
-15.6,-40.4,REGIONAL,5
-10.4,-49.2,REGIONAL,5
-4.0,-41.3,REGIONAL,5
-20.5,-46.4,REGIONAL,5
1.5,-61.1,REGIONAL,5
-21.7,-48.7,REGIONAL,5
-24.5,-50.0,EXTERNAL,5
-2.8,-60.9,REGIONAL,5
-8.5,-67.4,REGIONAL,5
-8.8,-39.8,EXTERNAL,5
-62.4,-51.4,EXTERNAL,5
-18.0,-51.6,EXTERNAL,5
-18.1,-41.3,EXTERNAL,5
-22.3,-53.8,REGIONAL,5
-23.9,-47.5,REGIONAL,5
-20.3,-50.4,EXTERNAL,5
-16.7,-39.8,REGIONAL,5
-24.8,-47.6,INTERNAL,5
-5.6,-67.7,REGIONAL,5
-16.0,-43.0,REGIONAL,5
-24.8,-47.1,INTERNAL,5
-8.5,-36.4,EXTERNAL,5
-24.0,-51.3,EXTERNAL,5
-21.3,-52.0,EXTERNAL,5
-0.4,-51.0,REGIONAL,5
-20.2,-30.0,EXTERNAL,5
-2.8,-40.3,REGIONAL,5
-20.2,-41.6,EXTERNAL,5
-17.1,-40.9,EXTERNAL,5
-10.3,-67.6,REGIONAL,5
40.7,46.4,REGIONAL,5
-24.0,-47.8,INTERNAL,5
-29.1,-50.2,EXTERNAL,5
-20.3,-41.5,EXTERNAL,5
-13.3,-40.4,EXTERNAL,5
-14.4,-40.3,REGIONAL,5
-22.1,-51.6,REGIONAL,5
-22.4,-55.7,REGIONAL,5
-16.6,-48.0,REGIONAL,5
-20.3,-50.2,INTERNAL,5
-24.2,-47.6,EXTERNAL,5
-15.6,-38.9,REGIONAL,5
-8.3,-71.0,REGIONAL,5
-14.7,-45.9,REGIONAL,5
-17.2,-45.0,REGIONAL,5
-8.3,-38.4,REGIONAL,5
-19.7,-43.8,REGIONAL,5
-30.5,-50.5,REGIONAL,5
2.5,-54.8,REGIONAL,5
-23.7,-46.1,EXTERNAL,5
-9.6,-61.7,INTERNAL,5
-14.1,-49.4,REGIONAL,5
-15.9,-47.5,REGIONAL,5
-14.2,-39.7,EXTERNAL,5
-7.2,-35.6,REGIONAL,5
-27.4,-52.1,REGIONAL,5
-25.5,-53.6,REGIONAL,5
-22.6,-48.3,EXTERNAL,5
-20.2,-41.5,EXTERNAL,5
-27.8,-53.7,EXTERNAL,5
-19.3,-44.0,EXTERNAL,5
-15.4,-56.0,REGIONAL,5
-7.3,-38.8,REGIONAL,5
-7.4,-47.7,REGIONAL,5
-17.1,-46.8,EXTERNAL,5
-20.6,-42.0,REGIONAL,5
-25.1,-51.5,REGIONAL,5
-9.2,-40.9,REGIONAL,5
-13.7,-47.4,REGIONAL,5
-5.7,-46.2,REGIONAL,5
-27.1,-50.7,REGIONAL,5
-14.7,-43.9,EXTERNAL,5
-12.5,-41.7,REGIONAL,5
-8.8,-48.5,EXTERNAL,5
-18.8,-41.7,REGIONAL,5
-7.1,-38.6,REGIONAL,5
-8.9,-72.8,REGIONAL,5
-21.1,-48.3,REGIONAL,5
-9.0,-71.9,REGIONAL,5
-29.8,-53.4,REGIONAL,5
-2.6,-48.5,REGIONAL,5
-12.3,-47.1,REGIONAL,5
-24.2,-48.2,REGIONAL,5
-3.4,-50.8,REGIONAL,5
-11.5,-61.3,REGIONAL,5
-4.8,-42.6,EXTERNAL,5
-17.7,-38.6,INTERNAL,5
-9.2,-64.3,REGIONAL,5
-21.8,-40.4,INTERNAL,5
-29.5,-46.2,INTERNAL,5
-22.7,-44.9,EXTERNAL,5
-8.0,-36.5,REGIONAL,5
-20.5,-37.2,REGIONAL,5
-7.8,-51.1,REGIONAL,5
-8.7,-36.1,REGIONAL,5
-24.5,-52.7,REGIONAL,5
-20.9,-40.2,INTERNAL,5
-23.9,-49.8,REGIONAL,5
-23.6,-52.6,REGIONAL,5
-28.3,-49.8,EXTERNAL,5
-5.0,-37.5,REGIONAL,5
-25.1,-53.0,EXTERNAL,5
-15.9,-51.1,EXTERNAL,5
-20.5,-40.8,EXTERNAL,5
-30.5,-56.4,REGIONAL,5
6.2,-48.6,REGIONAL,5
-3.2,-39.4,EXTERNAL,5
-3.0,-60.6,REGIONAL,5
-4.3,-46.5,REGIONAL,5
-21.3,-51.8,REGIONAL,5
-1.5,-47.9,REGIONAL,5
-9.5,-59.2,REGIONAL,5
-4.7,-40.9,REGIONAL,5
-4.4,-59.5,REGIONAL,5
-19.7,-43.7,REGIONAL,5
-15.2,-39.8,REGIONAL,5
-15.9,-47.6,EXTERNAL,5
-1.6,-48.7,EXTERNAL,5
-18.4,-39.9,EXTERNAL,5
-25.6,-50.7,EXTERNAL,5
-20.1,-42.0,INTERNAL,5
-2.7,-65.4,REGIONAL,5
-21.5,-47.9,REGIONAL,5
-5.3,-38.1,REGIONAL,5
-12.8,-60.0,INTERNAL,5
-20.4,-50.1,EXTERNAL,5
-14.7,-42.5,REGIONAL,5
-9.9,-40.3,REGIONAL,5
-15.8,-55.6,REGIONAL,5
-22.1,-48.4,INTERNAL,5
-23.0,-51.8,EXTERNAL,5
-10.5,-50.5,EXTERNAL,5
-20.4,-43.9,EXTERNAL,5
-20.3,-50.5,EXTERNAL,5
-24.2,-47.2,REGIONAL,5
-9.1,-37.1,REGIONAL,5
-21.1,-48.7,INTERNAL,5
-1.8,-53.0,REGIONAL,5
-20.3,-55.9,EXTERNAL,5
-8.0,-35.0,INTERNAL,5
-18.1,-44.2,REGIONAL,5
-14.5,-43.5,REGIONAL,5
-17.3,-49.4,REGIONAL,5
-19.7,-56.4,REGIONAL,5
-11.8,-49.1,EXTERNAL,5
-19.0,-47.9,REGIONAL,5
-28.2,-53.4,REGIONAL,5
-25.9,-53.5,REGIONAL,5
-14.7,-39.1,EXTERNAL,5
-15.8,-52.3,REGIONAL,5
-12.6,-42.2,REGIONAL,5
-31.4,-51.2,REGIONAL,5
-12.5,-37.9,EXTERNAL,5
-6.8,-35.7,EXTERNAL,5
-25.7,-40.1,INTERNAL,5
-20.3,-48.2,INTERNAL,5
-31.8,-52.5,EXTERNAL,5
-15.7,-47.6,EXTERNAL,5
-20.9,-49.5,INTERNAL,5
2.1,-54.2,REGIONAL,5
-25.6,-54.0,REGIONAL,5
-21.3,-50.5,EXTERNAL,5
-21.2,-48.8,REGIONAL,5
-20.2,-56.2,REGIONAL,5
-19.2,-55.7,REGIONAL,5
-15.6,-55.5,EXTERNAL,5
-29.1,-51.1,REGIONAL,5
-21.2,-47.4,REGIONAL,5
-4.8,-39.6,REGIONAL,5
-6.6,-36.6,EXTERNAL,5
-28.8,-51.3,EXTERNAL,5
-24.6,-50.5,REGIONAL,5
-11.3,-38.2,REGIONAL,5
-19.9,-43.4,REGIONAL,5
-1.3,-46.0,REGIONAL,5
-18.5,-53.1,REGIONAL,5
-17.7,-40.8,REGIONAL,5
-12.8,-52.0,REGIONAL,5
-25.0,-51.9,REGIONAL,5
-26.9,-53.0,EXTERNAL,5
-18.0,-38.6,INTERNAL,5
-7.2,-34.6,INTERNAL,5
-20.8,-43.2,REGIONAL,5
-20.1,-56.3,REGIONAL,5
-17.6,-52.6,EXTERNAL,5
-17.9,-44.2,EXTERNAL,5
-29.3,-52.3,REGIONAL,5
-20.7,-54.5,REGIONAL,5
-20.9,-47.2,REGIONAL,5
-8.3,-35.7,REGIONAL,5
-18.9,-50.7,REGIONAL,5
-13.5,-40.3,REGIONAL,5
-22.5,-49.2,EXTERNAL,5
-17.6,-51.9,EXTERNAL,5
-17.6,-47.8,REGIONAL,5
-11.1,-37.0,REGIONAL,5
-20.3,-45.2,REGIONAL,5
-3.3,-52.3,REGIONAL,5
-25.4,-53.2,REGIONAL,5
-7.7,-55.3,REGIONAL,5
-23.0,-48.5,REGIONAL,5
-22.5,-44.9,EXTERNAL,5
-22.0,-43.0,REGIONAL,5
-16.6,-41.6,REGIONAL,5
-18.8,-48.4,REGIONAL,5
-12.7,-55.9,REGIONAL,5
-26.1,-49.2,REGIONAL,5
-14.6,-46.7,REGIONAL,5
-15.2,-47.2,EXTERNAL,5
-6.9,-39.0,REGIONAL,5
-9.0,-36.7,EXTERNAL,5
-22.2,-44.1,EXTERNAL,5
-15.4,-39.3,REGIONAL,5
-13.9,-52.1,REGIONAL,5
-5.6,-47.5,REGIONAL,5
-27.5,-51.5,EXTERNAL,5
-27.7,-51.0,EXTERNAL,5
-17.4,-54.3,REGIONAL,5
-6.5,-37.3,REGIONAL,5
-12.0,-38.8,EXTERNAL,5
-13.7,-42.7,REGIONAL,5
-23.6,-51.9,EXTERNAL,5
-19.9,-49.4,REGIONAL,5
-15.4,-39.5,EXTERNAL,5
-23.2,-49.8,EXTERNAL,5
-7.7,-63.0,REGIONAL,5
-5.8,-47.1,REGIONAL,5
-22.7,-55.3,REGIONAL,5
-15.0,-45.8,REGIONAL,5
-19.6,-41.9,REGIONAL,5
-16.6,-39.3,REGIONAL,5
-7.3,-35.2,EXTERNAL,5
-3.2,-64.9,REGIONAL,5
-21.7,-42.3,EXTERNAL,5
-2.9,-59.9,EXTERNAL,5
-19.5,-44.1,EXTERNAL,5
-20.3,-48.1,REGIONAL,5
-21.8,-43.7,REGIONAL,5
-26.7,-49.3,EXTERNAL,5
-17.5,-50.6,EXTERNAL,5
-13.0,-50.0,EXTERNAL,5
-2.9,-43.9,REGIONAL,5
-7.5,-63.1,REGIONAL,5
-25.0,-54.2,REGIONAL,5
-8.0,-63.5,REGIONAL,5
-22.8,-45.3,INTERNAL,5
-13.3,-47.1,REGIONAL,5
-10.3,-56.5,REGIONAL,5
-21.9,-46.7,EXTERNAL,5
-12.8,-44.0,REGIONAL,5
-9.5,-35.9,EXTERNAL,5
-24.4,-45.5,INTERNAL,5
-22.0,-43.3,EXTERNAL,5
-24.6,-50.2,INTERNAL,5
-22.5,-48.8,EXTERNAL,5
-11.0,-43.0,REGIONAL,5
-24.1,-49.8,EXTERNAL,5
-6.7,-38.7,REGIONAL,5
-3.7,-53.7,REGIONAL,5
-10.6,-37.4,EXTERNAL,5
-17.6,-50.6,EXTERNAL,5
-27.0,-48.9,EXTERNAL,5
-9.4,-36.8,REGIONAL,5
-23.2,-50.6,REGIONAL,5
-28.6,-49.2,EXTERNAL,5
-17.5,-52.5,EXTERNAL,5
-12.2,-38.8,EXTERNAL,5
-26.0,-49.4,REGIONAL,5
-18.1,-43.8,REGIONAL,5
-13.5,-44.6,EXTERNAL,5
-10.4,-37.0,REGIONAL,5
-2.8,-59.1,REGIONAL,5
-20.4,-45.4,EXTERNAL,5
-3.3,-47.8,REGIONAL,5
-21.2,-51.0,EXTERNAL,5
-13.0,-56.0,INTERNAL,5
-19.2,-54.8,REGIONAL,5
-5.1,-36.4,INTERNAL,5
-23.2,-51.7,REGIONAL,5
-26.4,-51.4,REGIONAL,5
-21.1,-43.9,REGIONAL,5
-2.6,-48.8,REGIONAL,5
-23.3,-49.0,EXTERNAL,5
-17.3,-41.5,REGIONAL,5
-14.2,-48.6,REGIONAL,5
-2.5,-59.7,REGIONAL,5
-12.6,-56.9,REGIONAL,5
-7.9,-72.4,REGIONAL,5
-16.9,-47.7,REGIONAL,5
-23.6,-45.0,REGIONAL,5
-22.2,-56.2,REGIONAL,5
-20.1,-44.8,REGIONAL,5
-10.1,-36.2,REGIONAL,5
-20.3,-40.7,EXTERNAL,5
-29.8,-50.4,EXTERNAL,5
-21.3,-51.8,EXTERNAL,5
4.0,-60.4,REGIONAL,5
-8.2,-39.3,REGIONAL,5
-2.5,-60.7,REGIONAL,5
-19.3,-40.9,REGIONAL,5
-19.5,-43.5,EXTERNAL,5
-16.2,-57.6,REGIONAL,5
-30.9,-50.9,REGIONAL,5
-21.2,-55.0,REGIONAL,5
-9.0,-36.6,EXTERNAL,5
-27.3,-50.2,EXTERNAL,5
-20.3,-41.7,REGIONAL,5
-9.3,-55.8,REGIONAL,5
-18.0,-46.8,REGIONAL,5
-22.8,-50.8,REGIONAL,5
-2.9,-41.3,REGIONAL,5
-21.5,-42.1,EXTERNAL,5
-33.5,-53.4,INTERNAL,5
-16.5,-50.7,REGIONAL,5
-20.4,-41.7,INTERNAL,5
3.1,-60.0,REGIONAL,5
-7.0,-42.1,EXTERNAL,5
-23.2,-44.2,EXTERNAL,5
-17.6,-46.7,REGIONAL,5
-21.3,-44.7,EXTERNAL,5
-11.0,-37.6,EXTERNAL,5
-20.9,-41.2,REGIONAL,5
-12.7,-37.2,REGIONAL,5
-22.6,-49.0,REGIONAL,5
-25.8,-45.2,INTERNAL,5
-22.9,-43.6,INTERNAL,5
-16.7,-39.7,REGIONAL,5
-18.7,-49.8,REGIONAL,5
-6.5,-50.0,REGIONAL,5
-19.0,-47.0,EXTERNAL,5
-23.2,-43.6,REGIONAL,5
-19.8,-42.6,INTERNAL,5
-10.1,-55.7,REGIONAL,5
-31.4,-54.1,EXTERNAL,5
-19.0,-46.0,REGIONAL,5
-2.9,-40.8,INTERNAL,5
-4.7,-43.7,REGIONAL,5
-3.2,-44.6,REGIONAL,5
-9.0,-72.8,EXTERNAL,5
-15.4,-39.0,REGIONAL,5
-28.3,-50.0,REGIONAL,5
-24.0,-46.9,REGIONAL,5
-12.1,-38.8,REGIONAL,5
-18.1,-53.7,REGIONAL,5
-19.3,-44.2,EXTERNAL,5
-23.4,-45.7,INTERNAL,5
-19.0,-48.1,REGIONAL,5
-20.5,-48.9,REGIONAL,5
-4.2,-40.6,REGIONAL,5
-25.2,-47.8,REGIONAL,5
-22.2,-49.0,EXTERNAL,5
-20.2,-46.4,INTERNAL,5
-26.8,-52.9,REGIONAL,5
-9.9,-57.9,REGIONAL,5
-24.1,-52.4,EXTERNAL,5
-2.6,-64.6,REGIONAL,5
-29.4,-51.9,EXTERNAL,5
-20.3,-56.1,REGIONAL,5
-16.2,-50.8,REGIONAL,5
-22.1,-41.3,EXTERNAL,5
-16.0,-47.4,REGIONAL,5
-11.3,-57.5,EXTERNAL,5
-19.3,-46.2,REGIONAL,5
-18.6,-46.4,EXTERNAL,5
-7.7,-47.3,REGIONAL,5
-13.6,-44.4,EXTERNAL,5
-19.4,-57.7,REGIONAL,5
-7.7,-35.2,REGIONAL,5
-4.3,-46.5,EXTERNAL,5
-11.2,-40.8,REGIONAL,5
-7.9,-63.2,EXTERNAL,5
-3.4,-52.2,REGIONAL,5
-19.7,-43.7,EXTERNAL,5
-21.9,-42.8,REGIONAL,5
-14.3,-59.6,REGIONAL,5
-4.9,-37.2,REGIONAL,5
-9.8,-69.2,REGIONAL,5
-16.6,-47.8,EXTERNAL,5
-5.4,-48.8,REGIONAL,5
-25.1,-49.8,EXTERNAL,5
-11.3,-37.8,REGIONAL,5
-5.8,-50.6,REGIONAL,5
-22.0,-56.5,REGIONAL,5
-20.8,-42.5,REGIONAL,5
-31.5,-53.1,REGIONAL,5
-16.3,-58.4,REGIONAL,5
-22.6,-44.5,REGIONAL,5
-11.3,-42.0,EXTERNAL,5
-21.2,-48.2,EXTERNAL,5
-8.3,-42.4,REGIONAL,5
-27.2,-51.0,REGIONAL,5
-5.3,-41.6,REGIONAL,5
-15.1,-58.8,REGIONAL,5
-20.3,-52.6,REGIONAL,5
-9.1,-69.8,REGIONAL,5
-4.1,-39.2,REGIONAL,5
-16.5,-43.2,REGIONAL,5
-22.2,-50.7,EXTERNAL,5
-23.9,-49.1,REGIONAL,5
-14.1,-44.7,REGIONAL,5
-5.1,-37.7,REGIONAL,5
-3.3,-65.9,REGIONAL,5
-3.1,-60.6,REGIONAL,5
-3.2,-52.1,REGIONAL,5
-24.9,-48.3,INTERNAL,5
-16.0,-49.1,REGIONAL,5
-7.5,-34.9,REGIONAL,5
-14.2,-51.9,EXTERNAL,5
-22.6,-46.9,EXTERNAL,5
-11.8,-42.1,REGIONAL,5
-10.1,-62.9,REGIONAL,5
-23.3,-48.7,REGIONAL,5
-14.2,-42.8,EXTERNAL,5
-24.4,-53.8,REGIONAL,5
-20.6,-43.3,REGIONAL,5
-19.6,-47.5,REGIONAL,5
-25.1,-53.6,REGIONAL,5
-3.9,-58.3,REGIONAL,5
-9.5,-35.5,EXTERNAL,5
-27.5,-51.3,EXTERNAL,5
-3.9,-39.4,REGIONAL,5
-19.3,-41.5,REGIONAL,5
-4.1,-41.9,EXTERNAL,5
-9.9,-36.5,REGIONAL,5
-21.0,-43.0,REGIONAL,5
-32.6,-50.7,EXTERNAL,5
-21.5,-41.6,REGIONAL,5
-15.5,-56.2,EXTERNAL,5
-26.3,-53.0,REGIONAL,5
-4.1,-40.9,EXTERNAL,5
-22.4,-53.2,EXTERNAL,5
-16.0,-55.9,REGIONAL,5
-15.9,-49.0,EXTERNAL,5
-11.4,-41.8,REGIONAL,5
-5.1,-42.9,REGIONAL,5
-12.2,-38.2,REGIONAL,5
-29.7,-51.9,REGIONAL,5
-22.5,-45.5,EXTERNAL,5
-18.5,-43.4,REGIONAL,5
-6.4,-37.3,REGIONAL,5
-19.7,-43.5,EXTERNAL,5
-19.5,-39.1,INTERNAL,5
-18.0,-43.2,REGIONAL,5
-6.0,-38.3,REGIONAL,5
-22.3,-54.7,REGIONAL,5
-29.5,-51.0,EXTERNAL,5
-21.4,-46.9,EXTERNAL,5
-18.5,-46.6,REGIONAL,5
-15.0,-50.9,EXTERNAL,5
-28.2,-50.7,REGIONAL,5
-23.7,-47.4,INTERNAL,5
-24.8,-47.6,EXTERNAL,5
0.6,-51.8,EXTERNAL,5
-2.5,-54.9,EXTERNAL,5
-23.2,-48.3,EXTERNAL,5
-3.0,-60.0,INTERNAL,5
-20.9,-45.1,EXTERNAL,5
-17.5,-40.0,EXTERNAL,5
-2.8,-44.3,REGIONAL,5
-10.7,-62.3,EXTERNAL,5
-20.3,-47.8,REGIONAL,5
-20.0,-56.8,REGIONAL,5
-22.8,-48.0,REGIONAL,5
-21.7,-47.0,EXTERNAL,5
-8.5,-36.5,REGIONAL,5
-8.8,-39.0,REGIONAL,5
-14.4,-40.1,EXTERNAL,5
-23.9,-48.3,REGIONAL,5
-15.2,-56.8,REGIONAL,5
-18.4,-43.9,REGIONAL,5
-27.5,-49.9,REGIONAL,5
-26.0,-52.6,REGIONAL,5
-15.9,-48.6,REGIONAL,5
-29.4,-56.8,REGIONAL,5
-21.4,-42.1,REGIONAL,5
-9.2,-61.7,REGIONAL,5
-22.2,-46.4,EXTERNAL,5
-21.1,-50.2,EXTERNAL,5
-21.1,-46.9,EXTERNAL,5
-30.0,-51.7,EXTERNAL,5
-21.2,-42.8,REGIONAL,5
-27.9,-48.8,REGIONAL,5
-3.5,-45.5,REGIONAL,5
-8.3,-35.9,REGIONAL,5
-7.9,-35.2,INTERNAL,5
2.5,-61.4,REGIONAL,5
-21.9,-43.5,REGIONAL,5
-5.8,-42.6,EXTERNAL,5
-6.9,-37.6,EXTERNAL,5
-11.0,-39.6,REGIONAL,5
-18.4,-46.0,REGIONAL,5
-6.6,-35.5,EXTERNAL,5
-23.0,-49.3,REGIONAL,5
-6.4,-50.3,REGIONAL,5
-18.4,-50.2,EXTERNAL,5
-27.4,-50.8,EXTERNAL,5
-3.2,-59.1,REGIONAL,5
-25.5,-53.5,REGIONAL,5
-9.9,-62.7,REGIONAL,5
-8.6,-39.6,REGIONAL,5
4.4,-61.2,REGIONAL,5
-23.6,-47.8,REGIONAL,5
-22.0,-51.6,REGIONAL,5
-4.7,-53.6,REGIONAL,5
-11.7,-50.7,REGIONAL,5
-25.2,-50.1,EXTERNAL,5
-7.7,-35.0,REGIONAL,5
-10.3,-63.5,EXTERNAL,5
-0.3,-51.3,REGIONAL,5
-7.4,-46.8,REGIONAL,5
-10.8,-65.1,REGIONAL,5
-3.2,-64.7,REGIONAL,5
-7.1,-73.7,REGIONAL,5
-19.5,-41.0,INTERNAL,5
-17.8,-57.5,REGIONAL,5
-10.9,-68.4,EXTERNAL,5
-21.2,-42.6,REGIONAL,5
-10.0,-62.9,REGIONAL,5
-20.3,-45.7,REGIONAL,5
-7.8,-38.2,REGIONAL,5
-19.9,-44.7,REGIONAL,5
-14.0,-47.9,REGIONAL,5
-25.1,-50.9,REGIONAL,5
-29.8,-50.3,REGIONAL,5
-2.3,-59.1,REGIONAL,5
-0.8,-48.5,REGIONAL,5
-20.3,-54.6,REGIONAL,5
-19.8,-42.6,EXTERNAL,5
-5.3,-57.6,REGIONAL,5
2.5,-60.6,REGIONAL,5
-9.1,-36.5,REGIONAL,5
-22.8,-46.4,EXTERNAL,5
-3.0,-60.2,EXTERNAL,5
-1.4,-61.9,REGIONAL,5
-13.4,-47.6,REGIONAL,5
-7.4,-40.7,EXTERNAL,5
-10.6,-49.0,REGIONAL,5
-22.5,-50.8,REGIONAL,5
-1.5,-49.2,REGIONAL,5
-21.5,-42.5,EXTERNAL,5
-23.9,-45.2,REGIONAL,5
1.8,-51.0,REGIONAL,5
-19.4,-42.0,EXTERNAL,5
-27.0,-52.5,EXTERNAL,5
-18.4,-57.3,REGIONAL,5
-21.8,-52.1,REGIONAL,5
-12.4,-38.8,REGIONAL,5
-29.5,-52.8,REGIONAL,5
-18.8,-57.5,REGIONAL,5
-22.2,-42.7,REGIONAL,5
-24.6,-53.7,REGIONAL,5
-9.6,-46.7,REGIONAL,5
-19.8,-39.4,INTERNAL,5
-17.1,-50.0,REGIONAL,5
-28.1,-49.2,REGIONAL,5
-8.5,-41.0,REGIONAL,5
-26.1,-45.1,INTERNAL,5
-29.8,-50.9,REGIONAL,5
-9.2,-68.7,REGIONAL,5
-11.2,-54.5,REGIONAL,5
-4.6,-59.6,REGIONAL,5
-1.5,-56.2,REGIONAL,5
-22.3,-49.9,EXTERNAL,5
-26.8,-52.7,EXTERNAL,5
-14.4,-47.5,EXTERNAL,5
-9.2,-35.3,INTERNAL,5
-2.7,-48.2,REGIONAL,5
-18.7,-45.5,REGIONAL,5
-19.9,-42.6,REGIONAL,5
-21.0,-49.9,INTERNAL,5
-12.1,-44.3,REGIONAL,5
-27.8,-50.5,EXTERNAL,5
-28.4,-55.0,EXTERNAL,5
-22.1,-56.5,EXTERNAL,5
-15.6,-42.5,REGIONAL,5
-5.4,-49.0,EXTERNAL,5
-14.0,-42.0,EXTERNAL,5
-7.4,-46.6,REGIONAL,5
-7.1,-40.8,REGIONAL,5
-20.7,-42.1,EXTERNAL,5
-17.6,-39.1,INTERNAL,5
-2.6,-48.9,REGIONAL,5
-4.0,-38.7,EXTERNAL,5
-21.1,-48.1,REGIONAL,5
-9.5,-40.8,EXTERNAL,5
-22.6,-47.9,INTERNAL,5
-17.8,-55.9,REGIONAL,5
-4.3,-38.6,REGIONAL,5
-7.0,-34.6,INTERNAL,5
-27.3,-52.3,REGIONAL,5
-5.5,-36.5,REGIONAL,5
-22.3,-54.8,REGIONAL,5
-23.5,-47.8,EXTERNAL,5
-8.7,-35.7,EXTERNAL,5
0.0,-51.0,REGIONAL,5
-7.2,-59.9,REGIONAL,5
-20.4,-41.6,REGIONAL,5
-21.7,-46.7,EXTERNAL,5
-7.1,-45.6,REGIONAL,5
-23.5,-48.5,REGIONAL,5
-9.8,-35.8,EXTERNAL,5
-3.0,-50.3,REGIONAL,5
-10.8,-61.9,REGIONAL,5
-30.4,-50.3,REGIONAL,5
-14.4,-38.9,REGIONAL,5
-9.1,-69.6,REGIONAL,5
-9.7,-39.3,REGIONAL,5
-13.3,-39.1,REGIONAL,5
-11.0,-63.0,INTERNAL,5
-19.7,-49.1,REGIONAL,5
-29.7,-50.2,EXTERNAL,5
-13.1,-38.7,EXTERNAL,5
-18.9,-43.3,INTERNAL,5
-22.6,-46.9,INTERNAL,5
-14.3,-51.3,REGIONAL,5
-20.0,-40.7,EXTERNAL,5
-21.8,-44.0,REGIONAL,5
-16.4,-55.9,REGIONAL,5
-9.7,-45.4,EXTERNAL,5
-21.6,-49.4,INTERNAL,5
-2.0,-48.2,REGIONAL,5
-12.0,-38.5,REGIONAL,5
-16.1,-49.2,REGIONAL,5
-16.6,-48.9,REGIONAL,5
-7.4,-47.5,REGIONAL,5
-13.1,-41.1,REGIONAL,5
-22.9,-46.2,EXTERNAL,5
-4.8,-37.3,REGIONAL,5
-22.1,-44.8,EXTERNAL,5
-25.6,-49.5,EXTERNAL,5
-1.0,-46.6,REGIONAL,5
-22.3,-42.4,EXTERNAL,5
-24.1,-54.2,EXTERNAL,5
-21.9,-47.2,REGIONAL,5
-9.8,-35.7,INTERNAL,5
-30.9,-52.1,REGIONAL,5
-26.8,-53.2,REGIONAL,5
-6.7,-41.7,REGIONAL,5
-10.6,-46.6,REGIONAL,5
-25.5,-52.5,REGIONAL,5
-5.1,-42.8,INTERNAL,5
-17.4,-41.4,REGIONAL,5
-27.8,-53.8,REGIONAL,5
-18.7,-49.2,REGIONAL,5
-6.4,-47.5,REGIONAL,5
-2.7,-55.2,REGIONAL,5
-27.5,-52.0,REGIONAL,5
-16.9,-49.3,EXTERNAL,5
-27.7,-52.5,REGIONAL,5
-29.5,-48.2,INTERNAL,5
-22.5,-46.0,EXTERNAL,5
-1.1,-48.5,EXTERNAL,5
-6.8,-41.3,REGIONAL,5
-18.8,-54.8,REGIONAL,5
-6.8,-48.0,REGIONAL,5
-0.6,-47.3,INTERNAL,5
-22.4,-44.1,EXTERNAL,5
-0.7,-47.7,INTERNAL,5
-19.6,-39.6,INTERNAL,5
-22.4,-48.7,REGIONAL,5
-28.4,-54.9,EXTERNAL,5
-9.7,-35.9,REGIONAL,5
-8.2,-39.4,REGIONAL,5
-24.4,-50.3,REGIONAL,5
-9.1,-36.6,REGIONAL,5
-14.9,-50.5,EXTERNAL,5
-14.0,-44.0,EXTERNAL,5
-9.3,-56.1,REGIONAL,5
-16.8,-54.8,REGIONAL,5
-24.7,-48.4,REGIONAL,5
-21.1,-48.7,EXTERNAL,5
-15.8,-46.1,REGIONAL,5
-25.7,-51.7,EXTERNAL,5
-21.7,-44.3,EXTERNAL,5
-10.7,-49.8,REGIONAL,5
-11.0,-62.5,REGIONAL,5
-14.8,-40.7,EXTERNAL,5
-32.1,-53.4,REGIONAL,5
-4.6,-61.2,EXTERNAL,5
-4.7,-61.3,EXTERNAL,5
-7.3,-40.5,REGIONAL,5
-10.2,-40.2,EXTERNAL,5
-7.2,-40.1,EXTERNAL,5
-9.7,-68.1,EXTERNAL,5
-18.8,-41.3,REGIONAL,5
-25.2,-49.7,REGIONAL,5
-30.8,-53.9,EXTERNAL,5
-7.0,-47.0,EXTERNAL,5
-21.3,-47.5,REGIONAL,5
-26.1,-48.7,INTERNAL,5
-20.6,-46.0,EXTERNAL,5
-1.8,-59.4,REGIONAL,5
-21.0,-56.8,REGIONAL,5
-5.3,-40.1,EXTERNAL,5
-30.2,-52.3,REGIONAL,5
-9.0,-64.1,REGIONAL,5
-20.0,-48.8,REGIONAL,5
-9.0,-67.0,EXTERNAL,5
-30.3,-55.2,REGIONAL,5
-12.2,-43.6,REGIONAL,5
-10.4,-50.6,REGIONAL,5
-7.8,-37.8,REGIONAL,5
-21.1,-45.3,REGIONAL,5
-29.4,-51.0,EXTERNAL,5
-8.9,-37.8,REGIONAL,5
-21.7,-41.7,REGIONAL,5
-16.4,-56.3,REGIONAL,5
-2.1,-55.4,REGIONAL,5
-7.7,-72.8,REGIONAL,5
-18.8,-41.0,REGIONAL,5
-6.7,-36.1,REGIONAL,5
-32.7,-52.6,REGIONAL,5
-16.9,-48.5,REGIONAL,5
-27.3,-50.8,EXTERNAL,5
-18.0,-51.8,REGIONAL,5
-22.2,-42.9,EXTERNAL,5
-23.2,-44.3,EXTERNAL,5
-6.3,-53.6,REGIONAL,5
-25.0,-51.8,REGIONAL,5
-14.2,-48.5,REGIONAL,5
-19.7,-45.0,REGIONAL,5
-3.8,-46.7,REGIONAL,5
-21.3,-49.7,INTERNAL,5
-29.7,-50.5,EXTERNAL,5
-9.3,-68.4,REGIONAL,5
-18.9,-44.6,REGIONAL,5
-22.1,-46.7,EXTERNAL,5
-2.8,-60.8,REGIONAL,5
-15.5,-59.1,REGIONAL,5
-30.0,-50.0,REGIONAL,5
-10.7,-68.4,REGIONAL,5
-11.1,-63.3,REGIONAL,5
-21.3,-46.8,EXTERNAL,5
-16.4,-42.1,REGIONAL,5
-20.2,-43.3,REGIONAL,5
-7.1,-35.9,EXTERNAL,5
-17.7,-42.5,EXTERNAL,5
-12.8,-38.9,REGIONAL,5
-10.2,-48.9,EXTERNAL,5
-17.3,-42.7,EXTERNAL,5
-7.0,-45.0,EXTERNAL,5
-23.5,-53.1,EXTERNAL,5
-22.2,-51.2,EXTERNAL,5
-10.9,-47.4,REGIONAL,5
-17.1,-46.7,REGIONAL,5
-20.5,-45.5,REGIONAL,5
-19.7,-39.8,EXTERNAL,5
-22.2,-44.1,REGIONAL,5
-7.0,-41.6,REGIONAL,5
-29.3,-50.1,REGIONAL,5
-22.7,-42.5,EXTERNAL,5
-22.0,-44.2,EXTERNAL,5
-9.5,-35.6,EXTERNAL,5
-20.5,-56.7,INTERNAL,5
-10.0,-57.0,REGIONAL,5
-14.6,-40.1,REGIONAL,5
-7.5,-38.8,REGIONAL,5
-21.4,-42.7,INTERNAL,5
-28.8,-51.6,EXTERNAL,5
-18.1,-48.6,EXTERNAL,5
-20.2,-42.3,REGIONAL,5
-14.0,-51.8,REGIONAL,5
-10.0,-48.4,REGIONAL,5
-15.4,-50.1,REGIONAL,5
-22.8,-49.9,EXTERNAL,5
-20.6,-52.5,EXTERNAL,5
-27.6,-50.7,EXTERNAL,5
-0.8,-48.2,EXTERNAL,5
-14.8,-52.6,REGIONAL,5
-16.0,-39.9,EXTERNAL,5
-3.7,-60.0,REGIONAL,5
-19.3,-47.9,REGIONAL,5
-23.2,-51.8,EXTERNAL,5
-27.4,-50.4,EXTERNAL,5
-23.9,-53.9,REGIONAL,5
-7.4,-47.2,REGIONAL,5
-13.7,-46.3,REGIONAL,5
-20.3,-54.8,REGIONAL,5
-15.3,-59.3,EXTERNAL,5
-28.8,-52.1,REGIONAL,5
-20.3,-40.5,INTERNAL,5
-20.4,-50.2,EXTERNAL,5
-16.3,-46.9,REGIONAL,5
-5.5,-49.3,REGIONAL,5
-24.6,-54.0,REGIONAL,5
-25.3,-48.9,INTERNAL,5
-23.8,-46.8,INTERNAL,5
-19.7,-43.1,REGIONAL,5
-21.8,-44.3,REGIONAL,5
-8.4,-49.1,REGIONAL,5
-27.8,-49.1,REGIONAL,5
-23.3,-46.4,INTERNAL,5
-21.5,-57.2,REGIONAL,5
-8.2,-38.7,REGIONAL,5
-2.3,-61.1,REGIONAL,5
-21.5,-44.9,EXTERNAL,5
-9.2,-64.2,REGIONAL,5
-12.4,-55.6,REGIONAL,5
-26.8,-51.4,REGIONAL,5
-22.5,-43.2,INTERNAL,5
-10.3,-49.0,REGIONAL,5
-23.5,-41.2,INTERNAL,5
-20.8,-46.7,EXTERNAL,5
-12.1,-39.3,REGIONAL,5
-5.9,-37.2,REGIONAL,5
-4.2,-43.0,EXTERNAL,5
-10.4,-67.7,REGIONAL,5
-31.5,-49.5,REGIONAL,5
-23.1,-40.6,INTERNAL,5
-9.0,-69.7,REGIONAL,5
-11.9,-62.0,EXTERNAL,5
-6.0,-43.1,REGIONAL,5
-31.6,-50.5,INTERNAL,5
-14.2,-42.0,REGIONAL,5
-7.1,-37.2,REGIONAL,5
-6.0,-35.9,REGIONAL,5
-11.5,-46.0,REGIONAL,5
-21.1,-47.2,REGIONAL,5
-31.9,-52.8,REGIONAL,5
-9.4,-41.1,REGIONAL,5
-23.7,-45.2,REGIONAL,5
-16.2,-39.2,REGIONAL,5
-28.6,-54.1,REGIONAL,5
-16.4,-48.8,REGIONAL,5
-17.3,-56.8,EXTERNAL,5
-22.4,-44.4,EXTERNAL,5
-10.4,-56.4,REGIONAL,5
-29.8,-51.5,EXTERNAL,5
-22.8,-44.7,REGIONAL,5
-16.6,-54.3,REGIONAL,5
-19.8,-47.3,REGIONAL,5
-11.6,-46.8,EXTERNAL,5
-14.0,-46.4,REGIONAL,5
-27.0,-50.8,REGIONAL,5
-7.3,-35.3,REGIONAL,5
-21.7,-49.7,REGIONAL,5
-19.2,-40.3,REGIONAL,5
-5.5,-35.5,REGIONAL,5
-15.3,-60.1,REGIONAL,5
-15.6,-47.4,REGIONAL,5
-12.2,-43.5,EXTERNAL,5
-15.6,-39.0,EXTERNAL,5
-17.7,-48.2,EXTERNAL,5
-25.6,-53.9,REGIONAL,5
-28.5,-51.9,REGIONAL,5
-28.9,-54.0,REGIONAL,5
-15.9,-46.2,REGIONAL,5
-27.7,-54.5,EXTERNAL,5
-29.3,-54.8,REGIONAL,5
-7.9,-40.1,EXTERNAL,5
-20.9,-40.9,REGIONAL,5
-22.4,-47.8,EXTERNAL,5
-16.5,-56.4,EXTERNAL,5
-20.0,-43.2,EXTERNAL,5
-9.7,-40.8,REGIONAL,5
-21.0,-51.3,INTERNAL,5
-21.3,-43.9,REGIONAL,5
-6.2,-37.9,REGIONAL,5
-22.1,-56.6,REGIONAL,5
-21.1,-40.8,EXTERNAL,5
-16.0,-49.3,EXTERNAL,5
-30.3,-51.5,EXTERNAL,5
-10.5,-48.6,REGIONAL,5
-7.0,-58.0,EXTERNAL,5
-7.3,-35.6,REGIONAL,5
-20.0,-50.6,INTERNAL,5
-23.0,-53.2,EXTERNAL,5
-8.6,-36.8,REGIONAL,5
-19.0,-44.7,EXTERNAL,5
-20.8,-42.7,EXTERNAL,5
-33.5,-50.5,REGIONAL,5
-9.6,-35.6,EXTERNAL,5
-12.0,-55.5,EXTERNAL,5
-25.0,-48.5,REGIONAL,5
-3.1,-47.5,REGIONAL,5
-21.2,-50.3,EXTERNAL,5
-23.2,-52.2,EXTERNAL,5
-7.5,-63.2,EXTERNAL,5
-15.3,-48.2,REGIONAL,5
-22.5,-46.4,EXTERNAL,5
-3.8,-39.3,EXTERNAL,5
-9.1,-63.2,REGIONAL,5
-22.4,-46.4,REGIONAL,5
-22.9,-47.4,REGIONAL,5
-10.0,-37.4,REGIONAL,5
-19.8,-43.1,EXTERNAL,5
-7.0,-47.2,REGIONAL,5
-14.6,-41.1,EXTERNAL,5
-27.7,-50.2,REGIONAL,5
-27.5,-49.7,REGIONAL,5
-15.2,-56.5,REGIONAL,5
-33.6,-53.4,REGIONAL,5
-6.2,-42.1,EXTERNAL,5
2.5,-51.0,EXTERNAL,5
-10.1,-40.7,REGIONAL,5
-4.4,-40.4,REGIONAL,5
-9.0,-72.6,REGIONAL,5
-6.4,-36.5,REGIONAL,5
-15.1,-56.9,REGIONAL,5
-9.6,-48.4,EXTERNAL,5
-22.8,-38.4,INTERNAL,5
1.5,-51.0,REGIONAL,5
-26.8,-52.0,EXTERNAL,5
-30.6,-51.6,REGIONAL,5
-4.0,-42.0,EXTERNAL,5
-6.2,-43.8,REGIONAL,5
-23.4,-52.5,REGIONAL,5
-21.1,-55.0,REGIONAL,5
-8.0,-48.6,REGIONAL,5
-16.8,-56.8,EXTERNAL,5
-9.5,-64.8,REGIONAL,5
-15.1,-48.2,REGIONAL,5
-19.8,-42.2,EXTERNAL,5
-25.5,-49.7,EXTERNAL,5
-18.8,-42.8,REGIONAL,5
-14.1,-46.4,EXTERNAL,5
-17.0,-44.6,REGIONAL,5
-7.6,-37.5,EXTERNAL,5
-11.0,-45.2,REGIONAL,5
-28.1,-50.0,EXTERNAL,5
-1.3,-61.8,REGIONAL,5
-28.4,-53.6,REGIONAL,5
-19.5,-42.4,EXTERNAL,5
-7.1,-40.1,EXTERNAL,5
-6.9,-36.8,REGIONAL,5
-22.6,-42.2,EXTERNAL,5
-30.2,-51.4,REGIONAL,5
-2.9,-59.8,REGIONAL,5
-10.0,-52.0,EXTERNAL,5
-26.3,-53.3,REGIONAL,5
-13.4,-49.1,REGIONAL,5
-27.6,-54.7,REGIONAL,5
-7.5,-39.2,REGIONAL,5
-21.0,-42.7,REGIONAL,5
-23.4,-53.6,REGIONAL,5
-19.7,-42.0,REGIONAL,5
-10.0,-48.8,EXTERNAL,5
-20.1,-56.5,REGIONAL,5
-20.1,-51.0,REGIONAL,5
-7.6,-37.6,REGIONAL,5
-22.4,-43.8,REGIONAL,5
-1.7,-48.7,REGIONAL,5
-15.3,-52.1,REGIONAL,5
-20.8,-48.8,REGIONAL,5
-21.6,-47.8,REGIONAL,5
-10.1,-43.9,REGIONAL,5
-17.8,-43.8,REGIONAL,5
-13.8,-52.1,REGIONAL,5
-27.1,-52.9,REGIONAL,5
-2.0,-54.1,REGIONAL,5
-21.2,-44.4,REGIONAL,5
-22.0,-49.7,INTERNAL,5
-15.1,-39.2,REGIONAL,5
-7.4,-73.6,REGIONAL,5
-6.4,-38.5,REGIONAL,5
-27.0,-53.1,REGIONAL,5
-15.1,-40.1,EXTERNAL,5
-21.3,-42.9,REGIONAL,5
-24.7,-43.8,INTERNAL,5
-30.3,-54.8,REGIONAL,5
-28.1,-55.0,REGIONAL,5
-24.3,-47.7,EXTERNAL,5
-28.7,-50.4,EXTERNAL,5
-5.0,-38.0,EXTERNAL,5
-8.4,-37.1,EXTERNAL,5
-15.9,-47.7,EXTERNAL,5
-11.7,-41.8,REGIONAL,5
1.3,-28.6,REGIONAL,5
-21.9,-41.1,EXTERNAL,5
-17.2,-43.3,REGIONAL,5
-13.9,-39.3,REGIONAL,5
-9.4,-37.1,REGIONAL,5
-2.8,-44.4,REGIONAL,5
-9.6,-37.2,REGIONAL,5
-20.7,-42.3,EXTERNAL,5
-9.1,-37.7,REGIONAL,5
-22.4,-37.6,EXTERNAL,5
-21.8,-48.6,EXTERNAL,5
-20.4,-47.3,EXTERNAL,5
-23.0,-41.8,REGIONAL,5
-9.5,-40.8,REGIONAL,5
-27.7,-50.1,EXTERNAL,5
-9.4,-36.7,REGIONAL,5
-2.0,-61.3,REGIONAL,5
-21.5,-46.0,EXTERNAL,5
-26.6,-51.0,REGIONAL,5
-17.5,-56.6,REGIONAL,5
-22.0,-39.9,INTERNAL,5
-6.7,-52.0,REGIONAL,5
-17.0,-48.9,EXTERNAL,5
-26.8,-46.8,INTERNAL,5
-2.9,-64.9,REGIONAL,5
-29.6,-50.1,REGIONAL,5
-23.3,-48.7,INTERNAL,5
-21.2,-40.1,INTERNAL,5
-20.6,-43.6,REGIONAL,5
-28.0,-46.9,INTERNAL,5
-16.1,-46.5,REGIONAL,5
-16.1,-57.8,REGIONAL,5
-2.4,-44.0,EXTERNAL,5
-24.0,-55.0,EXTERNAL,5
-22.9,-41.2,INTERNAL,5
-24.5,-52.5,REGIONAL,5
-28.0,-49.7,REGIONAL,5
-14.5,-48.2,REGIONAL,5
-19.7,-39.4,REGIONAL,5
-2.8,-44.1,REGIONAL,5
-29.7,-50.1,REGIONAL,5
-29.0,-50.8,REGIONAL,5
-10.7,-39.7,REGIONAL,5
-23.3,-46.9,INTERNAL,5
-12.8,-41.6,REGIONAL,5
-9.4,-39.6,REGIONAL,5
-27.5,-51.1,REGIONAL,5
-17.3,-48.3,REGIONAL,5
-10.4,-48.2,REGIONAL,5
-23.3,-52.2,EXTERNAL,5
0.8,-61.6,REGIONAL,5
-3.8,-40.8,REGIONAL,5
-26.2,-50.4,REGIONAL,5
-18.5,-49.5,EXTERNAL,5
-20.3,-54.5,REGIONAL,5
-9.7,-36.1,REGIONAL,5
-12.9,-38.8,INTERNAL,5
-2.6,-61.0,EXTERNAL,5
-30.7,-55.8,REGIONAL,5
-27.8,-47.7,INTERNAL,5
-21.0,-57.0,EXTERNAL,5
-8.5,-35.7,EXTERNAL,5
-14.9,-42.0,REGIONAL,5
-20.6,-40.8,EXTERNAL,5
-9.0,-39.1,REGIONAL,5
-22.6,-40.2,INTERNAL,5
-16.2,-40.3,REGIONAL,5
-3.3,-55.0,REGIONAL,5
-3.0,-41.2,REGIONAL,5
-33.7,-51.0,REGIONAL,5
-9.1,-56.5,REGIONAL,5
-8.6,-35.9,EXTERNAL,5
-16.3,-57.6,REGIONAL,5
-19.1,-40.1,EXTERNAL,5
-20.6,-43.9,REGIONAL,5
-20.7,-42.6,REGIONAL,5
-30.9,-53.1,REGIONAL,5
-17.5,-39.0,REGIONAL,5
-7.4,-39.1,REGIONAL,5
-17.7,-57.0,REGIONAL,5
-25.7,-49.2,EXTERNAL,5
-17.2,-51.9,EXTERNAL,5
-11.0,-37.3,EXTERNAL,5
-20.1,-47.4,REGIONAL,5
-8.4,-34.8,EXTERNAL,5
-21.7,-44.1,REGIONAL,5
-6.3,-40.2,REGIONAL,5
-3.4,-32.1,EXTERNAL,5
-28.2,-52.5,REGIONAL,5
-29.6,-54.2,EXTERNAL,5
-10.6,-38.3,REGIONAL,5
-4.2,-39.1,REGIONAL,5
-22.6,-52.9,INTERNAL,5
-0.4,-29.9,EXTERNAL,5
-13.4,-41.8,EXTERNAL,5
-21.5,-42.7,EXTERNAL,5
-7.6,-45.3,REGIONAL,5
1.4,-51.0,REGIONAL,5
-15.5,-58.4,REGIONAL,5
-12.8,-38.8,EXTERNAL,5
-31.3,-52.0,EXTERNAL,5
-9.6,-37.4,REGIONAL,5
-17.0,-50.0,EXTERNAL,5
-20.9,-48.5,EXTERNAL,5
-22.6,-44.5,INTERNAL,5
-14.9,-39.1,EXTERNAL,5
-12.1,-40.5,REGIONAL,5
-14.0,-52.1,EXTERNAL,5
-10.6,-40.3,EXTERNAL,5
-27.9,-48.5,REGIONAL,5
-19.3,-43.7,REGIONAL,5
-28.9,-51.9,EXTERNAL,5
-7.2,-36.5,INTERNAL,5
-8.1,-48.5,EXTERNAL,5
-28.2,-53.5,REGIONAL,5
-17.8,-48.6,REGIONAL,5
-18.8,-42.2,REGIONAL,5
-16.1,-55.9,REGIONAL,5
-27.2,-50.0,REGIONAL,5
-21.6,-41.7,REGIONAL,5
-23.7,-47.9,REGIONAL,5
-6.4,-47.4,REGIONAL,5
-19.4,-52.6,REGIONAL,5
-23.7,-49.8,REGIONAL,5
-22.5,-52.4,REGIONAL,5
-17.2,-55.0,REGIONAL,5
-22.2,-48.7,REGIONAL,5
-18.2,-52.7,REGIONAL,5
-6.9,-35.2,REGIONAL,5
-13.6,-49.1,REGIONAL,5
-27.3,-49.9,EXTERNAL,5
-1.8,-65.6,REGIONAL,5
-7.7,-37.5,REGIONAL,5
-25.2,-54.0,REGIONAL,5
-16.8,-56.2,REGIONAL,5
-7.4,-55.3,REGIONAL,5
-7.0,-42.2,REGIONAL,5
-17.0,-42.5,EXTERNAL,5
-15.2,-58.7,REGIONAL,5
-2.9,-61.0,REGIONAL,5
-18.7,-48.1,REGIONAL,5
-8.2,-49.6,REGIONAL,5
-26.6,-50.0,REGIONAL,5
-12.1,-43.3,REGIONAL,5
-8.2,-35.9,REGIONAL,5
-27.4,-52.3,REGIONAL,5
-13.3,-61.2,REGIONAL,5
-13.5,-38.5,REGIONAL,5
-16.1,-56.7,REGIONAL,5
-31.7,-53.6,REGIONAL,5
-5.3,-61.9,EXTERNAL,5
-10.8,-68.2,REGIONAL,5
-32.2,-53.1,EXTERNAL,5
-28.6,-52.3,REGIONAL,5
-22.6,-45.4,REGIONAL,5
-20.7,-46.7,REGIONAL,5
-7.9,-37.7,REGIONAL,5
-9.8,-38.5,EXTERNAL,5
-21.3,-40.8,INTERNAL,5
-27.1,-47.7,INTERNAL,5
-6.0,-36.1,REGIONAL,5
-15.0,-45.9,REGIONAL,5
-20.5,-48.7,REGIONAL,5
-27.0,-51.1,REGIONAL,5
-7.1,-36.7,REGIONAL,5
-24.6,-51.3,EXTERNAL,5
-20.0,-46.6,REGIONAL,5
-13.7,-39.0,REGIONAL,5
-23.3,-45.3,EXTERNAL,5
-23.3,-48.1,REGIONAL,5
-11.6,-61.3,REGIONAL,5
-5.8,-37.1,REGIONAL,5
-19.6,-42.0,EXTERNAL,5
-29.5,-50.6,EXTERNAL,5
-28.9,-52.3,REGIONAL,5
-16.4,-47.9,EXTERNAL,5
-4.7,-44.3,REGIONAL,5
-5.2,-36.6,REGIONAL,5
-30.5,-51.4,REGIONAL,5
-8.7,-69.5,INTERNAL,5
-16.4,-49.1,EXTERNAL,5
-16.3,-43.7,EXTERNAL,5
-27.3,-51.6,EXTERNAL,5
-19.0,-46.3,EXTERNAL,5
-28.6,-49.1,EXTERNAL,5
-4.8,-57.9,REGIONAL,5
-25.5,-53.4,EXTERNAL,5
-20.7,-46.3,INTERNAL,5
-1.5,-61.6,REGIONAL,5
-8.2,-35.8,EXTERNAL,5
-30.5,-49.5,REGIONAL,5
-22.1,-43.0,EXTERNAL,5
-8.4,-72.6,REGIONAL,5
-3.7,-62.3,REGIONAL,5
-20.4,-43.8,EXTERNAL,5
-18.0,-56.7,EXTERNAL,5
-22.9,-48.3,INTERNAL,5
-18.9,-48.2,INTERNAL,5
-23.8,-47.2,EXTERNAL,5
-3.4,-45.7,EXTERNAL,5
-26.7,-52.9,REGIONAL,5
-28.2,-55.0,REGIONAL,5
-24.3,-50.8,REGIONAL,5
-20.8,-42.6,REGIONAL,5
-20.3,-41.8,REGIONAL,5
-22.2,-54.7,REGIONAL,5
-11.9,-49.2,REGIONAL,5
-23.3,-49.0,REGIONAL,5
-18.4,-53.0,REGIONAL,5
1.2,-61.0,REGIONAL,5
-1.6,-56.4,REGIONAL,5
-24.1,-49.8,REGIONAL,5
-7.2,-48.1,REGIONAL,5
-22.3,-47.0,REGIONAL,5
-23.9,-51.1,REGIONAL,5
-6.7,-45.0,REGIONAL,5
-23.2,-43.2,REGIONAL,5
-25.1,-52.9,REGIONAL,5
-6.9,-35.9,REGIONAL,5
-27.1,-53.6,EXTERNAL,5
-13.4,-43.1,EXTERNAL,5
-19.9,-41.5,REGIONAL,5
-14.0,-39.1,REGIONAL,5
-19.8,-56.4,REGIONAL,5
0.0,-51.0,EXTERNAL,5
-15.5,-55.5,REGIONAL,5
-21.5,-51.4,EXTERNAL,5
-6.1,-37.9,EXTERNAL,5
-17.6,-48.6,REGIONAL,5
-14.7,-48.5,REGIONAL,5
-27.7,-50.6,EXTERNAL,5
-20.7,-47.8,REGIONAL,5
-14.4,-49.7,REGIONAL,5
-10.3,-36.8,REGIONAL,5
-21.6,-47.9,REGIONAL,5
-16.2,-44.4,EXTERNAL,5
-21.1,-40.4,INTERNAL,5
-21.1,-49.2,EXTERNAL,5
-6.3,-36.2,REGIONAL,5
-20.3,-46.7,REGIONAL,5
-9.6,-67.3,REGIONAL,5
-24.3,-51.7,EXTERNAL,5
-17.3,-51.8,EXTERNAL,5
-21.9,-48.3,REGIONAL,5
-7.4,-36.0,REGIONAL,5
-27.7,-52.5,EXTERNAL,5
-23.7,-53.9,REGIONAL,5
-27.0,-50.9,EXTERNAL,5
-23.1,-40.7,INTERNAL,5
-2.9,-65.1,REGIONAL,5
-18.0,-44.3,REGIONAL,5
-21.7,-43.4,INTERNAL,5
-22.2,-39.9,INTERNAL,5
-29.6,-50.6,EXTERNAL,5
-21.4,-48.4,INTERNAL,5
-10.0,-36.0,INTERNAL,5
2.4,-60.2,REGIONAL,5
-6.7,-49.9,REGIONAL,5
-22.3,-46.2,EXTERNAL,5
-26.0,-49.2,REGIONAL,5
-20.5,-57.1,REGIONAL,5
-8.6,-69.7,REGIONAL,5
-21.2,-49.5,INTERNAL,5
-22.4,-37.7,REGIONAL,5
-17.0,-37.5,REGIONAL,5
-26.6,-49.1,REGIONAL,5
-25.4,-54.4,REGIONAL,5
-21.8,-41.4,EXTERNAL,5
-20.2,-47.7,REGIONAL,5
-9.8,-45.3,REGIONAL,5
-10.0,-54.0,EXTERNAL,5
-10.0,-50.1,REGIONAL,5
-4.9,-40.8,REGIONAL,5
-15.7,-39.0,EXTERNAL,5
-21.4,-45.8,EXTERNAL,5
-4.0,-38.5,REGIONAL,5
-8.1,-72.8,REGIONAL,5
-1.2,-55.7,REGIONAL,5
-4.0,-46.1,REGIONAL,5
-27.3,-50.4,REGIONAL,5
-20.5,-50.1,REGIONAL,5
-16.5,-49.5,REGIONAL,5
-5.1,-36.2,EXTERNAL,5
-9.3,-35.6,REGIONAL,5
-22.3,-46.0,EXTERNAL,5
-29.8,-51.9,EXTERNAL,5
-12.1,-46.5,REGIONAL,5
-12.0,-55.6,REGIONAL,5
-11.2,-43.2,REGIONAL,5
-7.4,-39.8,REGIONAL,5
-18.4,-54.7,REGIONAL,5
-8.6,-63.5,REGIONAL,5
-23.2,-51.2,EXTERNAL,5
-12.9,-38.6,EXTERNAL,5
-2.4,-48.2,REGIONAL,5
-5.8,-36.3,REGIONAL,5
-8.0,-35.2,EXTERNAL,5
-7.9,-36.2,REGIONAL,5
-20.5,-53.7,REGIONAL,5
-19.4,-43.8,REGIONAL,5
-27.8,-52.8,REGIONAL,5
-26.2,-50.3,REGIONAL,5
-19.9,-57.4,REGIONAL,5
-13.9,-48.1,REGIONAL,5
-25.8,-52.7,EXTERNAL,5
-15.8,-58.3,EXTERNAL,5
-10.8,-39.6,REGIONAL,5
-3.5,-51.7,REGIONAL,5
-18.6,-51.2,EXTERNAL,5
-21.8,-42.0,EXTERNAL,5
-17.3,-49.2,REGIONAL,5
-16.4,-42.1,EXTERNAL,5
-21.9,-47.3,REGIONAL,5
-23.6,-47.5,INTERNAL,5
-21.4,-56.4,EXTERNAL,5
-31.1,-50.6,EXTERNAL,5
-2.9,-55.1,REGIONAL,5
-4.2,-63.7,REGIONAL,5
-18.8,-41.0,EXTERNAL,5
-5.0,-44.0,EXTERNAL,5
-21.2,-47.0,EXTERNAL,5
-31.0,-50.7,REGIONAL,5
-13.0,-38.7,REGIONAL,5
-24.9,-44.4,REGIONAL,5
-3.4,-39.8,EXTERNAL,5
-28.7,-52.9,EXTERNAL,5
-19.1,-51.5,REGIONAL,5
-1.3,-48.2,EXTERNAL,5
-12.9,-48.3,REGIONAL,5
-23.4,-50.4,EXTERNAL,5
-11.0,-70.2,REGIONAL,5
-13.1,-39.0,INTERNAL,5
-11.9,-64.0,REGIONAL,5
-20.2,-41.5,REGIONAL,5
1.8,-61.2,REGIONAL,5
-5.0,-49.3,REGIONAL,5
-20.6,-42.5,REGIONAL,5
-24.3,-53.3,EXTERNAL,5
-26.3,-48.5,EXTERNAL,5
-12.7,-41.6,REGIONAL,5
-1.5,-48.3,EXTERNAL,5
-13.3,-40.4,REGIONAL,5
-1.8,-50.7,REGIONAL,5
-11.0,-46.0,EXTERNAL,5
-15.0,-40.5,REGIONAL,5
-29.1,-50.1,INTERNAL,5
-23.0,-45.4,EXTERNAL,5
-5.1,-39.7,REGIONAL,5
-17.3,-54.6,REGIONAL,5
-19.6,-44.2,EXTERNAL,5
-22.6,-42.6,REGIONAL,5
-5.9,-67.8,REGIONAL,5
-3.3,-44.6,EXTERNAL,5
-20.5,-55.9,REGIONAL,5
-3.6,-40.5,EXTERNAL,5
-1.7,-49.5,REGIONAL,5
-5.1,-35.6,INTERNAL,5
-20.9,-43.0,REGIONAL,5
-15.7,-47.5,EXTERNAL,5
-27.5,-49.2,REGIONAL,5
-3.4,-39.2,REGIONAL,5
-15.3,-46.3,REGIONAL,5
-10.4,-36.6,EXTERNAL,5
-6.6,-37.2,REGIONAL,5
-11.1,-38.3,REGIONAL,5
-14.6,-45.9,REGIONAL,5
-15.0,-46.2,REGIONAL,5
-4.4,-70.3,REGIONAL,5
0.6,-52.3,REGIONAL,5
-14.2,-39.7,REGIONAL,5
-29.1,-50.2,REGIONAL,5
-26.5,-52.6,EXTERNAL,5
-16.3,-51.6,EXTERNAL,5
-30.6,-54.7,EXTERNAL,5
-21.2,-42.7,INTERNAL,5
-5.7,-37.8,EXTERNAL,5
-20.2,-44.4,REGIONAL,5
-29.4,-49.9,EXTERNAL,5
-15.2,-51.1,REGIONAL,5
-5.7,-35.8,EXTERNAL,5
-21.9,-50.4,INTERNAL,5
-14.4,-56.1,REGIONAL,5
-20.6,-42.8,REGIONAL,5
-4.8,-42.2,EXTERNAL,5
-21.2,-48.7,INTERNAL,5
-16.1,-47.7,REGIONAL,5
-21.7,-44.0,REGIONAL,5
-5.8,-46.1,REGIONAL,5
-25.3,-50.3,REGIONAL,5
-11.2,-37.4,EXTERNAL,5
-3.5,-60.3,REGIONAL,5
-24.6,-47.4,INTERNAL,5
-2.2,-60.0,REGIONAL,5
-18.8,-52.6,REGIONAL,5
-7.6,-34.6,INTERNAL,5
-19.3,-46.1,EXTERNAL,5
-26.9,-50.1,REGIONAL,5
-20.2,-46.8,REGIONAL,5
-21.8,-52.2,REGIONAL,5
-4.0,-41.4,REGIONAL,5
-9.1,-36.3,REGIONAL,5
-24.4,-46.6,INTERNAL,5
-20.9,-38.9,INTERNAL,5
-29.2,-56.5,EXTERNAL,5
-16.3,-44.8,REGIONAL,5
-30.1,-51.7,EXTERNAL,5
-23.3,-46.2,INTERNAL,5
-16.7,-50.3,REGIONAL,5
-20.3,-38.5,INTERNAL,5
-21.5,-49.9,EXTERNAL,5
-21.5,-47.1,INTERNAL,5
-23.4,-47.0,INTERNAL,5
-23.0,-42.5,REGIONAL,5
-18.1,-43.0,REGIONAL,4
-31.2,-51.1,REGIONAL,4
-6.4,-36.2,EXTERNAL,4
-15.7,-56.0,EXTERNAL,4
-13.4,-44.6,REGIONAL,4
-18.3,-42.7,REGIONAL,4
-4.8,-40.3,REGIONAL,4
-22.1,-50.1,EXTERNAL,4
-21.3,-50.7,EXTERNAL,4
-31.5,-52.6,EXTERNAL,4
-11.3,-37.4,EXTERNAL,4
1.3,-29.2,REGIONAL,4
-15.7,-45.9,REGIONAL,4
-5.0,-42.5,EXTERNAL,4
-20.1,-41.6,REGIONAL,4
-3.1,-39.6,REGIONAL,4
-3.6,-62.5,REGIONAL,4
-26.9,-52.1,REGIONAL,4
-21.7,-43.2,EXTERNAL,4
-12.2,-64.6,REGIONAL,4
-29.7,-52.7,REGIONAL,4
-18.9,-56.2,REGIONAL,4
-10.7,-65.1,REGIONAL,4
-13.6,-39.1,REGIONAL,4
-7.5,-34.8,EXTERNAL,4
-19.8,-43.3,REGIONAL,4
-11.9,-38.1,EXTERNAL,4
-11.9,-38.8,REGIONAL,4
-18.0,-51.2,REGIONAL,4
-29.8,-55.7,EXTERNAL,4
-9.5,-36.6,EXTERNAL,4
-13.8,-59.5,INTERNAL,4
-7.2,-36.3,REGIONAL,4
-29.6,-54.1,EXTERNAL,4
-28.1,-54.7,REGIONAL,4
-1.6,-59.9,REGIONAL,4
-23.1,-44.4,EXTERNAL,4
-7.7,-47.7,REGIONAL,4
-21.6,-53.8,REGIONAL,4
-19.3,-46.5,REGIONAL,4
-21.7,-46.6,INTERNAL,4
-14.8,-46.3,REGIONAL,4
-21.1,-47.4,INTERNAL,4
-24.5,-50.3,REGIONAL,4
-9.7,-67.6,REGIONAL,4
-28.6,-49.9,REGIONAL,4
-21.1,-40.9,EXTERNAL,4
-0.8,-63.1,REGIONAL,4
-21.7,-42.1,EXTERNAL,4
-19.3,-45.3,REGIONAL,4
-9.9,-63.2,REGIONAL,4
-0.8,-62.9,REGIONAL,4
-30.4,-56.5,REGIONAL,4
-16.0,-50.0,REGIONAL,4
-25.2,-53.2,REGIONAL,4
-22.3,-47.4,INTERNAL,4
-10.0,-62.8,REGIONAL,4
-6.1,-38.5,REGIONAL,4
-21.7,-57.5,REGIONAL,4
-11.4,-40.0,EXTERNAL,4
-20.4,-54.3,REGIONAL,4
-17.6,-57.0,REGIONAL,4
-3.7,-39.2,REGIONAL,4
-21.2,-47.5,REGIONAL,4
-15.3,-39.1,EXTERNAL,4
-9.5,-36.7,REGIONAL,4
-17.4,-54.8,REGIONAL,4
-16.3,-43.0,REGIONAL,4
-22.8,-51.2,REGIONAL,4
-7.4,-41.9,REGIONAL,4
-21.6,-55.2,EXTERNAL,4
-21.5,-50.9,INTERNAL,4
-24.6,-52.3,EXTERNAL,4
-9.4,-35.3,REGIONAL,4
-4.0,-32.6,REGIONAL,4
-24.0,-49.0,EXTERNAL,4
-6.8,-52.2,REGIONAL,4
-9.6,-57.0,INTERNAL,4
-7.7,-36.4,REGIONAL,4
-28.4,-54.4,EXTERNAL,4
-30.2,-50.5,REGIONAL,4
-3.7,-39.8,EXTERNAL,4
-20.6,-46.0,REGIONAL,4
-8.2,-34.8,REGIONAL,4
-9.1,-72.8,REGIONAL,4
-23.8,-51.9,REGIONAL,4
-11.9,-39.3,REGIONAL,4
-4.3,-39.0,EXTERNAL,4
-13.0,-60.6,REGIONAL,4
-2.9,-40.4,EXTERNAL,4
-7.1,-35.6,REGIONAL,4
-20.7,-43.7,EXTERNAL,4
-21.1,-43.0,EXTERNAL,4
-9.4,-36.1,REGIONAL,4
-21.1,-49.7,EXTERNAL,4
-22.4,-44.1,REGIONAL,4
-17.1,-48.9,EXTERNAL,4
-13.8,-56.1,EXTERNAL,4
-20.2,-58.2,REGIONAL,4
-28.9,-49.3,EXTERNAL,4
-22.6,-52.4,REGIONAL,4
-1.3,-51.4,REGIONAL,4
-19.6,-39.0,INTERNAL,4
-20.9,-41.0,EXTERNAL,4
1.4,-51.7,REGIONAL,4
-16.9,-57.0,REGIONAL,4
-21.1,-54.5,REGIONAL,4
-16.8,-56.3,REGIONAL,4
-21.9,-48.0,REGIONAL,4
-9.0,-63.9,REGIONAL,4
-29.6,-52.0,EXTERNAL,4
-23.7,-51.3,EXTERNAL,4
-13.5,-38.8,EXTERNAL,4
-4.8,-43.3,EXTERNAL,4
-10.3,-59.6,REGIONAL,4
-8.9,-35.0,INTERNAL,4
0.7,-50.3,REGIONAL,4
-13.1,-46.4,REGIONAL,4
-21.4,-51.1,INTERNAL,4
-4.2,-46.5,REGIONAL,4
-20.6,-47.1,EXTERNAL,4
-30.4,-53.7,REGIONAL,4
-18.9,-50.7,INTERNAL,4
-2.8,-54.3,REGIONAL,4
-25.3,-52.0,EXTERNAL,4
-26.5,-51.0,REGIONAL,4
-13.4,-44.7,EXTERNAL,4
-1.9,-65.6,REGIONAL,4
-4.5,-64.4,REGIONAL,4
-26.0,-48.5,REGIONAL,4
-19.2,-45.0,EXTERNAL,4
1.2,-29.0,REGIONAL,4
-25.9,-48.9,REGIONAL,4
-8.1,-39.5,REGIONAL,4
-22.2,-45.5,REGIONAL,4
1.1,-42.4,REGIONAL,4
-21.5,-52.6,REGIONAL,4
-17.9,-47.8,REGIONAL,4
-10.9,-49.9,REGIONAL,4
-5.8,-67.8,REGIONAL,4
-17.6,-54.8,REGIONAL,4
-12.4,-64.3,REGIONAL,4
-5.0,-37.4,EXTERNAL,4
-17.1,-39.3,INTERNAL,4
2.8,-51.1,REGIONAL,4
-3.7,-40.5,REGIONAL,4
-28.2,-55.6,EXTERNAL,4
-10.7,-38.3,REGIONAL,4
-33.7,-53.5,REGIONAL,4
-10.0,-68.0,INTERNAL,4
-20.7,-50.5,INTERNAL,4
-12.4,-38.7,EXTERNAL,4
-24.8,-45.4,EXTERNAL,4
-14.0,-50.0,EXTERNAL,4
-1.8,-53.5,INTERNAL,4
-10.6,-37.1,EXTERNAL,4
-5.0,-61.6,REGIONAL,4
-5.3,-62.0,EXTERNAL,4
-1.9,-60.1,REGIONAL,4
-28.3,-48.9,EXTERNAL,4
-20.0,-44.5,REGIONAL,4
-9.2,-49.9,REGIONAL,4
-22.4,-44.8,EXTERNAL,4
-18.8,-40.3,EXTERNAL,4
-22.2,-45.8,EXTERNAL,4
-11.2,-42.8,REGIONAL,4
-22.3,-42.6,INTERNAL,4
-7.9,-39.0,REGIONAL,4
-20.7,-54.3,REGIONAL,4
-14.5,-56.3,REGIONAL,4
-7.3,-38.9,REGIONAL,4
-6.8,-39.3,EXTERNAL,4
-17.4,-48.2,EXTERNAL,4
-6.5,-64.4,REGIONAL,4
-9.5,-43.0,REGIONAL,4
-13.1,-42.8,INTERNAL,4
-13.9,-47.7,REGIONAL,4
-22.7,-53.2,REGIONAL,4
-16.7,-44.4,EXTERNAL,4
-14.1,-46.8,REGIONAL,4
-19.1,-42.0,REGIONAL,4
-6.4,-41.7,EXTERNAL,4
-18.8,-51.3,REGIONAL,4
-1.1,-46.9,REGIONAL,4
-4.1,-40.6,REGIONAL,4
-20.1,-42.5,EXTERNAL,4
-27.6,-54.3,REGIONAL,4
-23.1,-45.3,REGIONAL,4
-14.9,-39.6,REGIONAL,4
-6.6,-37.4,REGIONAL,4
-19.6,-54.1,REGIONAL,4
-4.3,-70.2,REGIONAL,4
-29.2,-53.7,EXTERNAL,4
-24.3,-49.3,REGIONAL,4
-18.6,-48.7,REGIONAL,4
-20.9,-48.3,EXTERNAL,4
-30.8,-52.4,EXTERNAL,4
-24.3,-49.7,EXTERNAL,4
-21.7,-46.9,EXTERNAL,4
-21.8,-45.3,EXTERNAL,4
-24.2,-50.8,REGIONAL,4
-3.4,-40.8,REGIONAL,4
-22.7,-49.3,EXTERNAL,4
-6.8,-4.5,REGIONAL,4
-10.7,-49.0,REGIONAL,4
-27.1,-49.6,EXTERNAL,4
-1.8,-60.0,REGIONAL,4
-0.9,-48.5,REGIONAL,4
-7.5,-37.3,EXTERNAL,4
-30.3,-51.7,REGIONAL,4
-23.5,-41.1,INTERNAL,4
-20.2,-50.7,INTERNAL,4
-16.9,-49.0,EXTERNAL,4
-22.5,-44.8,EXTERNAL,4
-22.7,-49.4,REGIONAL,4
-20.6,-42.9,EXTERNAL,4
-17.9,-35.8,REGIONAL,4
-15.2,-49.7,REGIONAL,4
-23.7,-52.9,EXTERNAL,4
-10.6,-68.4,REGIONAL,4
-11.8,-44.9,REGIONAL,4
-17.0,-39.1,INTERNAL,4
-9.5,-40.7,REGIONAL,4
-21.1,-45.1,EXTERNAL,4
-10.6,-37.4,REGIONAL,4
-31.7,-53.0,REGIONAL,4
-6.0,-38.0,EXTERNAL,4
-3.7,-39.3,REGIONAL,4
-23.8,-42.8,INTERNAL,4
-8.0,-35.7,REGIONAL,4
-5.9,-35.2,INTERNAL,4
-22.0,-46.4,REGIONAL,4
-7.9,-39.3,REGIONAL,4
-23.5,-50.0,REGIONAL,4
-24.9,-54.3,EXTERNAL,4
-20.5,-41.6,REGIONAL,4
-23.2,-50.6,EXTERNAL,4
-25.9,-48.2,INTERNAL,4
-11.7,-41.0,REGIONAL,4
-19.2,-55.2,REGIONAL,4
-7.8,-71.9,REGIONAL,4
-15.5,-49.0,REGIONAL,4
-17.4,-53.2,REGIONAL,4
-3.0,-65.2,REGIONAL,4
-12.4,-39.5,REGIONAL,4
-13.5,-42.5,REGIONAL,4
-23.8,-52.3,EXTERNAL,4
-9.3,-37.9,REGIONAL,4
-14.0,-49.2,REGIONAL,4
-5.1,-37.7,EXTERNAL,4
-10.0,-40.5,REGIONAL,4
-18.6,-56.2,REGIONAL,4
-18.7,-51.2,EXTERNAL,4
-20.8,-54.5,EXTERNAL,4
-23.4,-49.1,REGIONAL,4
-11.1,-40.5,REGIONAL,4
-9.1,-73.7,REGIONAL,4
-27.9,-49.9,EXTERNAL,4
-20.4,-43.1,REGIONAL,4
-1.8,-53.1,REGIONAL,4
-5.5,-35.1,REGIONAL,4
-19.6,-42.3,EXTERNAL,4
-22.1,-57.9,REGIONAL,4
-16.3,-58.5,REGIONAL,4
-15.3,-57.4,REGIONAL,4
-6.0,-37.8,REGIONAL,4
-14.8,-39.7,REGIONAL,4
-2.9,-59.0,REGIONAL,4
-13.4,-61.0,EXTERNAL,4
-10.0,-66.8,REGIONAL,4
-26.4,-50.6,REGIONAL,4
-14.2,-44.3,REGIONAL,4
-5.8,-38.3,REGIONAL,4
-25.7,-48.9,REGIONAL,4
-6.8,-37.8,REGIONAL,4
-22.9,-49.3,REGIONAL,4
-28.9,-51.2,REGIONAL,4
-21.4,-50.2,REGIONAL,4
-20.7,-55.3,REGIONAL,4
-3.8,-58.3,REGIONAL,4
-13.3,-47.1,EXTERNAL,4
-1.0,-53.0,EXTERNAL,4
-5.8,-44.1,REGIONAL,4
-9.0,-70.0,INTERNAL,4
-6.8,-37.0,REGIONAL,4
-4.4,-40.9,REGIONAL,4
-16.9,-49.2,EXTERNAL,4
-11.1,-48.9,REGIONAL,4
-29.9,-54.1,REGIONAL,4
-21.0,-47.3,INTERNAL,4
-27.1,-51.1,REGIONAL,4
-28.9,-52.4,REGIONAL,4
-21.7,-43.1,REGIONAL,4
-29.8,-50.3,EXTERNAL,4
-11.2,-37.2,EXTERNAL,4
-7.2,-39.5,EXTERNAL,4
-20.6,-41.6,REGIONAL,4
-7.2,-36.7,REGIONAL,4
-15.0,-41.1,REGIONAL,4
-17.3,-39.2,EXTERNAL,4
-17.8,-51.1,REGIONAL,4
-22.4,-52.3,REGIONAL,4
-11.4,-40.3,REGIONAL,4
-6.7,-40.4,REGIONAL,4
-6.0,-49.9,EXTERNAL,4
-10.8,-42.8,REGIONAL,4
-29.1,-52.3,REGIONAL,4
-20.6,-40.6,INTERNAL,4
-4.6,-56.3,REGIONAL,4
-16.3,-39.5,REGIONAL,4
-20.5,-51.1,REGIONAL,4
-11.7,-40.2,EXTERNAL,4
-20.1,-48.9,REGIONAL,4
-27.7,-51.2,REGIONAL,4
-17.3,-42.6,REGIONAL,4
-22.5,-45.8,EXTERNAL,4
-9.2,-37.7,REGIONAL,4
-22.8,-53.0,EXTERNAL,4
-18.4,-52.6,REGIONAL,4
-23.1,-47.5,EXTERNAL,4
-16.1,-44.6,REGIONAL,4
-4.6,-39.8,REGIONAL,4
-7.3,-35.4,EXTERNAL,4
-9.0,-36.8,EXTERNAL,4
-24.8,-47.8,REGIONAL,4
-1.0,-49.0,EXTERNAL,4
-4.3,-69.9,EXTERNAL,4
-14.1,-49.3,REGIONAL,4
-8.3,-49.2,REGIONAL,4
-7.1,-39.8,EXTERNAL,4
-7.9,-36.0,EXTERNAL,4
-27.8,-50.5,REGIONAL,4
-23.9,-53.8,REGIONAL,4
-18.6,-45.4,EXTERNAL,4
-33.5,-51.5,REGIONAL,4
-21.8,-45.9,REGIONAL,4
-22.2,-41.4,REGIONAL,4
-23.5,-47.7,REGIONAL,4
-11.1,-37.4,EXTERNAL,4
-9.9,-36.6,EXTERNAL,4
-4.6,-36.6,EXTERNAL,4
-16.5,-50.9,REGIONAL,4
-20.1,-39.1,INTERNAL,4
-19.2,-42.1,EXTERNAL,4
-18.0,-49.4,REGIONAL,4
-2.9,-45.4,REGIONAL,4
-29.3,-53.5,EXTERNAL,4
-16.5,-39.5,REGIONAL,4
0.8,-29.4,EXTERNAL,4
-11.8,-42.6,REGIONAL,4
-16.8,-51.8,REGIONAL,4
-4.9,-47.4,REGIONAL,4
-20.8,-41.0,REGIONAL,4
-14.9,-40.6,REGIONAL,4
-14.3,-44.2,REGIONAL,4
-22.3,-48.0,REGIONAL,4
-5.6,-67.6,REGIONAL,4
-7.0,-36.3,REGIONAL,4
-25.2,-48.2,REGIONAL,4
-18.9,-48.0,REGIONAL,4
-15.2,-49.5,REGIONAL,4
-13.2,-52.0,REGIONAL,4
-10.3,-58.4,REGIONAL,4
-11.2,-42.7,REGIONAL,4
-6.8,-38.4,REGIONAL,4
-30.0,-50.8,REGIONAL,4
-15.6,-42.6,REGIONAL,4
-29.6,-53.6,EXTERNAL,4
-29.9,-57.2,REGIONAL,4
-12.7,-38.4,REGIONAL,4
-8.0,-41.9,REGIONAL,4
-25.6,-53.3,EXTERNAL,4
-26.5,-48.8,REGIONAL,4
-3.2,-51.9,REGIONAL,4
-7.3,-47.6,REGIONAL,4
-18.3,-53.7,REGIONAL,4
-28.9,-51.4,REGIONAL,4
-8.6,-44.0,REGIONAL,4
-5.8,-35.4,EXTERNAL,4
-23.7,-49.5,EXTERNAL,4
-19.1,-51.7,EXTERNAL,4
-27.2,-47.5,INTERNAL,4
-13.8,-48.8,REGIONAL,4
-22.2,-46.6,EXTERNAL,4
-25.5,-45.7,INTERNAL,4
-25.7,-52.6,REGIONAL,4
-20.7,-31.8,INTERNAL,4
-26.6,-49.0,EXTERNAL,4
-20.6,-56.9,REGIONAL,4
-16.5,-54.5,REGIONAL,4
-7.1,-34.6,INTERNAL,4
-6.6,-37.6,REGIONAL,4
3.2,-60.6,REGIONAL,4
-11.6,-37.6,REGIONAL,4
-22.5,-45.3,EXTERNAL,4
-23.7,-47.8,REGIONAL,4
-0.8,-52.5,EXTERNAL,4
-20.6,-49.6,INTERNAL,4
-9.8,-36.2,EXTERNAL,4
-21.1,-41.0,EXTERNAL,4
-10.1,-37.1,EXTERNAL,4
-19.9,-48.4,EXTERNAL,4
-9.0,-42.7,EXTERNAL,4
-20.5,-55.3,REGIONAL,4
-30.1,-51.8,EXTERNAL,4
-26.6,-52.6,REGIONAL,4
-10.7,-38.2,REGIONAL,4
-18.1,-38.7,REGIONAL,4
-14.1,-39.4,REGIONAL,4
-7.1,-36.6,EXTERNAL,4
-2.4,-44.0,REGIONAL,4
-28.4,-54.7,REGIONAL,4
2.1,-50.6,EXTERNAL,4
-21.6,-48.6,REGIONAL,4
-30.1,-50.3,REGIONAL,4
-17.3,-51.9,REGIONAL,4
-14.8,-56.3,REGIONAL,4
-11.8,-41.3,REGIONAL,4
-2.0,-60.0,EXTERNAL,4
-11.8,-39.1,REGIONAL,4
-7.7,-43.7,REGIONAL,4
-3.0,-57.4,REGIONAL,4
-0.3,-51.4,REGIONAL,4
-15.6,-55.8,REGIONAL,4
-18.2,-39.8,REGIONAL,4
-5.3,-67.0,REGIONAL,4
-26.6,-53.7,REGIONAL,4
-16.2,-57.7,REGIONAL,4
-22.8,-48.7,EXTERNAL,4
-23.5,-45.4,REGIONAL,4
-6.3,-36.5,EXTERNAL,4
-1.6,-61.5,REGIONAL,4
-16.5,-41.2,REGIONAL,4
-7.9,-72.0,REGIONAL,4
-15.6,-47.4,EXTERNAL,4
-19.6,-40.0,REGIONAL,4
-3.7,-59.1,EXTERNAL,4
-22.0,-50.3,REGIONAL,4
-4.8,-47.2,REGIONAL,4
-20.4,-41.2,EXTERNAL,4
-19.7,-50.2,EXTERNAL,4
-19.0,-41.9,REGIONAL,4
-12.2,-43.5,REGIONAL,4
-12.2,-42.4,REGIONAL,4
-12.1,-39.1,REGIONAL,4
-29.7,-54.2,EXTERNAL,4
-6.8,-40.6,REGIONAL,4
-24.5,-50.4,EXTERNAL,4
-25.7,-48.8,REGIONAL,4
-15.1,-60.0,REGIONAL,4
-24.8,-51.5,REGIONAL,4
-12.2,-39.8,REGIONAL,4
-5.1,-61.7,EXTERNAL,4
-15.9,-44.0,REGIONAL,4
-22.1,-45.6,REGIONAL,4
-7.6,-35.0,REGIONAL,4
-6.9,-35.8,EXTERNAL,4
-9.7,-36.8,REGIONAL,4
-23.6,-45.1,EXTERNAL,4
-18.3,-45.8,REGIONAL,4
-2.0,-55.4,REGIONAL,4
-2.1,-60.4,REGIONAL,4
-16.1,-41.3,REGIONAL,4
-1.2,-60.0,REGIONAL,4
-20.4,-50.8,REGIONAL,4
-23.1,-42.0,REGIONAL,4
-23.2,-50.6,INTERNAL,4
5.6,-48.2,REGIONAL,4
2.1,-50.5,EXTERNAL,4
-24.3,-47.9,REGIONAL,4
-29.0,-51.2,EXTERNAL,4
-8.6,-36.5,EXTERNAL,4
-6.4,-38.9,EXTERNAL,4
-17.5,-43.8,REGIONAL,4
-6.8,-35.0,INTERNAL,4
-21.5,-57.9,EXTERNAL,4
-22.3,-49.4,REGIONAL,4
-19.3,-47.7,REGIONAL,4
-12.0,-48.5,REGIONAL,4
-19.9,-39.8,INTERNAL,4
-16.0,-48.8,EXTERNAL,4
1.4,-29.9,REGIONAL,4
-27.9,-50.4,EXTERNAL,4
-22.4,-48.6,EXTERNAL,4
-19.4,-42.2,REGIONAL,4
-9.4,-35.7,REGIONAL,4
-2.6,-44.1,INTERNAL,4
-21.6,-48.4,INTERNAL,4
-19.1,-47.9,EXTERNAL,4
-19.6,-57.3,INTERNAL,4
-2.6,-54.8,REGIONAL,4
-15.2,-39.1,EXTERNAL,4
-20.7,-44.3,EXTERNAL,4
-14.1,-46.6,REGIONAL,4
-8.0,-63.0,REGIONAL,4
-29.5,-48.5,REGIONAL,4
-19.8,-47.8,REGIONAL,4
-20.6,-46.5,EXTERNAL,4
-23.3,-47.9,EXTERNAL,4
-4.3,-43.0,EXTERNAL,4
-21.2,-45.8,REGIONAL,4
-8.2,-49.2,REGIONAL,4
-10.0,-37.6,REGIONAL,4
-14.9,-41.0,REGIONAL,4
-30.3,-51.4,EXTERNAL,4
-12.6,-40.1,EXTERNAL,4
-5.4,-50.5,REGIONAL,4
-20.6,-42.7,REGIONAL,4
-17.1,-53.4,REGIONAL,4
-11.7,-40.9,REGIONAL,4
-15.6,-39.0,REGIONAL,4
-15.4,-48.0,REGIONAL,4
-12.1,-63.8,REGIONAL,4
-13.7,-59.7,REGIONAL,4
-14.3,-49.4,REGIONAL,4
-26.5,-51.8,REGIONAL,4
-15.1,-47.1,REGIONAL,4
-5.9,-45.4,REGIONAL,4
-22.0,-46.6,EXTERNAL,4
-0.7,-52.4,REGIONAL,4
-13.7,-40.7,REGIONAL,4
0.3,-50.6,REGIONAL,4
-20.6,-47.2,REGIONAL,4
-12.4,-39.2,REGIONAL,4
-29.4,-50.1,REGIONAL,4
-10.3,-37.0,EXTERNAL,4
-5.3,-38.9,REGIONAL,4
-22.5,-48.0,INTERNAL,4
-16.6,-48.9,EXTERNAL,4
-23.2,-45.2,EXTERNAL,4
-31.4,-51.1,REGIONAL,4
-15.7,-55.7,EXTERNAL,4
-1.6,-47.0,REGIONAL,4
-20.8,-44.1,EXTERNAL,4
-22.8,-47.6,INTERNAL,4
-21.5,-56.1,EXTERNAL,4
-5.1,-48.4,REGIONAL,4
-22.7,-52.6,EXTERNAL,4
-29.7,-54.1,REGIONAL,4
-7.1,-39.3,REGIONAL,4
-15.2,-48.3,EXTERNAL,4
-19.4,-41.2,REGIONAL,4
-12.8,-41.3,EXTERNAL,4
2.6,-51.3,REGIONAL,4
-27.4,-51.6,EXTERNAL,4
-19.2,-40.7,REGIONAL,4
-20.0,-43.2,REGIONAL,4
-29.4,-52.3,REGIONAL,4
-4.5,-53.7,REGIONAL,4
-3.4,-40.5,REGIONAL,4
-7.2,-40.3,REGIONAL,4
-15.8,-41.5,REGIONAL,4
-20.4,-53.8,REGIONAL,4
-83.2,-60.6,INTERNAL,4
-31.5,-50.5,REGIONAL,4
-33.5,-53.5,REGIONAL,4
-20.3,-42.9,EXTERNAL,4
-1.4,-61.1,REGIONAL,4
-14.3,-56.5,REGIONAL,4
-10.0,-67.4,REGIONAL,4
-28.4,-52.2,EXTERNAL,4
-25.4,-54.2,EXTERNAL,4
-25.3,-48.4,EXTERNAL,4
-3.0,-47.6,REGIONAL,4
-13.8,-48.2,REGIONAL,4
-15.3,-60.0,REGIONAL,4
-24.6,-43.8,EXTERNAL,4
-13.1,-60.5,EXTERNAL,4
-21.7,-46.2,REGIONAL,4
-12.5,-44.0,REGIONAL,4
-21.7,-49.0,EXTERNAL,4
-13.9,-40.7,REGIONAL,4
-14.9,-49.3,REGIONAL,4
-7.3,-42.5,REGIONAL,4
-18.4,-44.0,REGIONAL,4
-21.4,-50.5,REGIONAL,4
-19.7,-43.8,EXTERNAL,4
-14.9,-47.6,EXTERNAL,4
-21.1,-48.8,EXTERNAL,4
-27.3,-52.4,EXTERNAL,4
-21.1,-57.7,EXTERNAL,4
-17.8,-53.3,EXTERNAL,4
-23.1,-48.5,EXTERNAL,4
-9.8,-54.7,REGIONAL,4
-12.0,-47.0,EXTERNAL,4
-23.4,-47.8,REGIONAL,4
-15.9,-50.9,EXTERNAL,4
-23.1,-55.3,REGIONAL,4
-16.3,-57.5,REGIONAL,4
-17.0,-56.7,REGIONAL,4
-3.6,-59.6,REGIONAL,4
-21.0,-49.2,EXTERNAL,4
-26.4,-50.0,REGIONAL,4
-26.8,-53.5,EXTERNAL,4
-26.3,-51.6,REGIONAL,4
1.4,-60.8,REGIONAL,4
-27.4,-49.1,REGIONAL,4
-19.6,-50.6,REGIONAL,4
-19.9,-55.7,REGIONAL,4
-24.8,-53.5,REGIONAL,4
-24.4,-51.0,REGIONAL,4
0.6,-67.8,REGIONAL,4
-22.7,-46.1,EXTERNAL,4
-22.0,-45.8,EXTERNAL,4
-15.7,-42.8,REGIONAL,4
-11.1,-43.1,EXTERNAL,4
-14.5,-42.7,EXTERNAL,4
-28.1,-50.9,REGIONAL,4
-2.2,-59.2,REGIONAL,4
-21.2,-50.0,INTERNAL,4
-21.3,-52.0,REGIONAL,4
-3.6,-44.8,REGIONAL,4
-3.3,-52.0,REGIONAL,4
-19.8,-55.9,REGIONAL,4
-12.3,-42.4,REGIONAL,4
2.8,-28.9,REGIONAL,4
-24.7,-50.2,REGIONAL,4
-11.4,-41.7,EXTERNAL,4
-28.5,-51.4,REGIONAL,4
-13.3,-50.2,REGIONAL,4
-12.0,-48.7,EXTERNAL,4
1.7,-28.9,REGIONAL,4
-70.2,-42.3,INTERNAL,4
1.6,-31.7,REGIONAL,4
-14.4,-39.8,REGIONAL,4
-13.2,-40.4,REGIONAL,4
-28.3,-52.5,EXTERNAL,4
-4.0,-47.6,REGIONAL,4
-15.7,-49.8,REGIONAL,4
-7.6,-39.0,EXTERNAL,4
-5.5,-55.9,REGIONAL,4
-12.1,-64.4,REGIONAL,4
-19.4,-56.9,REGIONAL,4
-8.4,-36.1,REGIONAL,4
-21.7,-51.6,REGIONAL,4
-20.0,-41.0,REGIONAL,4
-15.7,-41.0,REGIONAL,4
-26.8,-51.6,REGIONAL,4
-6.8,-35.3,EXTERNAL,4
-22.0,-51.3,EXTERNAL,4
-2.5,-39.5,REGIONAL,4
-23.9,-47.5,EXTERNAL,4
-3.5,-43.9,EXTERNAL,4
-2.2,-54.2,REGIONAL,4
-24.0,-45.1,REGIONAL,4
-46.3,-54.7,INTERNAL,4
-32.5,-53.5,EXTERNAL,4
-13.2,-38.4,REGIONAL,4
-20.8,-43.1,REGIONAL,4
-15.6,-48.6,REGIONAL,4
-23.5,-44.6,REGIONAL,4
-15.8,-47.4,REGIONAL,4
-19.1,-57.8,REGIONAL,4
-24.5,-44.1,INTERNAL,4
0.8,-51.3,REGIONAL,4
-7.9,-35.8,REGIONAL,4
-17.5,-41.9,REGIONAL,4
-22.2,-49.3,EXTERNAL,4
-27.0,-51.0,REGIONAL,4
-6.0,-36.4,REGIONAL,4
-7.0,-72.0,REGIONAL,4
-15.0,-58.0,EXTERNAL,4
-12.9,-41.5,REGIONAL,4
-7.0,-41.2,REGIONAL,4
-19.6,-38.7,REGIONAL,4
-19.7,-43.2,EXTERNAL,4
-22.4,-43.8,EXTERNAL,4
-10.9,-65.0,REGIONAL,4
-2.9,-54.9,REGIONAL,4
-3.8,-40.5,REGIONAL,4
-15.5,-49.0,INTERNAL,4
-18.8,-55.0,REGIONAL,4
-20.7,-42.3,REGIONAL,4
-24.8,-51.6,REGIONAL,4
-25.9,-49.0,INTERNAL,4
-27.1,-50.8,REGIONAL,4
-12.3,-41.5,REGIONAL,4
-2.9,-40.2,REGIONAL,4
-20.3,-42.9,REGIONAL,4
-8.3,-42.3,REGIONAL,4
-30.2,-56.5,REGIONAL,4
-22.3,-52.3,REGIONAL,4
-21.8,-41.2,REGIONAL,4
-22.6,-45.4,INTERNAL,4
-21.7,-57.4,REGIONAL,4
-19.0,-46.7,REGIONAL,4
-21.0,-50.6,REGIONAL,4
-0.5,-64.8,REGIONAL,4
-20.5,-49.0,REGIONAL,4
-8.6,-69.1,REGIONAL,4
-6.2,-47.4,EXTERNAL,4
-2.7,-55.0,REGIONAL,4
-20.0,-48.1,REGIONAL,4
-11.3,-40.4,EXTERNAL,4
-22.2,-50.7,INTERNAL,4
-29.1,-52.9,REGIONAL,4
-19.3,-40.6,REGIONAL,4
-5.9,-35.1,REGIONAL,4
-3.8,-39.8,EXTERNAL,4
-15.2,-42.9,REGIONAL,4
-1.1,-48.3,REGIONAL,4
-7.4,-34.9,EXTERNAL,4
-6.1,-42.2,EXTERNAL,4
-32.5,-51.5,REGIONAL,4
-11.0,-39.0,EXTERNAL,4
-6.1,-41.8,REGIONAL,4
-15.3,-39.6,REGIONAL,4
-17.7,-43.2,REGIONAL,4
-24.8,-44.5,REGIONAL,4
-13.2,-49.6,EXTERNAL,4
-31.0,-52.0,REGIONAL,4
-21.5,-45.8,EXTERNAL,4
-22.4,-45.0,EXTERNAL,4
-23.4,-52.8,EXTERNAL,4
-14.6,-56.0,EXTERNAL,4
-23.0,-48.8,REGIONAL,4
-1.6,-59.6,REGIONAL,4
-17.4,-47.8,REGIONAL,4
-4.1,-63.0,REGIONAL,4
4.0,-51.8,REGIONAL,4
-27.1,-52.2,REGIONAL,4
-11.7,-47.2,REGIONAL,4
-18.1,-38.6,INTERNAL,4
-2.6,-56.7,EXTERNAL,4
-23.7,-51.0,REGIONAL,4
-32.1,-52.9,REGIONAL,4
-8.4,-40.8,REGIONAL,4
-4.9,-43.5,REGIONAL,4
-16.4,-38.9,REGIONAL,4
-25.2,-54.1,REGIONAL,4
-23.4,-46.9,INTERNAL,4
-10.5,-37.5,REGIONAL,4
-21.7,-40.0,INTERNAL,4
-23.4,-51.5,EXTERNAL,4
-21.5,-46.7,EXTERNAL,4
-15.6,-58.2,REGIONAL,4
-14.0,0.0,EXTERNAL,4
-24.4,-46.8,REGIONAL,4
-28.2,-55.1,REGIONAL,4
-27.2,-48.4,EXTERNAL,4
-20.3,-39.7,INTERNAL,4
-19.4,-55.2,REGIONAL,4
-4.1,-39.3,REGIONAL,4
-20.7,-39.6,INTERNAL,4
-30.3,-52.9,REGIONAL,4
3.4,-59.9,REGIONAL,4
-10.6,-36.3,INTERNAL,4
-2.9,-40.9,INTERNAL,4
-33.2,-50.1,INTERNAL,4
-15.0,-42.4,REGIONAL,4
-23.4,-44.0,INTERNAL,4
-16.8,-42.3,EXTERNAL,4
-29.8,-51.3,EXTERNAL,4
-24.4,-49.8,REGIONAL,4
-17.1,-44.2,REGIONAL,4
-3.1,-65.0,REGIONAL,4
-9.8,-67.8,REGIONAL,4
-19.6,-54.4,REGIONAL,4
-5.3,-60.9,REGIONAL,4
-14.6,-44.9,REGIONAL,4
-9.0,-42.0,REGIONAL,4
-16.6,-41.5,REGIONAL,4
-8.5,-69.1,REGIONAL,4
-5.3,-48.2,REGIONAL,4
-19.7,-48.3,REGIONAL,4
-2.9,-41.0,EXTERNAL,4
-5.3,-42.1,EXTERNAL,4
-21.8,-57.6,REGIONAL,4
-28.8,-52.0,REGIONAL,4
-9.5,-37.2,REGIONAL,4
-20.8,-43.0,REGIONAL,4
-14.8,-56.5,REGIONAL,4
-10.9,-39.0,REGIONAL,4
-21.3,-42.8,REGIONAL,4
-13.8,-47.3,EXTERNAL,4
-5.9,-35.8,EXTERNAL,4
-6.7,-52.0,EXTERNAL,4
-13.4,-47.7,REGIONAL,4
-13.3,-39.3,REGIONAL,4
-26.0,-52.2,REGIONAL,4
-6.9,-47.0,REGIONAL,4
-12.4,-38.3,REGIONAL,4
-20.7,-40.6,EXTERNAL,4
-10.4,-59.5,EXTERNAL,4
-2.5,-57.7,EXTERNAL,4
-28.3,-53.9,REGIONAL,4
-54.2,-54.2,REGIONAL,4
-15.9,-55.2,EXTERNAL,4
-15.3,-56.2,REGIONAL,4
-14.6,-52.5,REGIONAL,4
-16.3,-54.4,EXTERNAL,4
-21.2,-43.9,REGIONAL,4
-22.1,-51.2,INTERNAL,4
-20.5,-44.2,EXTERNAL,4
-2.8,-45.7,REGIONAL,4
-14.0,-50.0,REGIONAL,4
-18.5,-49.6,EXTERNAL,4
-20.3,-47.5,EXTERNAL,4
-6.1,-42.8,REGIONAL,4
-21.5,-49.7,EXTERNAL,4
-20.1,-44.5,EXTERNAL,4
2.7,-60.8,EXTERNAL,4
-2.2,-56.3,REGIONAL,4
-24.2,-51.7,REGIONAL,4
-17.2,-46.1,REGIONAL,4
-11.5,-61.6,REGIONAL,4
-19.5,-45.4,REGIONAL,4
-9.6,-35.9,EXTERNAL,4
-5.4,-35.5,REGIONAL,4
-4.5,-43.9,REGIONAL,4
-11.0,-62.7,REGIONAL,4
-18.4,-54.7,EXTERNAL,4
-8.4,-47.5,REGIONAL,4
-3.8,-47.6,REGIONAL,4
-7.1,-45.8,REGIONAL,4
-13.0,-38.9,EXTERNAL,4
-25.2,-53.8,EXTERNAL,4
-22.6,-44.9,EXTERNAL,4
-26.0,-48.9,EXTERNAL,4
-20.2,-54.9,REGIONAL,4
-9.7,-37.4,REGIONAL,4
-24.3,-46.8,REGIONAL,4
-11.5,-54.9,EXTERNAL,4
-10.7,-37.9,REGIONAL,4
-3.2,-59.8,EXTERNAL,4
-22.4,-47.3,REGIONAL,4
-6.1,-37.1,EXTERNAL,4
-2.7,-60.5,REGIONAL,4
-4.2,-40.5,REGIONAL,4
-27.2,-46.8,INTERNAL,4
-22.1,-48.5,REGIONAL,4
-16.4,-41.5,REGIONAL,4
-6.9,-35.7,EXTERNAL,4
-9.8,-41.9,REGIONAL,4
-10.2,-62.1,REGIONAL,4
-15.3,-56.1,REGIONAL,4
-31.3,-54.0,REGIONAL,4
-15.6,-54.1,EXTERNAL,4
-28.4,-55.7,REGIONAL,4
-3.0,-54.0,EXTERNAL,4
-28.9,-49.7,EXTERNAL,4
-7.8,-41.9,REGIONAL,4
-19.2,-57.1,REGIONAL,4
-14.5,-46.3,REGIONAL,4
-24.3,-47.4,EXTERNAL,4
-26.0,-48.8,REGIONAL,4
-15.9,-47.4,REGIONAL,4
-11.0,-61.9,REGIONAL,4
-11.0,-54.5,REGIONAL,4
-22.7,-48.3,EXTERNAL,4
-23.1,-44.0,EXTERNAL,4
-21.2,-47.0,REGIONAL,4
-3.9,-49.6,REGIONAL,4
-2.5,-59.6,EXTERNAL,4
-22.1,-50.8,EXTERNAL,4
-25.3,-52.0,REGIONAL,4
-12.4,-38.7,REGIONAL,4
-18.5,-47.7,REGIONAL,4
-20.6,-55.6,EXTERNAL,4
-3.5,-36.3,EXTERNAL,4
-3.6,-60.3,EXTERNAL,4
-1.2,-46.9,REGIONAL,4
-21.1,-49.7,REGIONAL,4
-26.7,-53.3,REGIONAL,4
-2.8,-47.5,EXTERNAL,4
-22.9,-44.2,EXTERNAL,4
-20.9,-41.0,REGIONAL,4
-27.8,-54.1,REGIONAL,4
-12.5,-49.2,REGIONAL,4
-6.2,-35.7,REGIONAL,4
-5.8,-35.1,REGIONAL,4
-2.9,-59.7,REGIONAL,4
-27.7,-50.5,EXTERNAL,4
-17.3,-52.7,EXTERNAL,4
-3.0,-50.2,REGIONAL,4
-8.8,-67.4,EXTERNAL,4
-11.2,-55.9,REGIONAL,4
-24.9,-48.2,REGIONAL,4
-4.2,-38.0,REGIONAL,4
-22.8,-48.9,INTERNAL,4
-16.0,-47.6,EXTERNAL,4
-16.8,-43.8,REGIONAL,4
-10.9,-41.7,REGIONAL,4
-22.6,-46.8,INTERNAL,4
-6.2,-36.5,REGIONAL,4
-14.1,-39.6,EXTERNAL,4
-10.0,-67.8,INTERNAL,4
-12.5,-37.5,REGIONAL,4
-15.4,-51.0,REGIONAL,4
-19.1,-42.2,REGIONAL,4
-23.1,-44.9,EXTERNAL,4
-15.9,-38.5,REGIONAL,4
-10.7,-63.8,REGIONAL,4
-3.7,-40.5,EXTERNAL,4
-3.2,-40.1,EXTERNAL,4
-20.7,-43.9,EXTERNAL,4
-27.3,-50.5,EXTERNAL,4
-15.6,-48.0,EXTERNAL,4
-5.9,-49.7,REGIONAL,4
-9.6,-37.8,EXTERNAL,4
-18.8,-50.1,REGIONAL,4
-14.4,-55.6,REGIONAL,4
-21.4,-43.6,EXTERNAL,4
-19.4,-40.7,REGIONAL,4
-4.1,-59.4,REGIONAL,4
-13.4,-41.4,EXTERNAL,4
-23.6,-48.1,REGIONAL,4
-23.3,-55.6,REGIONAL,4
-8.2,-36.0,EXTERNAL,4
-8.9,-67.1,REGIONAL,4
-9.3,-69.9,REGIONAL,4
-15.7,-55.4,EXTERNAL,4
-1.0,-62.9,INTERNAL,4
-3.4,-64.9,REGIONAL,4
-25.4,-53.8,EXTERNAL,4
-19.1,-56.8,INTERNAL,4
-2.6,-54.4,INTERNAL,4
-15.8,-58.3,REGIONAL,4
-15.4,-50.4,REGIONAL,4
-11.9,-40.5,REGIONAL,4
-5.9,-38.1,REGIONAL,4
-15.2,-39.0,EXTERNAL,4
-24.4,-51.9,REGIONAL,4
-13.1,-59.9,INTERNAL,4
0.3,-53.1,REGIONAL,4
-21.8,-47.0,EXTERNAL,4
-22.8,-51.6,EXTERNAL,4
-20.1,-46.8,REGIONAL,4
-25.6,-49.0,EXTERNAL,4
-20.3,-49.1,REGIONAL,4
-13.0,-38.8,EXTERNAL,4
-21.4,-50.1,REGIONAL,4
-16.7,-50.8,REGIONAL,4
-22.7,-44.2,REGIONAL,4
-20.5,-54.9,REGIONAL,4
-26.0,-49.7,REGIONAL,4
-20.5,-41.8,INTERNAL,4
3.0,-46.8,REGIONAL,4
-30.2,-54.9,EXTERNAL,4
-12.0,0.0,EXTERNAL,4
-20.0,-56.5,REGIONAL,4
-10.6,-40.4,REGIONAL,4
-0.7,-52.6,REGIONAL,4
-24.9,-48.0,EXTERNAL,4
-22.9,-51.6,INTERNAL,4
-18.9,-40.2,REGIONAL,4
-6.9,-48.1,REGIONAL,4
-19.1,-44.3,REGIONAL,4
-7.5,-37.7,REGIONAL,4
-2.7,-48.9,REGIONAL,4
-29.9,-50.2,INTERNAL,4
-25.6,-54.2,REGIONAL,4
-12.4,-40.5,REGIONAL,4
-23.0,-49.7,EXTERNAL,4
-17.0,-51.9,EXTERNAL,4
-22.5,-47.0,REGIONAL,4
-19.7,-55.8,REGIONAL,4
-11.5,-42.2,REGIONAL,4
-5.4,-62.1,EXTERNAL,4
-22.1,-51.3,INTERNAL,4
-19.4,-43.3,REGIONAL,4
-13.5,-44.7,REGIONAL,4
-5.2,-61.9,EXTERNAL,4
-17.5,-56.9,REGIONAL,4
-23.5,-51.2,REGIONAL,4
-19.9,-43.4,EXTERNAL,4
-17.5,-49.4,EXTERNAL,4
-3.0,-44.3,EXTERNAL,4
-30.4,-54.2,REGIONAL,4
-10.6,-49.8,REGIONAL,4
-32.5,-53.3,REGIONAL,4
-9.3,-62.9,REGIONAL,4
-4.6,-44.4,EXTERNAL,4
-9.2,-34.8,EXTERNAL,4
-17.7,-50.9,EXTERNAL,4
-12.0,-37.7,REGIONAL,4
-14.4,-41.9,REGIONAL,4
-28.3,-52.3,REGIONAL,4
-3.5,-44.5,EXTERNAL,4
-9.3,-48.6,REGIONAL,4
-6.8,-36.4,REGIONAL,4
-14.2,-49.3,REGIONAL,4
-25.0,-49.1,REGIONAL,4
-10.1,-45.2,EXTERNAL,4
-15.2,-55.7,REGIONAL,4
-1.3,-46.0,EXTERNAL,4
-15.9,-57.6,REGIONAL,4
-16.2,-47.2,REGIONAL,4
-7.0,-45.1,EXTERNAL,4
-20.1,-56.4,REGIONAL,4
-13.1,-43.5,REGIONAL,4
-9.4,-48.6,REGIONAL,4
-14.9,-39.7,REGIONAL,4
-11.5,-39.0,REGIONAL,4
-16.4,-43.6,REGIONAL,4
-10.1,-36.9,REGIONAL,4
-13.9,-40.2,INTERNAL,4
-21.6,-45.7,EXTERNAL,4
-18.9,-56.3,REGIONAL,4
-19.1,-51.6,EXTERNAL,4
-1.0,-57.1,EXTERNAL,4
0.8,-29.5,EXTERNAL,4
-18.8,-44.4,EXTERNAL,4
-22.4,-52.4,REGIONAL,4
-14.6,-44.0,EXTERNAL,4
-12.2,-39.7,EXTERNAL,4
-5.2,-35.8,REGIONAL,4
-15.2,-58.0,REGIONAL,4
-5.5,-47.4,EXTERNAL,4
-5.1,-48.9,REGIONAL,4
-2.8,-60.4,REGIONAL,4
-9.6,-36.4,REGIONAL,4
1.4,-50.9,REGIONAL,4
-0.7,-52.5,REGIONAL,4
-9.6,-67.5,REGIONAL,4
-17.2,-54.3,EXTERNAL,4
-25.5,-46.6,INTERNAL,4
-21.4,-52.7,REGIONAL,4
-27.9,-52.9,EXTERNAL,4
-4.1,-38.8,EXTERNAL,4
-2.2,-59.8,REGIONAL,4
-13.3,-39.0,EXTERNAL,4
-25.7,-49.7,EXTERNAL,4
-20.4,-44.8,EXTERNAL,4
-24.2,-49.8,REGIONAL,4
-25.3,-46.4,INTERNAL,4
-19.4,-44.0,EXTERNAL,4
-11.2,-38.0,REGIONAL,4
-19.4,-44.9,REGIONAL,4
-1.7,-55.7,REGIONAL,4
-6.2,-38.8,REGIONAL,4
-10.1,-36.0,INTERNAL,4
-28.5,-48.6,REGIONAL,4
-21.2,-41.5,REGIONAL,4
-15.7,-55.8,REGIONAL,4
-21.2,-48.8,EXTERNAL,4
-23.8,-49.8,REGIONAL,4
-8.5,-48.5,REGIONAL,4
-1.7,-47.8,REGIONAL,4
-16.9,-39.1,EXTERNAL,4
-12.0,-38.8,REGIONAL,4
-11.3,-56.3,REGIONAL,4
-3.9,-54.8,EXTERNAL,4
-22.7,-44.8,REGIONAL,4
-1.2,-62.5,REGIONAL,4
-2.0,-56.0,EXTERNAL,4
-25.3,-48.5,REGIONAL,4
-11.2,-54.4,REGIONAL,4
-30.3,-56.0,REGIONAL,4
-22.3,-43.3,EXTERNAL,4
-4.1,-38.1,REGIONAL,4
-21.4,-48.9,REGIONAL,4
-8.7,-63.8,EXTERNAL,4
-6.3,-50.5,EXTERNAL,4
-12.7,-55.8,REGIONAL,4
-19.4,-43.7,EXTERNAL,4
-28.5,-52.2,EXTERNAL,4
-9.9,-55.6,REGIONAL,4
-15.5,-39.5,REGIONAL,4
-3.1,-47.6,REGIONAL,4
-2.2,-59.0,REGIONAL,4
-7.8,-72.1,REGIONAL,4
-19.9,-48.7,REGIONAL,4
-20.5,-55.7,REGIONAL,4
-16.3,-46.9,EXTERNAL,4
-4.8,-53.5,REGIONAL,4
-27.6,-50.4,EXTERNAL,4
-5.0,-37.2,EXTERNAL,4
-10.0,-67.1,REGIONAL,4
-8.0,-63.7,EXTERNAL,4
-16.1,-48.8,EXTERNAL,4
-10.2,-63.8,EXTERNAL,4
-15.7,-55.5,EXTERNAL,4
-4.2,-38.8,EXTERNAL,4
-15.6,-53.1,REGIONAL,4
-12.7,-41.3,INTERNAL,4
-21.8,-51.4,EXTERNAL,4
-16.0,-39.9,REGIONAL,4
-24.8,-51.8,EXTERNAL,4
-10.7,-69.2,REGIONAL,4
-11.5,-39.5,REGIONAL,4
-23.4,-44.5,REGIONAL,4
-20.5,-28.9,EXTERNAL,4
-28.8,-51.6,REGIONAL,4
-28.7,-56.0,INTERNAL,4
-10.2,-51.1,REGIONAL,4
-25.7,-52.4,REGIONAL,4
-31.9,-52.8,EXTERNAL,4
-11.7,-51.4,REGIONAL,4
-19.2,-48.2,REGIONAL,4
-17.5,-49.4,REGIONAL,4
-13.3,-46.4,REGIONAL,4
-4.9,-43.2,REGIONAL,4
-7.8,-35.3,REGIONAL,4
-6.5,-49.8,REGIONAL,4
-20.4,-42.4,REGIONAL,4
-14.5,-40.1,REGIONAL,4
-22.7,-42.5,REGIONAL,4
-27.4,-53.4,EXTERNAL,4
-16.9,-39.6,REGIONAL,4
-17.3,-48.8,REGIONAL,4
0.4,-50.5,REGIONAL,4
-22.4,-45.6,REGIONAL,4
-3.2,-44.4,REGIONAL,4
-0.1,-63.1,EXTERNAL,4
-11.8,-38.3,REGIONAL,4
-9.2,-36.6,REGIONAL,4
-0.7,-62.9,EXTERNAL,4
-20.3,-56.4,EXTERNAL,4
-3.6,-41.5,EXTERNAL,4
-6.1,-62.6,EXTERNAL,4
-16.3,-46.5,REGIONAL,4
-16.7,-52.1,EXTERNAL,4
-15.3,-55.7,REGIONAL,4
-13.9,-39.0,EXTERNAL,4
-8.8,-37.0,REGIONAL,4
-9.3,-48.6,EXTERNAL,4
-8.3,-47.6,REGIONAL,4
-22.7,-51.1,INTERNAL,4
-5.0,-41.0,EXTERNAL,4
-11.0,-44.0,EXTERNAL,4
-28.9,-52.2,REGIONAL,4
-2.8,-40.6,EXTERNAL,4
-20.1,-56.4,EXTERNAL,4
-6.5,-38.3,EXTERNAL,4
-28.6,-51.5,REGIONAL,4
-2.5,-59.9,REGIONAL,4
-25.3,-49.4,EXTERNAL,4
-8.1,-70.7,EXTERNAL,4
-0.8,-49.1,EXTERNAL,4
-13.4,-56.7,REGIONAL,4
-22.2,-43.5,REGIONAL,4
-30.7,-51.4,EXTERNAL,4
-19.1,-54.2,EXTERNAL,4
-18.3,-40.3,REGIONAL,4
-20.6,-55.9,REGIONAL,4
-22.1,-41.0,INTERNAL,4
-20.6,-38.3,REGIONAL,4
-18.2,-57.4,REGIONAL,4
-29.0,-45.7,INTERNAL,4
-28.3,-49.0,EXTERNAL,4
-10.9,-42.1,REGIONAL,4
-29.7,-53.4,REGIONAL,4
-20.4,-44.8,REGIONAL,4
-12.0,-55.4,REGIONAL,4
-23.1,-53.0,REGIONAL,4
-2.4,-58.3,REGIONAL,4
1.5,-53.5,REGIONAL,4
-16.0,-50.1,EXTERNAL,4
-27.9,-48.4,REGIONAL,4
-22.4,-50.1,EXTERNAL,4
-12.1,-49.0,REGIONAL,4
-11.1,-37.2,EXTERNAL,4
-13.9,-46.5,REGIONAL,4
-18.1,-49.0,REGIONAL,4
-4.3,-40.7,EXTERNAL,4
-23.0,-53.3,REGIONAL,4
-21.3,-43.2,EXTERNAL,4
-6.0,-37.9,REGIONAL,4
-18.8,-46.5,REGIONAL,4
-20.2,-48.0,REGIONAL,4
-21.5,-49.2,REGIONAL,4
-14.8,-40.9,EXTERNAL,4
-21.4,-43.5,EXTERNAL,4
-12.1,-40.4,REGIONAL,4
-8.5,-35.4,EXTERNAL,4
-16.8,-47.6,EXTERNAL,4
-11.8,-38.4,EXTERNAL,4
-19.7,-54.4,REGIONAL,4
-12.7,-39.2,EXTERNAL,4
-20.3,-43.2,EXTERNAL,4
-0.2,-60.7,REGIONAL,4
-14.2,-40.0,REGIONAL,4
-16.0,-49.0,REGIONAL,4
-12.0,-38.7,REGIONAL,4
-27.8,-54.2,EXTERNAL,4
-22.7,-50.6,EXTERNAL,4
-23.1,-43.9,INTERNAL,4
-20.3,-47.9,EXTERNAL,4
-31.6,-53.7,REGIONAL,4
-22.1,-54.8,EXTERNAL,4
-19.8,-39.1,INTERNAL,4
-6.5,-35.0,INTERNAL,4
-21.0,-44.9,EXTERNAL,4
-17.0,-42.7,REGIONAL,4
-3.5,-60.0,REGIONAL,4
-19.2,-51.4,REGIONAL,4
-5.4,-49.2,REGIONAL,4
-10.8,-42.7,EXTERNAL,4
-7.2,-45.8,REGIONAL,4
-17.8,-50.6,REGIONAL,4
2.6,-60.7,REGIONAL,4
-21.5,-49.3,REGIONAL,4
-24.7,-47.4,EXTERNAL,4
-17.3,-55.1,REGIONAL,4
-2.2,-54.5,REGIONAL,4
-3.3,-52.4,EXTERNAL,4
-29.8,-50.7,REGIONAL,4
-20.3,-44.3,REGIONAL,4
-27.6,-54.0,REGIONAL,4
-30.5,-48.5,REGIONAL,4
-5.4,-43.6,REGIONAL,4
-29.9,-52.4,REGIONAL,4
-20.2,-39.9,REGIONAL,4
-6.2,-49.8,REGIONAL,4
-20.5,-54.4,REGIONAL,4
-30.8,-55.5,EXTERNAL,4
-26.3,-49.3,EXTERNAL,4
-5.1,-38.4,EXTERNAL,4
-24.9,-47.8,EXTERNAL,4
-8.8,-67.3,REGIONAL,4
-27.9,-54.4,EXTERNAL,4
1.8,-28.7,REGIONAL,4
-15.3,-45.5,REGIONAL,4
-19.2,-43.0,EXTERNAL,4
-18.2,-52.6,REGIONAL,4
-19.7,-42.1,REGIONAL,4
-23.2,-50.8,EXTERNAL,4
-28.5,-52.8,EXTERNAL,4
-29.6,-53.2,REGIONAL,4
-23.0,-46.1,INTERNAL,4
-22.3,-56.9,EXTERNAL,4
-9.9,-36.7,REGIONAL,4
-32.5,-50.5,REGIONAL,4
-15.1,-47.6,REGIONAL,4
-8.1,-35.5,REGIONAL,4
-32.5,-49.5,REGIONAL,4
-13.7,-47.3,REGIONAL,4
-7.3,-73.0,REGIONAL,4
-21.6,-51.4,EXTERNAL,4
3.7,-62.7,REGIONAL,4
-20.2,-48.7,REGIONAL,4
-20.4,-55.0,REGIONAL,4
-11.7,-61.2,REGIONAL,4
-15.8,-50.1,REGIONAL,4
-23.5,-46.0,REGIONAL,4
-11.9,-39.0,REGIONAL,4
-16.0,-43.1,REGIONAL,4
-23.4,-48.5,REGIONAL,4
-24.1,-47.1,REGIONAL,4
-21.3,-49.5,REGIONAL,4
-16.2,-48.4,REGIONAL,4
-3.7,-60.2,REGIONAL,4
-25.5,-53.9,REGIONAL,4
-9.4,-37.2,REGIONAL,4
-27.5,-50.1,REGIONAL,4
-3.8,-44.5,REGIONAL,4
-24.8,-44.0,INTERNAL,4
-18.1,-52.7,REGIONAL,4
-6.0,-44.3,EXTERNAL,4
-8.0,-62.0,REGIONAL,4
-27.2,-52.3,REGIONAL,4
-11.5,-41.2,EXTERNAL,4
-31.4,-54.9,REGIONAL,4
-20.0,-47.5,REGIONAL,4
-3.7,-45.8,REGIONAL,4
-5.6,-47.6,REGIONAL,4
-27.5,-48.3,REGIONAL,4
-7.0,-45.5,EXTERNAL,4
-7.1,-35.3,EXTERNAL,4
-23.6,-49.6,INTERNAL,4
-6.8,-43.2,EXTERNAL,4
-8.6,-37.2,EXTERNAL,4
-2.8,-60.6,REGIONAL,4
-15.4,-48.4,REGIONAL,4
-8.9,-58.6,REGIONAL,4
-7.9,-63.9,REGIONAL,4
-26.9,-52.7,EXTERNAL,4
-13.0,-41.3,EXTERNAL,4
-4.6,-56.4,REGIONAL,4
-5.0,-63.0,EXTERNAL,4
-28.5,-55.3,EXTERNAL,4
-0.3,-48.7,REGIONAL,4
-9.3,-55.9,REGIONAL,4
-16.0,-48.2,EXTERNAL,4
-2.8,-59.9,REGIONAL,4
-21.1,-45.6,EXTERNAL,4
-21.2,-49.6,EXTERNAL,4
-17.8,-56.8,EXTERNAL,4
-9.9,-36.5,EXTERNAL,4
-17.8,-49.6,REGIONAL,4
-16.7,-45.4,REGIONAL,4
-20.6,-50.4,REGIONAL,4
-29.0,-55.2,REGIONAL,4
2.9,-60.0,REGIONAL,4
-22.9,-52.2,REGIONAL,4
-17.7,-48.8,REGIONAL,4
-21.6,-46.5,REGIONAL,4
-17.3,-39.3,REGIONAL,4
-12.5,-39.0,REGIONAL,4
-7.1,-40.9,REGIONAL,4
-9.7,-37.8,REGIONAL,4
-23.5,-51.5,REGIONAL,4
-12.5,-38.4,REGIONAL,4
-21.9,-43.5,EXTERNAL,4
-23.8,-47.3,EXTERNAL,4
-9.6,-55.5,REGIONAL,4
-9.9,-58.6,REGIONAL,4
-10.4,-36.5,REGIONAL,4
-4.3,-47.7,REGIONAL,4
-29.7,-51.3,EXTERNAL,4
-14.9,-38.9,REGIONAL,4
-24.4,-48.8,REGIONAL,4
-24.5,-49.0,REGIONAL,4
-11.7,-39.3,EXTERNAL,4
-3.7,-47.8,REGIONAL,4
-20.0,-54.9,REGIONAL,4
-16.0,-58.1,REGIONAL,4
-7.5,-38.7,REGIONAL,4
-21.9,-50.7,INTERNAL,4
-4.4,-41.6,REGIONAL,4
-23.5,-51.7,REGIONAL,4
-10.8,-52.7,REGIONAL,4
-22.7,-40.4,INTERNAL,4
-4.5,-56.2,REGIONAL,4
-3.1,-68.2,REGIONAL,4
-20.7,-41.9,EXTERNAL,4
-18.1,-39.1,REGIONAL,4
-16.2,-56.8,REGIONAL,4
-15.9,-54.9,EXTERNAL,4
-13.9,-39.1,INTERNAL,4
-22.8,-44.2,EXTERNAL,4
-9.7,-65.7,EXTERNAL,4
-15.4,-42.9,REGIONAL,4
-8.5,-41.8,REGIONAL,4
-18.4,-47.6,REGIONAL,4
-16.8,-42.3,REGIONAL,4
-19.6,-54.4,EXTERNAL,4
-4.5,-38.1,REGIONAL,4
-24.4,-45.9,INTERNAL,4
-26.1,-47.2,INTERNAL,4
-21.8,-40.8,INTERNAL,4
-10.1,-67.5,EXTERNAL,4
-21.8,-41.0,INTERNAL,4
-34.5,-51.5,REGIONAL,4
-1.3,-48.6,EXTERNAL,4
-10.7,-62.2,EXTERNAL,4
-34.5,-50.5,REGIONAL,4
-21.9,-40.8,INTERNAL,4
-27.3,-52.4,REGIONAL,4
-10.0,-35.7,INTERNAL,4
-15.5,-54.2,REGIONAL,4
-11.0,-61.8,REGIONAL,4
-6.0,-48.0,EXTERNAL,4
-9.9,-39.0,EXTERNAL,4
-23.5,-45.5,EXTERNAL,4
-13.0,-60.3,EXTERNAL,4
-23.3,-49.8,EXTERNAL,4
-4.9,-49.1,REGIONAL,4
-20.0,-40.1,EXTERNAL,4
-20.5,-50.6,INTERNAL,4
-18.5,-42.6,EXTERNAL,4
-7.1,-41.3,REGIONAL,4
-24.1,-47.8,REGIONAL,4
-5.2,-36.4,REGIONAL,4
-30.8,-51.8,REGIONAL,4
-13.0,-58.2,REGIONAL,4
-9.3,-35.4,EXTERNAL,4
-15.7,-48.8,REGIONAL,4
-22.4,-50.6,REGIONAL,4
-30.2,-51.5,EXTERNAL,4
-28.2,-53.8,REGIONAL,4
-6.6,-40.6,REGIONAL,4
-11.7,-51.6,REGIONAL,4
-2.9,-44.2,REGIONAL,4
-15.0,-56.3,REGIONAL,4
-15.9,-44.3,EXTERNAL,4
-24.2,-49.5,REGIONAL,4
-8.0,-43.2,REGIONAL,4
-15.6,-46.9,REGIONAL,4
-13.7,-47.9,REGIONAL,4
-4.0,-42.6,REGIONAL,4
-7.5,-41.1,REGIONAL,4
-4.6,-39.0,REGIONAL,4
-3.2,-59.6,REGIONAL,4
-28.0,-49.5,EXTERNAL,4
-16.4,-40.8,REGIONAL,4
-12.8,-39.2,REGIONAL,4
-16.0,-48.4,REGIONAL,4
-15.2,-41.6,REGIONAL,4
-23.8,-52.3,REGIONAL,4
-3.3,-58.8,REGIONAL,4
-17.4,-52.9,REGIONAL,4
-3.1,-58.6,REGIONAL,4
-20.4,-39.5,INTERNAL,4
-14.6,-56.2,REGIONAL,4
-3.0,-58.2,REGIONAL,4
-6.3,-36.1,REGIONAL,4
-24.5,-52.2,REGIONAL,4
-6.6,-38.1,REGIONAL,4
-20.5,-48.9,EXTERNAL,4
-5.2,-39.3,EXTERNAL,4
-13.8,-57.8,INTERNAL,4
-21.8,-46.4,EXTERNAL,4
-18.5,-52.1,REGIONAL,4
-19.9,-44.5,EXTERNAL,4
-19.2,-41.5,EXTERNAL,4
-2.7,-41.8,REGIONAL,4
1.6,-32.2,REGIONAL,4
-19.9,-40.7,EXTERNAL,4
-21.8,-54.6,REGIONAL,4
-3.5,-69.0,REGIONAL,4
-33.4,-52.9,REGIONAL,4
-17.0,-54.9,REGIONAL,4
-18.8,-42.6,REGIONAL,4
-19.0,-46.0,EXTERNAL,4
-18.5,-39.9,EXTERNAL,4
-20.1,-48.7,EXTERNAL,4
-12.9,-39.3,EXTERNAL,4
-20.8,-38.3,INTERNAL,4
-21.1,-56.6,INTERNAL,4
-26.8,-52.9,EXTERNAL,4
-25.8,-47.2,INTERNAL,4
-26.3,-49.5,EXTERNAL,4
-6.0,-35.4,REGIONAL,4
-10.9,-55.8,REGIONAL,4
-9.1,-45.9,EXTERNAL,4
-7.7,-35.6,EXTERNAL,4
-22.2,-43.6,EXTERNAL,4
-22.2,-49.0,REGIONAL,4
-19.7,-49.6,REGIONAL,4
-2.4,-44.2,REGIONAL,4
-2.7,-44.2,INTERNAL,4
-24.6,-53.3,REGIONAL,4
-3.1,-40.8,REGIONAL,4
-29.5,-49.5,REGIONAL,4
-1.8,-51.5,REGIONAL,4
-11.2,-38.5,REGIONAL,4
-21.9,-49.9,REGIONAL,4
-20.7,-40.7,REGIONAL,4
-10.7,-41.3,EXTERNAL,4
-16.9,-44.4,REGIONAL,4
-5.0,-42.4,EXTERNAL,4
-1.0,-49.0,INTERNAL,4
-22.0,-41.2,REGIONAL,4
-17.3,-57.0,REGIONAL,4
-20.8,-41.2,EXTERNAL,4
-25.1,-50.3,REGIONAL,4
-3.7,-43.4,EXTERNAL,4
-28.7,-47.4,INTERNAL,4
-8.9,-39.9,REGIONAL,4
-28.1,-47.4,INTERNAL,4
-15.9,-56.4,REGIONAL,4
-19.2,-40.1,EXTERNAL,4
-17.2,-44.7,REGIONAL,4
-19.1,-42.3,REGIONAL,4
-19.3,-57.4,REGIONAL,4
-29.1,-49.8,EXTERNAL,4
-7.7,-39.2,REGIONAL,4
-14.5,-51.5,REGIONAL,4
-14.9,-43.5,REGIONAL,4
-24.9,-53.9,REGIONAL,4
-2.3,-54.5,REGIONAL,4
-23.9,-50.2,EXTERNAL,4
-10.0,-56.3,REGIONAL,4
-15.3,-49.1,REGIONAL,4
-22.8,-43.3,INTERNAL,4
-24.2,-54.0,REGIONAL,4
-25.6,-50.0,REGIONAL,4
-3.8,-32.3,REGIONAL,4
-3.6,-40.3,REGIONAL,4
-19.5,-40.4,REGIONAL,4
-22.9,-52.1,REGIONAL,4
-26.3,-50.0,EXTERNAL,4
-7.3,-38.5,REGIONAL,4
-20.9,-46.0,REGIONAL,4
-0.3,-51.0,REGIONAL,4
-5.3,-36.0,REGIONAL,4
-27.5,-49.6,REGIONAL,4
-6.4,-48.5,REGIONAL,4
-0.8,-63.1,EXTERNAL,4
-5.1,-40.8,REGIONAL,4
-0.5,-51.4,REGIONAL,4
-19.7,-51.2,EXTERNAL,4
-5.6,-35.2,EXTERNAL,4
-18.4,-49.4,EXTERNAL,4
-23.0,-51.6,EXTERNAL,4
-6.9,-35.1,EXTERNAL,4
-5.2,-41.0,REGIONAL,4
-19.5,-39.9,REGIONAL,4
-22.1,-48.4,REGIONAL,4
4.5,-61.1,EXTERNAL,4
-15.4,-48.3,REGIONAL,4
-16.4,-49.8,EXTERNAL,4
-16.0,-46.0,REGIONAL,4
-21.8,-46.7,EXTERNAL,4
-6.5,-41.4,EXTERNAL,4
-21.8,-43.1,EXTERNAL,4
-28.5,-52.6,REGIONAL,4
-4.1,-59.3,REGIONAL,4
-19.2,-42.5,EXTERNAL,4
-24.8,-49.2,REGIONAL,4
-9.3,-41.4,EXTERNAL,4
-15.5,-40.9,REGIONAL,4
-10.9,-62.3,REGIONAL,4
-26.8,-53.0,REGIONAL,4
-5.3,-67.2,REGIONAL,4
-7.5,-46.1,REGIONAL,4
-8.6,-35.7,EXTERNAL,4
-1.4,-59.9,REGIONAL,4
-7.3,-60.0,REGIONAL,4
-16.0,-57.7,REGIONAL,4
-16.7,-52.3,EXTERNAL,4
-29.2,-49.7,EXTERNAL,4
-33.5,-52.5,REGIONAL,4
-16.4,-48.0,REGIONAL,4
-11.7,-49.0,EXTERNAL,4
-18.6,-43.8,REGIONAL,4
-22.0,-42.9,EXTERNAL,4
-27.4,-52.5,EXTERNAL,4
-8.1,-49.4,REGIONAL,4
-19.9,-40.4,EXTERNAL,4
-9.5,-40.4,REGIONAL,4
-7.6,-40.5,EXTERNAL,4
-6.2,-39.2,REGIONAL,4
-24.8,-53.3,REGIONAL,4
-5.6,-50.1,REGIONAL,4
-4.6,-42.0,EXTERNAL,4
-2.7,-59.7,REGIONAL,4
-27.3,-50.0,REGIONAL,4
1.9,-61.2,REGIONAL,4
-8.4,-60.0,REGIONAL,4
-16.3,-40.8,REGIONAL,4
-6.6,-51.7,REGIONAL,4
-31.3,-52.0,REGIONAL,4
-9.2,-61.9,REGIONAL,4
-18.2,-49.4,EXTERNAL,4
-25.3,-49.8,REGIONAL,4
-3.5,-60.2,REGIONAL,4
-15.4,-49.6,EXTERNAL,4
-15.7,-48.4,EXTERNAL,4
-14.6,-50.9,REGIONAL,4
1.7,-50.9,REGIONAL,4
-19.4,-50.5,REGIONAL,4
-11.0,-40.4,REGIONAL,4
-15.7,-46.6,REGIONAL,4
-11.2,-57.5,EXTERNAL,4
-21.8,-39.8,EXTERNAL,4
-11.8,-37.6,EXTERNAL,4
-12.6,-52.2,REGIONAL,4
-19.2,-47.8,REGIONAL,4
-2.3,-61.0,REGIONAL,4
-21.3,-54.4,EXTERNAL,4
-21.5,-48.7,REGIONAL,4
-20.5,-47.9,EXTERNAL,4
-11.7,-42.7,EXTERNAL,4
-7.3,-39.8,REGIONAL,4
-21.6,-55.2,REGIONAL,4
-23.9,-47.4,EXTERNAL,4
-9.4,-62.6,EXTERNAL,4
-20.1,-47.8,REGIONAL,4
-18.0,-54.6,REGIONAL,4
-26.9,-50.2,REGIONAL,4
-22.0,-45.0,REGIONAL,4
-8.2,-39.2,REGIONAL,4
-6.2,-35.5,REGIONAL,4
-16.3,-43.9,REGIONAL,4
-11.2,-40.0,REGIONAL,4
-29.4,-51.5,EXTERNAL,4
-21.0,-47.4,INTERNAL,4
-13.3,-42.3,EXTERNAL,4
-10.2,-35.4,EXTERNAL,4
-16.4,-40.9,REGIONAL,4
-4.1,-38.7,EXTERNAL,4
-18.2,-42.5,REGIONAL,4
-13.1,-46.6,REGIONAL,4
-22.6,-45.9,EXTERNAL,4
-14.9,-42.9,REGIONAL,4
-20.2,-44.1,EXTERNAL,4
2.6,-60.8,REGIONAL,4
-19.9,-38.6,INTERNAL,4
-25.7,-52.9,EXTERNAL,4
4.0,-47.4,REGIONAL,4
-26.6,-50.6,REGIONAL,4
-22.0,-51.4,INTERNAL,4
-6.9,-39.9,REGIONAL,4
-3.9,-41.3,REGIONAL,4
-14.8,-56.4,EXTERNAL,4
-20.4,-54.3,EXTERNAL,4
-16.2,-46.0,EXTERNAL,4
-25.2,-53.2,EXTERNAL,4
-23.5,-44.0,INTERNAL,4
-25.7,-46.2,INTERNAL,4
-11.5,-39.1,REGIONAL,4
-28.2,-52.5,EXTERNAL,4
-15.6,-49.5,REGIONAL,4
1.4,-32.3,REGIONAL,4
-26.1,-50.0,REGIONAL,4
-24.2,-49.1,REGIONAL,4
-12.7,-38.6,EXTERNAL,4
-23.0,-51.2,REGIONAL,4
-9.7,-68.0,REGIONAL,4
-7.6,-34.9,REGIONAL,4
-25.0,-54.1,REGIONAL,4
-16.3,-49.1,EXTERNAL,4
-8.8,-35.3,REGIONAL,4
-1.8,-61.6,REGIONAL,4
-18.2,-47.8,REGIONAL,4
-5.3,-44.5,REGIONAL,4
-19.8,-45.2,REGIONAL,4
-13.4,-46.2,REGIONAL,4
-14.2,-57.2,INTERNAL,4
-1.2,-47.8,REGIONAL,4
-14.1,-39.1,REGIONAL,4
-15.3,-47.5,REGIONAL,4
-29.9,-54.8,EXTERNAL,4
-6.5,-38.1,REGIONAL,4
2.2,-27.7,REGIONAL,4
-19.2,-47.7,REGIONAL,4
-9.4,-38.0,REGIONAL,4
-13.1,-46.7,REGIONAL,4
-10.3,-36.1,INTERNAL,4
-15.6,-47.2,EXTERNAL,4
-3.6,-39.6,REGIONAL,4
-22.9,-47.8,REGIONAL,4
-0.8,-47.2,INTERNAL,4
-10.5,-37.1,REGIONAL,4
-8.8,-36.7,REGIONAL,4
-14.8,-49.6,REGIONAL,4
-5.7,-36.9,REGIONAL,4
-4.9,-37.7,REGIONAL,4
-23.2,-52.2,REGIONAL,4
0.0,-32.5,EXTERNAL,4
-8.4,-39.4,REGIONAL,4
-5.0,-39.5,INTERNAL,4
-12.6,-63.2,REGIONAL,4
-7.3,-40.6,REGIONAL,4
-4.0,-59.1,REGIONAL,4
-6.5,-37.1,INTERNAL,4
-11.1,-40.4,REGIONAL,4
-23.3,-50.1,REGIONAL,4
-5.1,-35.8,REGIONAL,4
-23.5,-50.4,EXTERNAL,4
-6.7,-35.2,EXTERNAL,4
-15.2,-48.0,REGIONAL,4
-6.5,-40.7,REGIONAL,4
-21.4,-44.9,REGIONAL,4
-27.1,-53.0,EXTERNAL,4
-20.8,-45.3,EXTERNAL,4
-5.4,-49.2,EXTERNAL,4
-19.4,-40.0,EXTERNAL,4
-1.9,-41.5,EXTERNAL,4
-23.8,-46.9,INTERNAL,4
-22.4,-52.2,REGIONAL,4
-16.3,-40.5,REGIONAL,4
-16.2,-48.4,EXTERNAL,4
-7.0,-37.1,REGIONAL,4
-20.1,-41.1,EXTERNAL,4
-4.0,-44.5,EXTERNAL,4
-16.1,-52.2,REGIONAL,4
-24.9,-50.2,REGIONAL,4
-17.8,-51.0,REGIONAL,4
-19.4,-56.8,REGIONAL,4
-28.1,-55.1,REGIONAL,4
-16.8,-42.8,REGIONAL,4
0.9,-51.1,EXTERNAL,4
-9.0,0.0,EXTERNAL,4
-21.8,-43.6,EXTERNAL,4
-24.0,-52.3,REGIONAL,4
-22.6,-53.1,REGIONAL,4
-20.4,-49.8,EXTERNAL,4
-11.1,-39.0,REGIONAL,4
-20.9,-47.1,EXTERNAL,4
-18.7,-43.0,REGIONAL,4
-3.8,-39.5,REGIONAL,4
-26.2,-53.6,EXTERNAL,4
-1.0,-46.6,EXTERNAL,4
-9.9,-39.0,INTERNAL,4
-20.7,-40.1,REGIONAL,4
-29.4,-53.5,REGIONAL,4
-1.8,-65.7,REGIONAL,4
-18.2,-45.3,EXTERNAL,4
-24.8,-48.7,REGIONAL,4
-21.2,-57.3,REGIONAL,4
-9.1,-40.5,REGIONAL,4
-27.5,-50.1,EXTERNAL,4
-27.4,-48.3,REGIONAL,4
-23.5,-45.7,REGIONAL,4
-11.2,-37.5,EXTERNAL,4
-4.9,-42.2,REGIONAL,4
-10.5,-46.9,REGIONAL,4
-21.3,-47.3,INTERNAL,4
-10.9,-61.9,INTERNAL,4
-10.5,-36.5,REGIONAL,4
-22.1,-44.8,REGIONAL,4
-9.1,-44.3,EXTERNAL,4
-23.1,-52.6,EXTERNAL,4
-26.3,-49.7,REGIONAL,4
-22.6,-47.8,REGIONAL,4
-18.8,-41.8,REGIONAL,4
-32.6,-52.4,REGIONAL,4
-16.3,-49.2,REGIONAL,4
-16.6,-48.6,REGIONAL,4
-31.7,-52.5,REGIONAL,4
-1.1,-62.7,REGIONAL,4
-9.1,-63.8,EXTERNAL,4
-20.6,-44.8,EXTERNAL,4
-25.5,-50.7,EXTERNAL,4
-18.5,-44.6,EXTERNAL,4
-26.9,-53.3,REGIONAL,4
-12.9,-42.4,REGIONAL,4
-26.7,-49.5,EXTERNAL,4
-26.3,-53.3,EXTERNAL,4
-5.8,-38.1,REGIONAL,4
-29.7,-51.3,REGIONAL,4
-4.8,-38.8,REGIONAL,4
-11.3,-57.5,REGIONAL,4
-18.8,-43.8,REGIONAL,4
-12.7,-46.4,EXTERNAL,4
-20.2,-41.0,REGIONAL,4
-8.3,-55.1,REGIONAL,4
-9.5,-44.6,EXTERNAL,4
-14.5,-49.0,EXTERNAL,4
-6.7,-52.1,REGIONAL,4
-19.2,-40.4,REGIONAL,4
-5.8,-43.9,EXTERNAL,4
-17.5,-52.6,EXTERNAL,4
-17.6,-50.5,EXTERNAL,4
-23.1,-45.2,REGIONAL,4
-6.0,-44.2,REGIONAL,4
-5.7,-62.2,EXTERNAL,4
-7.3,-35.8,EXTERNAL,4
-5.0,-46.0,EXTERNAL,4
-11.2,-37.7,REGIONAL,4
-3.6,-59.4,REGIONAL,4
-20.6,-53.5,REGIONAL,4
-8.0,-35.1,REGIONAL,4
-18.4,-52.7,EXTERNAL,4
-7.3,-38.7,REGIONAL,4
-27.5,-53.8,REGIONAL,4
-10.8,-61.8,REGIONAL,4
-22.5,-46.3,EXTERNAL,4
-19.9,-46.8,REGIONAL,4
-16.8,-48.0,REGIONAL,4
-14.6,-42.9,REGIONAL,4
-19.0,-46.9,REGIONAL,4
-19.5,-44.5,REGIONAL,4
-3.3,-60.5,EXTERNAL,4
-20.5,-47.6,REGIONAL,4
-22.3,-52.2,REGIONAL,4
-5.7,-37.6,REGIONAL,4
-18.1,-48.1,REGIONAL,4
-4.1,-55.0,REGIONAL,4
-9.2,-48.1,REGIONAL,4
-3.0,-47.3,EXTERNAL,4
-9.6,-59.7,REGIONAL,4
-29.0,-49.3,REGIONAL,4
-4.4,-40.7,REGIONAL,4
-17.0,-47.0,EXTERNAL,4
-29.6,-53.1,REGIONAL,4
2.6,-30.8,REGIONAL,4
-29.5,-54.6,EXTERNAL,4
-21.6,-50.7,INTERNAL,4
-18.9,-57.8,REGIONAL,4
-23.1,-49.3,REGIONAL,4
-11.2,-41.9,REGIONAL,4
-12.2,-44.1,REGIONAL,4
-12.3,-49.1,EXTERNAL,4
-19.5,-42.1,EXTERNAL,4
-20.5,-44.2,REGIONAL,4
-21.8,-50.5,INTERNAL,4
-27.7,-49.0,INTERNAL,4
-16.0,-55.4,REGIONAL,4
-18.5,-50.7,EXTERNAL,4
-21.9,-51.7,EXTERNAL,4
-22.1,-46.2,REGIONAL,4
-4.9,-61.5,EXTERNAL,4
-12.2,-44.9,EXTERNAL,4
-23.5,-55.3,REGIONAL,4
-15.5,-55.2,EXTERNAL,4
-18.1,-40.4,REGIONAL,4
-2.9,-66.6,REGIONAL,4
-6.5,-39.3,REGIONAL,4
-13.7,-42.9,EXTERNAL,4
-3.9,-38.8,REGIONAL,4
-21.0,-44.3,REGIONAL,4
-21.5,-43.1,REGIONAL,4
-4.2,-44.8,EXTERNAL,4
-16.2,-59.1,REGIONAL,4
-20.3,-41.3,REGIONAL,4
-20.7,-43.3,EXTERNAL,4
-7.9,-35.2,EXTERNAL,4
-4.0,-44.9,REGIONAL,4
-27.6,-54.6,EXTERNAL,4
-8.2,-36.7,EXTERNAL,4
-9.6,-36.0,REGIONAL,4
-22.5,-43.9,REGIONAL,4
-1.4,-51.6,REGIONAL,4
-5.3,-67.3,REGIONAL,4
-14.7,-49.1,REGIONAL,4
-19.0,-51.9,REGIONAL,4
-23.4,-51.9,INTERNAL,4
-21.3,-47.2,EXTERNAL,4
-24.3,-47.5,INTERNAL,4
-14.9,-43.9,REGIONAL,4
-11.7,-61.3,REGIONAL,4
-19.8,-40.7,EXTERNAL,4
-24.8,-48.8,REGIONAL,4
-7.1,-39.7,EXTERNAL,4
-20.5,-40.5,EXTERNAL,4
-9.2,-63.9,REGIONAL,4
-21.6,-40.2,INTERNAL,4
-19.8,-40.3,EXTERNAL,4
-21.4,-52.1,EXTERNAL,4
-13.3,-48.1,REGIONAL,4
-17.3,-56.6,EXTERNAL,4
-23.5,-50.0,EXTERNAL,4
-26.2,-49.2,EXTERNAL,4
-24.4,-47.7,INTERNAL,4
-6.2,-36.1,REGIONAL,4
-21.5,-43.3,EXTERNAL,4
-27.1,-52.5,EXTERNAL,4
-8.6,-42.7,REGIONAL,4
-20.1,-51.1,EXTERNAL,4
-12.4,-45.2,REGIONAL,4
-19.7,-42.8,REGIONAL,4
-18.1,-54.6,EXTERNAL,4
-7.1,-49.9,EXTERNAL,4
-28.7,-50.1,REGIONAL,4
-8.8,-57.5,EXTERNAL,4
-8.3,-42.1,REGIONAL,4
-29.4,-49.7,EXTERNAL,4
-22.0,-40.3,INTERNAL,4
-6.3,-62.7,EXTERNAL,4
-14.4,-39.2,REGIONAL,4
-14.0,-49.2,EXTERNAL,4
-27.5,-47.5,REGIONAL,4
-11.8,-44.9,EXTERNAL,4
-23.5,-45.9,EXTERNAL,4
-9.5,-64.2,REGIONAL,4
-29.7,-55.4,REGIONAL,4
-20.5,-40.7,INTERNAL,4
-16.9,-44.1,REGIONAL,4
-15.0,-39.4,REGIONAL,4
-6.6,-39.3,REGIONAL,4
-8.6,-35.8,REGIONAL,4
-29.7,-51.8,REGIONAL,4
-16.8,-39.5,EXTERNAL,4
-16.7,-51.7,EXTERNAL,4
-10.9,-37.6,EXTERNAL,4
-19.6,-42.0,REGIONAL,4
-28.2,-53.6,REGIONAL,4
-23.3,-51.6,REGIONAL,4
-30.1,-50.3,EXTERNAL,4
-20.1,-48.6,REGIONAL,4
-21.0,-51.1,REGIONAL,4
-30.5,-52.4,REGIONAL,4
-17.5,-48.2,REGIONAL,4
-11.4,-46.9,REGIONAL,4
-22.2,-51.3,REGIONAL,4
-11.4,-49.7,REGIONAL,4
-2.3,-60.8,REGIONAL,4
-26.8,-52.1,REGIONAL,4
-16.8,-39.2,REGIONAL,4
-13.6,-46.7,REGIONAL,4
-10.3,-62.5,REGIONAL,4
-11.0,-54.6,REGIONAL,4
-20.0,-41.7,EXTERNAL,4
-4.0,-60.5,REGIONAL,4
-16.8,-53.6,EXTERNAL,4
-21.4,-45.2,EXTERNAL,4
-27.6,-54.1,EXTERNAL,4
-32.8,-52.5,EXTERNAL,4
-1.6,-56.5,EXTERNAL,4
-11.6,-37.7,REGIONAL,4
-22.0,-47.3,REGIONAL,4
-16.6,-39.8,REGIONAL,4
-30.8,-55.6,REGIONAL,4
-27.5,-54.1,REGIONAL,4
-13.1,-48.2,REGIONAL,4
-17.7,-46.2,EXTERNAL,4
-10.2,-54.8,REGIONAL,4
-17.5,-42.4,REGIONAL,4
-29.1,-56.6,EXTERNAL,4
-8.1,-37.4,REGIONAL,4
-17.2,-40.9,REGIONAL,4
-9.1,-35.6,REGIONAL,4
-7.6,-36.4,REGIONAL,4
-21.8,-46.9,REGIONAL,4
-20.6,-50.2,REGIONAL,4
-23.1,-50.5,REGIONAL,4
-23.4,-51.5,REGIONAL,4
-23.7,-53.2,REGIONAL,4
-22.4,-46.0,EXTERNAL,4
-11.5,-55.4,EXTERNAL,4
-21.0,-46.1,EXTERNAL,4
-6.7,-43.0,REGIONAL,4
-9.1,-45.9,REGIONAL,4
-21.3,-44.9,REGIONAL,4
-19.3,-57.3,REGIONAL,4
-23.2,-50.7,EXTERNAL,4
-28.4,-49.9,REGIONAL,4
-21.7,-49.8,REGIONAL,4
-27.1,-48.4,REGIONAL,4
-12.3,-38.4,REGIONAL,4
-15.5,-51.2,REGIONAL,4
-20.2,-45.7,REGIONAL,4
-18.9,-54.8,EXTERNAL,4
-28.4,-50.0,REGIONAL,4
-11.8,-41.6,EXTERNAL,4
-7.0,-39.7,REGIONAL,4
-15.6,-44.5,REGIONAL,4
-13.2,-53.3,EXTERNAL,4
-18.9,-43.1,REGIONAL,4
-18.1,-39.7,REGIONAL,4
-19.6,-43.3,REGIONAL,4
-16.4,-53.9,REGIONAL,4
-8.6,-63.3,REGIONAL,4
-23.9,-52.7,REGIONAL,4
-28.8,-55.8,REGIONAL,4
-18.2,-53.3,REGIONAL,4
-15.4,-47.0,REGIONAL,4
-2.7,-54.5,REGIONAL,4
-21.1,-51.8,INTERNAL,4
-16.6,-39.2,REGIONAL,4
-7.6,-37.3,EXTERNAL,4
-26.8,-51.2,REGIONAL,4
-23.3,-48.2,REGIONAL,4
-28.1,-49.1,EXTERNAL,4
-25.3,-48.6,REGIONAL,4
-0.8,-47.8,EXTERNAL,4
-20.5,-54.3,REGIONAL,4
-2.9,-49.0,REGIONAL,4
-29.1,-49.8,REGIONAL,4
-21.1,-41.4,REGIONAL,4
-30.5,-55.7,REGIONAL,4
-32.5,-52.4,REGIONAL,4
-13.6,-47.8,REGIONAL,4
-25.1,-49.9,REGIONAL,4
-4.0,-40.0,REGIONAL,4
-16.2,-48.6,REGIONAL,4
-11.1,-49.0,REGIONAL,4
-8.0,-72.7,REGIONAL,4
-21.3,-44.8,EXTERNAL,4
-23.6,-52.6,EXTERNAL,4
-12.9,-48.0,EXTERNAL,4
-19.8,-40.1,EXTERNAL,4
-7.6,-38.9,REGIONAL,4
-20.6,-40.3,INTERNAL,4
-30.4,-52.5,REGIONAL,4
-22.6,-40.0,INTERNAL,4
-21.4,-40.6,INTERNAL,4
-8.7,-63.6,REGIONAL,4
-15.1,-39.0,INTERNAL,4
-11.8,-49.7,REGIONAL,4
-25.9,-45.0,INTERNAL,4
-12.7,-39.5,REGIONAL,4
-17.7,-39.1,INTERNAL,4
-22.6,-52.9,REGIONAL,4
-14.7,-43.9,REGIONAL,4
-22.3,-42.9,EXTERNAL,4
-19.6,-44.5,EXTERNAL,4
-2.2,-49.5,REGIONAL,4
-15.9,-54.9,REGIONAL,4
-4.6,-44.6,EXTERNAL,4
-15.7,-43.2,REGIONAL,4
-7.4,-39.3,EXTERNAL,4
-11.4,-61.5,EXTERNAL,4
-5.0,-42.4,REGIONAL,4
-15.0,-50.0,EXTERNAL,4
-23.4,-49.7,EXTERNAL,4
-1.3,-48.3,REGIONAL,4
-15.2,-40.3,EXTERNAL,4
-21.9,-41.3,REGIONAL,4
-6.3,-38.0,REGIONAL,4
-22.5,-48.1,INTERNAL,4
-3.5,-64.6,REGIONAL,4
-9.0,-63.0,REGIONAL,4
-32.4,-50.3,EXTERNAL,4
-5.5,-36.4,REGIONAL,4
2.2,-54.4,EXTERNAL,4
-29.0,-49.7,REGIONAL,4
-5.0,-53.5,REGIONAL,4
-22.5,-45.7,EXTERNAL,4
-21.3,-49.1,INTERNAL,4
-22.9,-44.7,REGIONAL,4
-14.6,-39.4,INTERNAL,4
-19.4,-49.7,REGIONAL,4
-5.1,-35.7,INTERNAL,4
-21.0,-42.6,REGIONAL,4
-15.4,-55.4,EXTERNAL,4
-9.5,-44.6,REGIONAL,4
-21.7,-48.9,INTERNAL,4
-20.6,-42.1,REGIONAL,4
-6.0,-35.4,EXTERNAL,4
-3.3,-60.3,EXTERNAL,4
-4.6,-42.9,REGIONAL,4
-20.7,-42.4,EXTERNAL,4
-0.8,-46.7,INTERNAL,4
-22.2,-51.7,REGIONAL,4
-12.8,-39.9,REGIONAL,4
-12.8,-39.7,EXTERNAL,4
-20.7,-44.8,EXTERNAL,4
-18.6,-47.9,REGIONAL,4
-22.8,-46.0,EXTERNAL,4
-15.1,-41.4,EXTERNAL,4
-20.7,-50.6,EXTERNAL,4
-23.9,-49.8,EXTERNAL,4
-25.2,-54.2,REGIONAL,4
-24.8,-48.5,INTERNAL,4
-29.9,-51.5,EXTERNAL,4
-13.7,-40.2,REGIONAL,4
-16.3,-49.4,REGIONAL,4
-4.1,-38.9,EXTERNAL,4
-25.5,-54.1,REGIONAL,4
-8.4,-36.6,REGIONAL,4
-26.7,-51.1,REGIONAL,4
-8.5,-37.1,REGIONAL,4
-10.5,-40.3,EXTERNAL,4
-21.2,-43.6,REGIONAL,4
-16.1,-59.6,REGIONAL,4
-22.7,-54.9,REGIONAL,4
-12.3,-44.9,REGIONAL,4
-27.0,-53.4,REGIONAL,4
-24.8,-54.3,EXTERNAL,4
-18.4,-44.6,REGIONAL,4
-2.7,-59.7,INTERNAL,4
-3.1,-61.1,REGIONAL,4
-20.9,-45.3,EXTERNAL,4
-19.2,-47.9,REGIONAL,4
-6.2,-36.6,REGIONAL,4
-21.3,-47.6,REGIONAL,4
-7.9,-48.4,REGIONAL,4
-24.6,-54.0,EXTERNAL,4
-18.3,-39.7,REGIONAL,4
-22.1,-47.0,INTERNAL,4
-22.3,-44.7,INTERNAL,4
-20.6,-49.4,INTERNAL,4
-30.3,-52.3,REGIONAL,4
-28.7,-53.6,EXTERNAL,4
-21.7,-45.4,REGIONAL,4
-20.0,-40.6,EXTERNAL,4
-29.3,-51.3,EXTERNAL,4
-28.1,-54.6,REGIONAL,4
-19.8,-44.6,EXTERNAL,4
-22.2,-46.0,EXTERNAL,4
-26.0,-48.9,INTERNAL,4
-26.1,-49.0,INTERNAL,4
-23.5,-47.9,EXTERNAL,4
-19.8,-56.0,REGIONAL,4
-15.6,-48.0,INTERNAL,4
-29.2,-52.2,REGIONAL,4
-17.4,-44.8,REGIONAL,4
-7.2,-37.3,EXTERNAL,4
-29.4,-56.6,REGIONAL,4
-2.3,-48.6,EXTERNAL,4
-17.0,-45.7,REGIONAL,4
-27.5,-53.4,EXTERNAL,4
-1.7,-56.0,REGIONAL,4
-7.6,-38.6,REGIONAL,4
-21.9,-48.3,INTERNAL,4
-8.4,-71.2,REGIONAL,4
-21.1,-46.4,EXTERNAL,4
-2.1,-55.2,REGIONAL,4
-8.9,-71.9,REGIONAL,4
-29.9,-50.5,REGIONAL,4
-3.0,-61.3,REGIONAL,4
-18.1,-57.4,REGIONAL,4
-19.8,-40.5,EXTERNAL,4
-3.5,-44.5,REGIONAL,4
-33.2,-53.0,REGIONAL,4
-14.7,-47.5,EXTERNAL,4
-7.8,-72.6,EXTERNAL,4
-9.9,-38.8,REGIONAL,4
-17.0,-47.8,REGIONAL,4
-5.0,-47.6,REGIONAL,4
-11.5,-39.4,REGIONAL,4
0.9,-59.9,EXTERNAL,3
-23.8,-53.1,EXTERNAL,3
-16.1,-56.2,REGIONAL,3
-14.9,-46.2,REGIONAL,3
-25.2,-47.2,INTERNAL,3
-8.7,-39.1,REGIONAL,3
-6.8,-40.0,REGIONAL,3
-8.3,-37.1,REGIONAL,3
-16.4,-42.5,REGIONAL,3
-20.7,-54.7,REGIONAL,3
-16.4,-45.1,REGIONAL,3
-8.6,-67.4,REGIONAL,3
-7.5,-36.1,REGIONAL,3
-7.6,-60.6,REGIONAL,3
-15.3,-45.6,REGIONAL,3
-2.3,-60.9,REGIONAL,3
-11.0,-41.4,REGIONAL,3
-15.8,-57.2,REGIONAL,3
-17.7,-43.4,REGIONAL,3
-9.2,-38.3,REGIONAL,3
-8.4,-44.0,REGIONAL,3
-10.0,-68.0,EXTERNAL,3
-21.0,-46.5,REGIONAL,3
-23.0,-41.0,REGIONAL,3
-14.0,-48.1,REGIONAL,3
-9.0,-68.0,EXTERNAL,3
-29.5,-52.5,REGIONAL,3
-10.2,-65.2,EXTERNAL,3
-16.8,-51.9,EXTERNAL,3
-25.6,-54.0,EXTERNAL,3
-7.8,-63.6,EXTERNAL,3
-8.3,-35.7,EXTERNAL,3
-23.8,-50.1,REGIONAL,3
-17.8,-49.1,REGIONAL,3
-5.8,-43.8,REGIONAL,3
-15.2,-59.0,EXTERNAL,3
-21.0,-48.8,REGIONAL,3
-21.1,-46.4,REGIONAL,3
-27.7,-54.0,EXTERNAL,3
-6.9,-42.9,REGIONAL,3
-5.6,-62.2,EXTERNAL,3
4.6,-47.9,REGIONAL,3
-23.7,-52.5,REGIONAL,3
-14.0,-52.2,EXTERNAL,3
-24.8,-48.4,REGIONAL,3
1.1,-51.9,REGIONAL,3
-20.1,-47.3,EXTERNAL,3
2.8,-52.5,REGIONAL,3
-28.8,-55.2,REGIONAL,3
-28.4,-49.7,REGIONAL,3
-32.7,-52.7,REGIONAL,3
-16.8,-43.2,REGIONAL,3
-13.3,-38.5,REGIONAL,3
-11.4,-37.5,REGIONAL,3
-15.7,-46.5,REGIONAL,3
-14.0,-41.8,REGIONAL,3
-7.3,-38.1,REGIONAL,3
-26.2,-53.0,EXTERNAL,3
-29.1,-51.6,REGIONAL,3
-16.4,-58.4,REGIONAL,3
-10.0,-45.4,REGIONAL,3
-13.0,-48.4,REGIONAL,3
-15.2,-57.4,REGIONAL,3
-14.8,-49.3,REGIONAL,3
-28.5,-55.1,REGIONAL,3
-9.6,-40.7,REGIONAL,3
-11.1,-38.5,EXTERNAL,3
-14.6,-56.3,EXTERNAL,3
-15.5,-55.9,REGIONAL,3
-2.5,-66.1,REGIONAL,3
-8.0,-72.0,REGIONAL,3
-19.5,-55.0,REGIONAL,3
-8.5,-36.0,EXTERNAL,3
-24.8,-47.7,EXTERNAL,3
-8.7,-42.7,REGIONAL,3
-23.8,-53.9,EXTERNAL,3
-9.5,-35.7,EXTERNAL,3
-18.3,-38.5,EXTERNAL,3
-25.4,-51.2,REGIONAL,3
-28.2,-49.2,EXTERNAL,3
-11.4,-61.4,REGIONAL,3
-26.7,-46.5,INTERNAL,3
-6.5,-34.5,REGIONAL,3
-27.1,-47.9,INTERNAL,3
-17.5,-38.5,REGIONAL,3
-26.8,-46.6,INTERNAL,3
-22.5,-52.9,REGIONAL,3
-17.9,-40.2,REGIONAL,3
-22.8,-42.6,EXTERNAL,3
-9.7,-56.7,REGIONAL,3
-22.1,-42.7,EXTERNAL,3
-17.0,-50.1,REGIONAL,3
-26.9,-53.5,REGIONAL,3
-20.7,-48.7,EXTERNAL,3
-3.3,-39.4,EXTERNAL,3
-4.6,-40.2,REGIONAL,3
-3.3,-52.4,REGIONAL,3
-10.3,-62.1,REGIONAL,3
-6.5,-68.0,REGIONAL,3
-13.8,-41.8,EXTERNAL,3
-30.3,-54.2,EXTERNAL,3
-10.2,-37.4,REGIONAL,3
-18.1,-37.3,INTERNAL,3
-29.4,-53.1,REGIONAL,3
-12.1,-64.2,REGIONAL,3
-30.5,-46.5,REGIONAL,3
-3.8,-40.7,REGIONAL,3
-12.0,-58.0,EXTERNAL,3
-0.1,-67.0,REGIONAL,3
-30.7,-54.1,REGIONAL,3
-1.0,-48.0,REGIONAL,3
-14.9,-55.9,REGIONAL,3
-20.2,-56.1,REGIONAL,3
-18.3,-43.6,INTERNAL,3
-15.3,-44.3,EXTERNAL,3
-20.7,-49.0,EXTERNAL,3
-9.8,-45.4,REGIONAL,3
-19.3,-42.5,REGIONAL,3
-16.0,-48.5,REGIONAL,3
-7.4,-36.9,REGIONAL,3
-13.2,-41.4,REGIONAL,3
-21.9,-48.0,INTERNAL,3
-13.7,-41.0,EXTERNAL,3
-8.3,-49.4,REGIONAL,3
-7.1,-41.7,REGIONAL,3
-18.2,-40.4,REGIONAL,3
1.0,-51.3,EXTERNAL,3
-5.7,-52.7,REGIONAL,3
-19.8,-56.2,REGIONAL,3
-14.5,-42.2,EXTERNAL,3
-4.9,-37.0,REGIONAL,3
-26.3,-53.6,EXTERNAL,3
-17.0,-48.6,EXTERNAL,3
-19.1,-44.3,EXTERNAL,3
-18.5,-49.7,EXTERNAL,3
-13.3,-38.7,EXTERNAL,3
-2.5,-44.5,REGIONAL,3
-22.6,-52.1,REGIONAL,3
-14.8,-55.7,REGIONAL,3
-18.4,-50.3,EXTERNAL,3
-15.8,-42.4,EXTERNAL,3
-18.1,-47.8,EXTERNAL,3
-11.5,-39.4,EXTERNAL,3
-20.3,-50.0,INTERNAL,3
-11.2,-38.0,EXTERNAL,3
-22.3,-51.0,INTERNAL,3
-23.9,-52.1,REGIONAL,3
-24.8,-48.0,INTERNAL,3
0.0,-51.2,INTERNAL,3
-23.1,-44.9,INTERNAL,3
-16.9,-43.9,EXTERNAL,3
-21.4,-44.0,EXTERNAL,3
-20.9,-44.9,EXTERNAL,3
-4.8,-53.6,REGIONAL,3
-26.8,-49.0,INTERNAL,3
-12.5,-41.2,REGIONAL,3
-22.8,-47.3,INTERNAL,3
-23.5,-51.0,EXTERNAL,3
-28.2,-49.3,EXTERNAL,3
-20.5,-41.4,EXTERNAL,3
-14.0,-52.5,EXTERNAL,3
1.5,-29.0,REGIONAL,3
-6.1,-35.3,EXTERNAL,3
-8.1,-42.9,REGIONAL,3
-9.0,-70.8,REGIONAL,3
-23.0,-49.1,EXTERNAL,3
-13.6,-44.5,REGIONAL,3
-5.3,-44.6,REGIONAL,3
-18.6,-41.2,REGIONAL,3
-29.9,-50.6,REGIONAL,3
-30.2,-54.9,REGIONAL,3
-17.8,-41.5,REGIONAL,3
-13.3,-60.2,REGIONAL,3
-26.8,-50.7,REGIONAL,3
-13.9,-41.2,REGIONAL,3
-17.7,-48.7,EXTERNAL,3
-29.3,-56.6,EXTERNAL,3
-3.1,-44.3,REGIONAL,3
-27.1,-52.4,EXTERNAL,3
-9.8,-37.3,REGIONAL,3
-1.6,-38.1,INTERNAL,3
-20.5,-45.8,REGIONAL,3
-24.3,-48.2,REGIONAL,3
-5.0,-36.7,INTERNAL,3
-21.1,-45.8,EXTERNAL,3
-6.7,-39.8,REGIONAL,3
-7.8,-72.7,INTERNAL,3
1.8,-63.8,REGIONAL,3
-24.6,-52.8,REGIONAL,3
-3.4,-37.8,REGIONAL,3
-60.7,-60.7,REGIONAL,3
4.1,-30.0,REGIONAL,3
-27.8,-47.3,INTERNAL,3
-6.9,-39.6,EXTERNAL,3
-3.6,-40.4,EXTERNAL,3
-20.3,-45.8,REGIONAL,3
-23.1,-49.9,REGIONAL,3
-21.5,-40.3,INTERNAL,3
-22.1,-47.4,REGIONAL,3
-19.8,-37.9,INTERNAL,3
-5.4,-43.5,REGIONAL,3
-0.9,-61.6,REGIONAL,3
-27.2,-51.1,REGIONAL,3
-20.3,-50.8,REGIONAL,3
-13.7,-46.3,EXTERNAL,3
-27.5,-53.2,EXTERNAL,3
-4.1,-46.3,REGIONAL,3
-15.5,-48.6,REGIONAL,3
-14.0,-41.1,REGIONAL,3
-21.3,-48.4,EXTERNAL,3
-20.2,-55.1,REGIONAL,3
-2.8,-61.0,REGIONAL,3
-20.2,-44.3,EXTERNAL,3
-21.2,-47.6,REGIONAL,3
-21.2,-39.7,INTERNAL,3
-23.8,-41.2,INTERNAL,3
-27.8,-49.9,REGIONAL,3
-11.7,-41.3,EXTERNAL,3
-19.8,-45.5,REGIONAL,3
-3.7,-49.7,REGIONAL,3
-25.2,-47.7,INTERNAL,3
-29.5,-54.7,REGIONAL,3
-26.5,-52.2,REGIONAL,3
-6.8,-51.2,EXTERNAL,3
-15.0,-51.0,REGIONAL,3
-27.9,-51.4,REGIONAL,3
-26.9,-53.6,REGIONAL,3
-6.0,-47.4,EXTERNAL,3
-27.3,-48.7,REGIONAL,3
-24.9,-50.0,REGIONAL,3
-18.5,-48.1,REGIONAL,3
-25.3,-54.3,REGIONAL,3
-28.6,-49.6,EXTERNAL,3
-9.2,-61.8,EXTERNAL,3
-27.6,-53.2,REGIONAL,3
-31.7,-52.8,EXTERNAL,3
-10.1,-45.2,REGIONAL,3
-21.4,-57.9,REGIONAL,3
-18.1,-43.2,REGIONAL,3
-16.0,-57.3,REGIONAL,3
-22.0,-51.5,EXTERNAL,3
-16.3,-49.3,REGIONAL,3
-4.3,-38.7,EXTERNAL,3
-20.4,-52.9,EXTERNAL,3
-26.7,-51.0,REGIONAL,3
-13.3,-51.5,REGIONAL,3
-25.1,-48.0,EXTERNAL,3
-31.5,-51.5,REGIONAL,3
-2.8,-47.6,REGIONAL,3
-4.4,-64.7,REGIONAL,3
-26.0,-51.0,EXTERNAL,3
-19.4,-42.1,REGIONAL,3
-13.8,-39.1,REGIONAL,3
-17.9,-39.8,EXTERNAL,3
-0.6,-49.6,REGIONAL,3
-6.6,-35.2,EXTERNAL,3
-29.4,-52.2,REGIONAL,3
-15.3,-57.9,REGIONAL,3
-14.2,-46.4,REGIONAL,3
-29.1,-51.6,EXTERNAL,3
-22.8,-55.4,REGIONAL,3
-11.2,-42.3,REGIONAL,3
-18.7,-48.9,REGIONAL,3
-0.6,-47.3,EXTERNAL,3
-21.6,-41.4,REGIONAL,3
-18.8,-46.4,REGIONAL,3
-19.4,-57.3,REGIONAL,3
-27.0,-49.2,EXTERNAL,3
-15.0,-49.5,REGIONAL,3
-1.6,-48.6,REGIONAL,3
-21.2,-44.7,REGIONAL,3
-6.2,-47.5,REGIONAL,3
-19.3,-44.1,EXTERNAL,3
-0.5,-46.5,REGIONAL,3
-21.8,-42.8,EXTERNAL,3
-9.6,-36.3,REGIONAL,3
-11.2,-37.0,REGIONAL,3
-16.5,-47.9,REGIONAL,3
-9.4,-68.9,REGIONAL,3
-6.5,-34.8,INTERNAL,3
-16.9,-57.4,REGIONAL,3
-11.8,-64.2,REGIONAL,3
-24.2,-48.7,REGIONAL,3
-8.5,-35.4,REGIONAL,3
-2.2,-59.1,REGIONAL,3
-31.5,-48.5,REGIONAL,3
-10.9,-70.3,REGIONAL,3
-6.0,-44.3,REGIONAL,3
-26.6,-51.6,INTERNAL,3
-28.5,-52.0,EXTERNAL,3
-17.6,-56.7,REGIONAL,3
-7.0,-40.9,REGIONAL,3
-15.3,-56.0,REGIONAL,3
-11.1,-40.6,REGIONAL,3
-8.3,-36.6,REGIONAL,3
-19.4,-44.4,REGIONAL,3
-27.0,-52.6,EXTERNAL,3
-10.3,-46.6,REGIONAL,3
-13.5,-56.8,REGIONAL,3
-16.5,-49.3,REGIONAL,3
-9.3,-56.0,REGIONAL,3
-12.2,-47.1,REGIONAL,3
-12.6,-38.6,REGIONAL,3
-3.7,-53.8,REGIONAL,3
-28.4,-56.0,EXTERNAL,3
-2.5,-45.1,REGIONAL,3
-29.6,-53.4,EXTERNAL,3
-6.3,-49.8,REGIONAL,3
-15.6,-39.5,REGIONAL,3
-18.5,-39.7,REGIONAL,3
-20.7,-43.6,EXTERNAL,3
-7.0,-41.4,REGIONAL,3
-20.9,-42.1,EXTERNAL,3
-9.7,-37.7,EXTERNAL,3
-8.6,-41.4,REGIONAL,3
-25.2,-51.5,REGIONAL,3
-23.8,-52.4,EXTERNAL,3
-21.6,-45.5,REGIONAL,3
-29.8,-50.7,EXTERNAL,3
-28.1,-49.3,EXTERNAL,3
-11.1,-42.1,EXTERNAL,3
-3.9,-45.2,REGIONAL,3
-20.9,-49.6,EXTERNAL,3
-15.2,-56.4,REGIONAL,3
-18.0,-39.9,EXTERNAL,3
-29.3,-50.2,REGIONAL,3
-10.7,-38.5,EXTERNAL,3
-23.9,-47.6,EXTERNAL,3
-20.2,-48.7,EXTERNAL,3
-20.3,-47.1,REGIONAL,3
-27.2,-52.4,EXTERNAL,3
-10.8,-55.5,EXTERNAL,3
-25.6,-48.7,EXTERNAL,3
-5.7,-35.9,REGIONAL,3
-21.1,-44.9,EXTERNAL,3
-24.1,-45.4,REGIONAL,3
-5.7,-37.5,REGIONAL,3
-20.3,-53.1,REGIONAL,3
-9.4,-37.2,EXTERNAL,3
-1.9,-50.5,REGIONAL,3
-9.5,-38.3,REGIONAL,3
-1.7,-52.5,REGIONAL,3
-8.6,-37.7,REGIONAL,3
-28.7,-51.6,REGIONAL,3
-21.1,-45.6,REGIONAL,3
-22.8,-43.9,REGIONAL,3
-20.0,-53.0,EXTERNAL,3
-23.4,-51.3,EXTERNAL,3
-12.4,-42.9,EXTERNAL,3
-20.4,-50.5,INTERNAL,3
-1.1,-47.6,REGIONAL,3
-10.6,-41.5,REGIONAL,3
-27.6,-49.0,EXTERNAL,3
-15.8,-52.7,REGIONAL,3
-18.2,-53.7,REGIONAL,3
-24.0,-48.4,EXTERNAL,3
-21.3,-54.2,EXTERNAL,3
-21.3,-50.6,INTERNAL,3
-21.8,-52.2,INTERNAL,3
-20.6,-39.8,REGIONAL,3
-9.5,-56.5,REGIONAL,3
-8.8,-36.4,EXTERNAL,3
-21.3,-49.5,EXTERNAL,3
-9.4,-70.5,REGIONAL,3
-8.8,-69.2,REGIONAL,3
-21.3,-51.9,REGIONAL,3
-28.8,-49.5,EXTERNAL,3
-16.2,-40.9,REGIONAL,3
-7.6,-35.5,EXTERNAL,3
-13.9,-39.5,EXTERNAL,3
-23.5,-45.5,INTERNAL,3
-26.7,-49.1,EXTERNAL,3
3.4,-59.8,REGIONAL,3
-16.2,-50.3,REGIONAL,3
-21.6,-51.4,REGIONAL,3
-18.7,-44.4,REGIONAL,3
-15.7,-46.4,REGIONAL,3
-26.9,-52.8,EXTERNAL,3
-4.1,-46.2,REGIONAL,3
-15.9,-59.5,INTERNAL,3
-21.8,-54.0,REGIONAL,3
-16.5,-49.1,EXTERNAL,3
-29.8,-53.9,REGIONAL,3
-27.3,-53.8,REGIONAL,3
1.6,-61.2,REGIONAL,3
-6.2,-44.4,REGIONAL,3
-21.6,-51.6,REGIONAL,3
-21.2,-41.6,REGIONAL,3
-29.6,-51.5,REGIONAL,3
-18.0,-47.3,REGIONAL,3
-9.1,-63.9,EXTERNAL,3
-10.8,-48.0,REGIONAL,3
-19.2,-43.0,REGIONAL,3
-9.6,-64.8,EXTERNAL,3
-23.7,-45.5,INTERNAL,3
-7.3,-48.6,EXTERNAL,3
-29.4,-49.6,REGIONAL,3
-14.0,-59.7,EXTERNAL,3
-3.0,-32.0,EXTERNAL,3
-15.2,-59.1,EXTERNAL,3
-12.6,-38.8,EXTERNAL,3
-17.2,-46.7,REGIONAL,3
-16.4,-49.4,EXTERNAL,3
-8.5,-37.9,REGIONAL,3
-15.0,-56.4,EXTERNAL,3
-28.8,-48.8,REGIONAL,3
-23.3,-45.2,EXTERNAL,3
-27.2,-53.4,REGIONAL,3
-23.9,-52.8,REGIONAL,3
-3.7,-41.1,REGIONAL,3
-7.1,-44.9,REGIONAL,3
-25.1,-48.1,INTERNAL,3
-3.8,-59.9,EXTERNAL,3
-20.9,-51.5,REGIONAL,3
-21.3,-42.2,INTERNAL,3
-9.0,-36.5,EXTERNAL,3
-10.6,-38.3,EXTERNAL,3
-5.4,-40.4,REGIONAL,3
-8.1,-42.1,REGIONAL,3
-28.1,-54.7,EXTERNAL,3
-8.5,-42.4,REGIONAL,3
-9.7,-64.9,EXTERNAL,3
-21.7,-56.8,REGIONAL,3
-12.3,-40.6,REGIONAL,3
-15.0,-59.6,REGIONAL,3
-16.5,-49.8,REGIONAL,3
-2.8,-48.9,REGIONAL,3
-16.4,-49.7,EXTERNAL,3
-16.4,-51.6,REGIONAL,3
-27.1,-53.5,REGIONAL,3
1.3,-30.9,REGIONAL,3
-16.2,-58.5,REGIONAL,3
-23.6,-51.6,REGIONAL,3
-9.6,-37.3,REGIONAL,3
1.3,-31.1,REGIONAL,3
-18.7,-48.4,EXTERNAL,3
-20.7,-49.4,REGIONAL,3
-13.7,-39.2,EXTERNAL,3
-24.5,-53.7,REGIONAL,3
-15.9,-52.4,REGIONAL,3
-20.1,-42.0,REGIONAL,3
-17.2,-41.7,REGIONAL,3
-8.3,-49.2,EXTERNAL,3
-28.3,-50.6,EXTERNAL,3
-21.3,-49.1,EXTERNAL,3
-17.4,-41.7,REGIONAL,3
-17.1,-45.9,REGIONAL,3
-4.6,-66.7,REGIONAL,3
-3.7,-40.8,REGIONAL,3
-8.4,-63.8,REGIONAL,3
-7.4,-60.8,REGIONAL,3
-4.8,-44.3,REGIONAL,3
-17.1,-49.7,REGIONAL,3
-28.9,-51.9,REGIONAL,3
-33.5,-49.5,REGIONAL,3
-22.3,-47.6,EXTERNAL,3
1.9,-29.2,REGIONAL,3
-20.2,-41.2,REGIONAL,3
-27.8,-49.0,EXTERNAL,3
-5.0,-43.4,REGIONAL,3
-28.1,-49.7,EXTERNAL,3
-20.7,-56.6,REGIONAL,3
-18.6,-42.8,EXTERNAL,3
-15.8,-38.5,REGIONAL,3
-2.2,-54.9,REGIONAL,3
-6.2,-39.3,REGIONAL,3
-30.9,-53.6,EXTERNAL,3
-19.6,-47.7,REGIONAL,3
-16.6,-43.8,REGIONAL,3
-14.3,-38.8,REGIONAL,3
-29.3,-51.7,REGIONAL,3
-7.0,-34.9,EXTERNAL,3
-22.1,-54.6,EXTERNAL,3
-22.1,-46.5,REGIONAL,3
-15.5,-47.1,EXTERNAL,3
-11.7,-39.8,EXTERNAL,3
-30.4,-56.5,EXTERNAL,3
-2.5,-40.5,REGIONAL,3
-11.8,-39.0,INTERNAL,3
-7.4,-60.6,REGIONAL,3
-5.5,-43.0,EXTERNAL,3
-7.2,-37.2,EXTERNAL,3
-22.8,-49.6,EXTERNAL,3
-21.4,-46.1,EXTERNAL,3
-0.3,-65.4,REGIONAL,3
-22.0,-50.1,EXTERNAL,3
-23.0,-43.4,INTERNAL,3
-20.8,-50.7,REGIONAL,3
-11.1,-37.4,REGIONAL,3
-7.2,-35.5,REGIONAL,3
-19.5,-38.8,EXTERNAL,3
-15.4,-43.0,REGIONAL,3
-11.0,-38.8,EXTERNAL,3
-22.3,-45.6,EXTERNAL,3
-21.0,-42.4,REGIONAL,3
-20.1,-47.4,EXTERNAL,3
-24.0,-48.8,EXTERNAL,3
-9.7,-36.5,EXTERNAL,3
-8.6,-39.5,REGIONAL,3
-22.7,-48.6,INTERNAL,3
1.7,-61.2,REGIONAL,3
-8.5,-38.0,REGIONAL,3
-14.8,-60.1,EXTERNAL,3
-18.8,-44.1,EXTERNAL,3
-9.9,-48.3,EXTERNAL,3
-19.1,-47.2,EXTERNAL,3
-9.0,-48.2,EXTERNAL,3
-29.6,-52.1,EXTERNAL,3
-5.0,-36.0,EXTERNAL,3
-27.7,-49.9,REGIONAL,3
-15.6,-43.6,EXTERNAL,3
-20.1,-50.9,EXTERNAL,3
-13.8,-47.4,EXTERNAL,3
-22.7,-44.3,EXTERNAL,3
-14.4,-48.1,REGIONAL,3
-9.3,-49.7,REGIONAL,3
-16.4,-48.3,REGIONAL,3
-8.4,-35.8,EXTERNAL,3
-10.2,-34.6,REGIONAL,3
-23.4,-50.0,EXTERNAL,3
-10.2,-35.7,REGIONAL,3
-14.8,-52.3,REGIONAL,3
-22.7,-31.8,REGIONAL,3
-7.5,-72.5,REGIONAL,3
-12.4,-54.8,REGIONAL,3
-24.1,-49.4,EXTERNAL,3
-10.8,-36.0,EXTERNAL,3
-7.6,-73.6,REGIONAL,3
-26.2,-49.5,EXTERNAL,3
-21.1,-42.2,REGIONAL,3
-3.3,-30.0,REGIONAL,3
-26.7,-48.6,REGIONAL,3
-5.2,-43.2,REGIONAL,3
2.9,-60.8,REGIONAL,3
-8.8,-35.1,EXTERNAL,3
-6.1,-36.1,REGIONAL,3
-24.1,-49.2,REGIONAL,3
-24.4,-50.8,REGIONAL,3
-11.9,-55.7,REGIONAL,3
-25.4,-54.5,EXTERNAL,3
-27.8,-53.8,EXTERNAL,3
-24.6,-52.3,REGIONAL,3
-19.0,-43.5,EXTERNAL,3
-23.0,-53.0,EXTERNAL,3
-28.7,-49.2,EXTERNAL,3
-21.2,-47.5,EXTERNAL,3
-17.0,-43.2,REGIONAL,3
-15.3,-47.4,EXTERNAL,3
-9.2,-36.2,REGIONAL,3
-23.6,-46.0,INTERNAL,3
-21.8,-41.6,EXTERNAL,3
-20.4,-45.8,REGIONAL,3
-18.0,-38.2,REGIONAL,3
-9.2,-64.0,REGIONAL,3
-6.8,-51.1,REGIONAL,3
-25.2,-48.9,EXTERNAL,3
-10.9,-38.4,EXTERNAL,3
-7.8,-62.3,REGIONAL,3
-17.8,-51.8,REGIONAL,3
-20.1,-44.7,EXTERNAL,3
-16.8,-50.1,EXTERNAL,3
-4.5,-53.8,REGIONAL,3
-27.8,-50.4,REGIONAL,3
-21.2,-42.2,REGIONAL,3
-16.5,-37.5,REGIONAL,3
-19.1,-46.9,REGIONAL,3
-9.8,-68.0,EXTERNAL,3
-29.2,-49.9,EXTERNAL,3
-12.0,-48.6,REGIONAL,3
-10.1,-68.0,REGIONAL,3
-26.7,-53.7,REGIONAL,3
-9.3,-50.4,REGIONAL,3
-0.6,-62.9,REGIONAL,3
-18.2,-44.2,REGIONAL,3
-9.7,-40.4,REGIONAL,3
-21.9,-44.9,REGIONAL,3
-1.2,-50.9,REGIONAL,3
-23.1,-52.6,REGIONAL,3
-13.2,-47.2,REGIONAL,3
-17.1,-43.2,REGIONAL,3
-9.6,-67.6,EXTERNAL,3
-4.2,-44.3,EXTERNAL,3
-3.1,-55.0,REGIONAL,3
-7.1,-43.4,REGIONAL,3
-11.3,-59.1,REGIONAL,3
-17.0,-43.4,REGIONAL,3
-13.8,-61.3,EXTERNAL,3
-20.9,-47.8,REGIONAL,3
-2.9,-40.6,REGIONAL,3
-29.7,-53.6,EXTERNAL,3
-13.2,-41.6,REGIONAL,3
-2.9,-40.3,REGIONAL,3
-7.9,-49.4,REGIONAL,3
-15.1,-56.8,REGIONAL,3
-25.2,-50.9,REGIONAL,3
-23.9,-41.7,INTERNAL,3
-23.2,-47.6,REGIONAL,3
-12.3,-38.2,EXTERNAL,3
-20.2,-49.1,REGIONAL,3
-9.2,-39.7,REGIONAL,3
-10.8,-41.3,REGIONAL,3
-20.8,-51.7,INTERNAL,3
-22.2,-46.3,REGIONAL,3
-4.2,-44.2,REGIONAL,3
-20.3,-36.6,EXTERNAL,3
-26.0,-45.6,INTERNAL,3
-9.1,-35.2,INTERNAL,3
-25.6,-52.4,REGIONAL,3
-9.0,-42.8,REGIONAL,3
-17.8,-35.9,EXTERNAL,3
-19.8,-44.6,REGIONAL,3
-3.5,-41.6,REGIONAL,3
-15.3,-43.7,EXTERNAL,3
-10.6,-49.3,REGIONAL,3
-17.7,-41.7,REGIONAL,3
-3.5,-60.1,REGIONAL,3
-1.4,-45.7,REGIONAL,3
-17.4,-57.0,REGIONAL,3
-5.8,-40.7,REGIONAL,3
-8.7,-63.8,REGIONAL,3
-25.0,-45.5,INTERNAL,3
-24.1,-53.8,EXTERNAL,3
-3.7,-37.9,INTERNAL,3
-9.9,-55.7,REGIONAL,3
-18.2,-46.7,REGIONAL,3
-26.6,-52.3,EXTERNAL,3
-24.6,-52.8,EXTERNAL,3
-3.5,-40.2,EXTERNAL,3
-21.9,-53.3,EXTERNAL,3
-6.5,-36.1,REGIONAL,3
-25.1,-48.8,EXTERNAL,3
-19.8,-37.8,INTERNAL,3
-19.3,-42.5,EXTERNAL,3
-19.2,-47.0,REGIONAL,3
-22.9,-54.6,REGIONAL,3
-22.6,-45.7,EXTERNAL,3
-5.1,-43.2,REGIONAL,3
-10.5,-35.5,REGIONAL,3
-0.5,-45.5,REGIONAL,3
-15.6,-39.3,REGIONAL,3
-14.9,-44.0,EXTERNAL,3
-3.7,-49.7,EXTERNAL,3
-27.9,-55.1,EXTERNAL,3
-18.2,-57.5,REGIONAL,3
-20.9,-56.7,INTERNAL,3
-13.7,-57.9,REGIONAL,3
-29.8,-50.8,EXTERNAL,3
-16.6,-39.1,INTERNAL,3
-10.2,-62.9,REGIONAL,3
1.8,-61.1,INTERNAL,3
-29.5,-54.7,EXTERNAL,3
-24.1,-46.8,INTERNAL,3
-22.9,-51.4,EXTERNAL,3
-21.6,-46.7,EXTERNAL,3
-27.0,-50.3,REGIONAL,3
-22.6,-46.8,REGIONAL,3
-1.8,-49.9,REGIONAL,3
1.1,-32.7,REGIONAL,3
-7.8,-63.2,REGIONAL,3
-9.5,-55.7,REGIONAL,3
-22.6,-51.9,INTERNAL,3
1.4,-32.6,REGIONAL,3
1.1,-32.4,REGIONAL,3
2.4,-30.7,REGIONAL,3
-2.4,-40.5,REGIONAL,3
-18.1,-43.5,EXTERNAL,3
-27.2,-52.5,EXTERNAL,3
-13.8,-60.1,REGIONAL,3
-24.1,-49.1,EXTERNAL,3
-26.9,-51.8,REGIONAL,3
-24.7,-50.7,EXTERNAL,3
-8.1,-37.6,EXTERNAL,3
-12.5,-38.6,EXTERNAL,3
-20.5,-49.2,EXTERNAL,3
-22.6,-48.7,REGIONAL,3
-16.3,-48.4,EXTERNAL,3
-6.3,-36.6,REGIONAL,3
-24.4,-45.7,INTERNAL,3
-29.4,-50.3,INTERNAL,3
-7.5,-63.4,REGIONAL,3
-11.3,-41.1,REGIONAL,3
-23.6,-54.4,REGIONAL,3
-23.6,-48.4,EXTERNAL,3
-31.5,159.1,INTERNAL,3
-10.2,-63.8,REGIONAL,3
-28.2,-49.7,REGIONAL,3
-21.1,-53.1,REGIONAL,3
-7.3,-35.2,REGIONAL,3
-32.1,-52.5,REGIONAL,3
-23.3,-52.1,EXTERNAL,3
-9.3,-72.7,REGIONAL,3
-15.7,-51.8,REGIONAL,3
-20.3,-45.8,EXTERNAL,3
-16.4,-54.7,REGIONAL,3
-0.6,-52.2,REGIONAL,3
-13.0,-41.6,REGIONAL,3
-15.7,-44.6,REGIONAL,3
-2.2,-61.0,REGIONAL,3
-13.7,-52.0,REGIONAL,3
-12.0,-44.3,REGIONAL,3
-21.8,-54.1,REGIONAL,3
-28.1,-52.0,EXTERNAL,3
-30.2,-54.6,REGIONAL,3
-4.5,-53.6,REGIONAL,3
-10.7,-45.2,REGIONAL,3
-16.3,-51.2,REGIONAL,3
-10.2,-67.8,REGIONAL,3
-15.5,-57.1,REGIONAL,3
-23.9,-53.6,EXTERNAL,3
-28.2,-49.3,REGIONAL,3
-7.0,-42.0,EXTERNAL,3
-11.4,-40.7,REGIONAL,3
-6.4,-36.6,EXTERNAL,3
-28.6,-53.1,REGIONAL,3
-8.3,-36.6,EXTERNAL,3
-29.9,-54.8,REGIONAL,3
-19.7,-55.3,REGIONAL,3
-18.9,-50.6,EXTERNAL,3
-16.9,-39.3,REGIONAL,3
-4.0,-32.3,REGIONAL,3
-19.3,-56.9,REGIONAL,3
-26.1,-53.3,REGIONAL,3
-9.4,-38.0,EXTERNAL,3
-16.6,-40.8,REGIONAL,3
-11.6,-39.5,EXTERNAL,3
-17.0,-39.3,REGIONAL,3
-3.1,-51.7,REGIONAL,3
-22.5,-40.1,INTERNAL,3
-9.0,-34.9,INTERNAL,3
-27.0,-51.5,REGIONAL,3
-9.9,-35.8,INTERNAL,3
-8.3,-34.7,INTERNAL,3
-22.2,-51.1,EXTERNAL,3
-24.0,-43.2,INTERNAL,3
-20.9,-41.1,EXTERNAL,3
-24.6,-53.0,EXTERNAL,3
-20.3,-43.9,EXTERNAL,3
-21.2,-41.6,EXTERNAL,3
-9.1,-63.1,REGIONAL,3
-17.0,-42.2,REGIONAL,3
3.7,-51.8,REGIONAL,3
-16.9,-46.6,REGIONAL,3
-23.3,-50.4,EXTERNAL,3
-23.9,-50.4,EXTERNAL,3
-8.1,-61.8,REGIONAL,3
-29.0,-55.0,REGIONAL,3
-30.6,-53.3,EXTERNAL,3
-12.7,-44.0,EXTERNAL,3
-29.8,-52.4,EXTERNAL,3
-12.0,-40.0,REGIONAL,3
-18.4,-48.1,EXTERNAL,3
-2.9,-41.6,EXTERNAL,3
-11.1,-61.4,REGIONAL,3
-2.4,-45.8,REGIONAL,3
-16.2,-55.8,REGIONAL,3
-9.9,-67.6,REGIONAL,3
-1.1,-47.6,EXTERNAL,3
-18.9,-47.6,EXTERNAL,3
-8.3,-35.9,EXTERNAL,3
-32.1,-52.4,REGIONAL,3
-3.6,-39.1,EXTERNAL,3
-26.2,-49.8,EXTERNAL,3
-28.9,-51.3,EXTERNAL,3
-18.7,-54.4,EXTERNAL,3
-3.5,-41.5,EXTERNAL,3
-20.3,-41.2,EXTERNAL,3
-16.4,-44.2,EXTERNAL,3
-29.1,-51.3,EXTERNAL,3
-2.9,-40.9,EXTERNAL,3
-23.5,-49.4,EXTERNAL,3
-13.3,-56.7,REGIONAL,3
-15.9,-48.8,EXTERNAL,3
-16.3,-53.8,REGIONAL,3
-3.4,-60.2,EXTERNAL,3
-10.5,-63.7,EXTERNAL,3
-7.9,-39.1,REGIONAL,3
-10.5,-46.6,REGIONAL,3
-13.7,-48.1,REGIONAL,3
-5.3,-36.7,REGIONAL,3
-23.4,-47.7,INTERNAL,3
-15.6,-59.0,REGIONAL,3
-15.3,-55.8,EXTERNAL,3
-20.7,-50.1,INTERNAL,3
-20.3,-51.7,INTERNAL,3
-22.2,-56.1,REGIONAL,3
-21.9,-46.4,INTERNAL,3
-30.6,-51.5,REGIONAL,3
-24.0,-46.1,REGIONAL,3
-23.7,-45.0,EXTERNAL,3
-5.1,-38.0,EXTERNAL,3
-16.9,-53.5,EXTERNAL,3
-21.2,-42.8,EXTERNAL,3
-27.0,-50.6,REGIONAL,3
-23.2,-48.3,REGIONAL,3
-14.1,-54.4,REGIONAL,3
-21.6,-45.5,EXTERNAL,3
-11.0,-39.6,EXTERNAL,3
-12.6,-41.7,REGIONAL,3
-8.0,-34.6,REGIONAL,3
-30.7,-53.9,REGIONAL,3
-25.6,-53.1,REGIONAL,3
-28.4,-52.8,REGIONAL,3
-7.4,-73.2,REGIONAL,3
-19.4,-55.6,REGIONAL,3
-25.3,-54.2,EXTERNAL,3
-12.7,-41.8,REGIONAL,3
-29.3,-49.6,REGIONAL,3
-15.7,-38.5,REGIONAL,3
-11.0,-40.3,REGIONAL,3
-12.3,-39.5,REGIONAL,3
-14.4,-47.7,REGIONAL,3
-25.1,-48.7,REGIONAL,3
-22.4,-54.2,EXTERNAL,3
0.8,-50.0,REGIONAL,3
-30.5,-51.5,REGIONAL,3
-24.1,-54.0,REGIONAL,3
-24.9,-52.0,REGIONAL,3
0.2,-50.6,REGIONAL,3
-17.3,-48.9,REGIONAL,3
-5.8,-42.6,REGIONAL,3
-0.9,-62.9,REGIONAL,3
-5.9,-41.0,REGIONAL,3
-14.0,-53.0,EXTERNAL,3
-9.9,-68.2,REGIONAL,3
-22.4,-54.5,REGIONAL,3
-4.1,-40.9,REGIONAL,3
-9.2,-39.1,REGIONAL,3
-6.1,-36.6,REGIONAL,3
-8.0,-54.0,EXTERNAL,3
-25.2,-48.4,EXTERNAL,3
2.3,-61.4,REGIONAL,3
-4.0,-39.6,REGIONAL,3
-2.9,-49.2,REGIONAL,3
-1.3,-47.7,EXTERNAL,3
-7.4,-37.4,REGIONAL,3
-15.4,-29.6,REGIONAL,3
-19.5,-40.3,REGIONAL,3
-22.5,-52.9,EXTERNAL,3
-6.4,-35.7,REGIONAL,3
-22.9,-50.0,REGIONAL,3
-10.8,-39.2,REGIONAL,3
-20.3,-50.2,REGIONAL,3
-21.9,-48.4,REGIONAL,3
-7.2,-44.6,REGIONAL,3
-15.3,-42.0,REGIONAL,3
-17.0,-41.4,REGIONAL,3
-20.6,-44.6,REGIONAL,3
-27.5,-48.9,EXTERNAL,3
-20.6,-40.0,EXTERNAL,3
-1.9,-47.0,REGIONAL,3
-12.3,-37.5,REGIONAL,3
-21.5,-41.6,EXTERNAL,3
-2.5,-43.5,REGIONAL,3
-4.5,-37.5,REGIONAL,3
-8.5,-35.5,REGIONAL,3
1.8,-32.5,REGIONAL,3
-27.1,-51.3,EXTERNAL,3
-10.7,-62.3,REGIONAL,3
-29.2,-51.7,REGIONAL,3
-6.9,-37.6,REGIONAL,3
-26.0,-52.6,EXTERNAL,3
-3.2,-41.9,REGIONAL,3
-6.5,-37.0,REGIONAL,3
-4.3,-41.4,EXTERNAL,3
-10.4,-54.4,EXTERNAL,3
-23.0,-54.2,EXTERNAL,3
-23.0,-49.5,EXTERNAL,3
-21.7,-41.4,EXTERNAL,3
-18.8,-42.4,REGIONAL,3
-29.4,-53.4,EXTERNAL,3
-13.8,-56.8,REGIONAL,3
-28.4,-52.1,REGIONAL,3
-19.9,-54.4,REGIONAL,3
-19.8,-45.7,REGIONAL,3
-8.9,-38.2,REGIONAL,3
-19.9,-48.4,REGIONAL,3
-21.3,-42.7,REGIONAL,3
-0.6,-61.6,REGIONAL,3
-21.3,-51.6,REGIONAL,3
-17.7,-44.2,REGIONAL,3
-18.0,-50.3,REGIONAL,3
-7.8,-37.6,EXTERNAL,3
-19.4,-40.5,REGIONAL,3
-15.5,-55.4,REGIONAL,3
-24.3,-50.2,EXTERNAL,3
-19.8,-43.5,EXTERNAL,3
-14.2,-56.9,REGIONAL,3
-29.4,-52.1,REGIONAL,3
-19.6,-44.4,EXTERNAL,3
-1.0,-50.3,REGIONAL,3
-26.3,-51.0,REGIONAL,3
2.0,-50.8,REGIONAL,3
-2.7,-42.5,EXTERNAL,3
-26.4,-53.1,REGIONAL,3
-27.9,-50.8,REGIONAL,3
-20.8,-44.4,REGIONAL,3
-6.1,-38.9,REGIONAL,3
-16.6,-45.1,REGIONAL,3
-14.5,-38.9,INTERNAL,3
-19.0,-42.6,EXTERNAL,3
-11.6,-55.4,REGIONAL,3
-26.9,-50.7,EXTERNAL,3
-14.2,-42.4,REGIONAL,3
-24.1,-45.6,REGIONAL,3
-15.6,-39.4,REGIONAL,3
-20.4,-45.6,REGIONAL,3
-26.3,-48.7,EXTERNAL,3
-8.2,-64.1,REGIONAL,3
-6.2,-38.4,EXTERNAL,3
-3.4,-47.9,REGIONAL,3
-14.8,-42.4,REGIONAL,3
-26.5,-51.6,REGIONAL,3
-10.0,-41.8,REGIONAL,3
-20.2,-47.0,REGIONAL,3
-1.6,-59.7,REGIONAL,3
-25.2,-50.2,REGIONAL,3
-13.8,-46.9,REGIONAL,3
-10.3,-48.4,REGIONAL,3
-13.4,-39.2,EXTERNAL,3
-24.3,-49.8,EXTERNAL,3
-12.2,-38.5,REGIONAL,3
-6.7,-38.5,REGIONAL,3
-17.9,-38.0,REGIONAL,3
-20.5,-51.3,INTERNAL,3
2.1,-61.0,REGIONAL,3
-21.7,-44.4,EXTERNAL,3
-21.0,-45.2,REGIONAL,3
-7.4,-34.9,REGIONAL,3
-14.8,-38.8,REGIONAL,3
-2.6,-46.6,REGIONAL,3
-3.4,-41.1,EXTERNAL,3
-4.5,-38.9,REGIONAL,3
-12.2,-52.4,REGIONAL,3
-3.2,-40.0,EXTERNAL,3
-23.0,-49.6,REGIONAL,3
-21.5,-46.4,REGIONAL,3
-19.3,-44.8,REGIONAL,3
-9.5,-34.5,REGIONAL,3
-3.5,-39.5,REGIONAL,3
-26.8,-48.8,EXTERNAL,3
-7.6,-36.6,REGIONAL,3
-9.0,-58.6,INTERNAL,3
1.3,-29.3,REGIONAL,3
-0.1,-51.4,REGIONAL,3
-4.2,-59.9,REGIONAL,3
-12.3,-54.8,REGIONAL,3
-3.9,-32.2,REGIONAL,3
-21.6,-49.2,REGIONAL,3
-17.0,-54.7,REGIONAL,3
-19.2,-39.7,EXTERNAL,3
-12.2,-47.0,REGIONAL,3
-10.7,-43.6,REGIONAL,3
-15.3,-58.7,REGIONAL,3
-5.8,-61.3,EXTERNAL,3
-9.5,-35.2,INTERNAL,3
-19.3,-44.9,EXTERNAL,3
-20.5,-38.4,INTERNAL,3
-19.4,-41.6,REGIONAL,3
-21.7,-50.9,REGIONAL,3
-9.1,-68.9,REGIONAL,3
-22.3,-41.6,REGIONAL,3
-27.3,-50.1,EXTERNAL,3
-13.1,-49.2,REGIONAL,3
-6.5,-35.4,EXTERNAL,3
-27.7,-51.5,EXTERNAL,3
-19.2,-40.3,EXTERNAL,3
-3.7,-46.7,REGIONAL,3
-20.5,-40.6,INTERNAL,3
-1.2,-46.0,EXTERNAL,3
-15.2,-42.9,EXTERNAL,3
-4.8,-42.1,REGIONAL,3
1.2,-52.4,EXTERNAL,3
-24.2,-50.2,REGIONAL,3
-22.8,-52.0,REGIONAL,3
-16.0,-46.3,REGIONAL,3
-19.9,-55.1,REGIONAL,3
-5.7,-45.3,REGIONAL,3
-15.0,-42.9,EXTERNAL,3
-3.6,-48.0,REGIONAL,3
-21.3,-42.8,EXTERNAL,3
-18.1,-41.2,REGIONAL,3
-5.9,-35.8,REGIONAL,3
-15.5,-45.9,REGIONAL,3
-10.6,-37.5,REGIONAL,3
-27.1,-53.3,REGIONAL,3
-25.4,-50.9,REGIONAL,3
-11.3,-37.6,EXTERNAL,3
-11.9,-38.0,REGIONAL,3
-10.3,-44.2,REGIONAL,3
-23.8,-47.9,EXTERNAL,3
-12.4,-39.0,EXTERNAL,3
-16.2,-48.3,EXTERNAL,3
-27.7,-52.9,REGIONAL,3
-11.1,-38.4,EXTERNAL,3
-6.5,-46.2,REGIONAL,3
-6.4,-50.2,EXTERNAL,3
-1.7,-61.8,REGIONAL,3
-16.3,-47.0,REGIONAL,3
-11.9,-48.7,REGIONAL,3
-17.2,-48.8,EXTERNAL,3
-22.0,-56.7,REGIONAL,3
-13.3,-39.8,REGIONAL,3
-18.4,-52.1,EXTERNAL,3
-6.8,-38.2,EXTERNAL,3
-15.4,-39.4,REGIONAL,3
-11.5,-37.9,EXTERNAL,3
-9.2,-42.5,REGIONAL,3
-14.5,-47.2,REGIONAL,3
-4.3,-38.1,REGIONAL,3
-12.0,-38.6,REGIONAL,3
-20.2,-43.6,EXTERNAL,3
-21.1,-41.0,REGIONAL,3
-9.5,-56.7,REGIONAL,3
-22.9,-47.5,EXTERNAL,3
-19.4,-49.6,REGIONAL,3
-5.5,-41.9,REGIONAL,3
-4.8,-66.9,REGIONAL,3
-2.7,-42.0,REGIONAL,3
-19.7,-43.2,REGIONAL,3
2.3,-54.5,REGIONAL,3
-6.4,-43.5,REGIONAL,3
-11.9,-43.4,REGIONAL,3
-9.7,-36.6,REGIONAL,3
-9.5,-64.4,REGIONAL,3
-15.8,-43.1,REGIONAL,3
-3.9,-51.3,REGIONAL,3
-20.9,-42.2,EXTERNAL,3
-13.1,-41.1,EXTERNAL,3
-20.1,-55.1,REGIONAL,3
-8.4,-61.3,REGIONAL,3
-12.5,-40.6,REGIONAL,3
-32.6,-52.5,EXTERNAL,3
-31.4,-52.1,EXTERNAL,3
-14.2,-39.4,REGIONAL,3
-12.4,-38.9,REGIONAL,3
-4.6,-37.9,EXTERNAL,3
-21.6,-42.9,REGIONAL,3
-19.1,-57.7,REGIONAL,3
-4.6,-38.9,EXTERNAL,3
-22.8,-45.3,REGIONAL,3
-2.9,-59.6,EXTERNAL,3
-15.0,-49.7,EXTERNAL,3
-16.8,-53.7,REGIONAL,3
-22.1,-42.8,REGIONAL,3
-34.5,-49.5,REGIONAL,3
-20.7,-42.1,REGIONAL,3
-21.3,-46.6,REGIONAL,3
-5.7,-36.4,EXTERNAL,3
-16.1,-58.9,REGIONAL,3
-27.4,-51.7,REGIONAL,3
-24.1,-48.4,EXTERNAL,3
-1.7,-59.6,REGIONAL,3
-20.2,-42.2,EXTERNAL,3
-20.0,-47.4,EXTERNAL,3
-22.9,-45.3,EXTERNAL,3
-10.6,-55.1,EXTERNAL,3
-15.2,-43.8,EXTERNAL,3
-15.1,-38.3,REGIONAL,3
-21.2,-43.7,EXTERNAL,3
-14.5,-38.5,REGIONAL,3
-8.5,-45.7,REGIONAL,3
-5.9,-47.4,REGIONAL,3
-2.6,-54.6,REGIONAL,3
-3.7,-62.4,REGIONAL,3
-10.2,-48.1,REGIONAL,3
-9.1,-34.8,REGIONAL,3
-30.9,-51.8,EXTERNAL,3
-21.2,-44.6,REGIONAL,3
-13.7,-47.0,REGIONAL,3
-11.4,-55.4,REGIONAL,3
-22.3,-46.5,EXTERNAL,3
-17.6,-57.5,REGIONAL,3
-21.6,-42.0,EXTERNAL,3
-4.3,-41.8,EXTERNAL,3
-26.6,-48.4,INTERNAL,3
-9.2,-41.0,EXTERNAL,3
-2.3,-54.7,REGIONAL,3
-28.2,-51.0,REGIONAL,3
-18.8,-57.7,REGIONAL,3
-16.1,-42.8,REGIONAL,3
-14.5,-42.5,REGIONAL,3
-24.0,-53.8,REGIONAL,3
-5.3,-36.8,EXTERNAL,3
-12.5,-40.4,REGIONAL,3
-29.6,-52.4,EXTERNAL,3
-5.7,-44.1,REGIONAL,3
-22.6,-46.3,EXTERNAL,3
-21.0,-49.6,REGIONAL,3
-18.0,-44.4,REGIONAL,3
-3.4,-64.6,REGIONAL,3
-22.6,-51.9,EXTERNAL,3
-22.6,-39.9,INTERNAL,3
-15.5,-54.1,REGIONAL,3
-23.4,-48.4,EXTERNAL,3
-26.4,-49.3,EXTERNAL,3
-83.2,-67.5,INTERNAL,3
-17.0,-48.8,EXTERNAL,3
-14.9,-59.0,REGIONAL,3
-12.0,-64.8,REGIONAL,3
-16.3,-56.6,EXTERNAL,3
-28.5,-49.1,REGIONAL,3
1.2,-32.7,REGIONAL,3
-22.0,-48.0,INTERNAL,3
-23.0,-50.8,REGIONAL,3
-7.3,-32.0,REGIONAL,3
-22.1,-45.5,EXTERNAL,3
2.1,-31.6,REGIONAL,3
-20.9,-53.5,REGIONAL,3
-18.4,-44.3,REGIONAL,3
-18.4,-43.4,EXTERNAL,3
-15.7,-55.4,REGIONAL,3
-12.1,-44.4,REGIONAL,3
-26.0,-52.8,EXTERNAL,3
2.3,-61.3,INTERNAL,3
2.4,-51.3,REGIONAL,3
-29.8,-51.4,EXTERNAL,3
-31.7,-52.9,EXTERNAL,3
-27.7,-52.2,EXTERNAL,3
-22.0,-42.3,REGIONAL,3
-19.5,-44.4,EXTERNAL,3
-20.5,-41.0,INTERNAL,3
-24.8,-49.4,EXTERNAL,3
-14.5,-39.1,INTERNAL,3
-24.2,-49.0,REGIONAL,3
-22.9,-47.6,REGIONAL,3
-22.3,-44.6,INTERNAL,3
-14.2,-39.5,REGIONAL,3
-12.8,-47.2,REGIONAL,3
-31.8,-52.7,EXTERNAL,3
-16.3,-50.5,REGIONAL,3
-29.6,-51.7,EXTERNAL,3
-3.5,-59.4,REGIONAL,3
-9.4,-37.3,REGIONAL,3
-1.8,-46.3,REGIONAL,3
-29.2,-50.2,REGIONAL,3
-4.0,-61.7,REGIONAL,3
-21.4,-46.8,REGIONAL,3
-7.0,-63.1,REGIONAL,3
-16.0,-54.5,EXTERNAL,3
-18.8,-43.9,REGIONAL,3
-19.0,-57.4,EXTERNAL,3
-16.9,-51.8,EXTERNAL,3
0.3,-57.2,REGIONAL,3
-2.6,-64.7,REGIONAL,3
-23.5,-52.7,EXTERNAL,3
-19.3,-43.2,REGIONAL,3
-17.8,-45.4,REGIONAL,3
-5.9,-36.2,REGIONAL,3
-10.0,-48.3,REGIONAL,3
-16.2,-57.5,REGIONAL,3
-11.2,-40.4,REGIONAL,3
-28.5,-55.2,EXTERNAL,3
-21.3,-46.8,REGIONAL,3
-23.9,-52.6,REGIONAL,3
-8.2,-37.0,REGIONAL,3
-6.5,-39.9,REGIONAL,3
-19.0,-45.9,REGIONAL,3
-24.2,-50.0,REGIONAL,3
-1.9,-53.9,REGIONAL,3
-12.6,-42.3,REGIONAL,3
-26.0,-51.4,EXTERNAL,3
-14.1,-39.6,REGIONAL,3
-8.2,-42.8,REGIONAL,3
-6.5,-38.9,REGIONAL,3
-8.1,-40.8,REGIONAL,3
-7.7,-41.7,REGIONAL,3
-9.1,-36.6,EXTERNAL,3
-6.1,-36.7,REGIONAL,3
-14.6,-42.3,REGIONAL,3
-25.0,-48.1,INTERNAL,3
-24.6,-46.7,REGIONAL,3
-22.4,-40.6,REGIONAL,3
-1.6,-48.4,REGIONAL,3
1.9,-46.9,REGIONAL,3
-1.4,-43.2,REGIONAL,3
-11.7,-38.1,REGIONAL,3
-14.6,-49.2,EXTERNAL,3
-27.3,-50.8,REGIONAL,3
-28.0,-50.7,REGIONAL,3
-22.2,-57.5,REGIONAL,3
-6.4,-47.3,EXTERNAL,3
-10.1,-65.2,EXTERNAL,3
-21.8,-40.0,REGIONAL,3
-3.8,-45.2,EXTERNAL,3
-12.1,-41.6,REGIONAL,3
-4.2,-38.0,EXTERNAL,3
-3.5,-44.9,REGIONAL,3
-16.1,-57.2,EXTERNAL,3
-6.8,-59.0,REGIONAL,3
-21.2,-44.9,EXTERNAL,3
-21.2,-45.3,REGIONAL,3
-17.1,-44.8,EXTERNAL,3
-27.2,-48.7,EXTERNAL,3
-2.8,-42.5,REGIONAL,3
-15.9,-57.8,EXTERNAL,3
-16.4,-55.8,REGIONAL,3
-3.8,-63.5,EXTERNAL,3
-28.4,-53.5,REGIONAL,3
-19.8,-56.5,REGIONAL,3
-1.0,-48.1,REGIONAL,3
-15.1,-44.1,EXTERNAL,3
-19.7,-39.6,REGIONAL,3
-20.5,-49.4,REGIONAL,3
-22.0,-45.1,REGIONAL,3
-28.1,-52.3,EXTERNAL,3
-5.3,-36.4,REGIONAL,3
-14.5,-40.2,REGIONAL,3
-17.8,-52.7,REGIONAL,3
-23.3,-44.6,EXTERNAL,3
-20.5,-45.0,REGIONAL,3
-3.7,-48.5,REGIONAL,3
-20.7,-48.1,REGIONAL,3
-17.9,-47.7,REGIONAL,3
-8.1,-41.1,REGIONAL,3
-4.3,-45.2,EXTERNAL,3
-18.7,-41.4,REGIONAL,3
-21.8,-46.9,EXTERNAL,3
-17.5,-39.4,REGIONAL,3
-1.0,-57.0,REGIONAL,3
-9.3,-42.4,REGIONAL,3
-16.3,-50.8,REGIONAL,3
-15.5,-44.5,REGIONAL,3
-7.8,-42.9,REGIONAL,3
-16.5,-50.0,EXTERNAL,3
-18.6,-51.1,REGIONAL,3
-3.7,-60.3,REGIONAL,3
-20.4,-56.3,EXTERNAL,3
-23.8,-50.0,REGIONAL,3
0.0,-52.5,REGIONAL,3
-8.4,-41.8,REGIONAL,3
-7.2,-34.4,EXTERNAL,3
-21.9,-51.7,REGIONAL,3
-5.2,-41.7,REGIONAL,3
-22.8,-50.4,EXTERNAL,3
-19.1,-47.7,REGIONAL,3
-11.5,-38.1,REGIONAL,3
-31.3,-51.5,INTERNAL,3
-13.3,-40.1,REGIONAL,3
-20.0,-39.9,INTERNAL,3
-12.2,-64.5,REGIONAL,3
-9.8,-37.7,REGIONAL,3
-3.2,-39.3,INTERNAL,3
-28.8,-50.8,REGIONAL,3
-2.8,-40.3,EXTERNAL,3
-20.0,-42.3,REGIONAL,3
-21.7,-54.1,REGIONAL,3
-4.8,-39.1,REGIONAL,3
-8.2,-42.0,EXTERNAL,3
-24.0,-53.0,EXTERNAL,3
-28.3,-54.6,REGIONAL,3
-23.1,-48.0,EXTERNAL,3
-21.2,-55.8,REGIONAL,3
-16.6,-39.8,EXTERNAL,3
-26.6,-49.3,EXTERNAL,3
-19.9,-37.6,INTERNAL,3
-3.8,-46.8,REGIONAL,3
-1.9,-53.7,REGIONAL,3
-22.3,-44.1,EXTERNAL,3
2.1,-47.0,REGIONAL,3
-13.2,-39.2,REGIONAL,3
-23.1,-49.8,INTERNAL,3
-7.1,-38.2,REGIONAL,3
-23.0,-50.2,REGIONAL,3
-6.4,-35.6,REGIONAL,3
-14.9,-48.3,REGIONAL,3
-4.9,-47.5,EXTERNAL,3
-18.5,-48.0,REGIONAL,3
-20.7,-41.9,REGIONAL,3
-13.5,-38.2,REGIONAL,3
-7.9,-42.5,REGIONAL,3
-6.2,-41.4,REGIONAL,3
-4.8,-29.4,REGIONAL,3
-14.3,-39.5,EXTERNAL,3
-24.6,-49.2,REGIONAL,3
-28.1,-53.7,REGIONAL,3
-21.0,-42.5,EXTERNAL,3
-12.7,-41.2,REGIONAL,3
-24.3,-47.1,INTERNAL,3
-15.1,-56.7,REGIONAL,3
-25.0,-47.2,INTERNAL,3
-4.0,-32.2,REGIONAL,3
-1.3,-48.6,REGIONAL,3
-21.6,-45.2,REGIONAL,3
-11.0,-54.4,REGIONAL,3
3.6,-61.6,REGIONAL,3
-22.3,-46.1,EXTERNAL,3
-8.2,-38.0,REGIONAL,3
-27.5,-50.6,REGIONAL,3
-5.8,-48.3,REGIONAL,3
-16.2,-59.6,REGIONAL,3
-17.6,-48.8,REGIONAL,3
-15.1,-59.5,REGIONAL,3
-13.9,-47.0,REGIONAL,3
-12.3,-55.5,REGIONAL,3
-21.6,-51.3,REGIONAL,3
-12.6,-38.7,REGIONAL,3
-7.9,-36.1,REGIONAL,3
-14.5,-41.5,REGIONAL,3
-5.0,-69.9,REGIONAL,3
-1.8,-55.8,REGIONAL,3
-30.1,-52.0,REGIONAL,3
-12.3,-41.3,REGIONAL,3
-15.3,-43.8,EXTERNAL,3
-10.0,-42.0,EXTERNAL,3
-4.5,-71.8,REGIONAL,3
-22.1,-41.1,EXTERNAL,3
-3.8,-47.5,REGIONAL,3
-3.2,-60.0,EXTERNAL,3
-3.3,-40.1,REGIONAL,3
-20.3,-43.5,EXTERNAL,3
-8.2,-43.8,REGIONAL,3
-10.4,-48.3,EXTERNAL,3
-29.6,-51.8,EXTERNAL,3
-6.2,-42.7,EXTERNAL,3
-13.5,-37.5,REGIONAL,3
-6.1,-42.1,EXTERNAL,3
-24.2,-53.8,REGIONAL,3
-4.9,-49.4,REGIONAL,3
-9.5,-64.2,EXTERNAL,3
-1.6,-48.3,REGIONAL,3
-4.6,-37.5,EXTERNAL,3
-16.9,-42.1,EXTERNAL,3
-27.0,-53.6,REGIONAL,3
-29.9,-50.0,REGIONAL,3
-20.3,-52.7,REGIONAL,3
-9.1,-56.4,REGIONAL,3
-20.2,-41.1,EXTERNAL,3
-8.9,-46.7,REGIONAL,3
-26.5,-49.8,REGIONAL,3
-4.2,-41.3,REGIONAL,3
-25.1,-53.6,EXTERNAL,3
-9.5,-42.8,REGIONAL,3
-6.4,-44.4,REGIONAL,3
-23.6,-52.0,REGIONAL,3
-15.5,-44.3,REGIONAL,3
-29.1,-56.1,REGIONAL,3
-3.4,-52.9,REGIONAL,3
-16.2,-56.4,REGIONAL,3
-8.5,-35.6,REGIONAL,3
-5.9,-39.3,REGIONAL,3
-27.5,-51.0,REGIONAL,3
-19.4,-53.6,REGIONAL,3
-14.1,-47.0,REGIONAL,3
-18.7,-42.8,REGIONAL,3
-11.5,-40.6,REGIONAL,3
-12.8,-41.2,REGIONAL,3
-30.1,-51.2,INTERNAL,3
-12.9,-46.9,INTERNAL,3
-7.1,-37.4,EXTERNAL,3
-20.7,-44.5,EXTERNAL,3
-12.9,-39.5,EXTERNAL,3
-21.1,-56.3,REGIONAL,3
-1.5,-48.5,INTERNAL,3
-9.8,-36.8,REGIONAL,3
-18.3,-38.6,REGIONAL,3
-19.8,-43.0,REGIONAL,3
-6.1,-39.9,REGIONAL,3
-4.6,-39.7,REGIONAL,3
-16.3,-47.8,EXTERNAL,3
-22.6,-46.4,REGIONAL,3
-29.6,-53.0,EXTERNAL,3
-15.8,-47.9,INTERNAL,3
-19.5,-47.9,REGIONAL,3
-19.1,-41.5,REGIONAL,3
-27.6,-54.6,REGIONAL,3
-32.4,-52.3,REGIONAL,3
-9.7,-36.3,REGIONAL,3
-15.3,-56.4,REGIONAL,3
-20.8,-41.3,REGIONAL,3
-2.9,-58.1,REGIONAL,3
3.4,-61.6,REGIONAL,3
-20.1,-47.0,REGIONAL,3
-30.5,-52.4,EXTERNAL,3
-3.4,-58.8,REGIONAL,3
-25.1,-54.0,REGIONAL,3
-22.7,-46.0,EXTERNAL,3
-5.4,-48.3,INTERNAL,3
-18.1,-39.0,REGIONAL,3
-17.3,-55.2,REGIONAL,3
-23.2,-43.1,REGIONAL,3
-23.9,-49.1,EXTERNAL,3
-30.4,-56.4,EXTERNAL,3
-21.4,-52.1,REGIONAL,3
-9.7,-35.7,INTERNAL,3
-14.3,-47.6,EXTERNAL,3
-2.6,-44.1,EXTERNAL,3
-22.8,-40.9,INTERNAL,3
-22.6,-48.2,EXTERNAL,3
-17.4,-40.3,REGIONAL,3
-28.7,-48.3,INTERNAL,3
-21.5,-43.3,REGIONAL,3
-3.1,-58.2,REGIONAL,3
-16.0,-48.9,EXTERNAL,3
-19.3,-48.7,EXTERNAL,3
0.5,-66.2,EXTERNAL,3
-20.9,-40.1,REGIONAL,3
-3.3,-38.8,INTERNAL,3
-15.8,-47.3,REGIONAL,3
-21.6,-48.6,INTERNAL,3
-20.2,-49.7,INTERNAL,3
-13.4,-44.5,REGIONAL,3
-8.6,-38.1,REGIONAL,3
-25.7,-45.1,REGIONAL,3
-18.1,-40.1,REGIONAL,3
-7.5,-35.3,EXTERNAL,3
-14.5,-49.1,EXTERNAL,3
-18.1,-41.4,REGIONAL,3
-3.2,-40.6,EXTERNAL,3
-22.0,-46.6,INTERNAL,3
-16.8,-37.7,INTERNAL,3
-21.4,-46.2,EXTERNAL,3
-22.9,-49.7,EXTERNAL,3
-2.7,-60.0,EXTERNAL,3
-27.0,-49.4,EXTERNAL,3
-24.0,-47.1,INTERNAL,3
-18.5,-42.1,REGIONAL,3
-15.4,-45.8,REGIONAL,3
-6.9,-69.7,REGIONAL,3
-25.1,-54.2,EXTERNAL,3
-20.5,-49.1,EXTERNAL,3
-10.4,-48.4,REGIONAL,3
-10.6,-56.3,REGIONAL,3
-8.5,-47.4,REGIONAL,3
-19.3,-40.7,REGIONAL,3
-30.7,-50.5,REGIONAL,3
-10.1,-37.0,REGIONAL,3
-22.3,-50.7,EXTERNAL,3
-24.6,-53.5,EXTERNAL,3
-13.5,-43.6,REGIONAL,3
-8.0,-36.2,REGIONAL,3
-24.7,-52.2,EXTERNAL,3
-15.1,-45.8,REGIONAL,3
-23.6,-45.9,EXTERNAL,3
-23.2,-49.7,EXTERNAL,3
1.6,-29.1,REGIONAL,3
-24.5,-51.8,REGIONAL,3
-21.2,-47.1,EXTERNAL,3
-15.6,-48.2,EXTERNAL,3
-6.8,-35.0,EXTERNAL,3
-20.0,-49.7,EXTERNAL,3
-6.5,-36.6,EXTERNAL,3
-19.8,-46.4,REGIONAL,3
-20.1,-47.7,REGIONAL,3
-10.4,-58.8,REGIONAL,3
-19.2,-43.3,EXTERNAL,3
-16.6,-49.9,REGIONAL,3
-19.5,-57.3,REGIONAL,3
-19.7,-56.0,REGIONAL,3
-16.0,-51.4,REGIONAL,3
-15.3,-40.3,EXTERNAL,3
-21.9,-42.3,REGIONAL,3
-7.9,-37.1,EXTERNAL,3
-19.5,-44.7,REGIONAL,3
-3.8,-42.4,REGIONAL,3
1.7,-29.3,REGIONAL,3
-18.0,-57.4,REGIONAL,3
-22.5,-43.9,EXTERNAL,3
-1.5,-44.5,REGIONAL,3
-21.2,-45.6,EXTERNAL,3
-15.5,-46.0,REGIONAL,3
-22.0,-42.8,EXTERNAL,3
-13.0,-46.8,EXTERNAL,3
-23.0,-43.9,EXTERNAL,3
-0.9,-49.1,REGIONAL,3
-9.6,-36.0,EXTERNAL,3
-2.3,-46.5,REGIONAL,3
-3.2,-60.8,REGIONAL,3
-7.4,-35.1,EXTERNAL,3
-13.2,-41.1,REGIONAL,3
-3.0,-59.9,INTERNAL,3
-5.3,-41.1,REGIONAL,3
-25.4,-52.2,REGIONAL,3
-23.6,-49.6,REGIONAL,3
-6.8,-40.2,REGIONAL,3
-11.1,-47.6,REGIONAL,3
-20.0,-40.4,EXTERNAL,3
-21.8,-44.8,EXTERNAL,3
-23.0,-47.7,REGIONAL,3
-16.4,-44.4,EXTERNAL,3
-12.5,-46.4,REGIONAL,3
-30.4,-55.6,REGIONAL,3
-26.9,-49.7,REGIONAL,3
-13.3,-50.2,EXTERNAL,3
-18.4,-57.4,REGIONAL,3
-20.7,-49.6,EXTERNAL,3
-10.4,-37.5,REGIONAL,3
-3.3,-61.0,REGIONAL,3
-26.5,-50.5,REGIONAL,3
-25.0,-50.2,EXTERNAL,3
-24.5,-52.4,REGIONAL,3
-19.4,-43.6,EXTERNAL,3
-20.5,-48.4,REGIONAL,3
-18.7,-46.9,REGIONAL,3
-20.8,-55.8,REGIONAL,3
-4.0,-49.4,REGIONAL,3
-5.0,-36.4,INTERNAL,3
-14.9,-45.4,REGIONAL,3
-25.1,-53.9,EXTERNAL,3
-2.0,-61.6,REGIONAL,3
-27.8,-49.4,REGIONAL,3
-14.2,-42.3,EXTERNAL,3
-21.4,-48.1,EXTERNAL,3
-29.4,-52.5,REGIONAL,3
-16.8,-48.5,REGIONAL,3
-13.2,-59.9,INTERNAL,3
-21.2,-38.9,INTERNAL,3
-25.6,-50.3,EXTERNAL,3
-15.8,-41.1,REGIONAL,3
-7.8,-36.2,REGIONAL,3
-11.2,-39.9,EXTERNAL,3
0.6,-29.4,EXTERNAL,3
-8.6,-37.1,EXTERNAL,3
-3.0,-41.7,EXTERNAL,3
-7.3,-39.0,REGIONAL,3
-22.6,-43.1,INTERNAL,3
-26.6,-48.7,INTERNAL,3
-18.4,-47.8,EXTERNAL,3
-14.3,-47.7,EXTERNAL,3
-21.0,-43.8,EXTERNAL,3
-33.5,-48.5,REGIONAL,3
-13.8,-44.5,REGIONAL,3
-7.0,-43.6,REGIONAL,3
-4.0,-39.5,REGIONAL,3
-8.1,-43.5,REGIONAL,3
-22.5,-42.6,EXTERNAL,3
-23.9,-47.7,REGIONAL,3
-12.1,-64.1,REGIONAL,3
-11.1,-38.8,REGIONAL,3
-13.1,-39.1,REGIONAL,3
-22.3,-53.8,EXTERNAL,3
-17.2,-48.7,REGIONAL,3
-21.5,-43.2,EXTERNAL,3
-19.9,-48.1,REGIONAL,3
-18.1,-42.4,REGIONAL,3
-5.5,-47.2,REGIONAL,3
-25.6,-53.7,REGIONAL,3
-13.7,-44.0,EXTERNAL,3
-11.5,-36.5,REGIONAL,3
-13.4,-41.2,EXTERNAL,3
-16.5,-48.6,REGIONAL,3
-23.2,-48.9,EXTERNAL,3
-20.3,-50.6,EXTERNAL,3
-31.7,-54.4,REGIONAL,3
-33.0,-51.2,REGIONAL,3
-14.4,-59.5,INTERNAL,3
-18.9,-43.5,REGIONAL,3
-14.2,-47.5,EXTERNAL,3
-22.1,-46.2,EXTERNAL,3
-5.5,-34.5,REGIONAL,3
-4.9,-37.7,INTERNAL,3
-6.7,-47.3,EXTERNAL,3
-14.3,-49.3,EXTERNAL,3
-8.5,-35.2,EXTERNAL,3
-22.3,-45.0,REGIONAL,3
-30.1,-54.6,EXTERNAL,3
-19.1,-48.1,REGIONAL,3
-5.8,-42.7,EXTERNAL,3
-16.0,-49.2,EXTERNAL,3
-20.8,-47.8,EXTERNAL,3
-16.1,-42.3,EXTERNAL,3
-3.2,-50.0,REGIONAL,3
-22.8,-53.3,EXTERNAL,3
-13.5,-41.7,REGIONAL,3
-14.1,-49.4,EXTERNAL,3
-15.4,-47.4,EXTERNAL,3
-16.8,-43.5,REGIONAL,3
-13.1,-38.8,REGIONAL,3
-21.5,-51.2,EXTERNAL,3
-8.7,-48.8,REGIONAL,3
-3.8,-60.5,EXTERNAL,3
-12.8,-60.2,EXTERNAL,3
-7.5,-63.6,REGIONAL,3
-4.3,-41.4,INTERNAL,3
1.1,-60.2,REGIONAL,3
-8.1,-34.7,EXTERNAL,3
-10.0,-59.5,REGIONAL,3
-21.3,-49.3,INTERNAL,3
-18.8,-42.1,EXTERNAL,3
-9.1,-35.9,REGIONAL,3
-8.5,-34.9,EXTERNAL,3
-23.0,-47.7,EXTERNAL,3
-28.4,-53.3,REGIONAL,3
-32.3,-52.1,REGIONAL,3
-6.0,-38.2,EXTERNAL,3
-23.1,-50.5,EXTERNAL,3
-9.7,-65.7,REGIONAL,3
-22.5,-54.3,EXTERNAL,3
-8.0,-48.5,REGIONAL,3
-22.1,-48.9,INTERNAL,3
-16.0,-40.9,REGIONAL,3
-21.5,-50.3,INTERNAL,3
-19.3,-47.3,REGIONAL,3
-1.9,-61.5,REGIONAL,3
-17.8,-39.3,REGIONAL,3
-24.9,-49.3,INTERNAL,3
-2.5,-54.8,EXTERNAL,3
-21.3,-39.8,INTERNAL,3
-26.8,-52.8,REGIONAL,3
-20.5,-53.8,REGIONAL,3
-27.4,-53.8,REGIONAL,3
-22.2,-51.1,INTERNAL,3
-28.9,-52.5,REGIONAL,3
-22.3,-42.4,INTERNAL,3
-3.0,-47.3,REGIONAL,3
-23.7,-50.1,EXTERNAL,3
-23.0,-45.7,REGIONAL,3
-15.5,-38.5,REGIONAL,3
-5.8,-35.3,INTERNAL,3
-17.0,-55.2,REGIONAL,3
-27.6,-54.1,REGIONAL,3
-2.9,-64.8,REGIONAL,3
-5.8,-35.5,REGIONAL,3
-2.5,-57.1,REGIONAL,3
-21.8,-48.9,INTERNAL,3
-23.1,-46.1,INTERNAL,3
-14.4,-42.8,EXTERNAL,3
-20.6,-44.0,EXTERNAL,3
-16.3,-57.4,REGIONAL,3
-8.4,-37.0,EXTERNAL,3
-25.7,-50.3,REGIONAL,3
-27.8,-51.2,EXTERNAL,3
-30.2,-52.6,REGIONAL,3
-19.5,-55.3,REGIONAL,3
-28.0,-51.4,REGIONAL,3
-5.0,-65.0,EXTERNAL,3
-14.3,-56.3,REGIONAL,3
2.6,-52.5,REGIONAL,3
-15.1,-47.0,REGIONAL,3
-21.4,-42.2,EXTERNAL,3
-21.7,-51.1,REGIONAL,3
-19.3,-53.2,REGIONAL,3
-15.2,-43.8,REGIONAL,3
-6.0,-29.8,REGIONAL,3
-23.1,-51.0,EXTERNAL,3
-27.1,-53.8,EXTERNAL,3
-21.4,-43.7,REGIONAL,3
-14.9,-42.6,REGIONAL,3
-14.0,-38.8,REGIONAL,3
-28.7,-52.0,REGIONAL,3
-10.6,-37.0,REGIONAL,3
-5.9,-36.3,REGIONAL,3
2.3,-60.9,REGIONAL,3
-9.7,-55.0,REGIONAL,3
-16.1,-56.6,REGIONAL,3
-24.5,-48.8,EXTERNAL,3
-22.1,-51.3,REGIONAL,3
-31.6,-52.2,REGIONAL,3
-3.9,-44.5,EXTERNAL,3
-10.0,-51.1,EXTERNAL,3
-6.4,-47.3,REGIONAL,3
-9.4,-49.8,REGIONAL,3
-4.5,-66.7,REGIONAL,3
-26.6,-49.1,EXTERNAL,3
-24.7,-48.3,REGIONAL,3
-24.5,-51.3,INTERNAL,3
-15.2,-49.8,EXTERNAL,3
-28.5,-49.1,EXTERNAL,3
-4.8,-40.8,EXTERNAL,3
-0.5,-47.5,REGIONAL,3
-8.6,-35.3,EXTERNAL,3
-20.5,-45.9,REGIONAL,3
-19.8,-37.9,EXTERNAL,3
-18.4,-44.3,EXTERNAL,3
-20.2,-42.7,EXTERNAL,3
-18.3,-43.6,EXTERNAL,3
-11.7,-40.6,EXTERNAL,3
-13.5,-48.3,REGIONAL,3
1.2,-60.5,REGIONAL,3
-9.8,-45.3,EXTERNAL,3
-29.3,-33.8,REGIONAL,3
-13.5,-39.1,EXTERNAL,3
-4.2,-44.9,EXTERNAL,3
-12.7,-41.3,EXTERNAL,3
-6.5,-35.5,REGIONAL,3
-10.4,-41.4,INTERNAL,3
-21.9,-43.6,REGIONAL,3
-23.0,-49.8,EXTERNAL,3
-7.5,-35.4,REGIONAL,3
-15.3,-39.2,INTERNAL,3
-12.1,-41.6,EXTERNAL,3
-18.2,-42.8,REGIONAL,3
-9.2,-67.4,REGIONAL,3
-20.2,-42.2,REGIONAL,3
-15.5,-39.1,REGIONAL,3
-9.6,-56.5,REGIONAL,3
-29.8,-52.2,EXTERNAL,3
-18.6,-39.9,REGIONAL,3
-13.7,-46.8,REGIONAL,3
-22.1,-43.8,REGIONAL,3
-28.4,-54.4,REGIONAL,3
-26.8,-48.5,REGIONAL,3
-13.1,-49.0,REGIONAL,3
-12.4,-46.4,EXTERNAL,3
-21.9,-47.3,EXTERNAL,3
-8.2,-34.7,EXTERNAL,3
-30.9,-51.5,REGIONAL,3
-25.7,-52.1,REGIONAL,3
-6.9,-35.5,INTERNAL,3
-6.6,-37.9,REGIONAL,3
-12.2,-63.4,REGIONAL,3
-14.6,-39.3,EXTERNAL,3
-16.5,-52.7,REGIONAL,3
-15.5,-57.3,REGIONAL,3
-3.7,-43.3,EXTERNAL,3
-20.7,-47.7,REGIONAL,3
-29.9,-56.9,REGIONAL,3
-16.2,-44.8,EXTERNAL,3
-5.5,-45.3,REGIONAL,3
-17.0,-57.4,REGIONAL,3
-19.6,-47.8,REGIONAL,3
-9.4,-56.1,REGIONAL,3
-22.4,-51.0,REGIONAL,3
-27.0,-52.7,REGIONAL,3
-1.5,-47.2,REGIONAL,3
-1.9,-50.7,REGIONAL,3
-12.9,-41.8,EXTERNAL,3
-20.7,-48.4,REGIONAL,3
-12.5,-46.5,REGIONAL,3
-7.9,-35.9,REGIONAL,3
-21.1,-51.1,REGIONAL,3
-21.6,-50.5,REGIONAL,3
-15.7,-38.7,REGIONAL,3
-10.5,-56.3,REGIONAL,3
-5.2,-37.0,REGIONAL,3
-21.8,-43.2,REGIONAL,3
-19.7,-42.9,EXTERNAL,3
-25.8,-52.5,EXTERNAL,3
-7.0,-35.6,REGIONAL,3
-28.3,-54.2,EXTERNAL,3
-7.0,-38.4,REGIONAL,3
-19.9,-56.6,REGIONAL,3
-20.4,-55.4,REGIONAL,3
-6.1,-35.7,EXTERNAL,3
-27.3,-50.4,EXTERNAL,3
-19.0,-57.4,REGIONAL,3
-13.0,-38.2,REGIONAL,3
-29.5,-49.8,EXTERNAL,3
-11.1,-35.6,REGIONAL,3
-8.6,-69.9,REGIONAL,3
-27.0,-51.9,EXTERNAL,3
-19.4,-49.0,REGIONAL,3
-12.7,-40.1,REGIONAL,3
-13.0,-45.0,EXTERNAL,3
-6.6,-52.0,EXTERNAL,3
-9.7,-35.5,INTERNAL,3
-22.5,-48.7,EXTERNAL,3
-30.0,-53.5,EXTERNAL,3
-10.7,-49.9,REGIONAL,3
-2.9,-67.9,REGIONAL,3
-20.0,-45.0,EXTERNAL,3
-13.0,-38.6,INTERNAL,3
-27.2,-49.9,REGIONAL,3
-4.4,-39.1,REGIONAL,3
-25.7,-46.0,INTERNAL,3
-20.2,-44.5,EXTERNAL,3
-9.4,-37.3,EXTERNAL,3
-13.2,-42.5,REGIONAL,3
-2.3,-58.5,REGIONAL,3
-18.7,-40.3,REGIONAL,3
-10.0,-63.1,REGIONAL,3
-3.4,-39.8,REGIONAL,3
-14.1,-49.2,EXTERNAL,3
-0.5,-46.4,EXTERNAL,3
-15.0,-42.3,REGIONAL,3
-17.4,-38.9,INTERNAL,3
-1.2,-48.8,INTERNAL,3
-5.0,-52.9,REGIONAL,3
-29.6,-50.7,REGIONAL,3
-8.0,-60.3,REGIONAL,3
-17.0,-49.8,EXTERNAL,3
-16.9,-57.6,INTERNAL,3
-28.6,-51.8,EXTERNAL,3
-19.1,-41.0,REGIONAL,3
-12.1,-43.9,REGIONAL,3
-3.0,-55.0,EXTERNAL,3
-9.2,-68.4,REGIONAL,3
-5.6,-44.4,REGIONAL,3
-23.4,-44.6,REGIONAL,3
-21.9,-44.2,EXTERNAL,3
-19.8,-39.5,REGIONAL,3
-6.4,-41.7,REGIONAL,3
-28.3,-53.7,REGIONAL,3
-12.9,-51.8,EXTERNAL,3
-23.7,-51.3,REGIONAL,3
-1.8,-69.0,REGIONAL,3
3.4,-60.6,REGIONAL,3
-29.1,-50.3,REGIONAL,3
-20.7,-46.9,EXTERNAL,3
-5.8,-42.5,REGIONAL,3
-11.6,-47.2,EXTERNAL,3
2.6,-50.9,EXTERNAL,3
-15.4,-46.1,REGIONAL,3
-18.9,-41.1,EXTERNAL,3
-6.2,-38.9,EXTERNAL,3
-23.3,-48.0,EXTERNAL,3
-21.7,-54.8,REGIONAL,3
-1.6,-56.2,REGIONAL,3
-10.1,-47.7,REGIONAL,3
-24.5,-48.1,INTERNAL,3
-11.4,-37.8,REGIONAL,3
-10.0,-40.2,REGIONAL,3
0.4,-61.7,REGIONAL,3
-16.1,-57.2,REGIONAL,3
-10.4,-50.5,REGIONAL,3
-7.6,-73.7,REGIONAL,3
-20.6,-42.1,EXTERNAL,3
-21.0,-47.6,EXTERNAL,3
-17.5,-45.1,REGIONAL,3
-24.1,-47.6,EXTERNAL,3
-15.6,-54.7,REGIONAL,3
-10.1,-48.3,REGIONAL,3
-25.0,-50.0,EXTERNAL,3
-8.5,-41.5,REGIONAL,3
-22.3,-43.4,EXTERNAL,3
-1.3,-52.5,REGIONAL,3
-4.2,-50.3,REGIONAL,3
-8.3,-61.8,REGIONAL,3
-12.6,-40.9,REGIONAL,3
-22.9,-49.6,REGIONAL,3
-27.5,-54.4,REGIONAL,3
-29.6,-54.5,REGIONAL,3
-12.1,-39.2,REGIONAL,3
-23.4,-52.2,REGIONAL,3
-12.2,-54.9,REGIONAL,3
-26.4,-50.5,REGIONAL,3
-7.0,-69.7,REGIONAL,3
-4.8,-54.6,REGIONAL,3
-22.6,-54.8,REGIONAL,3
-5.5,-48.8,REGIONAL,3
-10.1,-49.1,REGIONAL,3
-9.8,-50.2,REGIONAL,3
-19.7,-51.9,REGIONAL,3
-4.1,-45.1,REGIONAL,3
-14.4,-40.5,REGIONAL,3
-16.8,-47.5,REGIONAL,3
-17.3,-49.5,REGIONAL,3
-20.7,-44.8,REGIONAL,3
-6.8,-34.9,EXTERNAL,3
-20.9,-50.1,EXTERNAL,3
-29.3,-51.6,REGIONAL,3
-3.0,-45.7,REGIONAL,3
-11.0,-42.8,REGIONAL,3
-29.6,-50.3,EXTERNAL,3
-14.0,-46.2,REGIONAL,3
-17.0,-46.6,REGIONAL,3
-8.0,-38.7,REGIONAL,3
-15.7,-58.3,REGIONAL,3
-16.1,-40.8,REGIONAL,3
-11.1,-58.6,EXTERNAL,3
-11.9,-45.6,REGIONAL,3
-7.3,-40.8,REGIONAL,3
-5.7,-44.4,REGIONAL,3
-4.4,-57.7,REGIONAL,3
-2.8,-66.8,REGIONAL,3
-7.1,-37.4,REGIONAL,3
-7.4,-38.0,REGIONAL,3
-10.2,-37.2,REGIONAL,3
-11.6,-38.7,REGIONAL,3
-13.4,-58.1,REGIONAL,3
-27.5,-51.0,EXTERNAL,3
-19.8,-45.0,REGIONAL,3
-15.4,-49.5,REGIONAL,3
-13.6,-47.9,REGIONAL,3
-24.3,-47.3,REGIONAL,3
-13.7,-47.5,REGIONAL,3
-14.3,-46.3,REGIONAL,3
-7.5,-34.5,REGIONAL,3
-6.9,-38.3,REGIONAL,3
0.8,-66.0,EXTERNAL,3
-35.5,-50.5,REGIONAL,3
-2.1,-59.5,REGIONAL,3
-12.3,-55.4,REGIONAL,3
-4.4,-41.4,REGIONAL,3
-6.2,-42.7,REGIONAL,3
-15.0,-47.0,REGIONAL,3
-3.0,-49.0,EXTERNAL,3
-30.4,-53.5,REGIONAL,3
-3.1,-61.4,REGIONAL,3
-12.3,-39.1,REGIONAL,3
-23.8,-49.6,REGIONAL,3
-2.2,-45.9,EXTERNAL,3
-22.1,-51.2,EXTERNAL,3
-9.0,-45.0,EXTERNAL,3
-6.1,-42.1,REGIONAL,3
-3.0,-58.0,REGIONAL,3
-24.6,-48.5,REGIONAL,3
-7.1,-37.3,EXTERNAL,3
0.4,-60.3,REGIONAL,3
-13.2,-44.1,EXTERNAL,3
-14.5,-50.0,EXTERNAL,3
-21.3,-49.0,EXTERNAL,3
-11.3,-40.7,REGIONAL,3
-1.2,-61.8,REGIONAL,3
-12.9,-56.3,REGIONAL,3
-20.6,-49.6,EXTERNAL,3
-25.4,-54.2,REGIONAL,3
-21.9,-42.4,REGIONAL,3
-22.9,-48.1,EXTERNAL,3
0.9,-51.6,REGIONAL,3
-22.9,-49.3,EXTERNAL,3
-14.4,-42.9,EXTERNAL,3
-20.8,-44.6,EXTERNAL,3
-21.1,-47.1,EXTERNAL,3
-17.4,-40.3,EXTERNAL,3
-20.4,-56.2,EXTERNAL,3
-20.4,-39.9,EXTERNAL,3
-13.4,-55.7,REGIONAL,3
-13.8,-44.4,REGIONAL,3
-22.9,-40.8,REGIONAL,3
-22.7,-50.5,REGIONAL,3
-15.3,-48.1,REGIONAL,3
-21.5,-56.2,REGIONAL,3
-6.4,-41.6,EXTERNAL,3
-2.0,-61.1,REGIONAL,3
-22.6,-48.2,REGIONAL,3
-12.9,-42.5,REGIONAL,3
-5.4,-37.1,REGIONAL,3
-9.2,-56.5,REGIONAL,3
-26.3,-49.0,EXTERNAL,3
-1.5,-60.3,REGIONAL,3
-5.1,-43.0,REGIONAL,3
-23.2,-45.0,EXTERNAL,3
-8.6,-70.9,REGIONAL,3
-21.3,-50.7,REGIONAL,3
-21.0,-48.9,EXTERNAL,3
-3.5,-60.4,REGIONAL,3
-20.5,-40.6,REGIONAL,3
-25.4,-53.6,REGIONAL,3
-30.4,-51.1,REGIONAL,3
-21.7,-43.0,EXTERNAL,3
-5.7,-48.2,INTERNAL,3
-31.4,-51.1,INTERNAL,3
-20.2,-47.8,INTERNAL,3
-7.5,-52.1,REGIONAL,3
-19.6,-40.7,REGIONAL,3
-23.0,-42.4,REGIONAL,3
-30.6,-53.4,REGIONAL,3
-25.6,-51.4,REGIONAL,3
-8.7,-69.1,REGIONAL,3
-14.2,-39.3,REGIONAL,3
-16.2,-57.8,REGIONAL,3
-21.0,-40.9,REGIONAL,3
-30.4,-53.4,REGIONAL,3
-21.5,-46.6,EXTERNAL,3
-24.0,-47.4,EXTERNAL,3
-15.6,-44.0,REGIONAL,3
-12.8,-39.5,INTERNAL,3
-15.0,-41.4,EXTERNAL,3
-23.6,-45.7,EXTERNAL,3
-21.1,-49.1,EXTERNAL,3
-3.5,-68.9,REGIONAL,3
-6.4,-50.0,REGIONAL,3
-31.4,-54.0,EXTERNAL,3
-13.5,-47.7,REGIONAL,3
-21.1,-40.8,INTERNAL,3
-32.4,-49.8,INTERNAL,3
-7.4,-70.0,EXTERNAL,3
-16.0,-49.8,EXTERNAL,3
-30.5,-48.0,INTERNAL,3
-25.2,-54.0,EXTERNAL,3
-23.4,-49.1,EXTERNAL,3
-6.3,-39.3,EXTERNAL,3
-13.0,-39.0,INTERNAL,3
-22.4,-46.1,EXTERNAL,3
-28.6,-50.0,EXTERNAL,3
-5.4,-36.8,EXTERNAL,3
-22.9,-41.9,INTERNAL,3
-12.4,-41.4,EXTERNAL,3
-9.1,-61.9,REGIONAL,3
-10.8,-61.5,REGIONAL,3
-15.3,-57.2,REGIONAL,3
-16.3,-48.0,EXTERNAL,3
-6.5,-49.9,EXTERNAL,3
-19.5,-44.3,INTERNAL,3
-0.3,-48.8,REGIONAL,3
-28.6,-55.7,EXTERNAL,3
-8.0,-35.7,EXTERNAL,3
-8.4,-36.4,REGIONAL,3
-21.7,-41.2,EXTERNAL,3
-15.5,-55.6,REGIONAL,3
-21.0,-45.7,REGIONAL,3
1.0,-60.5,REGIONAL,3
-20.1,-38.5,INTERNAL,3
-21.0,-44.8,REGIONAL,3
-14.6,-39.1,EXTERNAL,3
-20.5,-44.0,EXTERNAL,3
-26.9,-48.2,INTERNAL,3
-19.9,-40.1,INTERNAL,3
-17.3,-48.5,REGIONAL,3
-16.9,-49.0,REGIONAL,3
-24.7,-44.8,INTERNAL,3
-6.1,-50.1,EXTERNAL,3
-27.7,-49.5,REGIONAL,3
-8.1,-50.2,EXTERNAL,3
-30.5,-50.3,REGIONAL,3
-22.7,-46.0,REGIONAL,3
-10.9,-36.0,REGIONAL,3
-11.3,-43.1,REGIONAL,3
-7.4,-34.8,EXTERNAL,3
-1.4,-62.0,REGIONAL,3
-18.5,-57.4,REGIONAL,3
-21.1,-43.1,REGIONAL,3
-4.0,-40.8,REGIONAL,3
-8.9,-64.1,REGIONAL,3
-2.6,-43.1,REGIONAL,3
-12.4,-56.2,REGIONAL,3
-4.9,-37.4,EXTERNAL,3
-20.7,-55.3,EXTERNAL,3
-6.6,-48.3,REGIONAL,3
-1.3,-49.0,REGIONAL,3
-5.0,-37.8,REGIONAL,3
-14.5,-48.8,REGIONAL,3
0.2,-51.2,REGIONAL,3
-16.5,-48.6,EXTERNAL,3
-18.8,-56.3,EXTERNAL,3
-3.7,-40.3,EXTERNAL,3
-23.7,-48.5,REGIONAL,3
-14.5,-46.4,REGIONAL,3
-21.6,-43.5,EXTERNAL,3
-3.4,-39.2,EXTERNAL,3
-18.5,-43.5,EXTERNAL,3
-8.2,-43.7,REGIONAL,3
-13.2,-44.0,REGIONAL,3
-22.5,-53.4,REGIONAL,3
-4.5,-36.5,REGIONAL,3
-20.6,-49.1,REGIONAL,3
-21.6,-43.2,EXTERNAL,3
-17.7,-45.1,REGIONAL,3
-2.5,-41.5,REGIONAL,3
-13.8,-52.4,REGIONAL,3
-2.9,-65.0,REGIONAL,3
-15.4,-45.9,REGIONAL,3
-26.5,-52.3,EXTERNAL,3
-14.4,-39.1,EXTERNAL,3
-8.3,-36.1,EXTERNAL,3
-7.0,-43.0,EXTERNAL,3
-1.8,-56.0,REGIONAL,3
-4.4,-65.5,REGIONAL,3
-1.5,-45.5,REGIONAL,3
-11.8,-49.8,REGIONAL,3
-25.6,-51.0,REGIONAL,3
-23.3,-55.5,EXTERNAL,3
-13.8,-39.5,EXTERNAL,3
-15.6,-58.2,EXTERNAL,3
-1.2,-48.4,REGIONAL,3
-6.0,-49.7,REGIONAL,3
-21.9,-41.9,INTERNAL,3
-30.0,-56.4,REGIONAL,3
-13.3,-46.8,REGIONAL,3
-14.6,-40.2,REGIONAL,3
-2.1,-55.3,REGIONAL,3
-10.0,-42.5,REGIONAL,3
-11.0,-48.0,EXTERNAL,3
-20.2,-44.6,EXTERNAL,3
-7.4,-38.9,EXTERNAL,3
-21.7,-43.5,REGIONAL,3
1.5,-60.9,REGIONAL,3
-16.2,-46.1,REGIONAL,3
-20.3,-51.0,EXTERNAL,3
-27.7,-51.4,EXTERNAL,3
-8.7,-36.3,EXTERNAL,3
-8.3,-43.1,EXTERNAL,3
-17.9,-48.7,EXTERNAL,3
-21.5,-46.2,REGIONAL,3
-4.3,-58.7,REGIONAL,3
-17.9,-43.9,REGIONAL,3
-32.5,-47.5,REGIONAL,3
-2.5,-54.9,INTERNAL,3
-8.5,-34.9,REGIONAL,3
-29.7,-53.8,INTERNAL,3
-28.4,-48.7,EXTERNAL,3
-22.4,-46.3,EXTERNAL,3
-11.8,-41.4,REGIONAL,3
-23.9,-49.7,REGIONAL,3
-5.3,-48.2,EXTERNAL,3
-12.0,-38.0,REGIONAL,3
-3.8,-43.5,REGIONAL,3
-20.1,-50.5,EXTERNAL,3
-20.6,-55.8,REGIONAL,3
-5.7,-36.1,EXTERNAL,3
-13.3,-48.7,REGIONAL,3
-18.6,-51.1,EXTERNAL,3
-6.9,-41.7,EXTERNAL,3
-10.4,-40.6,REGIONAL,3
-15.4,-39.1,REGIONAL,3
-19.0,-42.2,REGIONAL,3
-16.5,-56.5,REGIONAL,3
-11.8,-62.7,EXTERNAL,3
3.7,-51.9,REGIONAL,3
-19.2,-42.2,REGIONAL,3
-20.3,-50.6,REGIONAL,3
-27.5,-48.2,REGIONAL,3
-11.2,-41.3,EXTERNAL,3
-18.9,-47.9,REGIONAL,3
-5.3,-37.4,EXTERNAL,3
-17.8,-50.7,REGIONAL,3
-14.8,-47.6,EXTERNAL,3
-29.7,-50.1,EXTERNAL,3
-23.1,-49.1,EXTERNAL,3
-7.7,-37.2,REGIONAL,3
-27.6,-52.1,REGIONAL,3
-2.4,-59.6,REGIONAL,3
2.0,-61.4,REGIONAL,3
-7.7,-40.4,REGIONAL,3
-8.3,-35.8,EXTERNAL,3
-15.4,-55.4,REGIONAL,3
-25.9,-52.3,REGIONAL,3
-23.7,-53.1,REGIONAL,3
-6.1,-36.5,EXTERNAL,3
-25.0,-53.3,EXTERNAL,3
-9.8,-35.7,REGIONAL,3
-25.3,-51.3,EXTERNAL,3
-11.0,-51.6,REGIONAL,3
-23.6,-51.7,REGIONAL,3
-28.5,-50.8,REGIONAL,3
-17.6,-56.8,REGIONAL,3
-3.3,-54.9,REGIONAL,3
-12.7,-41.6,EXTERNAL,3
-20.4,-56.3,REGIONAL,3
-22.6,-41.8,REGIONAL,3
-19.1,-57.4,REGIONAL,3
-27.1,-53.7,REGIONAL,3
-16.8,-42.7,REGIONAL,3
-15.1,-59.8,REGIONAL,3
-0.7,-47.3,REGIONAL,3
-7.0,-47.5,REGIONAL,3
-3.3,-63.7,EXTERNAL,3
-8.2,-63.9,REGIONAL,3
-9.8,-50.8,REGIONAL,3
-22.5,-40.1,REGIONAL,3
-16.2,-48.9,EXTERNAL,3
-14.3,-49.3,REGIONAL,3
-12.5,-56.3,REGIONAL,3
-25.1,-43.7,REGIONAL,3
-17.1,-40.4,REGIONAL,3
-22.2,-50.3,EXTERNAL,3
-20.9,-42.7,EXTERNAL,3
-8.4,-36.1,EXTERNAL,3
-9.0,-36.4,REGIONAL,3
-3.1,-45.1,REGIONAL,3
-9.7,-65.5,REGIONAL,3
-11.4,-42.0,EXTERNAL,3
3.4,-61.7,REGIONAL,3
-14.2,-56.8,REGIONAL,3
-11.1,-68.6,REGIONAL,3
-12.0,-41.6,REGIONAL,3
-17.3,-46.8,REGIONAL,3
-27.3,-53.7,REGIONAL,3
-14.9,-46.7,REGIONAL,3
-29.9,-51.5,REGIONAL,3
-12.7,-60.3,EXTERNAL,3
-19.6,-43.7,EXTERNAL,3
-13.7,-48.3,REGIONAL,3
-13.9,-59.5,EXTERNAL,3
-12.5,-45.2,REGIONAL,3
-9.3,-64.0,EXTERNAL,3
-6.4,-62.5,REGIONAL,3
-7.2,-36.4,REGIONAL,3
-8.0,-38.0,EXTERNAL,3
3.7,-61.4,REGIONAL,3
-19.5,-57.5,EXTERNAL,3
-10.1,-43.4,REGIONAL,3
-26.5,-53.2,REGIONAL,3
-17.9,-57.6,REGIONAL,3
-8.0,-38.5,EXTERNAL,3
-6.6,-40.2,REGIONAL,3
-7.7,-35.2,EXTERNAL,3
-11.0,-39.8,REGIONAL,3
-27.3,-48.3,EXTERNAL,3
-16.4,-41.2,REGIONAL,3
-15.8,-48.5,EXTERNAL,3
-22.6,-44.5,EXTERNAL,3
-17.9,-55.0,REGIONAL,3
-21.4,-48.0,REGIONAL,3
-20.3,-56.8,REGIONAL,3
-8.4,-37.4,REGIONAL,3
-21.5,-53.4,REGIONAL,3
-15.6,-55.9,REGIONAL,3
-3.2,-46.7,REGIONAL,3
-22.7,-48.6,REGIONAL,3
-4.5,-35.5,REGIONAL,3
-20.1,-48.3,REGIONAL,3
-3.2,-43.3,REGIONAL,3
-7.2,-36.1,REGIONAL,3
-27.8,-52.9,REGIONAL,3
-22.7,-48.2,REGIONAL,3
-29.1,-50.9,REGIONAL,3
-11.5,-55.4,REGIONAL,3
-4.9,-43.1,REGIONAL,3
-25.8,-49.4,EXTERNAL,3
-15.2,-40.3,REGIONAL,3
-29.1,-55.1,REGIONAL,3
-19.3,-38.0,EXTERNAL,3
-15.7,-46.0,REGIONAL,3
-15.4,-58.5,REGIONAL,3
-24.1,-49.9,REGIONAL,3
-18.1,-49.3,REGIONAL,3
-28.9,-53.6,REGIONAL,3
-5.4,-35.9,REGIONAL,3
-6.6,-68.9,INTERNAL,3
-15.0,-47.1,REGIONAL,3
-7.2,-47.8,REGIONAL,3
-6.6,-38.6,EXTERNAL,3
-10.8,-42.1,REGIONAL,3
-22.9,-48.2,EXTERNAL,3
-22.3,-44.8,EXTERNAL,3
-29.0,-49.7,EXTERNAL,3
-8.7,-36.6,REGIONAL,3
-15.1,-48.3,REGIONAL,3
-6.1,-47.4,REGIONAL,3
-20.9,-48.7,EXTERNAL,3
-3.8,-40.6,REGIONAL,3
-20.5,-46.5,REGIONAL,3
-23.0,-49.4,EXTERNAL,3
-12.1,-49.1,REGIONAL,3
-22.4,-45.7,REGIONAL,3
-24.6,-46.8,INTERNAL,3
-6.9,-38.7,REGIONAL,3
-24.3,-44.7,REGIONAL,3
-9.7,-56.1,REGIONAL,3
-4.9,-37.8,INTERNAL,3
-16.0,-44.0,EXTERNAL,3
-12.6,-38.9,EXTERNAL,3
-29.3,-53.0,REGIONAL,3
-22.9,-53.3,EXTERNAL,3
-28.2,-47.9,INTERNAL,3
-25.4,-52.5,EXTERNAL,3
-28.8,-51.9,EXTERNAL,3
-9.3,-39.8,REGIONAL,3
-18.2,-46.5,REGIONAL,3
-13.3,-43.4,EXTERNAL,3
-6.7,-34.8,INTERNAL,3
-10.4,-41.2,EXTERNAL,3
-23.1,-44.6,EXTERNAL,3
-6.7,-36.7,EXTERNAL,3
-21.0,-42.6,EXTERNAL,3
-21.4,-40.9,INTERNAL,3
-21.6,-41.3,EXTERNAL,3
-23.4,-44.4,EXTERNAL,3
-1.2,-57.2,REGIONAL,3
-21.6,-48.1,INTERNAL,3
-12.4,-47.1,REGIONAL,3
-3.8,-33.6,INTERNAL,3
-27.5,-47.4,INTERNAL,3
-22.4,-53.0,INTERNAL,3
-14.9,-52.3,EXTERNAL,3
1.1,-30.3,REGIONAL,3
-11.8,-49.7,EXTERNAL,3
-7.6,-35.2,REGIONAL,3
-21.7,-57.0,REGIONAL,3
-20.0,-42.1,EXTERNAL,3
-27.7,-52.1,REGIONAL,3
-11.6,-4.2,REGIONAL,3
-21.5,-53.9,REGIONAL,3
-21.7,-42.5,REGIONAL,3
-16.0,-48.7,REGIONAL,3
0.8,-51.2,EXTERNAL,3
-16.2,-53.3,EXTERNAL,3
-5.7,-35.4,EXTERNAL,3
-5.1,-48.6,EXTERNAL,3
-13.0,-39.1,EXTERNAL,3
-8.5,-34.5,REGIONAL,3
-19.5,-43.0,REGIONAL,3
-27.2,-49.0,EXTERNAL,3
-12.7,-38.3,INTERNAL,3
-16.0,-50.7,REGIONAL,3
-22.1,-44.4,INTERNAL,3
-25.9,-49.4,EXTERNAL,3
-2.9,-66.8,REGIONAL,3
-20.8,-43.8,REGIONAL,3
-22.9,-46.1,EXTERNAL,3
-13.6,-44.4,REGIONAL,3
-6.5,-41.6,REGIONAL,3
-14.7,-40.5,REGIONAL,3
-15.4,-39.0,EXTERNAL,3
-4.7,-57.5,REGIONAL,3
-23.3,-49.5,EXTERNAL,3
-10.2,-48.5,EXTERNAL,3
-2.1,-56.1,EXTERNAL,3
-24.1,-53.9,REGIONAL,3
-22.4,-48.2,REGIONAL,3
2.2,-29.4,REGIONAL,3
-30.4,-54.3,EXTERNAL,3
2.7,-60.7,REGIONAL,3
-9.5,-38.4,REGIONAL,3
-13.5,-51.1,REGIONAL,3
-27.0,-48.5,REGIONAL,3
-19.6,-54.6,INTERNAL,3
-4.2,-40.8,EXTERNAL,3
-8.9,-41.4,INTERNAL,3
-11.0,-58.7,REGIONAL,3
-17.5,-52.6,REGIONAL,3
-19.3,-40.2,REGIONAL,3
-4.8,-39.5,REGIONAL,3
-17.4,-42.4,REGIONAL,3
-21.8,-48.5,EXTERNAL,3
-15.4,-52.2,REGIONAL,3
-21.7,-53.6,REGIONAL,3
-15.6,-58.4,REGIONAL,3
-5.4,-42.6,REGIONAL,3
-20.4,-53.0,REGIONAL,3
-15.9,-55.0,REGIONAL,3
-12.8,-46.0,REGIONAL,3
-22.0,-42.6,REGIONAL,3
-8.2,-40.6,REGIONAL,3
-3.6,-39.4,REGIONAL,3
0.0,-67.3,REGIONAL,3
-22.8,-44.3,REGIONAL,3
-22.2,-44.5,EXTERNAL,3
-9.2,-40.9,EXTERNAL,3
-22.5,-46.3,REGIONAL,3
-19.3,-44.0,REGIONAL,3
-22.3,-41.9,REGIONAL,3
-30.2,-50.8,EXTERNAL,3
-2.7,-58.0,REGIONAL,3
-20.6,-41.0,EXTERNAL,3
-21.0,-51.2,REGIONAL,3
-21.0,-48.6,EXTERNAL,3
-18.5,-39.9,REGIONAL,3
-15.4,-49.8,EXTERNAL,3
-8.0,-38.0,REGIONAL,3
-24.4,-47.1,EXTERNAL,3
-5.0,-43.0,EXTERNAL,3
-21.5,-49.6,EXTERNAL,3
-17.4,-52.8,EXTERNAL,3
-12.5,-64.1,REGIONAL,3
-3.3,-58.9,REGIONAL,3
-21.4,-44.8,REGIONAL,3
-24.8,-50.3,REGIONAL,3
-7.1,-35.1,INTERNAL,3
-18.1,-55.8,REGIONAL,3
-3.3,-59.7,REGIONAL,3
-8.4,-43.8,REGIONAL,3
-22.2,-45.3,EXTERNAL,3
-6.9,-35.4,EXTERNAL,3
-20.8,-40.9,EXTERNAL,3
-14.7,-40.5,EXTERNAL,3
-10.4,-41.2,REGIONAL,3
-11.8,-42.2,REGIONAL,3
-22.6,-55.7,EXTERNAL,3
-8.2,-41.1,REGIONAL,3
-15.2,-56.9,EXTERNAL,3
-10.5,-36.1,INTERNAL,3
-16.8,-49.7,EXTERNAL,3
-20.7,-41.7,REGIONAL,3
-24.2,-48.8,REGIONAL,3
-24.6,-48.8,REGIONAL,3
-9.7,-56.2,REGIONAL,3
-29.7,-53.2,EXTERNAL,3
-1.8,-52.2,REGIONAL,3
-20.8,-48.3,EXTERNAL,3
-16.3,-41.5,REGIONAL,3
-15.0,-49.7,REGIONAL,3
-23.6,-53.4,REGIONAL,3
-10.3,-50.4,REGIONAL,3
-3.3,-51.9,REGIONAL,3
-9.1,-34.9,INTERNAL,3
-17.8,-46.5,REGIONAL,3
-20.4,-44.9,REGIONAL,3
-22.3,-50.0,EXTERNAL,3
-22.7,-45.3,EXTERNAL,3
-9.2,-43.1,REGIONAL,3
-20.6,-47.2,EXTERNAL,3
-10.8,-49.6,EXTERNAL,3
-7.3,-34.6,INTERNAL,3
-24.4,-52.1,EXTERNAL,3
-17.1,-36.7,INTERNAL,3
-2.9,-59.1,REGIONAL,3
-22.5,-39.7,INTERNAL,3
-9.1,-37.7,EXTERNAL,3
-31.0,-49.3,INTERNAL,3
-26.6,-48.2,INTERNAL,3
-28.0,-55.0,EXTERNAL,3
-3.0,-59.3,REGIONAL,3
-22.2,-47.0,REGIONAL,3
-20.8,-47.5,REGIONAL,3
-24.8,-47.9,EXTERNAL,3
-12.8,-43.9,REGIONAL,3
-16.5,-54.6,INTERNAL,3
-13.3,-41.4,REGIONAL,3
-15.4,-43.8,EXTERNAL,3
-6.8,-37.9,REGIONAL,3
-21.5,-46.4,EXTERNAL,3
-9.8,-50.1,REGIONAL,3
-18.4,-41.1,REGIONAL,3
-3.6,-63.0,REGIONAL,3
-15.6,-38.8,INTERNAL,3
-5.3,-43.7,REGIONAL,3
-23.0,-42.2,INTERNAL,3
-9.4,-36.0,REGIONAL,3
-27.7,-50.6,REGIONAL,3
-6.0,-49.5,REGIONAL,3
-21.9,-42.7,REGIONAL,3
-14.5,-45.8,REGIONAL,3
-7.2,-37.9,REGIONAL,3
-21.2,-46.9,REGIONAL,3
-5.4,-37.2,REGIONAL,3
-12.9,-38.2,REGIONAL,3
-27.0,-53.3,REGIONAL,3
-20.3,-49.7,EXTERNAL,3
-8.9,-62.0,REGIONAL,3
-12.1,-43.5,REGIONAL,3
-2.9,-59.6,REGIONAL,3
-1.6,-55.5,REGIONAL,3
-12.8,-38.1,REGIONAL,3
-12.0,-57.0,REGIONAL,3
-19.4,-41.2,EXTERNAL,3
-9.5,-55.9,EXTERNAL,3
-2.3,-54.8,EXTERNAL,3
-15.9,-44.0,EXTERNAL,3
-4.8,-43.5,REGIONAL,3
-26.5,-53.5,REGIONAL,3
-16.9,-56.4,EXTERNAL,3
-9.5,-55.0,REGIONAL,3
-15.8,-49.6,REGIONAL,3
-7.1,-37.6,REGIONAL,3
-12.8,-39.5,EXTERNAL,3
-20.8,-41.4,EXTERNAL,3
-30.6,-51.4,EXTERNAL,3
-20.2,-50.6,EXTERNAL,3
-11.9,-39.1,REGIONAL,3
-30.8,-52.2,EXTERNAL,3
-23.1,-48.4,EXTERNAL,3
-17.8,-47.8,REGIONAL,3
-17.6,-42.4,REGIONAL,3
-22.2,-47.6,EXTERNAL,3
-9.4,-68.2,REGIONAL,3
-23.8,-53.7,EXTERNAL,3
-27.9,-49.1,EXTERNAL,3
-18.0,-46.5,REGIONAL,3
-2.5,-42.5,REGIONAL,3
-14.8,-46.7,REGIONAL,3
-20.3,-49.2,EXTERNAL,3
-27.9,-50.4,REGIONAL,3
-9.7,-41.3,REGIONAL,3
-18.2,-55.8,REGIONAL,3
-8.9,-63.2,REGIONAL,3
-15.8,-43.1,EXTERNAL,3
-6.4,-37.8,EXTERNAL,3
-13.9,-39.2,EXTERNAL,3
-13.4,-39.8,REGIONAL,3
-18.0,-55.0,REGIONAL,3
-19.9,-43.2,EXTERNAL,3
-23.0,-48.3,EXTERNAL,3
-8.7,-36.5,EXTERNAL,3
-22.3,-53.4,EXTERNAL,3
-21.2,-45.8,EXTERNAL,3
-20.4,-40.9,EXTERNAL,3
-16.1,-42.5,REGIONAL,3
-20.9,-42.3,EXTERNAL,3
-21.1,-48.4,EXTERNAL,3
-23.3,-51.5,REGIONAL,3
-30.3,-51.2,REGIONAL,3
-2.8,-54.9,REGIONAL,3
1.0,-31.3,REGIONAL,3
1.7,-28.1,REGIONAL,3
-4.3,-43.0,REGIONAL,3
-23.0,-47.8,REGIONAL,3
1.4,-28.9,REGIONAL,3
-11.2,-61.2,REGIONAL,3
-8.7,-62.3,REGIONAL,3
-1.8,-49.6,REGIONAL,3
-28.9,-51.1,REGIONAL,3
-8.2,-40.3,REGIONAL,3
-22.5,-47.8,REGIONAL,3
-23.4,-48.8,REGIONAL,3
2.4,-29.1,REGIONAL,3
-20.2,-44.7,REGIONAL,3
-13.6,-51.5,REGIONAL,3
-20.3,-55.3,REGIONAL,3
-1.3,-60.4,REGIONAL,3
-21.7,-41.6,REGIONAL,3
-10.2,-56.8,REGIONAL,3
-2.5,-48.6,REGIONAL,3
-20.8,-49.2,REGIONAL,3
-27.1,-52.9,EXTERNAL,3
-20.2,-49.7,REGIONAL,3
-27.9,-53.9,REGIONAL,3
-27.9,-50.3,REGIONAL,3
-9.2,-42.9,REGIONAL,3
-20.7,-44.3,REGIONAL,3
-3.5,-52.0,REGIONAL,3
-27.4,-52.6,REGIONAL,3
-11.5,-41.3,EXTERNAL,3
-18.3,-45.1,REGIONAL,3
-23.7,-47.2,INTERNAL,3
-22.3,-46.9,REGIONAL,3
-10.2,-68.3,REGIONAL,3
-6.8,-44.9,REGIONAL,3
-19.5,-40.9,REGIONAL,3
-21.3,-47.2,INTERNAL,3
-8.3,-63.5,REGIONAL,3
-21.4,-43.0,REGIONAL,3
2.7,-60.5,REGIONAL,3
-9.7,-42.4,REGIONAL,3
-19.1,-43.8,REGIONAL,3
-26.6,-50.8,REGIONAL,3
-27.2,-53.3,REGIONAL,3
-15.5,-53.1,EXTERNAL,3
-21.6,-41.2,REGIONAL,3
-21.7,-57.2,REGIONAL,3
-7.2,-35.8,EXTERNAL,3
-6.9,-47.5,REGIONAL,3
-19.6,-43.4,EXTERNAL,3
-14.3,-49.2,EXTERNAL,3
-20.5,-43.8,EXTERNAL,3
-15.6,-49.6,INTERNAL,3
3.6,-52.1,REGIONAL,3
-3.5,-60.8,REGIONAL,3
-3.5,-51.8,REGIONAL,3
-7.1,-55.4,REGIONAL,3
-18.0,-50.3,EXTERNAL,3
-22.7,-46.4,REGIONAL,3
-16.8,-56.1,REGIONAL,3
-12.6,-55.8,REGIONAL,3
-24.6,-48.2,EXTERNAL,3
-22.1,-48.8,REGIONAL,3
-18.0,-41.1,REGIONAL,3
-17.6,-44.7,EXTERNAL,3
-11.2,-38.1,EXTERNAL,3
-31.6,-53.0,EXTERNAL,3
-10.7,-37.0,EXTERNAL,3
-21.0,-47.5,EXTERNAL,3
-2.9,-67.0,REGIONAL,3
-18.1,-38.9,REGIONAL,3
-27.4,-53.9,REGIONAL,3
-7.2,-48.3,REGIONAL,3
-6.3,-35.0,EXTERNAL,3
-5.4,-47.3,EXTERNAL,3
-29.3,-53.3,REGIONAL,3
-10.5,-63.6,REGIONAL,3
-29.6,-51.9,EXTERNAL,3
-20.7,-48.2,REGIONAL,3
-7.5,-35.6,REGIONAL,3
-13.0,-41.1,REGIONAL,3
-7.2,-36.1,EXTERNAL,3
-26.4,-48.9,EXTERNAL,3
-3.4,-44.4,EXTERNAL,3
-25.9,-53.5,EXTERNAL,3
-16.0,-56.5,EXTERNAL,3
-21.8,-41.5,EXTERNAL,3
-22.6,-54.8,EXTERNAL,3
-20.2,-41.0,EXTERNAL,3
-20.8,-42.0,EXTERNAL,3
-7.9,-35.7,REGIONAL,3
-22.4,-43.6,INTERNAL,3
-23.5,-46.1,INTERNAL,3
-22.3,-45.5,REGIONAL,3
-3.1,-51.8,REGIONAL,3
-6.9,-41.3,REGIONAL,3
-80.3,-84.2,REGIONAL,3
-8.9,-40.1,REGIONAL,3
-6.3,-58.4,REGIONAL,3
-3.6,-41.0,REGIONAL,3
-28.6,-52.9,EXTERNAL,3
-12.4,-38.1,REGIONAL,3
-14.2,-39.0,EXTERNAL,3
-13.7,-41.9,REGIONAL,3
-19.4,-46.5,REGIONAL,3
-25.4,-50.4,REGIONAL,3
-24.2,-46.1,INTERNAL,3
-2.9,-41.5,EXTERNAL,3
-13.3,-47.2,REGIONAL,3
-29.1,-52.0,REGIONAL,3
-29.8,-53.4,EXTERNAL,3
-5.4,-67.4,REGIONAL,3
-26.9,-49.9,REGIONAL,3
-23.4,-51.0,EXTERNAL,3
-21.5,-48.0,EXTERNAL,3
-8.4,-35.5,EXTERNAL,3
-1.7,-57.5,EXTERNAL,3
-16.2,-48.5,EXTERNAL,3
-7.2,-47.8,EXTERNAL,3
-21.8,-42.7,INTERNAL,3
-23.1,-45.4,REGIONAL,3
-0.8,-47.0,REGIONAL,3
-27.3,-48.3,REGIONAL,3
-11.9,-41.1,REGIONAL,3
-11.1,-45.5,REGIONAL,3
-12.8,-42.7,REGIONAL,3
-3.4,-60.1,REGIONAL,3
-15.9,-52.8,EXTERNAL,3
-13.9,-49.1,EXTERNAL,3
-24.2,-51.0,REGIONAL,3
-7.9,-48.4,EXTERNAL,3
-0.7,-48.0,INTERNAL,3
-11.8,-46.6,REGIONAL,3
-26.3,-50.0,REGIONAL,3
-21.0,-42.2,REGIONAL,3
-29.3,-48.0,REGIONAL,3
-13.8,-60.3,REGIONAL,3
-21.2,-45.5,REGIONAL,3
-20.1,-48.7,REGIONAL,3
-23.6,-51.0,EXTERNAL,3
-4.2,-64.6,EXTERNAL,3
-3.7,-48.4,REGIONAL,3
-20.1,-56.1,REGIONAL,3
-10.8,-55.6,EXTERNAL,3
-23.5,-48.3,REGIONAL,3
-10.7,-49.7,REGIONAL,3
-1.6,-48.8,REGIONAL,3
-3.2,-58.4,REGIONAL,3
-2.0,-61.4,REGIONAL,3
-6.4,-48.6,REGIONAL,3
-10.2,-46.6,REGIONAL,3
-12.5,-49.0,EXTERNAL,3
-28.3,-49.8,REGIONAL,3
-19.9,-41.7,EXTERNAL,3
-18.6,-49.5,REGIONAL,3
-21.6,-42.7,EXTERNAL,3
-6.3,-49.9,REGIONAL,3
-18.9,-42.7,REGIONAL,3
1.8,-43.8,REGIONAL,3
0.3,-66.7,REGIONAL,3
-18.2,-43.8,REGIONAL,3
-23.5,-52.1,EXTERNAL,3
-15.8,-40.4,REGIONAL,3
-31.4,-53.1,EXTERNAL,3
-21.5,-56.0,REGIONAL,3
-11.7,-38.0,EXTERNAL,3
-22.2,-52.3,REGIONAL,3
-12.5,-40.1,REGIONAL,3
-10.6,-46.4,REGIONAL,3
-28.7,-51.8,REGIONAL,3
-18.8,-42.6,EXTERNAL,3
-15.2,-39.2,REGIONAL,3
-13.8,-48.1,REGIONAL,3
2.8,-60.0,REGIONAL,3
-14.5,-46.6,REGIONAL,3
-21.4,-54.7,EXTERNAL,3
-17.2,-50.8,REGIONAL,3
-26.5,-51.7,REGIONAL,3
-28.7,-55.9,REGIONAL,3
-7.5,-63.3,REGIONAL,3
-16.0,-42.3,REGIONAL,3
-23.9,-52.0,EXTERNAL,3
-10.9,-62.3,EXTERNAL,3
-7.5,-35.0,EXTERNAL,3
-21.2,-43.3,EXTERNAL,3
-7.8,-35.7,REGIONAL,3
-4.4,-43.9,EXTERNAL,3
-8.2,-58.3,REGIONAL,3
-9.3,-47.9,REGIONAL,3
-22.8,-51.0,REGIONAL,3
-31.3,-49.7,EXTERNAL,3
-15.7,-39.1,REGIONAL,3
-25.8,-45.2,REGIONAL,3
-16.4,-46.8,REGIONAL,3
-27.9,-54.2,REGIONAL,3
-23.2,-43.0,REGIONAL,3
-20.7,-40.3,REGIONAL,3
-20.8,-40.1,REGIONAL,3
-20.1,-50.9,REGIONAL,3
-2.8,-57.4,REGIONAL,3
-23.9,-47.4,REGIONAL,3
-24.7,-50.8,REGIONAL,3
-29.0,-49.8,EXTERNAL,3
-19.6,-44.3,REGIONAL,3
-26.2,-50.5,EXTERNAL,3
-4.4,-39.6,REGIONAL,3
-21.5,-54.4,REGIONAL,3
-12.1,-44.7,REGIONAL,3
-16.3,-46.6,REGIONAL,3
-19.4,-44.5,REGIONAL,3
-18.5,-47.4,REGIONAL,3
-20.3,-41.6,EXTERNAL,3
-20.6,-51.4,INTERNAL,3
-6.8,-36.5,EXTERNAL,3
-15.9,-51.5,EXTERNAL,3
-11.2,-37.3,REGIONAL,3
-25.5,-50.0,REGIONAL,3
-21.3,-46.4,REGIONAL,3
-31.1,-51.0,REGIONAL,3
-23.9,-54.3,REGIONAL,3
-33.8,-51.4,INTERNAL,3
-22.0,-46.3,EXTERNAL,3
-16.6,-50.1,REGIONAL,3
-23.4,-48.0,EXTERNAL,3
-24.9,-48.1,REGIONAL,3
-30.3,-53.8,EXTERNAL,3
-21.4,-40.7,INTERNAL,3
-10.8,-46.7,REGIONAL,3
-22.6,-48.4,REGIONAL,3
-20.6,-41.7,REGIONAL,3
-10.2,-54.9,EXTERNAL,3
-20.3,-40.2,EXTERNAL,3
-10.8,-37.2,REGIONAL,3
-3.5,-38.5,REGIONAL,3
-5.1,-45.6,REGIONAL,3
-16.5,-49.9,EXTERNAL,3
-17.2,-43.4,REGIONAL,3
-27.6,-52.7,EXTERNAL,3
-2.7,-44.2,EXTERNAL,3
-10.6,-58.6,REGIONAL,3
-32.0,-53.4,EXTERNAL,3
-24.1,-51.5,EXTERNAL,3
-1.5,-49.5,REGIONAL,3
-20.1,-46.9,REGIONAL,3
-20.7,-54.8,REGIONAL,3
-26.1,-49.4,EXTERNAL,3
-12.8,-39.6,REGIONAL,3
-21.4,-46.1,REGIONAL,3
0.7,-66.8,REGIONAL,3
-22.0,-54.6,EXTERNAL,3
4.0,-47.5,REGIONAL,3
-20.1,-44.7,REGIONAL,3
-21.8,-57.3,REGIONAL,3
-10.4,-36.1,INTERNAL,3
-19.9,-43.0,EXTERNAL,3
-29.8,-48.2,INTERNAL,3
-20.5,-42.5,EXTERNAL,3
-10.8,-62.1,EXTERNAL,3
-12.5,-38.5,EXTERNAL,3
2.4,-61.3,REGIONAL,3
-29.8,-50.6,EXTERNAL,3
-16.2,-51.0,REGIONAL,3
-16.6,-43.9,EXTERNAL,3
-1.6,-48.5,EXTERNAL,3
-13.6,-53.2,EXTERNAL,3
-22.2,-49.6,INTERNAL,3
-21.6,-50.4,EXTERNAL,3
-19.7,-56.1,REGIONAL,3
-2.4,-60.7,REGIONAL,3
-31.0,-51.0,EXTERNAL,3
-29.2,-50.4,REGIONAL,3
-12.5,-41.8,REGIONAL,3
-24.5,-49.1,INTERNAL,3
-28.5,-55.0,EXTERNAL,3
-22.0,-46.5,REGIONAL,3
-13.5,-40.0,EXTERNAL,3
-21.0,-49.4,INTERNAL,3
-2.9,-67.8,REGIONAL,3
-14.9,-46.6,EXTERNAL,3
-19.9,-48.2,EXTERNAL,3
-25.3,-49.5,EXTERNAL,3
-19.1,-40.4,EXTERNAL,3
-20.9,-48.2,REGIONAL,3
-23.4,-45.6,EXTERNAL,3
-22.5,-41.8,REGIONAL,3
-13.5,-43.1,REGIONAL,3
-5.7,-36.5,REGIONAL,3
-15.8,-38.7,REGIONAL,3
-4.9,-39.6,REGIONAL,3
-16.8,-56.7,REGIONAL,3
-29.2,-50.9,REGIONAL,3
-21.2,-56.7,REGIONAL,3
-6.1,-35.0,REGIONAL,3
-20.4,-54.8,REGIONAL,3
-9.1,-45.1,REGIONAL,3
-9.5,-70.0,REGIONAL,3
-18.6,-46.7,REGIONAL,3
-6.5,-44.2,REGIONAL,3
-10.4,-37.2,EXTERNAL,3
-22.5,-42.4,REGIONAL,3
0.0,-39.0,EXTERNAL,3
-18.5,-39.8,REGIONAL,3
-7.3,-36.3,REGIONAL,3
-12.3,-56.0,REGIONAL,3
-20.6,-47.8,REGIONAL,3
-7.4,-38.6,REGIONAL,3
-20.7,-49.3,EXTERNAL,3
-9.8,-68.2,REGIONAL,3
-21.3,-49.1,REGIONAL,3
-22.7,-53.1,INTERNAL,3
-10.2,-41.5,REGIONAL,3
-2.9,-66.9,REGIONAL,3
-21.0,-43.5,EXTERNAL,3
-7.9,-42.8,REGIONAL,3
-7.4,-40.9,REGIONAL,3
-5.2,-35.4,EXTERNAL,3
-18.8,-40.1,REGIONAL,3
-22.8,-49.5,INTERNAL,3
-26.5,-48.5,REGIONAL,3
3.9,-60.0,REGIONAL,3
-10.0,-36.3,REGIONAL,3
-18.9,-55.2,INTERNAL,3
-17.5,-44.2,REGIONAL,3
-5.0,-61.5,EXTERNAL,3
-9.2,-37.1,REGIONAL,3
-30.5,-56.1,REGIONAL,3
-23.2,-45.8,INTERNAL,3
-17.6,-48.5,REGIONAL,3
-22.1,-46.5,EXTERNAL,3
-20.9,-51.5,EXTERNAL,3
-25.4,-51.4,EXTERNAL,3
-27.1,-50.6,REGIONAL,3
-23.8,-47.0,EXTERNAL,3
-18.3,-51.1,REGIONAL,3
-27.9,-53.8,REGIONAL,3
1.3,-51.9,REGIONAL,3
-2.4,-44.4,EXTERNAL,3
-22.0,-44.0,REGIONAL,3
-22.3,-47.1,EXTERNAL,3
-0.4,-65.0,REGIONAL,3
-23.9,-23.9,INTERNAL,3
-22.9,-46.8,INTERNAL,3
-15.4,-55.7,EXTERNAL,3
-2.3,-62.5,REGIONAL,3
-7.5,-46.1,EXTERNAL,3
-19.0,-46.0,INTERNAL,3
-22.2,-41.7,EXTERNAL,3
-12.1,-37.3,REGIONAL,3
-11.3,-40.9,REGIONAL,3
-31.5,-52.5,EXTERNAL,3
-11.4,-37.4,EXTERNAL,3
-5.2,-40.7,EXTERNAL,3
-3.4,-48.8,REGIONAL,3
-28.1,-54.8,EXTERNAL,3
-31.1,-51.8,REGIONAL,3
-19.5,-41.2,REGIONAL,3
-6.9,-38.5,EXTERNAL,3
-15.4,-47.9,REGIONAL,3
-10.3,-48.2,EXTERNAL,3
-20.2,-44.2,EXTERNAL,3
-25.8,-49.1,EXTERNAL,3
-5.7,-35.5,EXTERNAL,3
-14.7,-52.9,REGIONAL,3
-22.2,-51.6,REGIONAL,3
-24.2,-46.6,REGIONAL,3
-27.0,-50.4,EXTERNAL,3
-7.2,-38.1,EXTERNAL,3
-26.5,-48.9,EXTERNAL,3
-21.3,-41.0,EXTERNAL,3
-7.3,-36.5,REGIONAL,3
-9.8,-38.4,REGIONAL,3
-25.4,-52.8,REGIONAL,3
-24.8,-51.1,REGIONAL,3
-18.2,-49.4,REGIONAL,3
-19.5,-48.0,REGIONAL,3
-21.8,-50.8,EXTERNAL,3
-5.4,-37.4,REGIONAL,3
-8.5,-60.9,REGIONAL,2
-7.1,-63.1,REGIONAL,2
-21.6,-47.0,EXTERNAL,2
-24.2,-53.1,REGIONAL,2
-18.8,-40.9,EXTERNAL,2
-27.7,-50.1,REGIONAL,2
-24.4,-47.7,EXTERNAL,2
-21.8,-42.3,EXTERNAL,2
-9.5,-38.2,REGIONAL,2
-6.3,-35.1,EXTERNAL,2
-4.9,-42.8,EXTERNAL,2
-23.1,-48.2,REGIONAL,2
-25.5,-45.5,REGIONAL,2
-16.6,-50.2,REGIONAL,2
-13.3,-40.0,REGIONAL,2
-12.7,-38.5,INTERNAL,2
0.4,-46.6,REGIONAL,2
-17.8,-38.9,REGIONAL,2
-9.5,-35.5,INTERNAL,2
-5.6,-38.4,REGIONAL,2
-19.4,-39.3,INTERNAL,2
3.9,-59.6,EXTERNAL,2
-26.6,-45.4,INTERNAL,2
-24.2,-44.0,REGIONAL,2
-16.4,-40.6,REGIONAL,2
-14.3,-48.3,REGIONAL,2
-20.3,-46.7,INTERNAL,2
-10.7,-36.9,INTERNAL,2
-8.6,-57.8,REGIONAL,2
-27.7,-54.4,REGIONAL,2
-30.2,-51.7,REGIONAL,2
-0.7,-47.9,REGIONAL,2
-29.4,-52.4,REGIONAL,2
-12.7,-60.0,REGIONAL,2
-27.7,-54.7,REGIONAL,2
-15.9,-56.7,REGIONAL,2
-23.5,-39.5,REGIONAL,2
-29.0,-56.2,EXTERNAL,2
-14.8,-48.1,REGIONAL,2
-28.7,-53.1,EXTERNAL,2
-19.5,-54.5,REGIONAL,2
-14.2,-41.5,REGIONAL,2
-21.5,-45.1,EXTERNAL,2
-14.1,-41.7,REGIONAL,2
-14.2,-46.3,REGIONAL,2
-18.8,-41.4,REGIONAL,2
-12.0,-48.7,REGIONAL,2
-0.7,-52.8,REGIONAL,2
-21.6,-45.6,REGIONAL,2
-24.2,-48.6,EXTERNAL,2
-19.7,-44.7,EXTERNAL,2
-6.6,-36.2,REGIONAL,2
-23.5,-40.5,REGIONAL,2
-22.4,-53.6,EXTERNAL,2
-4.2,-49.3,REGIONAL,2
-14.0,-55.0,REGIONAL,2
-20.6,-49.7,REGIONAL,2
-21.8,-54.5,EXTERNAL,2
-21.0,-49.1,EXTERNAL,2
-33.3,-53.1,REGIONAL,2
-25.7,-50.3,EXTERNAL,2
-20.4,-55.0,INTERNAL,2
-17.7,-51.6,INTERNAL,2
-23.2,-46.8,INTERNAL,2
-1.4,-48.4,INTERNAL,2
-7.9,-40.0,EXTERNAL,2
-20.8,-48.9,INTERNAL,2
-29.1,-51.0,EXTERNAL,2
-16.0,-39.4,REGIONAL,2
-17.4,-41.6,EXTERNAL,2
-31.6,-53.5,EXTERNAL,2
-26.8,-48.4,REGIONAL,2
-16.7,-57.6,REGIONAL,2
-13.1,-37.4,REGIONAL,2
-14.4,-56.4,EXTERNAL,2
-16.8,-57.6,REGIONAL,2
-19.2,-43.6,EXTERNAL,2
-18.7,-48.5,EXTERNAL,2
-20.4,-55.8,EXTERNAL,2
-30.4,-51.0,EXTERNAL,2
-21.7,-44.0,EXTERNAL,2
-18.9,-43.8,EXTERNAL,2
-21.7,-52.5,REGIONAL,2
-4.3,-43.9,EXTERNAL,2
-20.4,-46.9,REGIONAL,2
-21.9,-56.7,EXTERNAL,2
-13.1,-38.8,EXTERNAL,2
-22.0,-47.1,EXTERNAL,2
-9.1,-39.9,REGIONAL,2
-17.0,-50.3,REGIONAL,2
-6.4,-41.8,EXTERNAL,2
-21.1,-51.5,EXTERNAL,2
-7.0,-38.6,EXTERNAL,2
-9.2,-50.0,REGIONAL,2
-1.2,-60.4,REGIONAL,2
-15.8,-52.5,REGIONAL,2
-23.9,-50.1,EXTERNAL,2
-16.8,-57.2,REGIONAL,2
-30.2,-50.1,REGIONAL,2
-29.4,-53.0,EXTERNAL,2
-16.1,-42.4,REGIONAL,2
-8.5,-36.7,EXTERNAL,2
-7.8,-35.5,EXTERNAL,2
-16.2,-47.3,EXTERNAL,2
-4.4,-53.7,REGIONAL,2
-21.9,-46.6,EXTERNAL,2
-6.2,-35.2,EXTERNAL,2
-20.2,-48.0,INTERNAL,2
-8.0,-38.4,EXTERNAL,2
-21.5,-47.5,REGIONAL,2
-5.7,-38.9,EXTERNAL,2
-14.7,-52.3,EXTERNAL,2
-21.7,-42.0,REGIONAL,2
-11.5,-41.6,REGIONAL,2
-16.8,-44.3,EXTERNAL,2
-19.9,-44.7,EXTERNAL,2
-2.6,-54.9,EXTERNAL,2
-3.3,-45.7,EXTERNAL,2
-26.8,-53.0,EXTERNAL,2
-21.0,-43.6,EXTERNAL,2
-3.7,-41.1,EXTERNAL,2
-12.9,-38.3,INTERNAL,2
22.2,-80.5,INTERNAL,2
-17.7,-48.1,EXTERNAL,2
-14.6,-47.4,REGIONAL,2
-20.9,-48.9,REGIONAL,2
-18.9,-56.6,REGIONAL,2
-29.0,-55.9,REGIONAL,2
-15.8,-57.3,REGIONAL,2
-24.7,-51.7,REGIONAL,2
-8.1,-73.5,REGIONAL,2
-25.9,-52.1,EXTERNAL,2
-31.4,-52.2,REGIONAL,2
-17.1,-46.9,REGIONAL,2
-11.1,-39.5,EXTERNAL,2
-21.2,-48.1,EXTERNAL,2
-21.1,-47.5,EXTERNAL,2
-5.3,-47.5,REGIONAL,2
-5.4,-38.0,REGIONAL,2
-2.3,-65.7,REGIONAL,2
-9.6,-50.0,REGIONAL,2
-18.2,-47.3,EXTERNAL,2
-9.2,-36.2,EXTERNAL,2
-10.8,-42.2,REGIONAL,2
-26.6,-53.6,REGIONAL,2
-4.3,-47.5,EXTERNAL,2
-27.6,-48.3,REGIONAL,2
-17.8,-40.3,EXTERNAL,2
-1.7,-50.4,REGIONAL,2
-24.6,-51.9,EXTERNAL,2
-19.2,-41.2,REGIONAL,2
-3.0,-41.8,EXTERNAL,2
-12.5,-39.2,REGIONAL,2
-25.8,-50.6,EXTERNAL,2
-14.3,-43.8,EXTERNAL,2
-15.6,-42.5,EXTERNAL,2
-1.4,-56.2,REGIONAL,2
-23.4,-44.4,INTERNAL,2
-21.1,-51.9,REGIONAL,2
-23.0,-49.2,INTERNAL,2
-27.0,-52.3,EXTERNAL,2
-21.3,-43.0,REGIONAL,2
-21.4,-49.2,INTERNAL,2
-19.5,-42.2,EXTERNAL,2
-13.5,-41.9,INTERNAL,2
-20.0,-47.7,EXTERNAL,2
-0.0,-51.1,INTERNAL,2
-16.7,-49.6,EXTERNAL,2
-26.8,-52.7,REGIONAL,2
-11.6,-47.6,REGIONAL,2
-20.3,-56.0,REGIONAL,2
-25.1,-53.8,EXTERNAL,2
-25.1,-53.3,EXTERNAL,2
-3.6,-45.5,EXTERNAL,2
-2.7,-59.7,EXTERNAL,2
-15.8,-47.5,REGIONAL,2
-15.4,-44.4,EXTERNAL,2
-30.9,-53.2,REGIONAL,2
-28.0,-48.4,REGIONAL,2
-30.7,-50.6,REGIONAL,2
-8.4,-37.3,REGIONAL,2
-13.0,-52.4,REGIONAL,2
-15.1,-51.2,REGIONAL,2
-22.3,-45.3,EXTERNAL,2
-19.5,-42.7,EXTERNAL,2
-19.0,-48.0,REGIONAL,2
-21.0,-41.0,REGIONAL,2
-23.0,-48.9,EXTERNAL,2
-22.1,-55.4,EXTERNAL,2
-22.6,-53.0,EXTERNAL,2
-24.2,-48.9,EXTERNAL,2
-6.5,-51.1,REGIONAL,2
-10.5,-37.2,EXTERNAL,2
-16.2,-52.6,EXTERNAL,2
-20.0,-47.2,REGIONAL,2
-14.5,-48.5,EXTERNAL,2
-21.9,-57.9,REGIONAL,2
-15.6,-46.5,REGIONAL,2
-14.6,-47.6,REGIONAL,2
-14.1,-51.2,REGIONAL,2
-32.7,-52.5,REGIONAL,2
-8.8,-35.3,EXTERNAL,2
-20.4,-46.3,REGIONAL,2
-3.4,-57.6,REGIONAL,2
-7.1,-37.0,REGIONAL,2
-0.7,-51.7,REGIONAL,2
-26.2,-50.8,EXTERNAL,2
3.9,17.9,REGIONAL,2
-6.7,-39.5,REGIONAL,2
-19.2,-43.2,EXTERNAL,2
-8.0,-63.4,REGIONAL,2
-30.9,-53.9,REGIONAL,2
-18.6,-42.8,REGIONAL,2
-33.2,-52.6,REGIONAL,2
-22.8,-44.0,EXTERNAL,2
-34.3,-52.4,REGIONAL,2
-9.0,-40.3,REGIONAL,2
-22.5,-48.1,REGIONAL,2
-3.8,-59.9,REGIONAL,2
-9.5,-37.4,REGIONAL,2
-5.0,-36.0,REGIONAL,2
-7.2,-37.2,REGIONAL,2
-19.6,-42.1,REGIONAL,2
-21.7,-48.9,REGIONAL,2
-5.2,-48.4,REGIONAL,2
-27.1,-50.3,REGIONAL,2
-12.1,-42.5,REGIONAL,2
-26.7,-49.9,REGIONAL,2
-13.8,-51.9,REGIONAL,2
-18.3,-44.7,REGIONAL,2
-13.4,-43.5,REGIONAL,2
-10.8,-56.4,REGIONAL,2
-21.7,-45.2,EXTERNAL,2
-28.1,-49.2,EXTERNAL,2
-22.2,-41.0,INTERNAL,2
-7.4,-40.7,REGIONAL,2
-3.1,-59.0,REGIONAL,2
-9.8,-35.4,REGIONAL,2
-7.7,-31.8,REGIONAL,2
-6.3,-48.4,REGIONAL,2
-6.4,-44.0,REGIONAL,2
-9.9,-57.7,REGIONAL,2
-5.7,-38.6,REGIONAL,2
-13.0,-40.5,EXTERNAL,2
-12.6,-43.2,REGIONAL,2
-15.4,-49.7,EXTERNAL,2
-22.1,-55.2,REGIONAL,2
-11.2,-50.7,REGIONAL,2
-13.0,-47.5,REGIONAL,2
3.0,-61.5,REGIONAL,2
-11.1,-38.6,EXTERNAL,2
-29.5,-54.2,EXTERNAL,2
-10.8,-65.4,REGIONAL,2
-30.2,-52.1,EXTERNAL,2
-23.0,-52.2,REGIONAL,2
-7.7,-41.0,REGIONAL,2
-15.5,-39.7,REGIONAL,2
-21.6,-48.1,EXTERNAL,2
-8.2,-70.6,REGIONAL,2
-16.9,-53.9,REGIONAL,2
-23.9,-51.0,EXTERNAL,2
-14.1,-51.5,EXTERNAL,2
-11.6,-51.2,EXTERNAL,2
-21.3,-40.6,INTERNAL,2
-22.1,-47.3,REGIONAL,2
0.8,-61.7,REGIONAL,2
-1.9,-37.9,INTERNAL,2
-6.2,-42.9,REGIONAL,2
-3.4,-44.5,REGIONAL,2
-11.7,-42.1,REGIONAL,2
-25.4,-48.5,INTERNAL,2
-22.7,-48.4,REGIONAL,2
-15.3,-39.4,EXTERNAL,2
-18.2,-38.5,INTERNAL,2
-15.0,-41.8,REGIONAL,2
-5.9,-42.2,REGIONAL,2
-19.8,-57.7,REGIONAL,2
-9.3,-35.1,INTERNAL,2
-12.5,-39.9,EXTERNAL,2
-2.4,-65.1,EXTERNAL,2
-14.6,-46.2,EXTERNAL,2
-16.1,-56.8,REGIONAL,2
-29.6,-50.8,INTERNAL,2
-4.8,-40.0,EXTERNAL,2
-22.3,-50.1,EXTERNAL,2
-24.0,-53.1,EXTERNAL,2
-29.6,-55.4,REGIONAL,2
-1.7,-56.5,REGIONAL,2
-31.5,-53.7,REGIONAL,2
-22.6,-39.3,INTERNAL,2
-24.1,-43.9,INTERNAL,2
-20.5,-38.1,REGIONAL,2
-18.1,-41.0,REGIONAL,2
-17.9,-51.0,REGIONAL,2
-26.3,-46.9,INTERNAL,2
-24.0,0.0,EXTERNAL,2
-19.2,-46.1,EXTERNAL,2
-21.3,-48.8,REGIONAL,2
-16.7,-46.3,REGIONAL,2
-20.8,-29.4,INTERNAL,2
-22.6,-55.1,EXTERNAL,2
-15.4,-38.4,INTERNAL,2
-17.9,-37.3,INTERNAL,2
-29.1,-51.7,REGIONAL,2
-21.3,-52.3,EXTERNAL,2
-12.0,-50.0,EXTERNAL,2
-18.0,-40.0,EXTERNAL,2
-11.7,-37.9,EXTERNAL,2
-14.8,-46.2,EXTERNAL,2
-23.8,-45.0,REGIONAL,2
-18.6,-40.8,REGIONAL,2
-3.2,-40.8,REGIONAL,2
-8.1,-34.8,INTERNAL,2
-10.9,-36.8,REGIONAL,2
-2.3,-50.5,REGIONAL,2
-23.7,-51.8,REGIONAL,2
-26.5,-50.0,REGIONAL,2
-21.1,-51.8,REGIONAL,2
-26.2,-48.3,INTERNAL,2
-1.4,-47.9,REGIONAL,2
-7.3,-36.4,REGIONAL,2
-8.9,-59.0,REGIONAL,2
-18.0,-44.6,REGIONAL,2
-20.5,-49.3,EXTERNAL,2
-6.3,-41.1,EXTERNAL,2
-8.2,-39.2,EXTERNAL,2
-23.1,-49.4,EXTERNAL,2
-1.8,-66.6,REGIONAL,2
-6.9,-45.3,EXTERNAL,2
-5.9,-37.4,REGIONAL,2
-8.2,-69.0,REGIONAL,2
-29.6,-56.9,REGIONAL,2
-16.6,-42.2,EXTERNAL,2
-6.2,-35.3,REGIONAL,2
-13.4,-42.0,EXTERNAL,2
-13.2,-47.7,REGIONAL,2
-23.1,-50.8,REGIONAL,2
-23.4,-52.3,REGIONAL,2
-12.2,-56.2,REGIONAL,2
-21.8,-49.9,REGIONAL,2
-21.1,-44.5,REGIONAL,2
-24.6,-53.4,REGIONAL,2
-23.0,-51.7,REGIONAL,2
-23.8,-49.1,REGIONAL,2
-15.8,-57.7,REGIONAL,2
1.0,-61.0,REGIONAL,2
-7.3,-62.8,REGIONAL,2
-6.3,-37.0,REGIONAL,2
-15.8,-46.8,REGIONAL,2
-10.6,-46.1,REGIONAL,2
-16.2,-56.5,REGIONAL,2
-27.1,-48.3,EXTERNAL,2
-9.3,-36.6,REGIONAL,2
-9.7,-64.9,REGIONAL,2
-15.2,-58.8,REGIONAL,2
-20.9,-56.8,REGIONAL,2
-18.1,-43.9,REGIONAL,2
-16.3,-40.1,REGIONAL,2
-8.0,-38.2,REGIONAL,2
-21.6,-41.8,REGIONAL,2
-31.1,-49.5,EXTERNAL,2
-20.9,-40.6,REGIONAL,2
-10.1,-37.6,EXTERNAL,2
-15.2,-56.7,REGIONAL,2
-11.2,-38.2,REGIONAL,2
-12.6,-37.5,REGIONAL,2
-26.1,-53.5,EXTERNAL,2
-21.2,-51.2,REGIONAL,2
-2.0,-50.4,REGIONAL,2
-3.9,-58.7,REGIONAL,2
-12.4,-38.2,EXTERNAL,2
-13.3,-51.2,REGIONAL,2
-14.4,-48.4,EXTERNAL,2
-11.5,-63.1,EXTERNAL,2
-16.3,-51.5,REGIONAL,2
-29.0,-52.3,REGIONAL,2
-29.2,-56.6,REGIONAL,2
-7.8,-35.4,REGIONAL,2
-10.1,-61.9,INTERNAL,2
-2.5,-34.5,REGIONAL,2
-17.5,-49.5,REGIONAL,2
-32.5,-48.5,REGIONAL,2
-6.5,-43.8,REGIONAL,2
6.8,-49.3,REGIONAL,2
-23.0,-47.3,EXTERNAL,2
1.3,-30.4,REGIONAL,2
-15.1,-58.1,REGIONAL,2
-5.3,-47.6,REGIONAL,2
-3.9,-54.9,EXTERNAL,2
-12.9,-47.8,REGIONAL,2
-13.3,-43.6,REGIONAL,2
-10.8,-62.0,EXTERNAL,2
-3.0,-45.2,REGIONAL,2
-20.0,-41.8,EXTERNAL,2
-26.6,-50.3,REGIONAL,2
-19.0,-43.5,REGIONAL,2
-1.5,-54.5,REGIONAL,2
-9.8,-40.3,EXTERNAL,2
-16.4,-51.6,EXTERNAL,2
-27.5,-52.3,REGIONAL,2
-11.9,-48.8,EXTERNAL,2
-5.5,-55.5,REGIONAL,2
-13.3,-49.7,REGIONAL,2
-21.2,-42.9,EXTERNAL,2
-27.3,-50.0,EXTERNAL,2
-28.5,-49.4,EXTERNAL,2
-4.4,-44.7,REGIONAL,2
-8.3,-37.8,INTERNAL,2
-21.2,-42.1,EXTERNAL,2
-22.3,-49.9,REGIONAL,2
-15.0,-51.4,REGIONAL,2
-10.7,-51.6,EXTERNAL,2
-23.1,-51.1,REGIONAL,2
-7.9,-38.7,EXTERNAL,2
3.4,-51.7,REGIONAL,2
-15.8,-56.3,REGIONAL,2
-4.3,-59.4,REGIONAL,2
-21.4,-50.6,EXTERNAL,2
-7.4,-73.1,REGIONAL,2
-24.2,-52.2,REGIONAL,2
-26.5,-52.8,REGIONAL,2
-24.8,-53.3,EXTERNAL,2
-7.6,-63.3,EXTERNAL,2
-11.6,-39.6,REGIONAL,2
-12.7,-38.6,REGIONAL,2
-3.8,-48.2,REGIONAL,2
-23.6,-47.3,INTERNAL,2
-7.2,-39.2,EXTERNAL,2
-21.4,-51.6,EXTERNAL,2
-25.7,-52.5,REGIONAL,2
-22.9,-53.1,REGIONAL,2
-14.6,-40.9,REGIONAL,2
-16.3,-48.7,REGIONAL,2
-16.2,-50.5,REGIONAL,2
-3.1,-41.7,REGIONAL,2
-16.8,-43.4,REGIONAL,2
-23.9,-45.6,REGIONAL,2
-23.6,-49.5,EXTERNAL,2
-31.0,-53.1,REGIONAL,2
1.5,-68.7,REGIONAL,2
-1.2,-51.9,REGIONAL,2
-12.9,-56.7,EXTERNAL,2
-28.7,-49.9,REGIONAL,2
-25.0,-50.3,EXTERNAL,2
-18.9,-56.8,REGIONAL,2
-10.5,-48.3,EXTERNAL,2
-18.3,-40.0,REGIONAL,2
-13.8,-52.0,EXTERNAL,2
-20.5,-45.6,EXTERNAL,2
-10.7,-39.5,EXTERNAL,2
-15.9,-49.2,INTERNAL,2
-29.0,-50.1,EXTERNAL,2
-12.5,-55.8,EXTERNAL,2
-14.4,-42.3,EXTERNAL,2
-16.9,-49.5,EXTERNAL,2
-9.0,-37.6,EXTERNAL,2
-12.2,-38.1,EXTERNAL,2
-11.6,-55.4,EXTERNAL,2
-21.6,-49.6,INTERNAL,2
-14.7,-50.6,REGIONAL,2
-15.0,-49.6,REGIONAL,2
-17.1,-41.5,REGIONAL,2
-6.3,-40.1,REGIONAL,2
-9.5,-36.4,REGIONAL,2
-10.3,-36.9,REGIONAL,2
-15.3,-49.4,REGIONAL,2
-4.1,-38.3,EXTERNAL,2
-8.8,-37.8,EXTERNAL,2
-4.8,-41.8,REGIONAL,2
-8.1,-43.7,REGIONAL,2
-11.4,-42.7,REGIONAL,2
-8.8,-36.3,REGIONAL,2
-18.5,-46.5,EXTERNAL,2
-11.5,-37.9,REGIONAL,2
-5.7,-42.2,REGIONAL,2
-6.8,-42.3,REGIONAL,2
-22.4,-49.8,EXTERNAL,2
-1.7,-47.2,REGIONAL,2
-9.0,-36.3,REGIONAL,2
-9.0,-44.3,REGIONAL,2
-3.7,-60.1,REGIONAL,2
-17.7,-49.4,REGIONAL,2
-6.0,-35.6,EXTERNAL,2
-19.5,-44.8,REGIONAL,2
-21.4,-42.8,REGIONAL,2
-31.7,-53.3,REGIONAL,2
-20.0,-49.4,REGIONAL,2
-22.4,-54.4,EXTERNAL,2
-23.1,-47.9,EXTERNAL,2
-16.4,-39.4,EXTERNAL,2
-27.2,-52.2,EXTERNAL,2
-20.1,-56.9,REGIONAL,2
-13.4,-46.4,REGIONAL,2
-19.5,-40.6,INTERNAL,2
-26.9,-51.1,EXTERNAL,2
-2.9,-44.1,EXTERNAL,2
-19.5,-44.5,EXTERNAL,2
-18.5,-53.2,EXTERNAL,2
-31.5,-53.5,REGIONAL,2
2.0,-61.2,REGIONAL,2
-3.1,-59.8,EXTERNAL,2
-6.9,-38.2,EXTERNAL,2
-21.3,-42.6,EXTERNAL,2
-18.8,-43.0,EXTERNAL,2
-9.3,-64.5,EXTERNAL,2
-30.7,-56.0,REGIONAL,2
-29.8,-53.6,EXTERNAL,2
-3.9,-50.8,REGIONAL,2
-17.8,-44.4,REGIONAL,2
-24.4,-49.7,REGIONAL,2
-10.7,-36.5,REGIONAL,2
-27.6,-52.5,EXTERNAL,2
-19.4,-42.3,EXTERNAL,2
-21.4,-46.6,EXTERNAL,2
-12.4,-41.2,REGIONAL,2
-10.8,-37.4,EXTERNAL,2
-12.9,-49.2,INTERNAL,2
-12.4,-45.0,INTERNAL,2
-16.6,-46.6,REGIONAL,2
-21.6,-48.9,INTERNAL,2
-10.0,-48.2,REGIONAL,2
-16.0,-39.5,REGIONAL,2
-6.2,-35.2,REGIONAL,2
-20.0,-41.1,REGIONAL,2
-32.8,-52.5,REGIONAL,2
-9.2,-64.4,REGIONAL,2
-19.1,-49.5,REGIONAL,2
-18.5,-50.5,REGIONAL,2
-3.5,-41.4,REGIONAL,2
-9.3,-32.5,REGIONAL,2
-13.8,-41.6,INTERNAL,2
-15.9,-55.3,REGIONAL,2
-0.1,-67.1,INTERNAL,2
-9.9,-41.9,REGIONAL,2
-12.7,-46.5,INTERNAL,2
-23.0,-52.9,REGIONAL,2
-22.3,-48.6,INTERNAL,2
-17.1,-42.3,EXTERNAL,2
-15.0,-55.0,REGIONAL,2
-18.6,-49.2,EXTERNAL,2
-24.7,-48.8,REGIONAL,2
-12.6,-56.3,REGIONAL,2
-29.3,-51.9,EXTERNAL,2
-10.7,-68.5,EXTERNAL,2
-23.7,-45.1,REGIONAL,2
-27.2,-51.0,EXTERNAL,2
-8.3,-72.6,REGIONAL,2
-16.3,-47.3,EXTERNAL,2
-12.2,-38.7,EXTERNAL,2
-21.8,-42.5,EXTERNAL,2
-0.8,-66.8,REGIONAL,2
-17.5,-39.5,REGIONAL,2
-29.1,-50.6,EXTERNAL,2
-24.1,-52.8,EXTERNAL,2
-19.8,-41.4,EXTERNAL,2
-15.2,-51.5,REGIONAL,2
-17.1,-43.8,EXTERNAL,2
-13.3,-50.5,EXTERNAL,2
-22.1,-53.5,REGIONAL,2
-11.7,-39.4,EXTERNAL,2
-6.8,-52.1,REGIONAL,2
-5.5,-49.6,REGIONAL,2
-20.6,-40.0,INTERNAL,2
-6.7,-35.0,REGIONAL,2
-9.8,-55.4,REGIONAL,2
-5.3,-42.8,EXTERNAL,2
-19.1,-45.0,EXTERNAL,2
-13.6,-58.8,EXTERNAL,2
-11.6,-47.7,REGIONAL,2
-19.8,-39.7,INTERNAL,2
-9.4,-36.2,EXTERNAL,2
-33.1,-50.5,INTERNAL,2
-29.0,-50.2,EXTERNAL,2
-8.6,-34.7,INTERNAL,2
-24.2,-49.7,EXTERNAL,2
-22.5,-54.9,EXTERNAL,2
-18.2,-51.8,REGIONAL,2
-27.8,-48.1,INTERNAL,2
-9.6,-35.6,INTERNAL,2
-24.1,-47.3,EXTERNAL,2
-19.4,-49.9,EXTERNAL,2
-2.9,-41.6,INTERNAL,2
-10.3,-36.3,INTERNAL,2
-7.6,-73.8,REGIONAL,2
-20.9,-47.4,EXTERNAL,2
-1.3,-48.1,EXTERNAL,2
-5.1,-36.3,INTERNAL,2
-22.7,-45.2,EXTERNAL,2
-22.3,-49.2,EXTERNAL,2
-19.9,-47.4,EXTERNAL,2
-4.8,-37.8,EXTERNAL,2
-22.3,-42.8,EXTERNAL,2
-19.1,-40.2,EXTERNAL,2
-8.1,-37.3,EXTERNAL,2
-19.7,-42.2,EXTERNAL,2
-1.0,-57.5,REGIONAL,2
-13.8,-39.5,REGIONAL,2
-21.5,-41.2,EXTERNAL,2
1.3,-61.0,REGIONAL,2
-5.2,-69.3,REGIONAL,2
-18.6,-43.3,REGIONAL,2
-7.6,-40.1,REGIONAL,2
-23.1,-40.0,INTERNAL,2
-14.4,-38.2,INTERNAL,2
-18.3,-54.4,REGIONAL,2
-18.4,-49.3,EXTERNAL,2
-3.2,-43.4,EXTERNAL,2
-16.5,-43.4,REGIONAL,2
-26.5,-50.4,EXTERNAL,2
2.6,-61.7,REGIONAL,2
-18.9,-49.0,EXTERNAL,2
-3.2,-41.6,EXTERNAL,2
-5.7,-37.3,REGIONAL,2
-14.8,-46.5,REGIONAL,2
-5.3,-49.3,REGIONAL,2
-21.1,-48.2,EXTERNAL,2
-3.8,-43.5,EXTERNAL,2
-23.9,-52.5,EXTERNAL,2
-20.7,-44.4,REGIONAL,2
-2.7,-38.2,EXTERNAL,2
-21.9,-47.7,REGIONAL,2
-18.9,-50.6,INTERNAL,2
-3.9,-38.8,EXTERNAL,2
-17.2,-46.8,EXTERNAL,2
-18.2,-45.8,REGIONAL,2
-7.5,-63.5,REGIONAL,2
-30.6,-51.7,EXTERNAL,2
-9.4,-56.6,REGIONAL,2
-9.5,-67.5,REGIONAL,2
-6.6,-48.6,REGIONAL,2
-17.9,-44.1,REGIONAL,2
-13.6,-41.3,EXTERNAL,2
-31.1,-54.0,EXTERNAL,2
-21.2,-42.0,REGIONAL,2
-5.6,-39.0,REGIONAL,2
-10.5,-62.5,REGIONAL,2
-0.8,-47.2,REGIONAL,2
-9.3,-35.8,EXTERNAL,2
-13.7,-47.2,EXTERNAL,2
-18.0,-45.0,EXTERNAL,2
-12.5,-45.1,EXTERNAL,2
-18.0,-45.5,REGIONAL,2
-8.0,-34.5,EXTERNAL,2
-22.7,-42.2,REGIONAL,2
-15.9,-54.5,EXTERNAL,2
-20.6,-47.6,REGIONAL,2
-21.5,-48.4,REGIONAL,2
-10.0,-41.0,EXTERNAL,2
-1.5,-50.8,EXTERNAL,2
-7.5,-48.4,REGIONAL,2
-12.3,-42.8,EXTERNAL,2
-12.4,-42.4,EXTERNAL,2
-9.5,-65.0,REGIONAL,2
-20.9,-42.7,REGIONAL,2
-12.4,-41.8,EXTERNAL,2
-12.0,-60.0,EXTERNAL,2
-5.9,-49.6,REGIONAL,2
-5.7,-43.7,EXTERNAL,2
-30.8,-54.1,REGIONAL,2
-16.6,-49.6,REGIONAL,2
-10.9,-38.0,REGIONAL,2
-0.5,-48.5,REGIONAL,2
-21.8,-42.1,EXTERNAL,2
-3.3,-44.4,EXTERNAL,2
-2.5,-48.7,REGIONAL,2
-18.5,-43.1,REGIONAL,2
-14.3,-46.1,REGIONAL,2
-22.5,-50.2,REGIONAL,2
-14.9,-55.8,REGIONAL,2
-19.7,-47.7,EXTERNAL,2
-6.9,-37.7,REGIONAL,2
-7.6,-38.3,REGIONAL,2
-5.6,-38.5,REGIONAL,2
-21.1,-51.5,REGIONAL,2
-21.0,-49.5,REGIONAL,2
-5.8,-35.6,REGIONAL,2
-21.3,-50.6,REGIONAL,2
-4.7,-38.0,REGIONAL,2
-6.2,-47.3,EXTERNAL,2
-26.6,-53.3,REGIONAL,2
-19.9,-49.8,REGIONAL,2
-19.3,-47.5,REGIONAL,2
-16.6,-40.6,REGIONAL,2
-21.2,-49.3,REGIONAL,2
-14.3,-42.3,REGIONAL,2
-6.0,-37.1,REGIONAL,2
-23.4,-50.1,EXTERNAL,2
-9.1,-43.0,REGIONAL,2
-6.0,-48.0,REGIONAL,2
-32.0,-51.9,REGIONAL,2
-11.2,-42.5,EXTERNAL,2
-9.1,-40.3,EXTERNAL,2
-10.2,-69.3,REGIONAL,2
-19.9,-40.9,INTERNAL,2
-3.7,-38.7,INTERNAL,2
-19.7,-44.7,REGIONAL,2
-26.1,-45.6,REGIONAL,2
-13.0,-40.1,REGIONAL,2
-30.2,-46.6,EXTERNAL,2
-29.1,-45.2,EXTERNAL,2
-8.4,-42.9,REGIONAL,2
-2.6,-43.0,REGIONAL,2
-10.0,-48.6,REGIONAL,2
-19.9,-45.5,REGIONAL,2
-7.5,-39.1,EXTERNAL,2
-2.6,-40.2,EXTERNAL,2
-2.4,-60.1,EXTERNAL,2
-25.4,-51.6,REGIONAL,2
-24.8,-53.8,REGIONAL,2
-20.9,-50.5,EXTERNAL,2
-7.1,-74.2,REGIONAL,2
-23.3,-55.5,REGIONAL,2
-3.1,-45.8,REGIONAL,2
-26.6,-48.8,EXTERNAL,2
-11.5,-38.5,REGIONAL,2
-13.8,-47.2,REGIONAL,2
-15.1,-43.8,REGIONAL,2
-23.8,-49.9,REGIONAL,2
-16.5,-38.5,REGIONAL,2
-7.5,-60.8,REGIONAL,2
-20.2,-55.6,REGIONAL,2
-13.5,-36.5,REGIONAL,2
-15.6,-42.9,EXTERNAL,2
-20.1,-49.0,REGIONAL,2
-3.4,-65.9,EXTERNAL,2
-23.1,-46.2,REGIONAL,2
-22.6,-45.3,INTERNAL,2
-2.8,-41.6,REGIONAL,2
-19.6,-55.9,REGIONAL,2
-19.7,-47.6,REGIONAL,2
-6.2,-38.4,REGIONAL,2
-19.3,-55.1,REGIONAL,2
-17.9,-45.9,REGIONAL,2
0.2,-50.8,REGIONAL,2
-9.4,-48.8,REGIONAL,2
-20.6,-51.5,REGIONAL,2
-7.8,-37.7,EXTERNAL,2
-20.9,-50.1,INTERNAL,2
-22.7,-46.6,INTERNAL,2
-12.8,-46.4,REGIONAL,2
-11.2,-40.7,REGIONAL,2
-23.0,-42.3,REGIONAL,2
-24.3,-50.2,REGIONAL,2
-9.5,-48.3,REGIONAL,2
-4.5,-41.5,REGIONAL,2
-21.3,-54.3,REGIONAL,2
-14.2,-47.0,REGIONAL,2
-14.3,-56.5,EXTERNAL,2
-14.0,-40.1,REGIONAL,2
-3.0,-58.8,REGIONAL,2
-20.2,-54.5,REGIONAL,2
-20.5,-43.5,INTERNAL,2
-21.9,-50.9,INTERNAL,2
-25.3,-48.0,INTERNAL,2
-16.4,-37.8,INTERNAL,2
-3.8,-46.9,REGIONAL,2
-0.7,-48.1,EXTERNAL,2
-21.6,-40.1,EXTERNAL,2
-19.5,-56.3,REGIONAL,2
-24.1,-47.0,REGIONAL,2
-23.4,-50.6,EXTERNAL,2
-20.7,-47.1,EXTERNAL,2
-18.3,-45.9,REGIONAL,2
-20.5,-40.7,EXTERNAL,2
-4.8,-39.2,EXTERNAL,2
-21.7,-41.1,EXTERNAL,2
-5.5,-47.9,EXTERNAL,2
-16.8,-57.7,REGIONAL,2
-14.9,-51.2,REGIONAL,2
-18.8,-56.7,REGIONAL,2
-0.7,-47.8,INTERNAL,2
-9.8,-51.2,REGIONAL,2
-20.7,-37.7,INTERNAL,2
-11.1,-38.4,REGIONAL,2
-13.5,-40.4,REGIONAL,2
-24.4,-48.7,REGIONAL,2
-9.7,-56.3,REGIONAL,2
-3.8,-58.0,REGIONAL,2
-17.4,-52.6,REGIONAL,2
-19.3,-39.4,INTERNAL,2
-9.6,-54.6,REGIONAL,2
-3.1,-39.6,INTERNAL,2
-21.7,-47.3,REGIONAL,2
-15.0,-40.9,REGIONAL,2
-24.9,-48.4,REGIONAL,2
-8.6,-35.5,EXTERNAL,2
-27.4,-51.1,REGIONAL,2
-1.7,-47.1,EXTERNAL,2
-19.8,-42.0,REGIONAL,2
-28.6,-50.0,INTERNAL,2
-12.9,-50.5,REGIONAL,2
-13.0,-40.4,REGIONAL,2
-27.7,-51.5,REGIONAL,2
-21.0,-42.7,EXTERNAL,2
-21.6,-52.5,REGIONAL,2
-23.9,-53.4,EXTERNAL,2
-19.1,-47.9,REGIONAL,2
-29.9,-56.7,REGIONAL,2
-4.5,-56.5,REGIONAL,2
-21.7,-50.7,EXTERNAL,2
-23.8,-45.1,EXTERNAL,2
-20.5,-40.5,INTERNAL,2
-20.8,-42.4,REGIONAL,2
-18.3,-48.1,REGIONAL,2
-24.6,-46.0,INTERNAL,2
-11.5,-37.4,INTERNAL,2
-25.4,-46.6,INTERNAL,2
-20.9,-40.1,INTERNAL,2
-28.1,-55.0,EXTERNAL,2
-20.2,-37.8,INTERNAL,2
3.6,-63.0,REGIONAL,2
-20.3,-42.1,REGIONAL,2
-20.6,-51.1,EXTERNAL,2
-20.4,-42.6,EXTERNAL,2
-25.6,-45.8,INTERNAL,2
-28.9,-47.8,INTERNAL,2
-17.2,-42.6,EXTERNAL,2
-27.1,-53.6,REGIONAL,2
-8.5,-34.8,REGIONAL,2
-13.1,-42.3,REGIONAL,2
-8.1,-50.0,REGIONAL,2
-7.0,-39.3,EXTERNAL,2
-22.0,-51.2,EXTERNAL,2
-22.3,-44.0,REGIONAL,2
-23.5,-49.7,EXTERNAL,2
-20.3,-42.8,REGIONAL,2
-21.6,-50.9,REGIONAL,2
-12.0,-48.2,REGIONAL,2
-20.9,-41.8,REGIONAL,2
-20.7,-45.0,EXTERNAL,2
-27.9,-53.2,EXTERNAL,2
-20.1,-51.0,EXTERNAL,2
-3.7,-59.1,REGIONAL,2
-13.9,-41.0,REGIONAL,2
-20.6,-43.5,REGIONAL,2
-24.2,-53.7,EXTERNAL,2
-21.9,-41.1,REGIONAL,2
-21.0,-48.3,REGIONAL,2
-20.2,-43.8,EXTERNAL,2
-9.5,-64.9,REGIONAL,2
-4.2,-49.2,REGIONAL,2
-2.6,-65.3,REGIONAL,2
-6.6,-49.7,REGIONAL,2
-28.3,-49.7,REGIONAL,2
-18.9,-42.8,REGIONAL,2
-20.2,-48.4,REGIONAL,2
-6.3,-35.3,REGIONAL,2
-28.2,-54.6,REGIONAL,2
-21.3,-42.9,EXTERNAL,2
-5.2,-36.2,REGIONAL,2
1.1,-52.9,EXTERNAL,2
-23.6,-52.3,REGIONAL,2
-3.2,-39.8,REGIONAL,2
-20.4,-48.0,EXTERNAL,2
-16.3,-55.4,EXTERNAL,2
-5.8,-57.4,REGIONAL,2
-19.4,-55.3,REGIONAL,2
-14.9,-47.8,REGIONAL,2
-7.3,-46.0,REGIONAL,2
-13.5,-40.8,REGIONAL,2
-9.4,-50.4,EXTERNAL,2
-6.7,-39.6,REGIONAL,2
-18.9,-44.9,REGIONAL,2
-7.2,-55.4,REGIONAL,2
-20.2,-54.7,REGIONAL,2
-14.6,-45.5,REGIONAL,2
-28.8,-51.0,REGIONAL,2
-1.0,-55.4,REGIONAL,2
-1.0,-61.0,EXTERNAL,2
-24.3,-47.7,REGIONAL,2
-19.5,-54.6,EXTERNAL,2
-11.0,-61.0,EXTERNAL,2
-20.4,-42.7,REGIONAL,2
-22.9,-47.5,REGIONAL,2
-15.8,-54.4,REGIONAL,2
-11.5,-41.9,EXTERNAL,2
-2.9,-39.8,EXTERNAL,2
-14.3,-39.2,EXTERNAL,2
-8.4,-34.9,EXTERNAL,2
-16.3,-39.6,EXTERNAL,2
-7.5,-33.5,REGIONAL,2
-20.5,-50.9,EXTERNAL,2
-21.3,-45.7,EXTERNAL,2
-5.5,-41.9,EXTERNAL,2
-27.6,-49.1,EXTERNAL,2
-18.5,-50.0,REGIONAL,2
-18.2,-49.7,REGIONAL,2
-20.7,-48.5,REGIONAL,2
-4.9,-41.7,REGIONAL,2
-21.4,-42.3,REGIONAL,2
-17.1,-42.1,REGIONAL,2
-9.0,-64.2,REGIONAL,2
-17.3,-54.3,REGIONAL,2
-7.2,-42.2,REGIONAL,2
-21.4,-44.3,REGIONAL,2
-11.1,-48.2,REGIONAL,2
-9.1,-37.6,REGIONAL,2
-22.2,-47.5,EXTERNAL,2
-19.2,-42.6,REGIONAL,2
-10.6,-54.8,EXTERNAL,2
-29.1,-56.2,REGIONAL,2
-11.3,-41.7,REGIONAL,2
-17.8,-49.0,EXTERNAL,2
-22.8,-48.1,EXTERNAL,2
-20.2,-41.3,EXTERNAL,2
-20.0,-48.3,EXTERNAL,2
-7.2,-40.9,REGIONAL,2
-16.7,-48.5,EXTERNAL,2
-20.7,-46.8,EXTERNAL,2
-7.2,-36.5,REGIONAL,2
-4.1,-39.5,REGIONAL,2
-6.0,-44.2,EXTERNAL,2
-7.1,-38.6,EXTERNAL,2
-4.3,-47.6,EXTERNAL,2
-29.5,-55.0,REGIONAL,2
-7.5,-40.7,EXTERNAL,2
-14.5,-48.4,EXTERNAL,2
-12.1,-41.0,REGIONAL,2
-20.4,-43.2,EXTERNAL,2
-29.7,-45.4,REGIONAL,2
-20.8,-49.6,EXTERNAL,2
-20.4,-55.1,REGIONAL,2
-23.0,-50.4,REGIONAL,2
-17.4,-51.8,REGIONAL,2
-7.6,-41.5,REGIONAL,2
-7.1,-43.5,REGIONAL,2
-30.4,-57.5,REGIONAL,2
-5.5,-47.6,EXTERNAL,2
-24.4,-52.4,EXTERNAL,2
-5.6,-37.1,EXTERNAL,2
-16.5,-41.6,REGIONAL,2
-32.3,-53.1,REGIONAL,2
-12.3,-44.5,EXTERNAL,2
-21.9,-51.0,EXTERNAL,2
-9.1,-35.4,REGIONAL,2
-27.6,-50.3,EXTERNAL,2
-27.5,-53.8,EXTERNAL,2
-29.3,-54.3,REGIONAL,2
-9.4,-35.3,INTERNAL,2
-26.2,-49.9,EXTERNAL,2
-23.4,-53.8,REGIONAL,2
-18.5,-50.2,EXTERNAL,2
-9.8,-39.5,EXTERNAL,2
-24.5,-49.8,EXTERNAL,2
-8.1,-63.5,REGIONAL,2
-22.7,-42.3,REGIONAL,2
-15.4,-52.8,REGIONAL,2
-10.0,-36.5,EXTERNAL,2
-28.1,-49.5,EXTERNAL,2
-9.3,-50.3,REGIONAL,2
-16.5,-51.9,EXTERNAL,2
-22.3,-45.8,REGIONAL,2
-13.2,-46.5,REGIONAL,2
-24.5,-46.7,EXTERNAL,2
-24.2,-54.0,EXTERNAL,2
-14.5,-48.1,REGIONAL,2
-21.9,-42.0,INTERNAL,2
-20.8,-43.8,EXTERNAL,2
-0.5,-31.5,REGIONAL,2
0.5,-46.5,REGIONAL,2
-22.2,-53.8,EXTERNAL,2
-5.1,-35.0,INTERNAL,2
-24.5,-46.6,REGIONAL,2
-29.2,-51.8,REGIONAL,2
-9.1,-67.3,REGIONAL,2
-27.8,-47.2,INTERNAL,2
-10.7,-36.4,INTERNAL,2
5.0,-60.6,REGIONAL,2
0.8,-51.2,REGIONAL,2
-25.4,-49.9,REGIONAL,2
-3.0,-42.4,REGIONAL,2
-11.8,-42.4,REGIONAL,2
-22.2,-41.1,REGIONAL,2
-25.3,-50.2,EXTERNAL,2
-21.9,-46.5,EXTERNAL,2
-18.5,-42.6,REGIONAL,2
-7.3,-35.7,EXTERNAL,2
-21.0,-54.6,EXTERNAL,2
-21.9,-43.4,EXTERNAL,2
-24.4,-51.6,REGIONAL,2
-20.1,-50.8,EXTERNAL,2
-20.8,-40.2,INTERNAL,2
-6.0,-35.0,REGIONAL,2
-14.6,-57.6,EXTERNAL,2
-7.3,-36.7,REGIONAL,2
-13.2,-39.5,REGIONAL,2
-23.8,-53.0,REGIONAL,2
-9.5,-59.2,EXTERNAL,2
-21.9,-54.0,REGIONAL,2
-25.5,-48.2,EXTERNAL,2
-15.9,-38.6,REGIONAL,2
-10.7,-36.2,INTERNAL,2
-25.0,-52.0,REGIONAL,2
-14.2,-41.8,REGIONAL,2
-24.5,-54.0,EXTERNAL,2
-17.8,-41.8,REGIONAL,2
-17.3,-37.5,INTERNAL,2
-22.1,-41.8,EXTERNAL,2
-15.4,-56.0,EXTERNAL,2
-0.5,-30.5,REGIONAL,2
-18.1,-42.6,REGIONAL,2
-20.8,-49.5,REGIONAL,2
-31.2,-52.1,REGIONAL,2
-24.3,-48.8,REGIONAL,2
-11.9,-55.4,EXTERNAL,2
-24.5,-43.5,REGIONAL,2
-24.4,-52.8,REGIONAL,2
-23.0,-51.8,REGIONAL,2
-21.5,-44.3,REGIONAL,2
-17.3,-49.4,EXTERNAL,2
-20.3,-44.2,EXTERNAL,2
-11.6,-61.2,INTERNAL,2
-16.8,-39.6,REGIONAL,2
-15.9,-41.4,REGIONAL,2
-23.2,-45.5,REGIONAL,2
-21.8,-45.0,EXTERNAL,2
-13.7,-50.8,REGIONAL,2
-4.5,-40.8,EXTERNAL,2
-6.6,-39.5,REGIONAL,2
-8.5,-37.0,REGIONAL,2
-5.9,-37.1,REGIONAL,2
-18.7,-43.1,REGIONAL,2
-7.9,-47.7,REGIONAL,2
-10.1,-35.9,INTERNAL,2
-28.0,-50.9,REGIONAL,2
-6.3,-48.6,REGIONAL,2
-14.5,-43.6,REGIONAL,2
-17.3,-53.3,REGIONAL,2
-3.0,-68.0,REGIONAL,2
-6.5,-47.4,EXTERNAL,2
-22.9,-52.1,EXTERNAL,2
-21.9,-49.0,EXTERNAL,2
-11.5,-40.5,REGIONAL,2
-21.2,-45.2,REGIONAL,2
-8.4,-67.5,REGIONAL,2
-8.9,-48.3,EXTERNAL,2
-7.2,-36.0,EXTERNAL,2
-20.3,-55.2,EXTERNAL,2
-8.8,-34.0,REGIONAL,2
-12.3,-53.7,REGIONAL,2
-8.0,-33.8,REGIONAL,2
-17.0,-51.0,EXTERNAL,2
-9.9,-69.4,REGIONAL,2
-22.4,-45.7,EXTERNAL,2
-8.6,-69.0,REGIONAL,2
-20.2,-48.3,REGIONAL,2
-21.6,-47.1,REGIONAL,2
-10.4,-69.7,REGIONAL,2
-18.9,-44.5,REGIONAL,2
-30.3,-55.7,EXTERNAL,2
-26.0,-51.8,REGIONAL,2
-0.9,-52.6,REGIONAL,2
-19.6,-42.7,EXTERNAL,2
-15.9,-39.6,EXTERNAL,2
-10.7,-56.5,REGIONAL,2
-15.9,-52.0,REGIONAL,2
-30.8,-55.2,REGIONAL,2
-13.4,-45.8,REGIONAL,2
-2.8,-65.3,EXTERNAL,2
-10.1,-38.9,REGIONAL,2
-11.2,-40.5,INTERNAL,2
-20.8,-47.3,INTERNAL,2
-18.5,-39.6,REGIONAL,2
-23.4,-49.6,EXTERNAL,2
-4.2,-70.4,REGIONAL,2
-17.8,-44.1,REGIONAL,2
-31.0,-54.6,EXTERNAL,2
-21.6,-49.1,INTERNAL,2
-21.9,-48.2,INTERNAL,2
-22.3,-42.0,EXTERNAL,2
-3.6,-40.3,EXTERNAL,2
-11.6,-40.1,EXTERNAL,2
-8.1,-35.7,EXTERNAL,2
-13.0,-42.7,EXTERNAL,2
-7.2,-42.1,REGIONAL,2
-5.7,-35.4,REGIONAL,2
-11.2,-39.4,REGIONAL,2
5.1,-60.5,REGIONAL,2
-27.2,-50.7,EXTERNAL,2
-15.9,-49.3,REGIONAL,2
-5.3,-60.4,REGIONAL,2
-20.1,-56.6,INTERNAL,2
-22.0,-41.2,EXTERNAL,2
-21.0,-55.6,EXTERNAL,2
-15.2,-39.5,EXTERNAL,2
-7.2,-35.0,EXTERNAL,2
-12.1,-44.0,REGIONAL,2
-21.9,-54.3,REGIONAL,2
-21.8,-48.8,REGIONAL,2
-11.8,-61.3,EXTERNAL,2
-20.1,-43.3,REGIONAL,2
3.1,-49.3,REGIONAL,2
-22.0,-44.1,REGIONAL,2
-14.0,-47.6,EXTERNAL,2
-17.5,-42.6,REGIONAL,2
-5.3,-39.5,EXTERNAL,2
-5.0,-37.1,EXTERNAL,2
-10.8,-55.4,EXTERNAL,2
-17.7,-46.1,REGIONAL,2
-22.7,-49.0,REGIONAL,2
-25.4,-48.5,REGIONAL,2
-22.2,-42.6,EXTERNAL,2
-11.1,-51.7,REGIONAL,2
-11.1,-56.4,REGIONAL,2
-19.4,-41.7,REGIONAL,2
-2.2,-48.8,REGIONAL,2
-22.2,-44.9,EXTERNAL,2
-20.5,-47.0,REGIONAL,2
-31.5,-53.0,REGIONAL,2
-5.4,-47.5,REGIONAL,2
-17.9,-54.7,REGIONAL,2
-20.5,-52.5,EXTERNAL,2
-7.0,-44.6,REGIONAL,2
-20.8,-47.0,REGIONAL,2
-10.0,-58.2,REGIONAL,2
-12.9,-48.9,REGIONAL,2
-12.2,-43.1,REGIONAL,2
-15.2,-52.3,REGIONAL,2
-6.1,-42.7,REGIONAL,2
-5.1,-49.2,REGIONAL,2
-10.5,-62.3,REGIONAL,2
-6.1,-36.4,EXTERNAL,2
-10.5,-48.4,REGIONAL,2
-15.5,-49.7,REGIONAL,2
-15.8,-58.2,REGIONAL,2
-14.0,-60.0,REGIONAL,2
-17.7,-45.8,REGIONAL,2
-29.9,-55.8,EXTERNAL,2
-31.5,-52.3,REGIONAL,2
-31.0,-51.5,REGIONAL,2
-3.4,-57.9,REGIONAL,2
-20.9,-43.1,REGIONAL,2
-9.1,-41.7,REGIONAL,2
-10.5,-46.5,REGIONAL,2
-29.7,-54.0,REGIONAL,2
-22.2,-41.0,REGIONAL,2
-23.6,-52.5,REGIONAL,2
-11.0,-62.0,REGIONAL,2
-8.8,-42.5,INTERNAL,2
-19.5,-29.5,REGIONAL,2
-35.1,-50.8,EXTERNAL,2
-14.5,-47.6,REGIONAL,2
-11.0,-55.7,REGIONAL,2
-10.8,-61.4,REGIONAL,2
-23.0,-49.2,REGIONAL,2
2.0,-48.3,REGIONAL,2
-1.0,-60.0,REGIONAL,2
-2.7,-54.9,REGIONAL,2
-20.0,-55.3,REGIONAL,2
-31.8,-52.8,REGIONAL,2
-12.1,-38.2,REGIONAL,2
-3.8,-41.0,EXTERNAL,2
-10.8,-49.8,REGIONAL,2
-20.1,-46.5,INTERNAL,2
-21.7,-42.4,REGIONAL,2
-29.0,-53.9,REGIONAL,2
-7.4,-39.9,REGIONAL,2
-26.7,-53.6,REGIONAL,2
-16.2,-44.9,EXTERNAL,2
-22.7,-49.2,REGIONAL,2
-6.1,-44.1,REGIONAL,2
-15.0,-49.4,REGIONAL,2
-20.9,-43.7,REGIONAL,2
-16.9,-56.8,EXTERNAL,2
-12.1,-37.8,REGIONAL,2
-14.2,-49.7,REGIONAL,2
-18.7,-43.4,REGIONAL,2
-15.7,-41.3,REGIONAL,2
-3.4,-41.8,REGIONAL,2
-12.6,-55.7,REGIONAL,2
-22.2,-48.8,REGIONAL,2
-10.2,-56.5,REGIONAL,2
-18.9,-47.8,REGIONAL,2
-15.4,-42.4,REGIONAL,2
-24.5,-47.2,REGIONAL,2
-11.5,-42.4,REGIONAL,2
-14.7,-46.3,INTERNAL,2
-24.6,-50.9,REGIONAL,2
-25.8,-49.5,REGIONAL,2
-15.9,-57.5,REGIONAL,2
-26.9,-52.2,REGIONAL,2
-10.0,-57.5,REGIONAL,2
-24.0,-50.5,REGIONAL,2
-29.7,-54.2,REGIONAL,2
-13.2,-43.2,REGIONAL,2
-21.6,-53.3,REGIONAL,2
-16.1,-41.4,REGIONAL,2
-13.9,-59.8,REGIONAL,2
-16.4,-45.0,EXTERNAL,2
-19.8,-48.1,EXTERNAL,2
-28.5,-41.7,EXTERNAL,2
-3.5,-39.0,EXTERNAL,2
-26.7,-50.9,REGIONAL,2
-22.5,-49.4,EXTERNAL,2
-18.4,-52.1,REGIONAL,2
-24.4,-54.0,EXTERNAL,2
-29.2,-49.4,REGIONAL,2
-21.7,-41.9,EXTERNAL,2
-15.6,-48.8,REGIONAL,2
-6.1,-49.9,INTERNAL,2
-19.5,-42.3,EXTERNAL,2
-18.5,-41.3,EXTERNAL,2
-14.6,-50.0,EXTERNAL,2
-32.7,-51.7,EXTERNAL,2
-16.0,-41.3,EXTERNAL,2
-7.7,-38.0,EXTERNAL,2
-20.8,-42.2,EXTERNAL,2
-17.0,-39.1,REGIONAL,2
-19.8,-47.8,EXTERNAL,2
-14.3,-39.9,EXTERNAL,2
-26.2,-50.9,EXTERNAL,2
-7.1,-41.4,REGIONAL,2
-20.4,-43.3,EXTERNAL,2
-21.8,-46.0,EXTERNAL,2
-21.0,-45.2,EXTERNAL,2
0.7,-51.5,REGIONAL,2
-13.2,-41.8,EXTERNAL,2
-20.6,-41.9,EXTERNAL,2
-2.3,-48.7,REGIONAL,2
-27.8,-51.8,EXTERNAL,2
-25.9,-49.3,EXTERNAL,2
-14.9,-48.9,REGIONAL,2
-4.5,-39.9,REGIONAL,2
-24.9,-51.0,REGIONAL,2
-3.4,-60.6,REGIONAL,2
-25.7,-49.5,REGIONAL,2
-9.3,-55.7,REGIONAL,2
-7.4,-58.2,REGIONAL,2
-15.1,-49.9,REGIONAL,2
-16.0,-56.7,EXTERNAL,2
-15.5,-47.0,EXTERNAL,2
-3.7,-42.7,EXTERNAL,2
-22.7,-50.7,EXTERNAL,2
-27.7,-53.7,EXTERNAL,2
-18.1,-40.0,REGIONAL,2
-12.3,-41.1,REGIONAL,2
-14.9,-51.0,REGIONAL,2
-3.2,-45.0,EXTERNAL,2
-4.9,-39.0,REGIONAL,2
-13.8,-39.0,REGIONAL,2
-2.9,-43.3,REGIONAL,2
-2.8,-60.3,REGIONAL,2
-19.9,-41.0,EXTERNAL,2
-21.9,-45.9,EXTERNAL,2
0.5,-55.5,REGIONAL,2
-11.8,-61.1,EXTERNAL,2
-1.5,-42.5,REGIONAL,2
-16.0,-55.6,EXTERNAL,2
-9.7,-36.8,EXTERNAL,2
-16.0,-46.3,EXTERNAL,2
-4.2,-44.4,EXTERNAL,2
-18.8,-39.7,EXTERNAL,2
-9.0,-58.5,INTERNAL,2
-14.1,-52.2,EXTERNAL,2
-26.4,-50.1,EXTERNAL,2
-15.9,-56.1,EXTERNAL,2
-22.9,-45.7,EXTERNAL,2
-24.1,-52.3,EXTERNAL,2
-19.7,-45.1,REGIONAL,2
-27.9,-50.5,EXTERNAL,2
-15.9,-55.5,EXTERNAL,2
-13.4,-46.1,REGIONAL,2
-18.0,-53.4,REGIONAL,2
-0.0,-47.3,EXTERNAL,2
-13.0,-56.2,REGIONAL,2
-23.3,-49.2,EXTERNAL,2
-5.2,-36.7,REGIONAL,2
-9.2,-42.5,EXTERNAL,2
-13.9,-59.7,EXTERNAL,2
-9.1,-55.2,REGIONAL,2
-18.6,-45.3,REGIONAL,2
-15.3,-49.7,REGIONAL,2
-5.9,-46.2,EXTERNAL,2
-11.0,-69.4,REGIONAL,2
-7.3,-55.4,REGIONAL,2
-25.5,-50.9,REGIONAL,2
-22.9,-48.6,REGIONAL,2
-21.4,-54.3,REGIONAL,2
-10.7,-53.9,REGIONAL,2
-11.6,-49.7,REGIONAL,2
-16.7,-56.0,REGIONAL,2
-10.4,-62.4,REGIONAL,2
-28.8,-50.7,REGIONAL,2
-17.2,-44.8,REGIONAL,2
-26.6,-53.4,REGIONAL,2
-22.0,-43.2,EXTERNAL,2
-14.8,-39.6,EXTERNAL,2
-27.3,-53.4,EXTERNAL,2
-20.3,-42.6,EXTERNAL,2
-14.3,-49.4,EXTERNAL,2
-20.8,-45.1,EXTERNAL,2
-13.2,-39.2,EXTERNAL,2
-20.5,-49.8,REGIONAL,2
-23.4,-43.4,INTERNAL,2
-21.5,-57.8,REGIONAL,2
-11.4,-61.3,REGIONAL,2
-10.8,-48.4,REGIONAL,2
-11.8,-37.4,REGIONAL,2
-3.8,-60.5,REGIONAL,2
-15.7,-39.6,REGIONAL,2
-17.9,-44.3,EXTERNAL,2
-12.9,-41.2,EXTERNAL,2
-25.0,-48.4,REGIONAL,2
-10.6,-53.7,REGIONAL,2
-26.3,-46.7,INTERNAL,2
-25.4,-46.1,INTERNAL,2
-19.2,-40.5,EXTERNAL,2
-15.5,-41.2,EXTERNAL,2
-22.0,-43.1,EXTERNAL,2
-27.5,-47.2,INTERNAL,2
-19.3,-47.5,EXTERNAL,2
-10.4,-35.3,REGIONAL,2
-16.5,-48.9,EXTERNAL,2
-1.3,-47.6,EXTERNAL,2
-18.0,-43.6,REGIONAL,2
-6.2,-50.6,REGIONAL,2
-6.8,-50.4,REGIONAL,2
-31.7,-53.4,REGIONAL,2
-26.0,-53.7,EXTERNAL,2
-17.1,-54.2,REGIONAL,2
-6.8,-30.8,REGIONAL,2
-28.9,-47.7,INTERNAL,2
-13.3,-48.4,EXTERNAL,2
-6.7,-35.6,EXTERNAL,2
-24.0,-53.0,REGIONAL,2
-19.6,-50.6,EXTERNAL,2
-20.9,-45.9,EXTERNAL,2
3.7,-52.0,REGIONAL,2
-20.6,-44.0,REGIONAL,2
-19.7,-55.6,REGIONAL,2
-21.3,-48.7,REGIONAL,2
-24.1,-48.9,REGIONAL,2
-4.0,-33.8,REGIONAL,2
-9.3,-64.2,REGIONAL,2
-2.7,-59.5,REGIONAL,2
-19.3,-45.2,EXTERNAL,2
-12.4,-37.8,REGIONAL,2
-15.3,-52.3,REGIONAL,2
-1.9,-54.7,REGIONAL,2
-4.0,-47.6,EXTERNAL,2
-11.5,-62.4,REGIONAL,2
-30.5,-52.6,EXTERNAL,2
-30.3,-50.9,EXTERNAL,2
-24.9,-49.8,EXTERNAL,2
-19.4,-40.3,EXTERNAL,2
-26.1,-50.1,REGIONAL,2
-12.2,-55.6,EXTERNAL,2
-2.2,-54.2,EXTERNAL,2
-25.8,-52.0,REGIONAL,2
-20.6,-47.6,EXTERNAL,2
-12.3,-41.9,EXTERNAL,2
-30.2,-51.6,REGIONAL,2
-9.2,-37.8,EXTERNAL,2
-21.8,-49.0,REGIONAL,2
-18.5,-48.0,EXTERNAL,2
-6.9,-36.5,REGIONAL,2
-22.3,-45.0,EXTERNAL,2
-17.4,-44.3,EXTERNAL,2
-5.1,-49.3,EXTERNAL,2
-14.6,-48.7,REGIONAL,2
-22.4,-48.0,EXTERNAL,2
-4.1,-63.0,EXTERNAL,2
-6.5,-50.2,REGIONAL,2
-6.9,-38.6,EXTERNAL,2
-10.0,-46.0,EXTERNAL,2
-9.0,-42.0,EXTERNAL,2
-19.7,-51.1,REGIONAL,2
-7.5,-38.0,REGIONAL,2
-9.4,-40.7,EXTERNAL,2
-18.8,-43.0,REGIONAL,2
-13.1,-39.8,REGIONAL,2
-22.5,-52.2,EXTERNAL,2
-15.7,-47.5,REGIONAL,2
-9.3,-61.7,EXTERNAL,2
-29.7,-50.7,REGIONAL,2
-30.4,-51.7,REGIONAL,2
-17.6,-48.7,REGIONAL,2
-11.9,-40.8,REGIONAL,2
-22.0,-57.0,REGIONAL,2
-9.5,-70.5,REGIONAL,2
-7.0,-37.9,REGIONAL,2
-7.5,-38.2,REGIONAL,2
-22.0,-42.1,EXTERNAL,2
-16.1,-46.3,REGIONAL,2
-29.1,-56.5,REGIONAL,2
-21.5,-43.2,REGIONAL,2
-24.3,-53.3,REGIONAL,2
-11.5,-41.7,REGIONAL,2
-14.0,-47.2,REGIONAL,2
-9.5,-37.7,REGIONAL,2
-28.5,-48.5,REGIONAL,2
-26.5,-47.5,REGIONAL,2
-20.6,-45.2,REGIONAL,2
-9.5,-68.4,REGIONAL,2
-31.6,-51.4,REGIONAL,2
-23.7,-51.4,REGIONAL,2
-27.8,-52.0,REGIONAL,2
-14.3,-39.5,REGIONAL,2
-19.2,-42.0,EXTERNAL,2
-18.7,-50.5,EXTERNAL,2
-20.8,-52.1,EXTERNAL,2
-3.2,-41.6,REGIONAL,2
-19.7,-54.3,REGIONAL,2
-9.8,-42.0,REGIONAL,2
-15.3,-47.3,REGIONAL,2
-13.0,-46.5,REGIONAL,2
-13.7,-47.2,REGIONAL,2
-25.8,-53.2,REGIONAL,2
-31.5,-54.1,EXTERNAL,2
-15.0,-42.4,EXTERNAL,2
-30.2,-53.0,REGIONAL,2
-28.3,-48.5,EXTERNAL,2
-24.7,-49.0,EXTERNAL,2
-16.5,-52.0,REGIONAL,2
-20.1,-41.1,INTERNAL,2
-18.1,-37.3,EXTERNAL,2
-16.4,-49.2,EXTERNAL,2
-12.4,-47.2,REGIONAL,2
-26.6,-47.4,EXTERNAL,2
-33.0,-51.2,EXTERNAL,2
-1.6,-62.9,REGIONAL,2
-21.8,-52.0,EXTERNAL,2
-15.4,-58.8,REGIONAL,2
-16.5,-41.9,REGIONAL,2
-18.9,-46.7,REGIONAL,2
-4.1,-40.0,EXTERNAL,2
-21.6,-57.2,REGIONAL,2
-10.5,-63.8,REGIONAL,2
-9.3,-44.5,EXTERNAL,2
-9.0,-44.3,EXTERNAL,2
-24.2,-54.1,EXTERNAL,2
-16.1,-47.7,EXTERNAL,2
-6.3,-44.3,EXTERNAL,2
-10.2,-62.0,REGIONAL,2
-9.3,-64.6,EXTERNAL,2
-28.0,-49.1,EXTERNAL,2
-18.5,-44.5,REGIONAL,2
-7.2,-37.1,EXTERNAL,2
-3.5,-43.9,REGIONAL,2
-21.9,-40.9,REGIONAL,2
-30.7,-54.0,REGIONAL,2
-9.5,-58.3,REGIONAL,2
-19.5,-43.1,EXTERNAL,2
-7.0,-45.2,REGIONAL,2
-4.9,-41.1,REGIONAL,2
-14.1,-42.4,REGIONAL,2
-14.7,-51.1,REGIONAL,2
-12.6,-41.1,EXTERNAL,2
-5.5,-32.5,REGIONAL,2
-14.6,-51.0,REGIONAL,2
-22.3,-49.2,REGIONAL,2
-6.5,-35.9,REGIONAL,2
-6.8,-37.7,REGIONAL,2
3.8,-60.1,REGIONAL,2
-19.6,-41.0,REGIONAL,2
-6.2,-57.8,REGIONAL,2
2.4,-27.8,REGIONAL,2
3.4,-27.4,REGIONAL,2
2.0,-44.1,REGIONAL,2
-22.0,-41.9,REGIONAL,2
-10.5,-51.5,EXTERNAL,2
-27.3,-51.3,EXTERNAL,2
-28.5,-54.4,REGIONAL,2
-15.6,-38.7,REGIONAL,2
-26.5,-52.5,EXTERNAL,2
-27.1,-51.2,EXTERNAL,2
-5.1,-35.5,REGIONAL,2
-19.5,-54.1,REGIONAL,2
-14.9,-39.5,EXTERNAL,2
-29.9,-51.6,EXTERNAL,2
-24.4,-49.8,EXTERNAL,2
-12.2,-45.2,REGIONAL,2
-15.1,-43.0,REGIONAL,2
-9.9,-67.8,INTERNAL,2
-11.4,-61.6,REGIONAL,2
-27.4,-49.7,REGIONAL,2
-1.5,-53.0,REGIONAL,2
-14.9,-51.3,REGIONAL,2
-29.1,-50.6,REGIONAL,2
-60.3,-60.3,REGIONAL,2
-27.2,-48.4,REGIONAL,2
-23.9,-48.6,EXTERNAL,2
-20.0,-42.7,REGIONAL,2
-1.7,-50.1,INTERNAL,2
-9.1,-40.3,REGIONAL,2
-24.0,-55.0,REGIONAL,2
-25.5,-52.0,REGIONAL,2
-30.4,-55.2,REGIONAL,2
-21.6,-52.6,REGIONAL,2
-24.7,-48.2,REGIONAL,2
-15.2,-51.7,REGIONAL,2
-9.5,-38.5,REGIONAL,2
-13.4,-52.0,REGIONAL,2
-22.5,-54.3,REGIONAL,2
-9.2,-72.0,REGIONAL,2
-15.2,-47.0,REGIONAL,2
-14.8,-40.7,REGIONAL,2
-17.4,-44.9,EXTERNAL,2
-10.3,-62.9,INTERNAL,2
-3.0,-40.4,REGIONAL,2
-11.9,-49.2,EXTERNAL,2
-28.7,-52.6,EXTERNAL,2
3.9,-60.1,REGIONAL,2
-25.8,-50.4,EXTERNAL,2
-14.4,-42.2,REGIONAL,2
-22.2,-54.7,EXTERNAL,2
-12.0,-39.0,REGIONAL,2
-3.6,-39.9,REGIONAL,2
-8.4,-35.4,EXTERNAL,2
-22.5,-48.0,REGIONAL,2
-19.8,-54.9,REGIONAL,2
-20.4,-45.9,REGIONAL,2
-6.6,-49.3,REGIONAL,2
-14.7,-42.0,REGIONAL,2
-9.8,-49.2,REGIONAL,2
-20.3,-45.1,REGIONAL,2
-5.6,-49.6,REGIONAL,2
-1.9,-44.6,REGIONAL,2
-12.0,-63.6,REGIONAL,2
-16.0,-42.2,REGIONAL,2
-9.2,-43.6,REGIONAL,2
-7.3,-43.9,REGIONAL,2
-15.0,-41.0,REGIONAL,2
-15.5,-44.7,EXTERNAL,2
-8.7,-37.5,REGIONAL,2
-27.8,-50.9,EXTERNAL,2
-7.3,-50.0,REGIONAL,2
-26.7,-51.6,EXTERNAL,2
2.3,-31.7,REGIONAL,2
-8.0,-48.3,REGIONAL,2
-6.2,-37.6,REGIONAL,2
-29.6,-51.8,REGIONAL,2
-22.3,-45.8,EXTERNAL,2
-22.4,-46.5,EXTERNAL,2
-15.4,-49.8,REGIONAL,2
-10.0,-44.3,REGIONAL,2
-13.0,-42.4,REGIONAL,2
-7.5,-41.8,REGIONAL,2
-11.8,-61.3,REGIONAL,2
-11.7,-38.0,REGIONAL,2
-26.5,-50.9,REGIONAL,2
-7.5,-47.5,REGIONAL,2
-23.3,-49.7,REGIONAL,2
-16.9,-42.0,REGIONAL,2
-4.2,-41.0,REGIONAL,2
-7.0,-39.0,REGIONAL,2
-4.7,-40.8,REGIONAL,2
-16.5,-42.5,REGIONAL,2
-13.6,-39.7,REGIONAL,2
-13.9,-49.3,REGIONAL,2
-22.6,-51.7,REGIONAL,2
-15.1,-49.1,REGIONAL,2
-16.2,-48.1,REGIONAL,2
-2.7,-66.0,REGIONAL,2
-14.0,-39.2,REGIONAL,2
-7.4,-35.3,REGIONAL,2
-31.3,-54.2,REGIONAL,2
-17.1,-47.7,EXTERNAL,2
-16.2,-55.0,REGIONAL,2
-18.6,-46.4,REGIONAL,2
-26.7,-52.6,REGIONAL,2
-20.9,-44.0,REGIONAL,2
-20.3,-48.7,REGIONAL,2
-7.9,-34.3,EXTERNAL,2
-5.2,-40.8,REGIONAL,2
-24.7,-50.9,REGIONAL,2
-26.0,-53.0,REGIONAL,2
-31.4,-54.1,REGIONAL,2
-4.5,-57.7,REGIONAL,2
-8.0,-71.4,REGIONAL,2
-11.3,-51.7,EXTERNAL,2
-13.0,-39.4,REGIONAL,2
6.3,-49.0,REGIONAL,2
-14.8,-52.2,REGIONAL,2
-16.5,-44.4,REGIONAL,2
2.1,-31.8,REGIONAL,2
-3.2,-42.5,REGIONAL,2
-8.9,-36.4,EXTERNAL,2
-6.6,-38.7,REGIONAL,2
-25.2,-50.7,REGIONAL,2
-25.3,-49.8,INTERNAL,2
-8.2,-39.6,REGIONAL,2
-6.4,-38.3,REGIONAL,2
-32.4,-50.1,REGIONAL,2
-10.3,-51.2,REGIONAL,2
-10.5,-34.5,REGIONAL,2
-10.4,-50.7,REGIONAL,2
-1.5,-35.5,REGIONAL,2
-20.9,-42.5,INTERNAL,2
-8.1,-39.0,REGIONAL,2
-10.3,-48.9,REGIONAL,2
-14.5,-48.4,REGIONAL,2
-21.8,-46.8,REGIONAL,2
-8.8,-35.6,REGIONAL,2
-29.9,-51.7,EXTERNAL,2
-22.1,-41.3,REGIONAL,2
-18.4,-30.7,REGIONAL,2
-7.6,-42.4,REGIONAL,2
-21.7,-45.1,REGIONAL,2
-13.9,-42.8,REGIONAL,2
-20.5,-55.2,REGIONAL,2
-9.3,-64.3,REGIONAL,2
-23.6,-51.0,REGIONAL,2
-11.1,-40.1,EXTERNAL,2
3.5,-60.4,REGIONAL,2
-15.1,-55.8,EXTERNAL,2
-20.4,-42.2,EXTERNAL,2
-14.7,-38.8,REGIONAL,2
-14.0,-47.5,EXTERNAL,2
-14.4,-38.5,REGIONAL,2
-18.0,-45.2,EXTERNAL,2
-14.3,-59.6,EXTERNAL,2
-23.7,-42.0,EXTERNAL,2
-14.2,-47.3,EXTERNAL,2
3.2,-61.4,REGIONAL,2
-21.7,-47.9,REGIONAL,2
-9.0,-63.0,EXTERNAL,2
-20.1,-40.3,INTERNAL,2
4.6,-60.2,EXTERNAL,2
-14.7,-39.4,EXTERNAL,2
-15.7,-41.3,EXTERNAL,2
-18.6,-53.1,REGIONAL,2
-23.3,-52.6,REGIONAL,2
-22.4,-46.0,REGIONAL,2
-10.1,-67.6,EXTERNAL,2
-11.9,-46.6,REGIONAL,2
-17.8,-49.0,REGIONAL,2
-28.4,-52.3,REGIONAL,2
-4.1,-39.0,REGIONAL,2
-2.6,-67.3,REGIONAL,2
-5.8,-63.6,REGIONAL,2
-14.5,-55.9,REGIONAL,2
-27.3,-52.2,REGIONAL,2
-11.7,-61.6,REGIONAL,2
-4.7,-42.6,EXTERNAL,2
-19.3,-55.6,REGIONAL,2
-3.9,-33.9,REGIONAL,2
-9.0,-72.8,REGIONAL,2
-19.3,-42.4,REGIONAL,2
-7.5,-70.3,EXTERNAL,2
-23.2,-44.5,REGIONAL,2
-10.3,-54.8,REGIONAL,2
-25.1,-49.2,REGIONAL,2
-4.3,-47.6,REGIONAL,2
-28.2,-55.3,REGIONAL,2
-7.3,-55.6,REGIONAL,2
-3.2,-60.6,REGIONAL,2
3.5,-51.7,REGIONAL,2
-6.1,-47.9,REGIONAL,2
-16.5,-44.5,REGIONAL,2
-20.2,-46.3,EXTERNAL,2
-27.4,-49.0,EXTERNAL,2
-7.6,-39.3,EXTERNAL,2
-23.4,-49.7,REGIONAL,2
-5.5,-37.5,EXTERNAL,2
-24.1,-51.7,REGIONAL,2
-19.8,-50.8,REGIONAL,2
0.0,-66.0,REGIONAL,2
-17.7,-49.5,REGIONAL,2
-17.3,-44.5,REGIONAL,2
-21.3,-51.7,REGIONAL,2
-27.5,-51.8,REGIONAL,2
-21.5,-49.6,REGIONAL,2
-13.0,-49.8,REGIONAL,2
-8.4,-35.5,REGIONAL,2
-22.3,-53.3,REGIONAL,2
-20.8,-46.6,REGIONAL,2
-21.5,-45.9,REGIONAL,2
-1.5,-34.5,REGIONAL,2
-20.2,-45.6,REGIONAL,2
-9.6,-48.0,REGIONAL,2
-2.1,-59.3,REGIONAL,2
-28.2,-49.9,EXTERNAL,2
-28.4,-51.0,REGIONAL,2
-20.1,-35.2,REGIONAL,2
-22.2,-42.3,REGIONAL,2
-9.3,-40.3,REGIONAL,2
-2.3,-64.7,REGIONAL,2
-22.1,-45.8,REGIONAL,2
-25.6,-52.1,REGIONAL,2
-15.8,-54.9,REGIONAL,2
-24.5,-46.8,REGIONAL,2
-29.5,-46.5,REGIONAL,2
-11.9,-39.4,REGIONAL,2
-2.8,-49.0,REGIONAL,2
-14.4,-50.5,REGIONAL,2
-7.7,-39.6,REGIONAL,2
-18.0,-42.4,REGIONAL,2
-16.3,-40.7,REGIONAL,2
-11.1,-54.4,REGIONAL,2
-27.1,-53.1,EXTERNAL,2
-20.8,-39.6,REGIONAL,2
-8.5,-36.3,REGIONAL,2
-13.4,-61.0,REGIONAL,2
-26.1,-46.8,REGIONAL,2
-9.2,-38.7,REGIONAL,2
-10.6,-64.0,REGIONAL,2
-2.0,-60.0,INTERNAL,2
-16.9,-49.7,REGIONAL,2
-4.1,-55.1,REGIONAL,2
-11.3,-37.5,EXTERNAL,2
-24.3,-52.5,REGIONAL,2
-20.4,-53.8,INTERNAL,2
-3.3,-45.0,REGIONAL,2
-26.8,-49.5,EXTERNAL,2
-24.7,-48.5,REGIONAL,2
-30.1,-50.1,REGIONAL,2
-11.8,-55.7,REGIONAL,2
-15.2,-44.4,REGIONAL,2
-18.0,-48.5,REGIONAL,2
-15.5,-47.4,EXTERNAL,2
-15.6,-55.7,REGIONAL,2
-27.0,-51.1,EXTERNAL,2
-20.2,-42.9,REGIONAL,2
-29.7,-54.7,REGIONAL,2
-20.3,-45.0,REGIONAL,2
-20.8,-55.9,EXTERNAL,2
-23.8,-51.7,REGIONAL,2
-17.6,-41.7,REGIONAL,2
-24.3,-51.3,REGIONAL,2
-13.6,-44.1,EXTERNAL,2
-20.0,-49.7,REGIONAL,2
3.0,-60.5,REGIONAL,2
-7.2,-46.4,EXTERNAL,2
-20.3,-45.9,REGIONAL,2
-17.1,-49.2,EXTERNAL,2
-26.4,-50.7,EXTERNAL,2
-17.8,-51.3,REGIONAL,2
-15.4,-58.4,REGIONAL,2
-6.8,-36.6,REGIONAL,2
-16.9,-41.2,REGIONAL,2
-11.6,-61.3,EXTERNAL,2
-20.5,-50.4,REGIONAL,2
-12.8,-43.2,EXTERNAL,2
-7.2,-48.1,EXTERNAL,2
-17.7,-39.8,EXTERNAL,2
-27.2,-49.3,REGIONAL,2
-23.7,-55.4,EXTERNAL,2
-9.7,-42.0,REGIONAL,2
-5.4,-42.7,EXTERNAL,2
-7.1,-36.7,EXTERNAL,2
-19.6,-40.4,EXTERNAL,2
-21.8,-55.0,REGIONAL,2
-1.0,-50.0,EXTERNAL,2
-22.0,-42.8,REGIONAL,2
-10.1,-69.3,REGIONAL,2
-16.0,-54.9,EXTERNAL,2
-17.6,-51.1,EXTERNAL,2
-7.5,-35.1,REGIONAL,2
-10.3,-62.7,REGIONAL,2
-23.8,-47.2,REGIONAL,2
-6.5,-44.0,EXTERNAL,2
2.0,-61.0,EXTERNAL,2
-15.4,-47.8,REGIONAL,2
-12.4,-42.6,EXTERNAL,2
-10.4,-48.4,EXTERNAL,2
-22.3,-52.1,EXTERNAL,2
-12.6,-39.5,EXTERNAL,2
-29.9,-52.3,EXTERNAL,2
-2.7,-44.8,EXTERNAL,2
-26.0,-53.1,EXTERNAL,2
-0.7,-47.8,EXTERNAL,2
-6.6,-51.2,REGIONAL,2
-11.9,-41.4,REGIONAL,2
-21.0,-47.1,EXTERNAL,2
-16.9,-49.8,REGIONAL,2
-5.8,-49.5,REGIONAL,2
-14.1,-56.1,REGIONAL,2
-8.8,-63.6,REGIONAL,2
-21.7,-49.6,REGIONAL,2
-19.6,-49.4,REGIONAL,2
-29.5,-51.2,EXTERNAL,2
-7.4,-34.6,INTERNAL,2
-11.0,-36.8,INTERNAL,2
-2.4,-64.8,REGIONAL,2
-28.1,-49.0,EXTERNAL,2
-8.5,-36.1,EXTERNAL,2
-23.5,-50.7,EXTERNAL,2
-13.1,-41.9,REGIONAL,2
-7.0,-47.4,REGIONAL,2
-22.5,-49.7,EXTERNAL,2
-4.6,-40.8,REGIONAL,2
-26.6,-50.1,EXTERNAL,2
-20.6,-55.5,REGIONAL,2
-21.2,-51.1,REGIONAL,2
-19.5,-54.8,REGIONAL,2
-20.8,-42.3,REGIONAL,2
-23.6,-43.8,INTERNAL,2
-0.5,-53.0,REGIONAL,2
-18.3,-43.3,REGIONAL,2
-18.0,-49.2,REGIONAL,2
-19.6,-55.0,REGIONAL,2
-20.8,-46.2,EXTERNAL,2
-4.1,-38.2,INTERNAL,2
-16.1,-44.9,EXTERNAL,2
-10.0,-58.4,REGIONAL,2
-3.6,-44.4,EXTERNAL,2
-26.5,-46.3,INTERNAL,2
-20.8,-40.8,EXTERNAL,2
-8.6,-35.4,EXTERNAL,2
-5.5,-69.5,REGIONAL,2
-18.9,-48.9,EXTERNAL,2
-25.2,-51.6,REGIONAL,2
-8.7,-36.7,EXTERNAL,2
-7.4,-72.8,REGIONAL,2
-27.1,-49.6,REGIONAL,2
-18.5,-54.5,REGIONAL,2
-14.6,-46.8,REGIONAL,2
-11.6,-50.9,REGIONAL,2
-19.3,-55.0,REGIONAL,2
-3.6,-65.0,REGIONAL,2
-11.0,-68.7,EXTERNAL,2
-16.2,-41.5,REGIONAL,2
-33.9,-53.0,INTERNAL,2
-13.5,-42.5,EXTERNAL,2
-21.5,-39.9,INTERNAL,2
-12.1,-38.6,REGIONAL,2
-9.9,-35.9,INTERNAL,2
-33.9,-51.0,REGIONAL,2
-13.9,-41.7,REGIONAL,2
-31.8,-51.6,REGIONAL,2
-19.3,-57.0,INTERNAL,2
-16.5,-35.8,REGIONAL,2
-13.2,-39.0,REGIONAL,2
-60.5,-60.5,REGIONAL,2
-18.2,-41.2,REGIONAL,2
-14.9,-49.3,EXTERNAL,2
-19.7,-39.4,INTERNAL,2
-0.9,-47.2,REGIONAL,2
-28.5,-53.6,REGIONAL,2
2.2,-61.0,REGIONAL,2
-20.3,-44.4,REGIONAL,2
-12.3,-47.7,REGIONAL,2
-23.1,-52.4,REGIONAL,2
-19.2,-43.3,REGIONAL,2
-18.6,-38.1,INTERNAL,2
-13.2,-40.3,EXTERNAL,2
-17.6,-49.3,REGIONAL,2
-14.2,-38.8,REGIONAL,2
-19.2,-40.8,EXTERNAL,2
-11.5,-55.3,REGIONAL,2
-16.8,-51.7,EXTERNAL,2
-28.4,-51.2,REGIONAL,2
-24.7,-53.6,EXTERNAL,2
-11.1,-37.3,EXTERNAL,2
-20.7,-31.9,REGIONAL,2
-6.5,-35.8,REGIONAL,2
-11.0,-48.6,EXTERNAL,2
-26.5,-46.5,REGIONAL,2
-20.7,-42.8,EXTERNAL,2
-17.3,-39.4,REGIONAL,2
-23.3,-41.3,INTERNAL,2
-11.6,-40.9,REGIONAL,2
-14.4,-40.2,EXTERNAL,2
-14.4,-47.2,REGIONAL,2
-18.0,-41.7,EXTERNAL,2
-10.4,-58.7,REGIONAL,2
-27.9,-54.0,EXTERNAL,2
-19.7,-51.0,REGIONAL,2
-12.2,-47.4,REGIONAL,2
-19.4,-47.4,REGIONAL,2
-24.7,-47.8,REGIONAL,2
-19.5,-56.8,REGIONAL,2
-12.7,-42.6,REGIONAL,2
-31.1,-53.8,REGIONAL,2
-14.1,-51.7,REGIONAL,2
-13.0,-47.8,REGIONAL,2
-30.1,-57.3,REGIONAL,2
-21.9,-43.8,REGIONAL,2
-9.5,-43.2,REGIONAL,2
-21.6,-56.8,REGIONAL,2
-15.7,-41.4,REGIONAL,2
-17.2,-43.2,REGIONAL,2
-10.6,-49.2,REGIONAL,2
-3.6,-64.4,REGIONAL,2
-8.4,-37.2,REGIONAL,2
-4.6,-56.5,REGIONAL,2
-10.1,-61.3,REGIONAL,2
-15.6,-49.3,REGIONAL,2
-27.6,-51.3,EXTERNAL,2
-14.3,-49.0,REGIONAL,2
-16.1,-58.0,REGIONAL,2
-5.5,-37.1,EXTERNAL,2
-9.9,-58.4,REGIONAL,2
-6.3,-49.4,REGIONAL,2
-26.6,-49.8,REGIONAL,2
0.3,-60.5,REGIONAL,2
-9.0,-67.9,INTERNAL,2
-18.5,-38.5,REGIONAL,2
-28.5,-50.1,REGIONAL,2
-20.5,-36.5,REGIONAL,2
-30.4,-53.7,EXTERNAL,2
-14.1,-42.7,EXTERNAL,2
-3.5,-33.5,REGIONAL,2
-4.5,-30.5,REGIONAL,2
-17.7,-52.1,REGIONAL,2
-6.8,-49.1,REGIONAL,2
-26.5,-49.5,REGIONAL,2
-9.7,-67.8,REGIONAL,2
-22.4,-45.1,REGIONAL,2
-24.8,-49.0,REGIONAL,2
-15.0,-46.0,REGIONAL,2
-22.8,-48.2,REGIONAL,2
-22.2,-45.5,EXTERNAL,2
-19.4,-44.8,EXTERNAL,2
-20.5,-42.9,REGIONAL,2
-19.3,-47.8,REGIONAL,2
-22.7,-46.3,REGIONAL,2
-19.0,-46.6,REGIONAL,2
-13.6,-47.3,REGIONAL,2
-21.4,-49.6,EXTERNAL,2
-10.5,-38.1,EXTERNAL,2
-22.7,-53.2,EXTERNAL,2
-7.2,-38.8,EXTERNAL,2
-1.9,-61.8,REGIONAL,2
-18.2,-52.4,REGIONAL,2
-2.0,-49.3,EXTERNAL,2
-3.9,-39.3,EXTERNAL,2
-16.6,-38.7,REGIONAL,2
-6.5,-44.3,EXTERNAL,2
-29.4,-51.4,EXTERNAL,2
-10.6,-62.4,EXTERNAL,2
0.2,-51.0,EXTERNAL,2
-13.8,-44.0,EXTERNAL,2
-10.3,-36.5,EXTERNAL,2
-21.5,-40.3,EXTERNAL,2
-30.5,-55.4,REGIONAL,2
-21.7,-46.4,EXTERNAL,2
-17.3,-46.4,REGIONAL,2
-2.1,-54.4,REGIONAL,2
-7.2,-38.7,REGIONAL,2
-29.4,-53.3,EXTERNAL,2
-17.8,-56.1,REGIONAL,2
-22.1,-43.3,EXTERNAL,2
-13.7,-40.8,REGIONAL,2
-13.8,-43.5,EXTERNAL,2
-21.1,-54.5,EXTERNAL,2
-30.9,-52.3,REGIONAL,2
-17.3,-50.3,REGIONAL,2
-28.8,-53.0,REGIONAL,2
-17.7,-40.0,EXTERNAL,2
-27.9,-52.3,REGIONAL,2
-16.0,-41.5,REGIONAL,2
-4.6,-45.1,EXTERNAL,2
-21.1,-46.2,REGIONAL,2
-23.1,-51.8,REGIONAL,2
-19.0,-41.6,REGIONAL,2
-18.8,-47.6,REGIONAL,2
-29.3,-49.9,REGIONAL,2
-17.3,-48.4,REGIONAL,2
-18.8,-43.6,REGIONAL,2
-14.6,-42.0,REGIONAL,2
-12.1,-46.5,EXTERNAL,2
-12.3,-38.6,EXTERNAL,2
-8.3,-36.5,EXTERNAL,2
-3.0,-42.0,EXTERNAL,2
-29.0,-53.0,EXTERNAL,2
-11.9,-55.3,EXTERNAL,2
-30.5,-53.9,REGIONAL,2
-12.1,-43.7,EXTERNAL,2
-20.0,-47.4,REGIONAL,2
-14.0,-42.1,REGIONAL,2
-4.6,-66.5,REGIONAL,2
-4.5,-42.3,REGIONAL,2
-8.1,-42.3,REGIONAL,2
-9.7,-41.5,REGIONAL,2
-24.2,-50.5,EXTERNAL,2
-15.1,-39.4,REGIONAL,2
-12.5,-38.9,REGIONAL,2
-11.8,-64.0,REGIONAL,2
-7.7,-36.4,EXTERNAL,2
-19.8,-50.4,REGIONAL,2
-26.9,-51.4,EXTERNAL,2
-23.1,-49.7,EXTERNAL,2
-22.5,-44.3,EXTERNAL,2
-30.6,-52.3,REGIONAL,2
-23.2,-45.6,EXTERNAL,2
-21.3,-57.2,EXTERNAL,2
-28.8,-52.7,EXTERNAL,2
-0.1,-66.9,REGIONAL,2
-9.5,-37.0,REGIONAL,2
-18.3,-54.7,EXTERNAL,2
-13.0,-43.0,EXTERNAL,2
-9.0,-51.0,EXTERNAL,2
-15.3,-41.8,REGIONAL,2
-15.6,-44.3,REGIONAL,2
-10.6,-41.3,REGIONAL,2
-7.0,-37.8,REGIONAL,2
-20.4,-41.5,REGIONAL,2
-19.8,-40.2,REGIONAL,2
-3.2,-58.9,REGIONAL,2
-19.0,-52.6,REGIONAL,2
-21.3,-56.3,REGIONAL,2
-15.0,-48.3,REGIONAL,2
1.2,-52.9,EXTERNAL,2
-1.1,-46.7,EXTERNAL,2
-1.1,-56.0,REGIONAL,2
-14.6,-54.6,REGIONAL,2
-22.3,-44.7,EXTERNAL,2
-11.7,-39.2,EXTERNAL,2
-21.0,-42.9,REGIONAL,2
-23.5,-49.2,REGIONAL,2
-15.8,-50.6,REGIONAL,2
-2.0,-49.0,REGIONAL,2
-24.8,-46.9,INTERNAL,2
-2.1,-47.6,REGIONAL,2
-21.6,-51.2,EXTERNAL,2
-9.4,-35.2,INTERNAL,2
-17.0,-37.6,INTERNAL,2
-20.6,-42.2,EXTERNAL,2
-24.6,-54.2,EXTERNAL,2
-15.6,-47.5,EXTERNAL,2
-26.0,-46.0,INTERNAL,2
-4.4,-45.3,REGIONAL,2
-23.7,-48.4,REGIONAL,2
-29.3,-52.5,REGIONAL,2
-4.9,-42.6,REGIONAL,2
-20.3,-46.0,REGIONAL,2
-19.8,-47.4,REGIONAL,2
-18.4,-37.8,INTERNAL,2
-28.5,-47.5,REGIONAL,2
-34.1,-51.3,INTERNAL,2
-8.1,-37.2,REGIONAL,2
-10.5,-67.7,REGIONAL,2
-21.6,-41.0,INTERNAL,2
-30.3,-57.4,REGIONAL,2
-20.9,-44.1,EXTERNAL,2
-8.0,-39.1,EXTERNAL,2
-1.6,-56.7,REGIONAL,2
-20.7,-37.1,REGIONAL,2
-4.6,-45.0,EXTERNAL,2
-30.4,-51.5,EXTERNAL,2
-21.6,-58.0,REGIONAL,2
-18.2,-46.8,EXTERNAL,2
-6.9,-34.9,INTERNAL,2
-16.7,-49.0,EXTERNAL,2
-30.7,-53.0,REGIONAL,2
-9.6,-35.5,INTERNAL,2
-22.2,-47.2,EXTERNAL,2
-7.8,-35.6,EXTERNAL,2
-18.6,-37.9,INTERNAL,2
-9.2,-35.2,INTERNAL,2
-20.0,-39.8,INTERNAL,2
-12.2,-64.3,REGIONAL,2
-19.7,-39.5,INTERNAL,2
-22.0,-42.3,EXTERNAL,2
-28.3,-48.9,REGIONAL,2
-12.9,-60.4,REGIONAL,2
-22.1,-44.7,EXTERNAL,2
-21.6,-39.8,INTERNAL,2
-19.1,-39.8,INTERNAL,2
-10.1,-42.9,REGIONAL,2
-17.0,-47.6,REGIONAL,2
-16.2,-47.0,REGIONAL,2
-2.5,-41.8,INTERNAL,2
-18.7,-41.1,REGIONAL,2
-9.2,-35.1,REGIONAL,2
0.1,-66.8,REGIONAL,2
-2.2,-56.1,EXTERNAL,2
-1.0,-62.0,REGIONAL,2
-31.6,-51.2,REGIONAL,2
-1.7,-47.0,REGIONAL,2
-7.7,-35.5,EXTERNAL,2
-15.6,-51.2,EXTERNAL,2
-4.4,-41.5,EXTERNAL,2
-25.9,-48.9,EXTERNAL,2
-22.1,-48.2,EXTERNAL,2
-22.3,-51.0,EXTERNAL,2
-8.0,-35.4,EXTERNAL,2
-20.7,-41.1,EXTERNAL,2
-6.1,-36.9,REGIONAL,2
-19.3,-49.8,REGIONAL,2
-14.5,-49.2,REGIONAL,2
-16.7,-42.1,REGIONAL,2
-14.2,-49.1,REGIONAL,2
-3.4,-59.7,EXTERNAL,2
-10.2,-41.1,REGIONAL,2
-32.1,-53.6,REGIONAL,2
-6.0,-56.4,REGIONAL,2
-10.2,-41.2,REGIONAL,2
-24.6,-50.8,EXTERNAL,2
-9.2,-36.3,EXTERNAL,2
-3.6,-43.9,EXTERNAL,2
-16.4,-52.0,REGIONAL,2
-10.0,-67.2,REGIONAL,2
-1.8,-46.5,REGIONAL,2
-1.8,-48.7,EXTERNAL,2
-10.4,-39.9,REGIONAL,2
-19.9,-44.9,EXTERNAL,2
-4.9,-40.8,EXTERNAL,2
-23.4,-48.9,EXTERNAL,2
-22.1,-42.2,EXTERNAL,2
-0.8,-47.5,EXTERNAL,2
-17.2,-50.1,REGIONAL,2
-23.4,-49.2,EXTERNAL,2
-1.9,-65.6,EXTERNAL,2
-13.1,-39.9,EXTERNAL,2
-26.1,-50.4,REGIONAL,2
-22.4,-51.6,EXTERNAL,2
-8.5,-36.8,EXTERNAL,2
-15.8,-49.2,EXTERNAL,2
-4.7,-40.7,EXTERNAL,2
-1.1,-46.9,EXTERNAL,2
-4.8,-43.4,EXTERNAL,2
-13.1,-39.3,REGIONAL,2
-19.7,-57.0,INTERNAL,2
-22.4,-45.5,INTERNAL,2
-11.3,-41.1,INTERNAL,2
-3.1,-43.3,REGIONAL,2
-29.2,-50.1,EXTERNAL,2
-13.7,-39.1,INTERNAL,2
-20.8,-48.6,INTERNAL,2
-6.1,-36.3,REGIONAL,2
-22.9,-46.5,INTERNAL,2
-9.2,-35.4,REGIONAL,2
-29.5,-52.6,EXTERNAL,2
-29.0,-53.3,REGIONAL,2
-14.5,-43.7,REGIONAL,2
-8.9,-64.0,EXTERNAL,2
-11.9,-61.7,EXTERNAL,2
-15.3,-48.4,REGIONAL,2
5.1,-60.0,REGIONAL,2
-13.3,-38.9,REGIONAL,2
-10.1,-41.2,REGIONAL,2
-25.0,-48.2,REGIONAL,2
-20.3,-49.9,REGIONAL,2
-30.2,-55.0,REGIONAL,2
-22.7,-47.0,INTERNAL,2
-16.8,-41.5,EXTERNAL,2
-13.4,-41.3,EXTERNAL,2
-24.9,-50.6,EXTERNAL,2
-2.7,-48.8,REGIONAL,2
-29.8,-51.4,REGIONAL,2
-20.7,-42.2,EXTERNAL,2
-25.2,-48.5,EXTERNAL,2
-26.1,-49.3,EXTERNAL,2
-23.7,-52.7,EXTERNAL,2
-26.0,-49.2,EXTERNAL,2
-2.1,-48.7,EXTERNAL,2
-6.1,-40.7,EXTERNAL,2
-27.3,-52.6,REGIONAL,2
-31.6,-52.4,EXTERNAL,2
-7.4,-39.8,EXTERNAL,2
-15.3,-52.9,REGIONAL,2
-6.0,-49.8,EXTERNAL,2
-6.8,-38.7,EXTERNAL,2
-25.7,-53.7,REGIONAL,2
-21.6,-49.8,REGIONAL,2
-7.4,-35.8,EXTERNAL,2
-24.0,-52.8,REGIONAL,2
-21.2,-42.8,INTERNAL,2
-16.6,-56.5,REGIONAL,2
-12.9,-47.2,REGIONAL,2
-24.0,-54.3,REGIONAL,2
-3.7,-38.8,EXTERNAL,2
-12.4,-49.8,REGIONAL,2
-21.4,-57.1,REGIONAL,2
4.2,-47.8,REGIONAL,2
1.3,-32.3,REGIONAL,2
-28.2,-50.0,EXTERNAL,2
-2.8,-57.9,REGIONAL,2
-16.4,-46.4,REGIONAL,2
-27.5,-54.5,REGIONAL,2
-21.1,-43.8,EXTERNAL,2
-2.2,-59.6,REGIONAL,2
-9.6,-40.9,REGIONAL,2
0.5,-31.0,EXTERNAL,2
-29.0,-56.2,REGIONAL,2
-24.7,-48.2,EXTERNAL,2
-23.5,-49.1,REGIONAL,2
-16.5,-55.0,REGIONAL,2
-15.1,-18.0,REGIONAL,2
-21.4,-41.3,REGIONAL,2
-18.1,-49.0,EXTERNAL,2
-16.7,-54.7,REGIONAL,2
-30.6,-54.0,REGIONAL,2
-9.7,-63.3,REGIONAL,2
-8.8,-54.8,REGIONAL,2
-18.7,-49.6,EXTERNAL,2
-15.6,-58.9,REGIONAL,2
0.0,-66.9,REGIONAL,2
-59.8,-59.8,REGIONAL,2
-14.3,-44.6,REGIONAL,2
-10.7,-39.6,REGIONAL,2
-15.4,-51.8,REGIONAL,2
-14.4,-52.8,REGIONAL,2
-19.8,-44.4,EXTERNAL,2
-6.4,-48.1,REGIONAL,2
-13.5,-56.3,REGIONAL,2
-20.0,-54.9,EXTERNAL,2
-17.5,-43.1,REGIONAL,2
-4.5,-56.2,EXTERNAL,2
-18.9,-47.5,EXTERNAL,2
-19.2,-37.6,EXTERNAL,2
-5.2,-39.2,REGIONAL,2
-16.5,-41.5,REGIONAL,2
-22.2,-50.2,REGIONAL,2
-6.9,-37.5,EXTERNAL,2
-3.8,-47.5,EXTERNAL,2
-5.9,-39.3,EXTERNAL,2
-30.7,-50.5,EXTERNAL,2
-22.3,-50.0,INTERNAL,2
-4.8,-38.6,EXTERNAL,2
-3.9,-46.8,REGIONAL,2
-0.6,-64.7,REGIONAL,2
-5.5,-38.5,EXTERNAL,2
-15.0,-40.8,REGIONAL,2
4.0,-51.7,REGIONAL,2
-12.3,-41.3,EXTERNAL,2
-25.3,-39.6,INTERNAL,2
-23.2,-48.6,INTERNAL,2
-16.2,-52.5,REGIONAL,2
-21.3,-43.3,REGIONAL,2
-18.5,-41.1,REGIONAL,2
-13.5,-48.0,REGIONAL,2
-23.6,-47.0,INTERNAL,2
-16.7,-47.5,REGIONAL,2
-16.0,-57.6,REGIONAL,2
-21.5,-44.2,EXTERNAL,2
-10.9,-69.3,REGIONAL,2
-27.1,-52.3,REGIONAL,2
-20.4,-56.4,REGIONAL,2
-19.9,-50.4,EXTERNAL,2
-21.1,-50.0,INTERNAL,2
-3.5,-39.3,REGIONAL,2
-24.5,-47.5,INTERNAL,2
-24.6,-53.5,REGIONAL,2
-17.4,-39.4,REGIONAL,2
-4.5,-47.5,EXTERNAL,2
-11.7,-62.5,EXTERNAL,2
-16.6,-46.8,REGIONAL,2
-10.3,-56.9,REGIONAL,2
-25.1,-51.2,REGIONAL,2
-17.6,-42.5,REGIONAL,2
-10.8,-40.5,EXTERNAL,2
-1.0,-31.3,EXTERNAL,2
-11.8,-37.8,REGIONAL,2
-25.5,-39.5,REGIONAL,2
-5.8,-46.2,EXTERNAL,2
-25.5,-48.9,EXTERNAL,2
-31.7,-53.6,EXTERNAL,2
-3.1,-58.2,EXTERNAL,2
-29.2,-53.6,REGIONAL,2
-11.8,-37.9,EXTERNAL,2
-18.5,-42.1,EXTERNAL,2
-29.4,-52.9,EXTERNAL,2
-30.9,-55.7,REGIONAL,2
-9.5,-64.1,EXTERNAL,2
-9.8,-35.8,INTERNAL,2
-21.3,-46.0,EXTERNAL,2
-25.9,-49.2,EXTERNAL,2
-5.8,-38.3,EXTERNAL,2
-4.3,-46.4,EXTERNAL,2
-10.2,-40.7,REGIONAL,2
1.0,-51.7,REGIONAL,2
-19.1,-43.5,EXTERNAL,2
-7.7,-72.9,REGIONAL,2
-16.8,-44.0,EXTERNAL,2
-3.9,-42.9,EXTERNAL,2
4.4,-60.1,REGIONAL,2
-21.0,-44.6,EXTERNAL,2
-12.4,-38.6,EXTERNAL,2
-29.0,-51.9,EXTERNAL,2
-7.6,-62.5,REGIONAL,2
-2.9,-41.9,EXTERNAL,2
-14.2,-44.3,EXTERNAL,2
-14.1,-46.3,EXTERNAL,2
-46.1,-70.6,REGIONAL,2
-25.9,-53.4,EXTERNAL,2
-21.2,-46.1,EXTERNAL,2
-26.6,-50.0,EXTERNAL,2
-4.7,-43.4,REGIONAL,2
-21.9,-49.3,EXTERNAL,2
-28.5,-48.7,EXTERNAL,2
-20.9,-56.4,REGIONAL,2
-12.7,-45.8,EXTERNAL,2
-7.5,-36.5,REGIONAL,2
-19.0,-50.6,EXTERNAL,2
-28.2,-54.0,EXTERNAL,2
-14.7,-40.9,REGIONAL,2
-22.7,-45.0,INTERNAL,2
-16.4,-48.7,EXTERNAL,2
-3.7,-46.9,REGIONAL,2
-11.1,-40.5,EXTERNAL,2
-24.9,-51.4,REGIONAL,2
-23.4,-53.2,EXTERNAL,2
-17.1,-40.6,EXTERNAL,2
-27.0,-53.5,EXTERNAL,2
-28.6,-53.5,REGIONAL,2
-24.8,-54.2,EXTERNAL,2
-20.9,-41.4,REGIONAL,2
-5.7,-49.1,REGIONAL,2
-12.6,-48.0,REGIONAL,2
-17.9,-42.9,EXTERNAL,2
-20.3,-55.8,REGIONAL,2
-17.3,-55.0,REGIONAL,2
-27.0,-50.7,REGIONAL,2
-15.8,-52.1,REGIONAL,2
-19.1,-54.8,REGIONAL,2
-15.9,-49.1,REGIONAL,2
-0.7,-28.6,EXTERNAL,2
-22.7,-50.5,EXTERNAL,2
-7.1,-41.0,REGIONAL,2
-5.3,-35.7,REGIONAL,2
-15.5,-42.5,REGIONAL,2
-8.4,-47.8,REGIONAL,2
-14.1,-39.9,REGIONAL,2
-24.5,-49.5,REGIONAL,2
-9.6,-42.3,REGIONAL,2
-9.6,-36.6,REGIONAL,2
-12.0,-42.0,REGIONAL,2
-14.3,-51.2,REGIONAL,2
-11.9,-48.9,REGIONAL,2
-5.4,-44.9,REGIONAL,2
-18.0,-42.0,REGIONAL,2
-2.7,-64.6,REGIONAL,2
-2.9,-43.4,REGIONAL,2
-30.8,-54.0,REGIONAL,2
-27.1,-53.1,REGIONAL,2
-8.4,-69.1,REGIONAL,2
-27.4,-53.7,REGIONAL,2
-19.9,-42.2,EXTERNAL,2
-21.5,-52.7,REGIONAL,2
-18.7,-44.9,REGIONAL,2
-13.3,-42.0,REGIONAL,2
-11.3,-56.8,REGIONAL,2
-17.1,-40.6,REGIONAL,2
-7.2,-41.5,REGIONAL,2
-20.1,-44.8,EXTERNAL,2
-20.6,-37.1,EXTERNAL,2
-0.4,-27.3,EXTERNAL,2
-11.1,-55.2,REGIONAL,2
-2.6,-47.8,REGIONAL,2
-5.9,-42.1,REGIONAL,2
0.9,-59.9,REGIONAL,2
-7.3,-48.1,REGIONAL,2
-0.1,-67.2,REGIONAL,2
-19.5,-47.8,REGIONAL,2
-11.5,-40.0,REGIONAL,2
-11.5,-35.5,REGIONAL,2
0.5,-45.5,REGIONAL,2
-13.1,-41.2,REGIONAL,2
-4.4,-44.3,EXTERNAL,2
-17.4,-41.0,REGIONAL,2
-28.4,-54.0,REGIONAL,2
-3.1,-54.7,REGIONAL,2
-22.0,-56.9,REGIONAL,2
-21.1,-55.8,EXTERNAL,2
-13.6,-47.2,EXTERNAL,2
-2.9,-49.9,REGIONAL,2
-7.6,-39.5,REGIONAL,2
-2.8,-41.4,REGIONAL,2
-8.7,-35.4,REGIONAL,2
-6.9,-37.5,REGIONAL,2
-24.5,-47.4,REGIONAL,2
-7.1,-41.3,EXTERNAL,2
-28.7,-52.6,REGIONAL,2
-8.5,-36.3,EXTERNAL,2
-23.8,-53.2,REGIONAL,2
-20.7,-45.3,REGIONAL,2
-19.2,-43.5,EXTERNAL,2
-12.1,-44.5,REGIONAL,2
-11.6,-38.7,EXTERNAL,2
-20.7,-39.8,REGIONAL,2
-30.7,-52.6,REGIONAL,2
-20.1,-40.6,EXTERNAL,2
-30.0,-51.5,EXTERNAL,2
-23.3,-51.7,REGIONAL,2
-20.9,-42.0,EXTERNAL,2
-6.3,-49.9,EXTERNAL,2
-10.3,-63.3,INTERNAL,2
-16.2,-56.7,EXTERNAL,2
-10.0,-36.5,REGIONAL,2
-23.5,-49.9,REGIONAL,2
2.2,-61.1,REGIONAL,2
-24.2,-48.5,EXTERNAL,2
-19.4,-41.7,EXTERNAL,2
-21.4,-42.3,EXTERNAL,2
-3.5,-42.5,REGIONAL,2
-9.7,-67.1,REGIONAL,2
-3.9,-45.3,REGIONAL,2
-19.6,-45.0,REGIONAL,2
-30.1,-55.9,EXTERNAL,2
-3.0,-64.0,EXTERNAL,2
-7.0,-39.7,EXTERNAL,2
-22.0,-51.4,REGIONAL,2
-20.0,-35.0,EXTERNAL,2
-7.2,-39.6,EXTERNAL,2
-11.8,-49.2,EXTERNAL,2
-20.2,-42.1,EXTERNAL,2
-29.0,-49.0,EXTERNAL,2
-27.6,-50.0,REGIONAL,2
-15.4,-52.2,EXTERNAL,2
-10.3,-54.9,EXTERNAL,2
-29.1,-55.0,REGIONAL,2
-28.3,-48.6,REGIONAL,2
-26.6,-53.2,EXTERNAL,2
-12.2,-43.1,EXTERNAL,2
-19.4,-57.1,EXTERNAL,2
-19.5,-56.2,EXTERNAL,2
0.1,-51.0,EXTERNAL,2
-17.9,-54.7,EXTERNAL,2
-16.3,-56.2,REGIONAL,2
-13.1,-50.6,REGIONAL,2
-6.2,-54.9,REGIONAL,2
-20.4,-56.1,REGIONAL,2
-22.7,-42.3,EXTERNAL,2
-12.5,-39.4,EXTERNAL,2
-5.4,-45.1,REGIONAL,2
-31.4,-53.9,REGIONAL,2
-17.6,-46.5,REGIONAL,2
-24.1,-49.5,EXTERNAL,2
-30.6,-52.4,REGIONAL,2
-21.0,-45.3,REGIONAL,2
-18.3,-49.3,REGIONAL,2
-23.6,-44.8,INTERNAL,2
-2.3,-38.3,INTERNAL,2
-21.8,-48.5,REGIONAL,2
-1.6,-56.6,REGIONAL,2
1.6,-52.3,REGIONAL,2
-9.8,-58.0,REGIONAL,2
-22.0,-44.3,EXTERNAL,2
-21.1,-38.4,INTERNAL,2
-21.7,-42.4,EXTERNAL,2
-28.3,-50.0,EXTERNAL,2
-20.9,-44.2,EXTERNAL,2
-13.5,-56.5,REGIONAL,2
-9.8,-39.0,REGIONAL,2
-8.6,-45.8,REGIONAL,2
-20.4,-41.3,EXTERNAL,2
-18.7,-40.6,REGIONAL,2
-22.0,-50.4,REGIONAL,2
-31.0,-54.6,REGIONAL,2
-27.7,-52.4,REGIONAL,2
-14.8,-47.9,REGIONAL,2
-6.0,-47.5,REGIONAL,2
-14.6,-40.4,REGIONAL,2
-5.6,-61.2,REGIONAL,2
-11.3,-59.0,REGIONAL,2
-7.8,-34.3,EXTERNAL,2
-21.7,-54.0,REGIONAL,2
-9.6,-40.4,REGIONAL,2
-31.4,-50.9,REGIONAL,2
3.2,-63.4,REGIONAL,2
-27.2,-51.9,REGIONAL,2
-7.0,-47.8,REGIONAL,2
-8.3,-40.4,REGIONAL,2
0.4,-63.4,REGIONAL,2
-4.0,-40.7,EXTERNAL,2
-25.0,-48.6,REGIONAL,2
-11.6,-40.1,REGIONAL,2
-12.8,-39.7,REGIONAL,2
-21.5,-26.5,REGIONAL,2
-29.6,-49.7,REGIONAL,2
-18.5,-53.0,REGIONAL,2
-25.5,-44.5,REGIONAL,2
-7.8,-37.3,REGIONAL,2
-14.3,-56.7,REGIONAL,2
-14.8,-59.6,EXTERNAL,2
-13.1,-40.9,REGIONAL,2
-7.9,-34.4,REGIONAL,2
-21.3,-42.2,REGIONAL,2
-27.1,-52.0,REGIONAL,2
-13.3,-44.7,REGIONAL,2
-26.7,-53.6,EXTERNAL,2
-19.1,-56.5,REGIONAL,2
-13.2,-39.5,EXTERNAL,2
-31.9,-54.9,REGIONAL,2
-12.9,-38.8,EXTERNAL,2
-8.0,-33.0,REGIONAL,2
-2.9,-49.0,EXTERNAL,2
-15.5,-39.0,EXTERNAL,2
-20.2,-56.0,EXTERNAL,2
-30.9,-54.2,EXTERNAL,2
-20.0,-47.7,INTERNAL,2
-23.8,-50.2,EXTERNAL,2
-24.3,-52.3,EXTERNAL,2
-18.7,-40.0,REGIONAL,2
-19.6,-40.5,REGIONAL,2
-25.1,-52.3,REGIONAL,2
-14.1,-39.3,EXTERNAL,2
-23.6,-49.3,EXTERNAL,2
-12.4,-38.1,EXTERNAL,2
-10.3,-41.4,INTERNAL,2
-13.8,-41.0,INTERNAL,2
-21.4,-51.6,INTERNAL,2
-15.4,-47.0,EXTERNAL,2
-23.5,-47.0,INTERNAL,2
-18.8,-40.8,INTERNAL,2
-25.2,-49.0,EXTERNAL,2
-22.3,-43.8,EXTERNAL,2
-19.2,-45.5,EXTERNAL,2
-23.0,-53.7,REGIONAL,2
-9.1,-42.7,REGIONAL,2
-17.1,-41.4,REGIONAL,2
-22.4,-45.3,EXTERNAL,2
-3.4,-44.4,REGIONAL,2
-32.4,-52.6,REGIONAL,2
-9.1,-35.8,EXTERNAL,2
-4.1,-39.5,EXTERNAL,2
-21.1,-43.5,EXTERNAL,2
-19.9,-51.4,EXTERNAL,2
-25.6,-49.7,EXTERNAL,2
-14.6,-54.8,REGIONAL,2
-18.1,-53.7,EXTERNAL,2
-21.0,-42.1,EXTERNAL,2
-22.6,-52.9,EXTERNAL,2
-15.8,-48.4,EXTERNAL,2
-28.7,-51.7,REGIONAL,2
-25.8,-49.5,EXTERNAL,2
-22.1,-47.6,EXTERNAL,2
-22.8,-50.8,EXTERNAL,2
-21.6,-44.7,EXTERNAL,2
-18.6,-41.0,EXTERNAL,2
-22.5,-45.7,REGIONAL,2
-21.0,-41.7,EXTERNAL,2
-13.9,-47.6,REGIONAL,2
-10.1,-59.6,REGIONAL,2
-11.4,-61.5,REGIONAL,2
-17.5,-45.4,REGIONAL,2
-12.3,-38.4,EXTERNAL,2
-7.2,-48.4,REGIONAL,2
-15.2,-42.5,EXTERNAL,2
-21.5,-45.4,REGIONAL,2
0.9,-49.9,REGIONAL,2
-13.2,-45.8,REGIONAL,2
-29.4,-54.0,REGIONAL,2
-19.9,-55.9,REGIONAL,2
-1.7,-59.8,REGIONAL,2
-8.4,-37.9,REGIONAL,2
-3.1,-57.8,REGIONAL,2
-21.0,-45.1,EXTERNAL,2
-22.6,-44.3,EXTERNAL,2
-14.0,-43.9,REGIONAL,2
-10.8,-48.9,EXTERNAL,2
0.2,-50.7,REGIONAL,2
-21.2,-41.3,REGIONAL,2
-31.9,-54.2,EXTERNAL,2
-30.2,-52.3,EXTERNAL,2
-18.2,-42.8,EXTERNAL,2
-3.6,-47.9,REGIONAL,2
-9.5,-40.5,EXTERNAL,2
-7.8,-55.3,REGIONAL,2
-6.1,-37.1,REGIONAL,2
-20.0,-45.0,REGIONAL,2
-14.5,-59.8,REGIONAL,2
-3.2,-59.4,REGIONAL,2
-27.4,-50.2,REGIONAL,2
-12.7,-40.6,EXTERNAL,2
-2.6,-55.0,REGIONAL,2
-21.2,-48.4,EXTERNAL,2
-21.9,-45.8,REGIONAL,2
-22.3,-51.0,REGIONAL,2
-25.4,-52.9,REGIONAL,2
-8.8,-54.9,REGIONAL,2
-21.7,-41.8,EXTERNAL,2
-17.7,-57.9,REGIONAL,2
-3.9,-40.4,EXTERNAL,2
-21.7,-45.7,EXTERNAL,2
-25.7,-51.7,REGIONAL,2
-26.0,-48.8,EXTERNAL,2
-21.0,-42.9,EXTERNAL,2
-8.5,-34.7,EXTERNAL,2
-13.2,-39.3,EXTERNAL,2
-16.9,-38.2,INTERNAL,2
-18.1,-39.5,EXTERNAL,2
-28.2,-50.6,REGIONAL,2
-12.3,-51.0,EXTERNAL,2
-9.3,-38.3,REGIONAL,2
-22.1,-45.4,REGIONAL,2
-11.5,-48.8,REGIONAL,2
-5.4,-47.9,REGIONAL,2
-17.8,-35.9,INTERNAL,2
-17.7,-55.9,REGIONAL,2
-19.9,-45.3,REGIONAL,2
-7.3,-47.4,EXTERNAL,2
-20.7,-50.4,EXTERNAL,2
-8.5,-69.2,REGIONAL,2
-19.7,-39.8,INTERNAL,2
-22.2,-39.7,INTERNAL,2
-12.4,-37.7,REGIONAL,2
-10.9,-61.8,REGIONAL,2
-3.4,-39.4,INTERNAL,2
-18.8,-41.3,EXTERNAL,2
-22.0,-40.8,INTERNAL,2
-25.1,-49.3,REGIONAL,2
-27.1,-46.6,INTERNAL,2
-19.5,-39.6,INTERNAL,2
-15.3,-51.1,REGIONAL,2
-7.1,-39.6,EXTERNAL,2
-8.1,-35.4,EXTERNAL,2
-19.1,-49.4,REGIONAL,2
-12.4,-38.0,EXTERNAL,2
-9.7,-61.9,REGIONAL,2
-22.7,-48.0,EXTERNAL,2
2.7,-52.5,REGIONAL,2
-23.9,-44.4,INTERNAL,2
-22.8,-39.9,INTERNAL,2
-18.4,-37.4,INTERNAL,2
-31.0,-54.5,REGIONAL,2
-16.7,-49.0,REGIONAL,2
-25.2,-51.7,EXTERNAL,2
-21.3,-44.5,EXTERNAL,2
-25.6,-49.8,REGIONAL,2
-19.8,-48.9,REGIONAL,2
-29.7,-56.9,REGIONAL,2
-28.1,-48.1,INTERNAL,2
-5.8,-42.5,EXTERNAL,2
-13.0,-38.2,EXTERNAL,2
-19.8,-41.2,REGIONAL,2
-23.5,-44.9,REGIONAL,2
-5.5,-45.3,EXTERNAL,2
-14.3,-39.4,EXTERNAL,2
-7.9,-35.9,EXTERNAL,2
-13.1,-41.4,EXTERNAL,2
-17.1,-42.7,REGIONAL,2
-10.0,0.0,EXTERNAL,2
-3.7,-47.9,REGIONAL,2
-20.5,-41.8,EXTERNAL,2
-20.3,-36.6,INTERNAL,2
-3.3,-38.6,EXTERNAL,2
-20.7,-46.9,REGIONAL,2
-13.2,-60.7,EXTERNAL,2
-20.3,-42.5,EXTERNAL,2
-23.3,-42.0,INTERNAL,2
-23.0,-50.7,REGIONAL,2
-6.1,-49.4,EXTERNAL,2
-8.8,-72.0,REGIONAL,2
-6.5,-38.2,EXTERNAL,2
-19.9,-47.9,REGIONAL,2
-15.5,-57.3,EXTERNAL,2
-9.3,-61.8,REGIONAL,2
-26.6,-51.8,EXTERNAL,2
-20.5,-44.1,EXTERNAL,2
-8.1,-36.1,EXTERNAL,2
-19.3,-50.4,REGIONAL,2
-19.7,-41.0,REGIONAL,2
-41.6,-41.4,REGIONAL,2
-10.0,-40.2,EXTERNAL,2
-3.7,-52.4,EXTERNAL,2
-11.0,-69.0,REGIONAL,2
-4.9,-48.4,EXTERNAL,2
-14.3,-46.7,REGIONAL,2
-8.0,-37.7,REGIONAL,2
-17.3,-54.4,REGIONAL,2
-2.6,-56.2,REGIONAL,2
-8.5,-33.5,REGIONAL,2
-6.1,-35.7,REGIONAL,2
-2.0,-49.0,EXTERNAL,2
-9.7,-33.9,REGIONAL,2
-14.7,-51.5,REGIONAL,2
-4.5,-58.6,REGIONAL,2
-5.2,-57.5,REGIONAL,2
-4.0,-38.8,REGIONAL,2
-22.0,-53.7,REGIONAL,2
-7.5,-33.4,REGIONAL,2
-1.6,-51.5,REGIONAL,2
-17.2,-57.0,REGIONAL,2
-24.8,-48.0,REGIONAL,2
-28.3,-52.9,REGIONAL,2
-6.8,-39.0,EXTERNAL,2
-17.1,-48.7,REGIONAL,2
-20.7,-50.9,EXTERNAL,2
-14.3,-48.6,REGIONAL,2
-10.7,-50.6,REGIONAL,2
-14.9,-60.1,REGIONAL,2
-21.4,-43.6,REGIONAL,2
-8.1,-37.2,EXTERNAL,2
-25.1,-48.8,INTERNAL,2
-8.0,-47.6,REGIONAL,2
-6.2,-37.1,REGIONAL,2
-26.1,-51.7,EXTERNAL,2
-7.7,-47.6,REGIONAL,2
-10.5,-38.3,INTERNAL,2
-3.7,-53.5,REGIONAL,2
-24.0,-53.4,EXTERNAL,2
-2.8,-68.0,REGIONAL,2
-19.5,-46.6,EXTERNAL,2
-5.3,-43.9,REGIONAL,2
-9.1,-38.3,REGIONAL,2
-23.7,-48.7,EXTERNAL,2
-3.3,-51.7,REGIONAL,2
-26.7,-53.2,EXTERNAL,2
-20.6,-48.8,EXTERNAL,2
-24.1,-51.9,EXTERNAL,2
-25.0,-52.6,REGIONAL,2
-5.7,-44.2,REGIONAL,2
-24.5,-54.2,EXTERNAL,2
-6.3,-76.4,REGIONAL,2
-18.0,-39.5,REGIONAL,2
-30.0,-56.8,REGIONAL,2
-28.7,-52.2,REGIONAL,2
-7.8,-40.3,REGIONAL,2
-28.0,-54.3,EXTERNAL,2
-20.1,-47.3,INTERNAL,2
-21.0,-46.9,EXTERNAL,2
-6.6,-62.9,EXTERNAL,2
-18.9,-52.0,EXTERNAL,2
-14.8,-45.8,REGIONAL,2
-28.3,-49.3,EXTERNAL,2
-9.1,-35.2,EXTERNAL,2
-9.5,-41.0,REGIONAL,2
-13.8,-38.0,REGIONAL,2
-13.8,-38.3,REGIONAL,2
-16.8,-42.0,EXTERNAL,2
-14.9,-42.6,EXTERNAL,2
-17.9,-53.1,REGIONAL,2
-10.1,-55.2,EXTERNAL,2
-20.3,-40.5,EXTERNAL,2
-9.0,-46.0,EXTERNAL,2
-16.1,-54.8,REGIONAL,2
-24.3,-53.4,EXTERNAL,2
-6.5,-36.9,REGIONAL,2
-19.7,-49.5,REGIONAL,2
-8.7,-34.9,REGIONAL,2
3.1,-60.8,REGIONAL,2
-22.1,-44.3,REGIONAL,2
-17.5,-45.2,REGIONAL,2
2.7,-51.4,REGIONAL,2
-29.6,-55.2,REGIONAL,2
-29.0,-53.0,REGIONAL,2
-23.6,-51.3,REGIONAL,2
-20.4,-41.5,EXTERNAL,2
-24.4,-50.3,EXTERNAL,2
-27.1,-50.5,REGIONAL,2
-11.1,-43.2,REGIONAL,2
-22.6,-44.9,REGIONAL,2
-19.8,-56.1,REGIONAL,2
-20.2,-49.3,REGIONAL,2
-11.9,-44.9,REGIONAL,2
-20.9,-49.5,REGIONAL,2
-21.6,-42.3,REGIONAL,2
-15.1,-39.4,EXTERNAL,2
-8.8,-64.2,EXTERNAL,2
-26.8,-50.4,REGIONAL,2
-5.4,-41.0,REGIONAL,2
-11.0,-37.5,EXTERNAL,2
-22.8,-47.2,INTERNAL,2
-16.8,-42.6,REGIONAL,2
-15.0,-41.9,REGIONAL,2
-17.6,-39.3,REGIONAL,2
-13.8,-47.0,REGIONAL,2
-4.1,-41.8,REGIONAL,2
-7.8,-72.7,REGIONAL,2
-15.7,-55.6,REGIONAL,2
-2.7,-45.1,REGIONAL,2
-13.8,-40.6,REGIONAL,2
-5.9,-38.0,REGIONAL,2
-6.8,-38.6,REGIONAL,2
-23.1,-49.9,INTERNAL,2
-21.7,-50.3,EXTERNAL,2
-27.1,-49.8,REGIONAL,2
-24.3,-43.9,REGIONAL,2
-25.6,-51.3,REGIONAL,2
-20.2,-54.8,REGIONAL,2
-10.8,-49.0,EXTERNAL,2
-4.9,-44.4,REGIONAL,2
-7.5,-48.3,EXTERNAL,2
-8.9,-37.8,EXTERNAL,2
-10.6,-56.5,REGIONAL,2
-21.0,-47.8,INTERNAL,2
-21.2,-48.3,INTERNAL,2
-22.1,-49.1,INTERNAL,2
-4.7,-37.9,REGIONAL,2
-21.1,-51.0,REGIONAL,2
-13.8,-41.7,REGIONAL,2
-12.2,-43.6,EXTERNAL,2
-10.1,-39.1,REGIONAL,2
-9.2,-60.7,REGIONAL,2
-14.6,-47.3,REGIONAL,2
-23.0,-45.9,EXTERNAL,2
-11.3,-61.9,REGIONAL,2
-13.2,-45.9,REGIONAL,2
-29.0,-49.2,REGIONAL,2
-16.4,-41.5,EXTERNAL,2
-14.7,-42.6,EXTERNAL,2
1.0,-60.0,EXTERNAL,2
-6.7,-38.4,EXTERNAL,2
-8.6,-67.8,REGIONAL,2
-33.5,-53.3,REGIONAL,2
-16.3,-48.6,REGIONAL,2
-13.6,-39.8,REGIONAL,2
-17.9,-43.7,REGIONAL,2
-10.7,-37.9,EXTERNAL,2
-1.9,-54.1,REGIONAL,2
-11.6,-47.2,REGIONAL,2
-18.4,-42.8,REGIONAL,2
-19.8,-42.3,REGIONAL,2
-13.4,-39.9,REGIONAL,2
-16.1,-45.9,REGIONAL,2
-6.5,-42.2,REGIONAL,2
-21.9,-52.5,EXTERNAL,2
-27.9,-54.8,REGIONAL,2
-14.6,-52.3,REGIONAL,2
-22.7,-51.4,REGIONAL,2
-7.2,-37.7,REGIONAL,2
-23.1,-50.2,REGIONAL,2
1.7,-60.9,REGIONAL,2
-0.6,-48.5,REGIONAL,2
-17.7,-55.0,REGIONAL,2
-25.3,-45.1,REGIONAL,2
-6.5,-35.2,REGIONAL,2
-13.5,-40.1,REGIONAL,2
-20.9,-48.6,REGIONAL,2
-19.7,-50.7,REGIONAL,2
-15.8,-42.9,REGIONAL,2
-17.9,-43.2,REGIONAL,2
-19.1,-46.6,REGIONAL,2
-8.4,-37.2,EXTERNAL,2
-5.8,-35.7,EXTERNAL,2
-16.7,-41.0,EXTERNAL,2
-11.8,-61.0,REGIONAL,2
-8.7,-34.1,EXTERNAL,2
-31.5,-48.8,EXTERNAL,2
-10.2,-37.5,EXTERNAL,2
-23.4,-44.6,EXTERNAL,2
-2.0,-48.7,EXTERNAL,2
-11.2,-40.1,EXTERNAL,2
-25.2,-49.7,EXTERNAL,2
-10.1,-68.3,REGIONAL,2
-23.6,-49.9,REGIONAL,2
-3.0,-40.2,EXTERNAL,2
-16.7,-50.5,EXTERNAL,2
-7.8,-72.5,REGIONAL,2
-8.4,-36.8,EXTERNAL,2
-10.2,-40.2,REGIONAL,2
-16.6,-50.4,EXTERNAL,2
-24.8,-48.3,REGIONAL,2
-20.5,-55.8,INTERNAL,2
-13.7,-42.8,REGIONAL,2
-14.4,-39.3,REGIONAL,2
-29.9,-50.7,REGIONAL,2
-12.4,-43.2,EXTERNAL,2
-14.4,-56.5,EXTERNAL,2
-13.2,-46.7,REGIONAL,2
-14.5,-47.5,REGIONAL,2
-7.4,-48.0,REGIONAL,2
-8.3,-48.1,REGIONAL,2
-12.9,-47.7,REGIONAL,2
-15.5,-56.3,REGIONAL,2
-17.6,-50.6,REGIONAL,2
-26.6,-50.1,REGIONAL,2
-27.7,-53.3,REGIONAL,2
2.9,-51.5,REGIONAL,2
-3.1,-48.6,REGIONAL,2
-12.1,-46.1,REGIONAL,2
-20.7,-49.1,EXTERNAL,2
-14.9,-59.4,EXTERNAL,2
-22.2,-42.3,EXTERNAL,2
-28.0,-54.5,REGIONAL,2
-20.1,-48.8,EXTERNAL,2
-16.8,-44.4,REGIONAL,2
-32.6,-53.4,REGIONAL,2
-23.8,-52.1,EXTERNAL,2
-1.7,-56.7,REGIONAL,2
-20.9,-50.1,REGIONAL,2
-10.0,-56.2,REGIONAL,2
-24.5,-53.3,REGIONAL,2
-17.3,-54.1,REGIONAL,2
-21.1,-47.1,REGIONAL,2
-13.8,-44.4,EXTERNAL,2
-9.1,-46.0,REGIONAL,2
-17.9,-45.4,REGIONAL,2
-30.3,-55.0,REGIONAL,2
-20.9,-45.4,REGIONAL,2
-21.5,-44.2,REGIONAL,2
-10.0,-55.4,EXTERNAL,2
-4.9,-37.4,REGIONAL,2
-19.2,-46.4,REGIONAL,2
-22.8,-48.4,EXTERNAL,2
-20.7,-54.9,REGIONAL,2
-30.1,-50.1,EXTERNAL,2
-12.3,-55.4,EXTERNAL,2
-21.3,-56.4,EXTERNAL,2
-24.2,-44.4,EXTERNAL,2
-14.1,-56.1,EXTERNAL,2
-23.8,-49.6,EXTERNAL,2
-21.0,-48.9,REGIONAL,2
-3.4,-51.7,REGIONAL,2
-18.3,-43.5,EXTERNAL,2
-8.1,-41.2,REGIONAL,2
-10.2,-45.2,REGIONAL,2
-19.8,-40.0,EXTERNAL,2
-14.3,-46.3,EXTERNAL,2
-18.0,-39.6,EXTERNAL,2
-8.5,-35.9,EXTERNAL,2
-10.0,-67.0,EXTERNAL,2
-19.2,-56.6,REGIONAL,2
-19.5,-50.3,REGIONAL,2
-0.9,-67.6,REGIONAL,2
-27.4,-49.5,REGIONAL,2
-11.0,-45.0,EXTERNAL,2
-14.7,-42.7,REGIONAL,2
-9.3,-36.3,REGIONAL,2
-6.8,-35.8,EXTERNAL,2
-27.0,-51.4,EXTERNAL,2
-20.4,-45.9,EXTERNAL,2
-19.0,-47.1,REGIONAL,2
-9.2,-43.4,REGIONAL,2
-28.9,-49.8,EXTERNAL,2
-19.4,-55.7,REGIONAL,2
-5.5,-67.6,REGIONAL,2
-8.7,-35.0,REGIONAL,2
-25.8,-51.6,REGIONAL,2
-25.4,-51.9,REGIONAL,2
-10.9,-36.2,REGIONAL,2
-19.6,-56.2,EXTERNAL,2
-33.7,-51.5,INTERNAL,2
-2.4,-44.3,REGIONAL,2
-16.8,-39.2,EXTERNAL,2
-10.0,-38.4,EXTERNAL,2
-32.3,-52.3,EXTERNAL,2
-20.6,-47.7,REGIONAL,2
-16.0,-56.9,REGIONAL,2
-15.5,-58.3,REGIONAL,2
-3.0,-58.5,REGIONAL,2
-9.9,-41.5,REGIONAL,2
-22.4,-48.5,EXTERNAL,2
-12.6,-56.4,REGIONAL,2
-31.4,-54.0,REGIONAL,2
-4.3,-70.4,REGIONAL,2
-6.9,-39.1,REGIONAL,2
-2.1,-59.0,EXTERNAL,2
-21.0,-40.5,INTERNAL,2
-13.4,-38.6,REGIONAL,2
-10.0,-51.0,REGIONAL,2
-27.2,-50.1,EXTERNAL,2
-23.1,-43.8,REGIONAL,2
-20.4,-47.5,REGIONAL,2
-13.0,-49.1,REGIONAL,2
-15.5,-43.6,REGIONAL,2
-25.2,-53.6,REGIONAL,2
-12.7,-45.8,REGIONAL,2
-2.0,-47.6,REGIONAL,2
-21.5,-47.3,INTERNAL,2
-20.7,-45.9,EXTERNAL,2
-18.9,-43.6,EXTERNAL,2
-10.5,-40.9,REGIONAL,2
-7.5,-47.4,REGIONAL,2
-25.9,-48.4,REGIONAL,2
-5.9,-49.5,REGIONAL,2
-16.4,-38.3,INTERNAL,2
-21.0,-51.3,REGIONAL,2
-14.0,-39.0,INTERNAL,2
-15.5,-47.4,REGIONAL,2
-19.6,-40.2,EXTERNAL,2
-18.0,-42.4,EXTERNAL,2
-28.2,-53.8,EXTERNAL,2
-22.9,-51.7,EXTERNAL,2
-21.1,-43.9,EXTERNAL,2
-14.7,-57.4,EXTERNAL,2
-5.5,-38.5,REGIONAL,2
-3.4,-59.9,REGIONAL,2
-17.5,-52.5,REGIONAL,2
-10.4,-36.0,INTERNAL,2
-18.5,-44.1,REGIONAL,2
-15.2,-51.4,REGIONAL,2
-18.5,-52.7,REGIONAL,2
-23.7,-44.5,INTERNAL,2
-23.5,-48.8,REGIONAL,2
-12.1,-41.4,REGIONAL,2
-26.6,-47.6,INTERNAL,2
-22.7,-40.2,INTERNAL,2
-24.3,-44.8,INTERNAL,2
-27.4,-48.1,INTERNAL,2
-5.6,-36.6,REGIONAL,2
-18.4,-44.4,REGIONAL,2
-25.2,-45.2,INTERNAL,2
-6.7,-33.6,INTERNAL,2
-24.3,-52.5,EXTERNAL,2
-10.1,-62.0,REGIONAL,2
-25.3,-51.5,EXTERNAL,2
-9.6,-35.3,INTERNAL,2
-27.6,-51.8,EXTERNAL,2
-14.3,-39.1,EXTERNAL,2
-33.8,-53.2,EXTERNAL,2
-32.4,-52.5,REGIONAL,2
2.2,-52.9,REGIONAL,2
-6.7,-38.7,EXTERNAL,2
-22.6,-43.2,INTERNAL,2
-21.1,-50.6,INTERNAL,2
-11.6,-50.8,EXTERNAL,2
-21.7,-51.4,INTERNAL,2
-24.5,-48.5,REGIONAL,2
-21.9,-49.2,INTERNAL,2
-14.5,-56.2,REGIONAL,2
-23.5,-45.3,INTERNAL,2
-14.1,-51.0,REGIONAL,2
-2.9,-59.2,REGIONAL,2
-0.9,-46.2,REGIONAL,2
-32.4,-53.4,REGIONAL,2
-26.5,-53.5,EXTERNAL,2
-22.5,-55.3,EXTERNAL,2
-10.7,-46.8,REGIONAL,2
-20.2,-47.8,REGIONAL,2
-5.7,-49.7,REGIONAL,2
-15.9,-46.6,REGIONAL,2
-12.4,-38.5,REGIONAL,2
-3.8,-40.5,EXTERNAL,2
-18.2,-46.2,REGIONAL,2
-7.3,-49.0,REGIONAL,2
-20.7,-48.6,EXTERNAL,2
-19.8,-44.5,EXTERNAL,2
-23.8,-51.3,EXTERNAL,2
-22.1,-46.0,EXTERNAL,2
-25.8,-48.6,EXTERNAL,2
-21.9,-49.2,EXTERNAL,2
-14.7,-58.0,EXTERNAL,2
-19.5,-40.9,EXTERNAL,2
-10.6,-55.7,EXTERNAL,2
-6.1,-49.8,EXTERNAL,2
-20.0,-44.6,EXTERNAL,2
-20.2,-49.7,EXTERNAL,2
1.9,-50.5,EXTERNAL,2
-20.1,-40.8,EXTERNAL,2
-23.1,-51.9,EXTERNAL,2
-27.6,-53.9,EXTERNAL,2
-9.4,-37.9,EXTERNAL,2
-29.1,-53.2,EXTERNAL,2
-9.4,-37.0,REGIONAL,2
-10.6,-38.4,EXTERNAL,2
-6.8,-37.9,EXTERNAL,2
-20.8,-49.7,EXTERNAL,2
-1.7,-50.8,REGIONAL,2
-20.5,-49.0,EXTERNAL,2
-16.7,-49.3,INTERNAL,2
-23.7,-48.2,INTERNAL,2
-8.8,-36.5,REGIONAL,2
-8.9,-37.4,REGIONAL,2
-5.9,-36.7,REGIONAL,2
-19.3,-40.6,EXTERNAL,2
-16.4,-49.6,REGIONAL,2
-7.7,-36.3,REGIONAL,2
-22.3,-51.5,REGIONAL,2
-11.5,-40.3,REGIONAL,2
-10.6,-42.6,REGIONAL,2
-13.2,-42.2,REGIONAL,2
-17.9,-41.0,REGIONAL,2
-3.8,-59.4,REGIONAL,2
-15.0,-44.3,REGIONAL,2
-18.5,-41.3,REGIONAL,2
-7.2,-41.3,REGIONAL,2
-7.8,-72.8,REGIONAL,2
-18.8,-44.5,EXTERNAL,2
-2.4,-54.1,REGIONAL,2
-20.7,-51.1,INTERNAL,2
-14.7,-56.4,REGIONAL,2
-6.8,-42.4,REGIONAL,2
-8.4,-64.0,REGIONAL,2
-5.0,-48.0,REGIONAL,2
-7.4,-38.4,REGIONAL,2
-21.7,-46.3,INTERNAL,2
-14.0,-48.0,REGIONAL,2
-23.2,-47.5,INTERNAL,2
-8.9,-44.1,REGIONAL,2
2.3,-60.8,REGIONAL,2
-9.6,-39.8,INTERNAL,2
-10.4,-41.9,REGIONAL,2
-23.4,-40.6,INTERNAL,2
23.1,-82.5,INTERNAL,2
-4.6,-37.5,INTERNAL,2
-2.3,-60.0,REGIONAL,2
-2.8,-41.7,INTERNAL,2
-20.6,-51.6,INTERNAL,2
-22.2,-51.3,INTERNAL,2
-13.5,-47.6,REGIONAL,2
-20.2,-55.9,EXTERNAL,2
-14.6,-60.2,REGIONAL,2
-19.8,-41.0,REGIONAL,2
-11.3,-37.4,INTERNAL,2
0.6,-61.6,REGIONAL,2
-28.8,-54.0,REGIONAL,2
-22.2,-41.6,REGIONAL,2
-25.3,-46.1,INTERNAL,2
-23.3,-44.2,EXTERNAL,2
-7.2,-59.9,EXTERNAL,2
-21.2,-42.3,EXTERNAL,2
-26.9,-47.1,INTERNAL,2
-17.9,-39.4,INTERNAL,2
-25.2,-48.8,EXTERNAL,2
-6.4,-37.4,REGIONAL,2
-28.5,-51.0,EXTERNAL,2
-29.7,-52.1,EXTERNAL,2
-26.4,-52.0,EXTERNAL,2
-26.3,-51.2,EXTERNAL,2
-19.9,-42.8,REGIONAL,2
-21.6,-47.0,REGIONAL,2
-31.8,-54.2,REGIONAL,2
-2.5,-47.2,REGIONAL,2
-27.3,-53.4,REGIONAL,2
-6.6,-51.1,REGIONAL,2
-20.4,-54.4,REGIONAL,2
-29.2,-48.6,INTERNAL,2
-0.7,-52.0,REGIONAL,2
-6.3,-67.9,REGIONAL,2
-18.8,-50.9,REGIONAL,2
-25.6,-52.0,REGIONAL,2
-2.9,-58.4,REGIONAL,2
-3.6,-56.4,REGIONAL,2
-9.7,-56.0,EXTERNAL,2
-22.0,-48.8,EXTERNAL,2
-28.4,-54.7,EXTERNAL,2
-28.7,-49.8,EXTERNAL,2
-22.2,-47.0,EXTERNAL,2
-5.1,-36.4,REGIONAL,2
-19.0,-57.8,REGIONAL,2
-24.5,-47.5,REGIONAL,2
-25.2,-47.5,INTERNAL,2
-2.6,-65.0,REGIONAL,2
-19.0,-40.3,REGIONAL,2
-9.9,-52.2,REGIONAL,2
-34.0,-49.2,REGIONAL,2
-0.3,-26.3,REGIONAL,2
-19.2,-57.7,INTERNAL,2
-28.0,-51.1,EXTERNAL,2
-18.8,-44.8,REGIONAL,2
-13.0,-39.5,EXTERNAL,2
-26.8,-48.7,INTERNAL,2
-8.6,-42.7,INTERNAL,2
-22.1,-45.9,EXTERNAL,2
-27.9,-53.0,REGIONAL,2
-25.3,-44.0,REGIONAL,2
-23.8,-42.0,REGIONAL,2
-13.5,-57.8,EXTERNAL,2
-9.7,-63.2,REGIONAL,2
-19.2,-40.6,REGIONAL,2
-29.7,-53.0,EXTERNAL,2
-18.2,-42.6,REGIONAL,2
-8.1,-50.0,EXTERNAL,2
3.3,-61.7,REGIONAL,2
-11.5,-59.4,REGIONAL,2
-25.0,-50.8,EXTERNAL,2
-17.5,-41.9,EXTERNAL,2
-19.6,-45.3,EXTERNAL,2
-27.4,-54.1,EXTERNAL,2
-13.3,-46.1,REGIONAL,2
-13.5,-43.0,EXTERNAL,2
-8.6,-63.8,EXTERNAL,2
-9.0,-35.0,REGIONAL,2
-8.7,-69.6,REGIONAL,2
-22.7,-45.3,REGIONAL,2
-16.4,-51.8,EXTERNAL,2
-9.7,-55.8,REGIONAL,2
-2.5,-46.7,REGIONAL,2
-24.5,-53.8,REGIONAL,2
-24.4,-51.2,EXTERNAL,2
-27.6,-49.9,REGIONAL,2
-20.4,-48.7,REGIONAL,2
3.2,-49.3,REGIONAL,2
-4.3,-55.9,EXTERNAL,2
2.8,-51.4,REGIONAL,2
-1.5,-45.8,REGIONAL,2
-21.5,-57.6,REGIONAL,2
-1.6,-61.4,REGIONAL,2
-31.8,-54.4,EXTERNAL,2
-12.4,-39.3,EXTERNAL,2
-22.2,-45.2,REGIONAL,2
-3.2,-45.0,REGIONAL,2
-2.4,-54.4,REGIONAL,2
-1.8,-61.7,REGIONAL,2
-29.4,-53.2,EXTERNAL,2
-9.7,-36.0,REGIONAL,2
-28.9,-51.1,EXTERNAL,2
-18.9,-19.1,REGIONAL,2
-6.8,-35.2,REGIONAL,2
2.5,-60.5,REGIONAL,2
-12.0,-57.0,EXTERNAL,2
-18.0,-53.1,REGIONAL,2
-9.2,-62.1,REGIONAL,2
-12.9,-46.9,EXTERNAL,2
-20.0,-49.5,REGIONAL,2
-14.7,-40.2,EXTERNAL,2
-4.0,-37.0,EXTERNAL,2
-16.5,-56.2,REGIONAL,2
-21.0,-54.5,EXTERNAL,2
-18.5,-50.1,EXTERNAL,2
-15.0,-58.0,REGIONAL,2
-4.5,-61.2,EXTERNAL,2
-20.4,-51.0,REGIONAL,2
-3.4,-41.2,REGIONAL,2
-27.4,-50.3,REGIONAL,2
-18.6,-54.5,EXTERNAL,2
-4.8,-43.5,EXTERNAL,2
-1.8,-55.5,REGIONAL,2
2.0,-29.9,REGIONAL,2
-23.1,-52.9,REGIONAL,2
-20.6,-44.9,REGIONAL,2
-21.4,-42.9,REGIONAL,2
-11.0,-35.8,REGIONAL,2
-11.2,-61.9,EXTERNAL,2
-18.8,-42.3,REGIONAL,2
-23.7,-49.5,REGIONAL,2
-31.2,-54.1,REGIONAL,2
-3.4,-41.9,EXTERNAL,2
-20.5,-50.9,REGIONAL,2
-13.0,-39.0,REGIONAL,2
-8.6,-34.9,REGIONAL,2
-9.7,-56.3,EXTERNAL,2
-27.7,-52.6,REGIONAL,2
-17.2,-42.6,REGIONAL,2
-23.1,-54.2,REGIONAL,2
-2.8,-59.8,REGIONAL,2
-8.7,-49.6,REGIONAL,2
-15.5,-58.2,REGIONAL,2
-7.8,-37.7,REGIONAL,2
-20.8,-47.1,REGIONAL,2
-18.9,-42.1,REGIONAL,2
-6.6,-39.1,EXTERNAL,2
-3.3,-39.3,EXTERNAL,2
-30.3,-53.9,REGIONAL,2
-28.1,-54.5,REGIONAL,2
-21.8,-41.2,EXTERNAL,2
-25.6,-50.2,REGIONAL,2
-23.4,-50.2,REGIONAL,2
-5.5,-47.9,REGIONAL,2
-30.5,-53.4,REGIONAL,2
-19.7,-44.3,EXTERNAL,2
-28.2,-50.2,REGIONAL,2
-21.9,-43.2,EXTERNAL,2
-7.0,-37.6,EXTERNAL,2
-18.1,-47.7,REGIONAL,2
-21.5,-50.6,EXTERNAL,2
-21.3,-43.7,EXTERNAL,2
-26.3,-49.2,EXTERNAL,2
-23.6,-45.2,EXTERNAL,2
-6.6,-36.9,EXTERNAL,2
-18.1,-38.7,EXTERNAL,2
-17.8,-44.2,EXTERNAL,2
-3.3,-58.7,REGIONAL,2
-27.6,-52.4,REGIONAL,2
-15.2,-47.6,EXTERNAL,2
-4.8,-37.3,EXTERNAL,2
-23.0,-50.0,REGIONAL,2
-2.9,-44.4,REGIONAL,2
-24.2,-45.7,REGIONAL,2
-6.3,-35.3,EXTERNAL,2
-22.9,-50.4,EXTERNAL,2
-31.0,-52.1,REGIONAL,2
-26.4,-49.9,EXTERNAL,2
-27.2,-52.7,REGIONAL,2
-4.2,-46.2,REGIONAL,2
-20.2,-40.0,REGIONAL,2
-24.5,-42.5,REGIONAL,2
-8.3,-34.9,EXTERNAL,2
-23.3,-49.1,EXTERNAL,2
-15.2,-50.0,EXTERNAL,2
-18.7,-47.6,EXTERNAL,2
-9.8,-36.7,EXTERNAL,2
-7.3,-48.2,REGIONAL,2
-20.8,-45.1,REGIONAL,2
-11.6,-55.5,REGIONAL,2
-21.5,-50.7,REGIONAL,2
-16.6,-55.2,REGIONAL,2
-0.8,-52.5,REGIONAL,2
-22.4,-49.8,REGIONAL,2
-21.3,-43.1,EXTERNAL,2
-24.6,-48.2,REGIONAL,2
-12.5,-41.0,REGIONAL,2
-12.5,-42.0,REGIONAL,2
0.7,-50.1,REGIONAL,2
0.5,-47.5,REGIONAL,2
-19.8,-41.7,EXTERNAL,2
-23.4,-53.4,REGIONAL,2
-16.8,-49.5,EXTERNAL,2
-24.9,-48.3,REGIONAL,2
-14.8,-39.6,REGIONAL,2
-25.7,-50.2,REGIONAL,2
-19.4,-46.6,REGIONAL,2
-8.8,-36.0,EXTERNAL,2
-16.0,-40.8,EXTERNAL,2
-14.0,-46.5,REGIONAL,2
-17.8,-47.6,REGIONAL,2
-18.5,-49.4,EXTERNAL,2
-15.4,-48.5,REGIONAL,2
-24.0,-50.5,EXTERNAL,2
-16.5,-46.5,EXTERNAL,2
-23.5,-45.3,EXTERNAL,2
-18.5,-50.0,EXTERNAL,2
-16.1,-48.7,REGIONAL,2
-26.6,-52.6,EXTERNAL,2
-9.6,-37.7,REGIONAL,2
-14.7,-55.5,REGIONAL,2
-27.5,-54.0,EXTERNAL,2
-16.4,-54.0,REGIONAL,2
-10.5,-45.2,EXTERNAL,2
-21.7,-54.2,REGIONAL,2
-28.7,-48.8,REGIONAL,2
-24.2,-53.9,EXTERNAL,2
-28.3,-53.9,EXTERNAL,2
-7.1,-41.4,EXTERNAL,2
-28.1,-54.9,REGIONAL,2
-17.9,-45.7,REGIONAL,2
-18.4,-54.8,REGIONAL,2
-15.8,-54.4,EXTERNAL,2
-6.7,-35.7,REGIONAL,2
-22.8,-47.8,REGIONAL,2
-20.3,-44.5,REGIONAL,2
-8.2,-35.3,REGIONAL,2
-18.2,-49.7,EXTERNAL,2
-18.7,-42.1,REGIONAL,2
-14.5,-52.5,REGIONAL,2
-20.8,-50.5,REGIONAL,2
-11.0,-39.0,REGIONAL,2
-16.4,-47.4,REGIONAL,2
-19.2,-57.5,EXTERNAL,2
-12.7,-43.2,EXTERNAL,2
-7.6,-34.5,REGIONAL,2
-9.7,-63.1,EXTERNAL,2
-24.0,-49.5,REGIONAL,2
-15.0,-39.8,REGIONAL,2
-19.2,-55.8,REGIONAL,2
-7.1,-38.4,REGIONAL,2
-27.4,-50.6,REGIONAL,2
4.0,-64.5,REGIONAL,2
-16.8,-55.4,REGIONAL,2
-28.1,-53.1,EXTERNAL,2
-21.7,-51.0,INTERNAL,2
-21.0,-44.8,EXTERNAL,2
-26.5,-44.5,REGIONAL,2
-0.7,-47.8,REGIONAL,2
-23.3,-53.1,EXTERNAL,2
-17.4,-52.9,EXTERNAL,2
-25.0,-54.2,EXTERNAL,2
-24.5,-53.5,REGIONAL,2
-1.7,-46.1,REGIONAL,2
-19.4,-40.6,EXTERNAL,2
-15.9,-50.2,EXTERNAL,2
-13.1,-38.4,INTERNAL,2
-8.6,-35.4,REGIONAL,2
-12.4,-60.3,REGIONAL,2
-23.7,-48.2,EXTERNAL,2
-24.0,-51.8,EXTERNAL,2
-17.9,-48.8,REGIONAL,2
-20.1,-41.3,EXTERNAL,2
-27.1,-52.3,EXTERNAL,2
-12.2,-38.8,REGIONAL,2
-11.6,-57.2,EXTERNAL,2
-14.0,-42.2,REGIONAL,2
-4.9,-54.9,REGIONAL,2
-22.2,-48.5,EXTERNAL,2
-22.0,-45.9,EXTERNAL,2
-21.8,-43.7,EXTERNAL,2
-16.4,-43.3,REGIONAL,2
-20.5,-44.6,EXTERNAL,2
-1.5,-51.6,EXTERNAL,2
-17.9,-52.9,REGIONAL,2
-20.2,-45.0,REGIONAL,2
-0.9,-48.7,REGIONAL,2
-26.3,-51.1,REGIONAL,2
-16.8,-44.0,REGIONAL,2
-16.1,-47.8,EXTERNAL,2
-16.8,-46.3,REGIONAL,2
-17.8,-53.1,REGIONAL,2
-29.5,-51.2,REGIONAL,2
-2.7,-65.3,REGIONAL,2
-27.7,-53.2,EXTERNAL,2
1.0,-51.6,REGIONAL,2
-5.1,-47.8,REGIONAL,2
-11.8,-61.6,REGIONAL,2
-23.7,-53.3,REGIONAL,2
-27.4,-54.0,REGIONAL,2
-10.2,-68.2,REGIONAL,2
-20.9,-49.9,EXTERNAL,2
-27.2,-52.9,EXTERNAL,2
-19.2,-47.2,REGIONAL,2
-9.1,-69.7,REGIONAL,2
-16.9,-48.9,EXTERNAL,2
-21.4,-45.5,EXTERNAL,2
-29.0,-51.6,EXTERNAL,2
-5.5,-43.4,REGIONAL,2
-16.3,-59.5,REGIONAL,2
-28.9,-51.6,EXTERNAL,2
-26.9,-50.9,REGIONAL,2
-11.5,-50.1,REGIONAL,2
-24.5,-44.5,REGIONAL,2
-21.3,-47.0,EXTERNAL,2
-23.1,-42.1,REGIONAL,2
-21.0,-57.3,REGIONAL,2
-9.6,-42.9,REGIONAL,2
-13.3,-50.6,REGIONAL,2
-21.6,-57.9,REGIONAL,2
-11.3,-42.6,REGIONAL,2
-32.3,-53.2,REGIONAL,2
-5.9,-42.6,REGIONAL,2
-9.3,-63.1,REGIONAL,2
-8.3,-35.4,REGIONAL,2
-12.1,-63.6,EXTERNAL,2
-11.6,-37.9,EXTERNAL,2
-26.5,-45.5,REGIONAL,2
-3.5,-45.6,EXTERNAL,2
-24.1,-47.7,EXTERNAL,2
-26.5,-51.9,REGIONAL,2
-5.4,-45.3,REGIONAL,2
-1.1,-50.9,REGIONAL,2
-10.2,-40.1,REGIONAL,2
-13.1,-40.7,REGIONAL,2
-5.5,-37.4,REGIONAL,2
-6.5,-49.8,EXTERNAL,2
-19.8,-56.6,REGIONAL,2
-15.7,-49.6,REGIONAL,2
-21.1,-41.3,REGIONAL,2
-17.7,-40.8,EXTERNAL,2
-22.4,-45.6,EXTERNAL,2
-12.0,-44.0,REGIONAL,2
-50.0,180.0,INTERNAL,2
-16.7,-57.7,REGIONAL,2
-0.7,-47.7,REGIONAL,2
-11.3,-38.2,EXTERNAL,2
-8.1,-36.3,REGIONAL,2
-16.8,-48.9,EXTERNAL,2
-2.7,-44.4,EXTERNAL,2
-10.0,-37.9,REGIONAL,2
-16.1,-40.0,REGIONAL,2
-9.5,-56.6,REGIONAL,2
-28.8,-51.1,REGIONAL,2
-14.0,-52.5,REGIONAL,2
-24.7,-52.6,REGIONAL,2
-20.9,-44.3,EXTERNAL,2
-18.6,-41.2,EXTERNAL,2
-14.7,-42.6,INTERNAL,2
-9.2,-34.9,EXTERNAL,2
-5.7,-42.6,REGIONAL,2
-21.1,-42.5,EXTERNAL,2
-20.3,-42.3,EXTERNAL,2
-21.2,-44.0,EXTERNAL,2
-27.9,-50.7,EXTERNAL,2
-11.3,-55.4,REGIONAL,2
-27.8,-51.0,EXTERNAL,2
-16.8,-50.8,REGIONAL,2
-13.9,-56.5,REGIONAL,2
-7.4,-35.9,EXTERNAL,2
-28.9,-52.2,EXTERNAL,2
-26.4,-51.8,EXTERNAL,2
-13.1,-39.6,EXTERNAL,2
-9.7,-68.2,REGIONAL,2
-28.6,-48.6,REGIONAL,2
-21.0,-50.5,REGIONAL,2
-19.0,-48.2,INTERNAL,2
-11.1,-54.6,REGIONAL,2
-15.7,-43.1,EXTERNAL,2
-21.5,-49.4,EXTERNAL,2
-17.2,-44.4,EXTERNAL,2
3.0,-52.4,REGIONAL,2
-13.4,-41.1,REGIONAL,2
-8.2,-72.9,REGIONAL,2
-21.1,-51.1,INTERNAL,2
-18.3,-39.9,REGIONAL,2
-9.2,-61.8,REGIONAL,2
-3.8,-40.7,EXTERNAL,2
-22.4,-44.6,INTERNAL,2
-22.1,-48.3,INTERNAL,2
-7.8,-43.1,REGIONAL,2
-18.5,-53.1,EXTERNAL,2
-28.8,-51.3,REGIONAL,2
-25.8,-49.3,EXTERNAL,2
-26.4,-52.3,EXTERNAL,2
-10.9,-40.4,EXTERNAL,2
-5.5,-45.2,EXTERNAL,2
-21.0,-42.3,INTERNAL,2
-19.7,-40.9,EXTERNAL,2
-0.5,-42.5,REGIONAL,2
-5.5,-39.5,REGIONAL,2
-6.5,-49.5,REGIONAL,2
-12.7,-39.0,REGIONAL,2
1.3,-29.7,REGIONAL,2
-7.5,-35.5,REGIONAL,2
-14.9,-59.1,REGIONAL,2
-21.9,-44.5,EXTERNAL,2
-9.7,-65.1,REGIONAL,2
-17.8,-41.5,EXTERNAL,2
-16.4,-51.9,REGIONAL,2
-22.0,-43.9,EXTERNAL,2
-19.8,-50.4,INTERNAL,2
2.7,-61.2,EXTERNAL,2
-19.6,-55.4,REGIONAL,2
-8.1,-70.2,REGIONAL,2
-16.6,-51.1,EXTERNAL,2
-16.7,-47.8,REGIONAL,2
-17.1,-36.8,INTERNAL,2
-6.1,-62.6,REGIONAL,2
-14.6,-57.5,REGIONAL,2
-13.9,-47.2,REGIONAL,2
-20.8,-45.9,EXTERNAL,2
-6.6,-44.1,EXTERNAL,2
-27.1,-51.5,EXTERNAL,2
-14.5,-39.4,REGIONAL,2
-19.7,-39.7,INTERNAL,2
-31.0,-51.2,INTERNAL,2
-11.8,-38.3,EXTERNAL,2
-17.2,-49.2,EXTERNAL,2
-2.5,-48.9,REGIONAL,2
-22.5,-46.9,EXTERNAL,2
-18.1,-47.8,REGIONAL,2
-20.5,-45.1,EXTERNAL,2
-29.1,-48.0,INTERNAL,2
-13.6,-55.9,EXTERNAL,2
-9.5,-35.1,INTERNAL,2
-4.6,-59.3,REGIONAL,2
-25.8,-45.3,INTERNAL,2
-26.3,-52.6,EXTERNAL,2
-11.4,-41.5,REGIONAL,2
-9.1,-40.2,REGIONAL,2
-20.3,-38.7,INTERNAL,2
-5.7,-38.2,REGIONAL,2
-22.2,-44.4,EXTERNAL,2
-15.5,-48.2,EXTERNAL,2
-25.3,-50.5,EXTERNAL,2
-9.8,-50.4,REGIONAL,2
-18.0,-38.1,REGIONAL,2
-6.4,-42.3,REGIONAL,2
-1.8,-50.4,REGIONAL,2
-5.9,-35.0,REGIONAL,2
-26.0,-47.8,INTERNAL,2
-29.8,-49.1,INTERNAL,2
-8.0,-72.8,REGIONAL,2
-20.9,-44.9,REGIONAL,2
-31.1,-51.2,REGIONAL,2
-7.8,-40.9,REGIONAL,2
-15.9,-38.5,INTERNAL,2
-9.5,-36.5,EXTERNAL,2
-18.0,-46.1,REGIONAL,2
-29.6,-48.0,EXTERNAL,2
-21.4,-54.4,REGIONAL,2
-9.7,-43.9,REGIONAL,2
-24.4,-44.2,INTERNAL,2
-18.5,-41.0,INTERNAL,2
-18.6,-40.6,REGIONAL,2
-16.7,-43.9,INTERNAL,2
-4.6,-37.6,REGIONAL,2
-5.9,-35.6,REGIONAL,2
-16.9,-57.6,REGIONAL,2
-6.6,-36.4,EXTERNAL,2
-23.8,-44.7,INTERNAL,2
-13.0,-46.3,REGIONAL,2
-14.2,-41.6,REGIONAL,2
1.1,-52.6,EXTERNAL,2
-15.9,-39.4,REGIONAL,2
-24.1,-50.9,REGIONAL,2
-12.0,-40.2,REGIONAL,2
-27.4,-51.9,REGIONAL,2
-15.9,-39.2,REGIONAL,2
-18.7,-46.7,REGIONAL,2
-12.9,-38.6,INTERNAL,2
-10.3,-67.3,REGIONAL,2
-20.2,-50.5,REGIONAL,2
-4.1,-45.5,REGIONAL,2
-16.1,-55.0,REGIONAL,2
-12.4,-41.3,EXTERNAL,2
-28.7,-49.1,EXTERNAL,2
-17.2,-47.1,REGIONAL,2
-21.1,-46.6,REGIONAL,2
-10.6,-61.8,REGIONAL,2
-0.5,-52.2,REGIONAL,2
-11.5,-55.5,REGIONAL,2
-6.7,-35.8,REGIONAL,2
-21.1,-45.8,REGIONAL,2
-23.4,-50.8,REGIONAL,2
-15.3,-51.2,REGIONAL,2
-6.6,-35.6,REGIONAL,2
-8.7,-55.0,REGIONAL,2
-19.3,-41.4,EXTERNAL,2
-16.0,-49.4,REGIONAL,2
-1.6,-54.2,INTERNAL,2
-29.5,-50.4,REGIONAL,2
-17.5,-43.7,REGIONAL,2
-9.4,-64.3,REGIONAL,2
-25.5,-51.9,REGIONAL,2
-21.2,-50.2,REGIONAL,2
-18.7,-40.8,REGIONAL,2
-31.7,-54.2,REGIONAL,2
-8.8,-44.2,EXTERNAL,2
-15.5,-46.1,REGIONAL,2
-10.4,-63.1,REGIONAL,2
-11.2,-47.2,REGIONAL,2
-5.3,-35.6,REGIONAL,2
-19.7,-47.0,REGIONAL,2
-9.2,-35.2,REGIONAL,2
-4.9,-43.2,EXTERNAL,2
-19.0,-56.8,INTERNAL,2
-8.3,-72.0,REGIONAL,2
-16.6,-50.3,REGIONAL,2
-22.6,-49.6,REGIONAL,2
-24.3,-42.8,REGIONAL,2
-7.9,-43.6,EXTERNAL,2
-5.2,-37.7,EXTERNAL,2
-9.8,-48.4,REGIONAL,2
-24.0,-52.0,REGIONAL,2
-8.4,-38.1,REGIONAL,2
-23.7,-50.7,REGIONAL,2
-9.6,-38.4,REGIONAL,2
-14.2,-46.4,EXTERNAL,2
-7.3,-46.6,REGIONAL,2
-21.6,-43.6,REGIONAL,2
-10.2,-46.7,EXTERNAL,2
-16.1,-39.2,REGIONAL,2
-4.0,-69.9,REGIONAL,2
-21.9,-54.5,REGIONAL,2
-19.8,-45.9,REGIONAL,2
-6.2,-35.8,EXTERNAL,2
-23.4,-49.3,EXTERNAL,2
-13.1,-41.6,REGIONAL,2
-15.9,-57.2,EXTERNAL,2
-14.2,-56.6,REGIONAL,2
-12.9,-49.8,REGIONAL,2
-7.9,-63.4,EXTERNAL,2
-13.4,-42.3,REGIONAL,2
-10.0,-65.3,REGIONAL,2
-2.9,-40.7,EXTERNAL,2
-11.8,-49.5,EXTERNAL,2
-18.8,-46.4,EXTERNAL,2
-27.2,-52.8,EXTERNAL,2
-5.0,-37.7,REGIONAL,2
-23.0,-48.5,EXTERNAL,2
-19.9,-49.4,EXTERNAL,2
-17.4,-44.4,REGIONAL,2
-9.3,-58.6,REGIONAL,2
-4.1,-38.1,EXTERNAL,2
-14.8,-43.9,EXTERNAL,2
-26.5,-43.5,REGIONAL,2
-13.8,-46.3,REGIONAL,2
-10.2,-67.7,EXTERNAL,2
-7.2,-39.7,EXTERNAL,2
-11.5,-57.4,EXTERNAL,2
-14.7,-39.3,REGIONAL,2
-28.8,-49.0,REGIONAL,2
-10.8,-48.1,REGIONAL,2
-7.5,-38.6,REGIONAL,2
-23.5,-45.0,EXTERNAL,2
-16.6,-40.5,REGIONAL,2
-1.9,-54.8,REGIONAL,2
-20.4,-47.8,REGIONAL,2
-1.5,-52.2,REGIONAL,2
-5.6,-59.6,REGIONAL,2
-18.8,-41.6,REGIONAL,2
-13.0,-38.0,EXTERNAL,2
-7.0,-37.2,EXTERNAL,2
-15.2,-41.2,REGIONAL,2
-4.5,-57.5,EXTERNAL,2
-11.5,-58.4,REGIONAL,2
-12.2,-47.3,EXTERNAL,2
-22.3,-55.3,REGIONAL,2
-32.7,-52.4,REGIONAL,2
-20.6,-46.1,EXTERNAL,2
-25.7,-53.0,REGIONAL,2
-10.6,-63.7,REGIONAL,2
-25.3,-50.1,REGIONAL,2
-7.6,-73.1,REGIONAL,2
-3.3,-59.8,REGIONAL,2
-0.8,-67.2,REGIONAL,2
-27.7,-54.2,REGIONAL,2
-22.1,-46.4,REGIONAL,2
-2.7,-44.4,REGIONAL,2
-22.6,-52.4,INTERNAL,2
-17.1,-54.4,REGIONAL,2
-3.5,-59.7,REGIONAL,2
-11.0,-48.5,REGIONAL,2
-26.3,-52.6,REGIONAL,2
-23.0,-49.8,INTERNAL,2
-20.6,-48.4,REGIONAL,2
-9.2,-48.8,REGIONAL,2
-10.0,-68.0,REGIONAL,2
-6.3,-48.5,REGIONAL,2
-6.7,-49.3,REGIONAL,2
-20.5,-43.3,REGIONAL,2
-10.0,-58.1,REGIONAL,2
-23.9,-53.9,EXTERNAL,2
-20.1,-45.3,EXTERNAL,2
-28.3,-53.6,REGIONAL,2
-5.9,-42.4,REGIONAL,2
-20.5,-45.5,EXTERNAL,2
-17.8,-38.8,REGIONAL,2
-19.6,-44.9,REGIONAL,2
-20.3,-47.7,REGIONAL,2
-10.4,-49.1,REGIONAL,2
-9.1,-57.1,REGIONAL,2
-4.0,-40.9,EXTERNAL,2
-10.8,-37.5,REGIONAL,2
-17.3,-43.9,EXTERNAL,2
-28.6,-51.0,EXTERNAL,2
-21.9,-57.8,REGIONAL,2
-11.4,-51.0,REGIONAL,2
-17.6,-42.2,REGIONAL,2
-14.5,-49.8,REGIONAL,2
-30.3,-54.2,REGIONAL,2
-27.2,-50.2,REGIONAL,2
-14.1,-54.2,REGIONAL,2
-20.2,-41.9,EXTERNAL,2
-12.5,-36.5,REGIONAL,2
-13.3,-48.2,REGIONAL,2
-18.1,-56.3,REGIONAL,2
-19.4,-45.8,REGIONAL,2
-12.2,-44.3,REGIONAL,2
-9.6,-65.4,REGIONAL,2
-4.2,-39.8,REGIONAL,2
-31.8,-48.1,EXTERNAL,2
-26.7,-46.4,EXTERNAL,2
-20.4,-45.3,REGIONAL,2
-14.7,-51.2,REGIONAL,2
-6.7,-56.2,REGIONAL,2
-11.6,-39.0,REGIONAL,2
-10.2,-64.1,REGIONAL,2
-16.5,-54.3,EXTERNAL,2
-20.1,-40.5,EXTERNAL,2
-1.6,-56.0,REGIONAL,2
-16.8,-47.8,REGIONAL,2
-10.7,-69.5,REGIONAL,2
-22.4,-53.1,EXTERNAL,2
-3.7,-45.4,REGIONAL,2
-11.4,-56.4,REGIONAL,2
-9.5,-54.0,REGIONAL,2
-22.5,-54.5,EXTERNAL,2
1.7,-31.9,REGIONAL,2
-16.0,-59.6,REGIONAL,2
-11.9,-46.5,REGIONAL,2
1.7,-32.2,REGIONAL,2
2.1,-32.2,REGIONAL,2
-20.2,-45.3,EXTERNAL,2
-14.3,-42.8,REGIONAL,2
2.3,-31.3,REGIONAL,2
-20.9,-51.6,REGIONAL,2
-8.9,-72.5,REGIONAL,2
-21.5,-44.7,EXTERNAL,2
-4.5,-66.6,REGIONAL,2
-26.9,-51.9,REGIONAL,2
-9.1,-63.8,REGIONAL,2
-17.4,-43.9,REGIONAL,2
-9.5,-68.4,INTERNAL,2
-18.9,-54.9,EXTERNAL,2
-29.1,-56.5,INTERNAL,2
-3.5,-35.5,REGIONAL,2
-18.5,-39.5,REGIONAL,2
-27.3,-51.2,REGIONAL,2
-0.5,-29.5,REGIONAL,2
-0.5,-43.5,REGIONAL,2
-13.4,-39.4,REGIONAL,2
-19.5,-39.5,REGIONAL,2
-16.5,-52.9,EXTERNAL,2
-25.3,-51.0,REGIONAL,2
-8.8,-36.7,EXTERNAL,2
-7.1,-35.2,INTERNAL,2
-17.8,-57.2,REGIONAL,2
-8.5,-36.5,EXTERNAL,2
-21.1,-56.8,REGIONAL,2
-3.8,-50.8,REGIONAL,2
-7.4,-39.6,REGIONAL,2
-26.4,-49.4,EXTERNAL,2
-19.7,-41.1,REGIONAL,2
-2.6,-65.4,REGIONAL,2
-4.9,-37.6,REGIONAL,2
-15.8,-50.2,EXTERNAL,2
-4.9,-37.3,REGIONAL,2
-23.2,-51.1,EXTERNAL,2
-19.2,-53.1,REGIONAL,2
-16.2,-50.3,EXTERNAL,2
-20.7,-55.0,EXTERNAL,2
-15.8,-53.8,REGIONAL,2
-7.0,-36.7,EXTERNAL,2
-13.9,-56.1,REGIONAL,2
-18.9,-41.2,REGIONAL,2
-9.1,-38.1,EXTERNAL,2
-11.0,-44.5,EXTERNAL,2
-13.3,-51.7,REGIONAL,2
-21.3,-55.1,REGIONAL,2
-5.6,-35.3,REGIONAL,2
-10.1,-67.9,INTERNAL,2
-10.1,-68.1,INTERNAL,2
-6.8,-50.5,REGIONAL,2
-14.6,-38.9,REGIONAL,2
-21.9,-56.3,REGIONAL,2
-20.6,-55.7,REGIONAL,2
-24.8,-46.6,REGIONAL,2
-13.0,-38.1,REGIONAL,2
-4.7,-66.7,REGIONAL,2
-10.9,-42.5,EXTERNAL,2
-22.5,-44.2,INTERNAL,2
-21.1,-46.5,EXTERNAL,2
-8.2,-41.7,REGIONAL,2
-4.4,-52.7,REGIONAL,2
-21.7,-45.9,EXTERNAL,2
-25.2,-52.7,REGIONAL,2
-16.3,-48.1,REGIONAL,2
-20.5,-40.9,EXTERNAL,2
-18.5,-43.4,EXTERNAL,2
-11.2,-37.5,REGIONAL,2
-20.6,-43.0,EXTERNAL,2
2.0,-50.5,REGIONAL,2
-12.2,-47.2,REGIONAL,2
-28.0,-52.3,REGIONAL,2
-6.6,-66.5,REGIONAL,2
-17.0,-47.3,REGIONAL,2
-21.5,-47.8,REGIONAL,2
-0.9,-47.6,REGIONAL,2
-28.3,-50.8,EXTERNAL,2
-24.8,-48.6,REGIONAL,2
-5.6,-37.9,EXTERNAL,2
-9.7,-50.3,EXTERNAL,2
-3.6,-61.4,EXTERNAL,2
-10.5,-40.5,REGIONAL,2
-27.9,-54.7,REGIONAL,2
-10.7,-48.9,REGIONAL,2
-25.3,-52.5,REGIONAL,2
-21.9,-50.7,REGIONAL,2
-12.4,-55.0,REGIONAL,2
-3.7,-50.8,REGIONAL,2
-19.3,-44.1,REGIONAL,2
-17.8,-46.2,REGIONAL,2
-21.5,-47.4,REGIONAL,2
-19.2,-47.5,REGIONAL,2
-17.2,-51.8,EXTERNAL,2
-17.8,-50.3,REGIONAL,2
-22.1,-50.2,REGIONAL,2
-20.7,-46.0,REGIONAL,2
-24.9,-48.8,REGIONAL,2
-30.1,-51.9,REGIONAL,2
-7.4,-49.3,REGIONAL,2
-3.9,-39.4,EXTERNAL,2
-15.6,-38.6,REGIONAL,2
-13.3,-62.1,REGIONAL,2
-26.9,-46.4,EXTERNAL,2
-30.2,-55.1,REGIONAL,2
-6.1,-38.1,REGIONAL,2
-21.9,-40.9,INTERNAL,2
-0.5,-51.5,REGIONAL,2
-10.7,-65.2,REGIONAL,2
-18.7,-54.8,EXTERNAL,2
-22.4,-55.2,REGIONAL,2
-12.1,-54.0,REGIONAL,2
-7.9,-38.1,EXTERNAL,2
-15.4,-57.3,REGIONAL,2
-25.8,-48.2,INTERNAL,2
-7.4,-35.4,REGIONAL,2
-6.4,-36.7,EXTERNAL,2
-15.4,-44.2,REGIONAL,2
-5.9,-41.4,EXTERNAL,2
-2.0,-59.0,EXTERNAL,2
-7.4,-40.3,EXTERNAL,2
-9.4,-40.3,REGIONAL,2
-15.9,-56.3,REGIONAL,2
-21.7,-47.0,REGIONAL,2
-12.5,-39.5,EXTERNAL,2
-5.0,-55.0,EXTERNAL,2
-17.5,-41.3,REGIONAL,2
-34.3,-49.6,REGIONAL,2
-21.2,-48.7,EXTERNAL,2
-0.5,-61.9,REGIONAL,2
-5.9,-44.2,REGIONAL,2
-4.2,-55.4,REGIONAL,2
-2.4,-54.5,REGIONAL,2
-28.7,-52.8,REGIONAL,2
-24.5,-53.0,REGIONAL,2
-9.6,-64.8,REGIONAL,2
-23.8,-50.4,EXTERNAL,2
-15.6,-48.4,REGIONAL,2
-27.7,-53.8,EXTERNAL,2
-19.0,-42.3,REGIONAL,2
-19.6,-40.1,REGIONAL,2
-22.1,-39.3,INTERNAL,2
-21.6,-39.6,INTERNAL,2
-6.8,-49.2,REGIONAL,2
-1.8,-65.7,EXTERNAL,2
-24.7,-54.2,EXTERNAL,2
-30.2,-53.5,EXTERNAL,2
-8.4,-39.2,REGIONAL,2
-20.6,-38.5,INTERNAL,2
-22.3,-45.1,EXTERNAL,2
-23.8,-44.9,INTERNAL,2
-6.7,-35.5,EXTERNAL,2
-19.7,-45.2,EXTERNAL,2
-14.6,-43.5,REGIONAL,2
-28.3,-50.9,REGIONAL,2
-23.5,-52.3,REGIONAL,2
-11.8,-55.6,EXTERNAL,2
-11.7,-46.3,REGIONAL,2
-10.2,-36.0,INTERNAL,2
-14.9,-52.1,REGIONAL,2
-17.2,-43.1,REGIONAL,2
-5.0,-36.5,INTERNAL,2
-6.8,-55.5,REGIONAL,2
-17.2,-56.1,REGIONAL,2
-0.9,-44.3,REGIONAL,2
-20.5,-39.7,REGIONAL,2
-24.4,-43.9,REGIONAL,2
-9.4,-40.6,EXTERNAL,2
-9.9,-67.9,INTERNAL,2
-22.1,-38.0,EXTERNAL,2
-20.5,-54.5,INTERNAL,2
-6.5,-38.1,EXTERNAL,2
-22.7,-44.6,EXTERNAL,2
-9.9,-56.4,REGIONAL,2
-20.4,-44.4,REGIONAL,2
-1.2,-58.8,REGIONAL,2
-23.2,-55.5,REGIONAL,2
-10.4,-49.0,REGIONAL,2
-21.0,-46.8,REGIONAL,2
-19.4,-44.4,EXTERNAL,2
-29.6,-51.5,EXTERNAL,2
1.0,-51.5,REGIONAL,2
-2.6,-54.5,REGIONAL,2
34.3,61.7,REGIONAL,2
-7.2,-36.8,EXTERNAL,2
-11.7,-58.4,REGIONAL,2
-9.8,-58.4,REGIONAL,2
-7.9,-32.9,REGIONAL,2
-8.1,-37.1,REGIONAL,2
-21.0,-41.9,REGIONAL,2
-16.7,-42.8,REGIONAL,2
-0.8,-51.8,REGIONAL,2
-6.3,-36.0,REGIONAL,2
-8.0,-34.7,REGIONAL,2
-12.6,-60.3,REGIONAL,2
-8.4,-42.2,EXTERNAL,2
-6.2,-55.7,REGIONAL,2
-19.7,-43.5,REGIONAL,2
-30.8,-53.2,REGIONAL,2
-24.6,-53.8,EXTERNAL,2
-9.5,-55.2,REGIONAL,2
-18.7,-44.4,EXTERNAL,2
-13.1,-39.0,EXTERNAL,2
-1.7,-48.8,REGIONAL,2
-7.7,-35.7,REGIONAL,2
-7.8,-34.7,REGIONAL,2
-29.7,-51.9,EXTERNAL,2
-21.9,-45.3,EXTERNAL,2
-17.4,-45.0,EXTERNAL,2
-27.9,-50.6,EXTERNAL,2
-26.8,-53.1,EXTERNAL,2
-2.1,-44.8,EXTERNAL,2
-32.2,-49.4,REGIONAL,2
-15.8,-56.1,EXTERNAL,2
-1.2,-48.9,REGIONAL,2
-19.3,-40.1,EXTERNAL,2
-13.3,-41.0,REGIONAL,2
-33.5,-53.2,REGIONAL,2
-15.8,-56.0,EXTERNAL,2
-12.2,-47.3,REGIONAL,2
-16.9,-56.6,REGIONAL,2
-16.8,-38.9,EXTERNAL,2
-2.5,-46.0,REGIONAL,2
-3.0,-69.0,REGIONAL,2
-20.7,-50.5,REGIONAL,2
-8.2,-37.2,REGIONAL,2
-3.6,-41.4,REGIONAL,2
-16.8,-52.8,EXTERNAL,2
-24.0,-52.0,EXTERNAL,2
-3.3,-39.1,REGIONAL,2
-3.5,-47.8,REGIONAL,2
-12.1,-48.5,EXTERNAL,2
-3.8,-50.6,REGIONAL,2
-22.6,-49.2,EXTERNAL,2
-27.6,-51.1,EXTERNAL,2
-18.6,-40.6,EXTERNAL,2
-23.3,-50.7,EXTERNAL,2
-27.9,-51.8,EXTERNAL,2
-9.6,-38.4,EXTERNAL,2
-20.1,-46.7,EXTERNAL,2
-3.3,-45.6,EXTERNAL,2
-20.3,-43.0,EXTERNAL,2
-18.8,-41.6,EXTERNAL,2
-21.1,-49.4,EXTERNAL,2
-22.5,-47.1,EXTERNAL,2
-2.0,-48.8,INTERNAL,2
-14.6,-40.3,EXTERNAL,2
-19.7,-43.6,EXTERNAL,2
-13.4,-40.4,EXTERNAL,2
-21.5,-49.5,INTERNAL,2
-25.5,-52.9,EXTERNAL,2
-8.8,-44.1,REGIONAL,2
-6.3,-57.8,REGIONAL,2
-16.4,-51.9,EXTERNAL,2
-20.7,-47.9,INTERNAL,2
-2.6,-57.9,REGIONAL,2
-3.7,-61.7,EXTERNAL,2
-0.7,-47.7,EXTERNAL,2
-15.7,-41.9,REGIONAL,2
-23.2,-45.6,INTERNAL,2
-26.9,-51.8,EXTERNAL,2
-4.9,-42.7,REGIONAL,2
-15.9,-54.4,EXTERNAL,2
-23.0,-50.8,INTERNAL,2
-20.3,-48.6,INTERNAL,2
-22.2,-53.5,INTERNAL,2
-15.3,-40.2,EXTERNAL,2
-7.4,-41.5,EXTERNAL,2
-7.8,-35.0,EXTERNAL,2
-7.5,-36.1,EXTERNAL,2
-5.9,-42.6,EXTERNAL,2
-26.0,-49.7,EXTERNAL,2
-17.6,-45.0,REGIONAL,2
-28.7,-51.9,EXTERNAL,2
-8.6,-36.6,REGIONAL,2
-6.6,-35.6,EXTERNAL,2
1.5,-28.4,REGIONAL,2
-27.7,-49.8,REGIONAL,2
-4.2,-42.3,EXTERNAL,2
-30.4,-55.5,REGIONAL,2
0.2,-54.2,REGIONAL,2
-24.9,-52.9,REGIONAL,2
-14.5,-39.4,EXTERNAL,2
-20.5,-48.5,REGIONAL,2
-14.3,-43.1,REGIONAL,2
-27.5,-50.4,REGIONAL,2
-16.6,-49.7,REGIONAL,2
-1.4,-58.1,REGIONAL,2
-12.4,-45.9,REGIONAL,2
-20.2,-42.3,EXTERNAL,2
-19.3,-46.6,REGIONAL,2
-17.8,-48.9,REGIONAL,2
-15.9,-59.0,REGIONAL,2
-13.4,-40.5,REGIONAL,2
-26.3,-52.8,EXTERNAL,2
-4.6,-53.5,REGIONAL,2
-5.4,-45.2,REGIONAL,2
-25.5,-51.0,REGIONAL,2
-25.7,-49.7,REGIONAL,2
-21.2,-41.4,REGIONAL,2
-26.1,-49.7,EXTERNAL,2
-6.8,-44.6,REGIONAL,2
-11.3,-51.1,EXTERNAL,2
-30.7,-53.5,REGIONAL,2
-29.5,-52.5,EXTERNAL,2
-11.4,-50.5,EXTERNAL,2
-8.6,-69.7,INTERNAL,2
-2.6,-55.0,INTERNAL,2
-1.5,-39.5,REGIONAL,2
-15.2,-51.3,REGIONAL,2
-32.9,-51.7,INTERNAL,2
-9.5,-36.5,REGIONAL,2
-29.0,-55.1,REGIONAL,2
-1.0,-62.3,REGIONAL,2
-23.0,-45.3,REGIONAL,2
-26.9,-46.3,INTERNAL,2
-2.1,-54.2,REGIONAL,2
-32.3,-50.5,INTERNAL,2
-9.0,-72.5,REGIONAL,2
-13.4,-49.3,EXTERNAL,2
-19.8,-39.9,INTERNAL,2
-2.9,-40.7,REGIONAL,2
-9.0,-62.9,REGIONAL,2
-2.9,-39.9,EXTERNAL,2
-16.1,-38.2,INTERNAL,2
-4.0,-61.6,REGIONAL,2
-10.0,-35.8,INTERNAL,2
-10.5,-36.4,INTERNAL,2
-14.5,-45.0,REGIONAL,2
-2.1,-60.0,EXTERNAL,2
-9.3,-37.3,REGIONAL,2
-21.4,-46.4,REGIONAL,2
-15.1,-51.6,REGIONAL,2
-16.6,-51.1,REGIONAL,2
-27.2,-52.5,REGIONAL,2
-16.4,-45.1,EXTERNAL,2
-9.1,-34.8,INTERNAL,2
-20.9,-44.3,REGIONAL,2
-21.9,-44.5,REGIONAL,2
-22.2,-48.9,REGIONAL,2
-22.6,-30.0,INTERNAL,2
-33.2,-52.1,INTERNAL,2
-15.8,-46.0,REGIONAL,2
-13.6,-47.0,REGIONAL,2
-14.2,-47.7,EXTERNAL,2
-16.3,-41.8,EXTERNAL,2
-4.4,-55.9,REGIONAL,2
-13.2,-48.4,REGIONAL,2
-9.2,-63.2,REGIONAL,2
-3.8,-33.9,REGIONAL,2
-12.2,-46.3,REGIONAL,2
-10.0,-63.2,REGIONAL,2
-22.3,-43.5,EXTERNAL,2
-10.2,-67.8,EXTERNAL,2
-20.4,-39.8,INTERNAL,2
-6.8,-38.1,EXTERNAL,2
-6.5,-36.1,EXTERNAL,2
-17.0,-54.8,REGIONAL,2
-1.1,-61.6,REGIONAL,2
-3.9,-47.0,REGIONAL,2
-10.2,-39.1,REGIONAL,2
-22.0,-40.8,REGIONAL,2
-27.9,-50.1,REGIONAL,2
-3.6,-39.0,EXTERNAL,2
-19.7,-41.9,EXTERNAL,2
-7.9,-43.6,REGIONAL,2
-8.6,-40.1,REGIONAL,2
-26.9,-53.2,REGIONAL,2
-20.3,-41.0,EXTERNAL,2
-9.1,-39.1,REGIONAL,2
-7.5,-63.3,EXTERNAL,2
-21.7,-43.1,EXTERNAL,2
-19.2,-57.6,INTERNAL,2
-11.3,-41.0,EXTERNAL,2
-20.2,-43.7,EXTERNAL,2
-5.6,-35.6,EXTERNAL,2
-14.1,-49.3,EXTERNAL,2
-21.2,-45.7,EXTERNAL,2
-11.6,-61.2,EXTERNAL,2
-10.1,-38.3,EXTERNAL,2
-17.3,-48.3,EXTERNAL,2
-15.2,-49.5,EXTERNAL,2
-22.7,-49.6,EXTERNAL,2
-18.0,-46.9,EXTERNAL,2
-18.6,-41.9,EXTERNAL,2
-6.8,-47.9,EXTERNAL,2
-16.5,-51.1,EXTERNAL,2
-19.9,-43.6,EXTERNAL,2
-24.3,-53.1,EXTERNAL,2
-13.1,-39.4,EXTERNAL,2
-22.2,-48.7,EXTERNAL,2
-22.8,-51.0,EXTERNAL,2
-24.8,-48.5,EXTERNAL,2
-6.4,-47.4,EXTERNAL,2
-9.7,-67.6,EXTERNAL,2
0.0,-55.0,REGIONAL,2
-12.7,-40.2,REGIONAL,2
-20.2,-44.8,EXTERNAL,2
-20.9,-46.6,EXTERNAL,2
-0.2,-51.1,REGIONAL,2
-27.1,-50.1,EXTERNAL,2
-18.7,-55.2,REGIONAL,2
-20.2,-43.0,EXTERNAL,2
-4.2,-47.7,EXTERNAL,2
-23.0,-44.7,EXTERNAL,2
-18.0,-49.3,REGIONAL,2
-19.9,-48.8,REGIONAL,2
0.0,-27.5,EXTERNAL,2
-32.2,-53.6,REGIONAL,2
-20.3,-41.6,REGIONAL,2
-11.2,-38.2,EXTERNAL,2
-9.2,-37.1,EXTERNAL,2
2.1,-50.4,EXTERNAL,2
-5.7,-39.4,REGIONAL,2
-24.5,-47.0,REGIONAL,2
-7.1,-47.7,REGIONAL,2
-27.8,-51.3,REGIONAL,2
-22.8,-51.2,EXTERNAL,2
-7.0,-35.5,REGIONAL,2
-4.2,-60.7,REGIONAL,2
-18.2,-44.0,REGIONAL,2
-3.7,-43.2,REGIONAL,2
-23.4,-49.0,REGIONAL,2
-9.7,-38.7,EXTERNAL,2
-13.9,-48.4,REGIONAL,2
-22.1,-57.6,REGIONAL,2
-11.8,-46.5,REGIONAL,2
-26.8,-51.7,EXTERNAL,2
-28.9,-55.6,REGIONAL,2
-12.6,-45.9,REGIONAL,2
-27.6,-50.2,EXTERNAL,2
-9.6,-55.0,REGIONAL,2
0.9,-51.2,EXTERNAL,2
-13.5,-42.2,REGIONAL,2
-14.1,-46.5,REGIONAL,2
-6.6,-51.8,REGIONAL,2
-10.2,-63.4,REGIONAL,2
-9.2,-64.5,REGIONAL,2
-6.6,-35.8,REGIONAL,2
-20.1,-50.6,EXTERNAL,2
-31.6,-53.1,REGIONAL,2
1.6,-32.1,REGIONAL,2
-25.0,-51.5,EXTERNAL,2
-1.8,-58.3,REGIONAL,2
-15.5,-54.4,REGIONAL,2
-5.5,-44.2,REGIONAL,2
-27.4,-53.2,REGIONAL,2
-0.7,-48.6,EXTERNAL,2
-1.5,-41.5,REGIONAL,2
-21.4,-43.3,REGIONAL,2
0.5,-44.5,REGIONAL,2
-18.2,-40.3,REGIONAL,2
-11.5,-44.5,REGIONAL,2
-11.9,-40.1,INTERNAL,2
-16.3,-49.5,EXTERNAL,2
-2.8,-54.5,REGIONAL,2
3.3,-59.9,REGIONAL,2
-19.7,-57.1,REGIONAL,2
-23.4,-51.6,REGIONAL,2
-4.8,-38.5,REGIONAL,2
-23.5,-48.9,REGIONAL,2
-12.3,-47.2,REGIONAL,2
-28.0,-48.5,REGIONAL,2
-15.3,-54.2,REGIONAL,2
-25.9,-49.7,REGIONAL,2
-25.7,-48.7,REGIONAL,2
-8.9,-67.9,REGIONAL,2
-7.4,-39.4,EXTERNAL,2
-8.4,-49.3,REGIONAL,2
-15.0,-44.4,REGIONAL,2
-5.6,-46.7,EXTERNAL,2
-18.2,-53.1,REGIONAL,2
-22.7,-52.8,EXTERNAL,2
-26.8,-51.5,REGIONAL,2
-18.0,-37.4,EXTERNAL,2
-20.6,-38.1,EXTERNAL,2
-10.8,-62.1,REGIONAL,2
-27.0,-49.9,REGIONAL,2
-20.5,-57.0,REGIONAL,2
-21.6,-41.7,EXTERNAL,2
-21.6,-57.8,EXTERNAL,2
-21.6,-49.1,EXTERNAL,2
-9.9,-54.9,REGIONAL,2
-8.5,-70.8,REGIONAL,2
-21.4,-51.6,REGIONAL,2
-21.9,-48.2,EXTERNAL,2
-29.5,-54.2,REGIONAL,2
-28.4,-54.1,REGIONAL,2
-28.0,-54.8,REGIONAL,2
-28.0,-53.0,REGIONAL,2
-4.0,-45.2,EXTERNAL,2
-23.9,-51.6,REGIONAL,2
-24.1,-51.5,REGIONAL,2
-22.8,-53.0,REGIONAL,2
-20.5,-50.6,REGIONAL,2
-19.0,-40.4,REGIONAL,2
-18.1,-48.8,REGIONAL,2
-8.7,-44.2,REGIONAL,2
-22.7,-49.7,REGIONAL,2
-22.0,-54.6,REGIONAL,2
-15.2,-47.4,EXTERNAL,2
-21.2,-42.9,REGIONAL,2
-7.8,-35.7,EXTERNAL,2
-20.4,-45.7,EXTERNAL,2
-20.5,-46.6,REGIONAL,2
-16.1,-46.2,REGIONAL,2
-22.2,-53.3,EXTERNAL,2
-6.9,-36.6,EXTERNAL,2
-20.9,-54.5,EXTERNAL,2
-9.3,-56.9,REGIONAL,2
-10.1,-45.3,REGIONAL,2
-22.9,-45.1,REGIONAL,2
-26.2,-50.0,REGIONAL,2
-9.1,-42.6,REGIONAL,2
-29.3,-52.4,EXTERNAL,2
-13.4,-60.4,REGIONAL,2
-6.5,-47.3,EXTERNAL,2
-7.8,-31.4,REGIONAL,2
-7.0,-45.6,EXTERNAL,2
-24.2,-46.6,EXTERNAL,2
2.6,-60.5,EXTERNAL,2
-24.4,-49.9,REGIONAL,2
-9.5,-40.3,REGIONAL,2
-23.1,-47.5,REGIONAL,2
-26.6,-53.5,REGIONAL,2
-1.6,-47.1,REGIONAL,2
-29.0,-50.7,EXTERNAL,2
-15.5,-58.4,EXTERNAL,2
-28.8,-51.4,REGIONAL,2
-15.6,-48.7,REGIONAL,2
-22.8,-55.6,REGIONAL,2
-17.0,-46.4,REGIONAL,2
-8.0,-55.0,EXTERNAL,2
-29.9,-53.4,REGIONAL,2
-30.5,-56.2,REGIONAL,2
-21.5,-56.3,REGIONAL,2
-12.5,-40.5,EXTERNAL,2
-15.3,-44.2,EXTERNAL,2
-16.5,-39.4,REGIONAL,2
-18.4,-49.5,REGIONAL,2
-11.9,-38.1,REGIONAL,2
-29.8,-55.7,REGIONAL,2
-14.6,-39.4,EXTERNAL,2
4.0,-60.0,EXTERNAL,2
-12.8,-38.8,REGIONAL,2
-28.9,-54.6,REGIONAL,2
-17.5,-46.5,REGIONAL,2
-20.0,-42.6,REGIONAL,2
-23.9,-54.3,EXTERNAL,2
0.4,-51.7,REGIONAL,2
-7.5,-37.5,EXTERNAL,2
-4.3,-46.1,REGIONAL,2
-7.3,-35.4,REGIONAL,2
-30.1,-56.1,REGIONAL,2
-11.7,-55.8,REGIONAL,2
-7.7,-47.1,REGIONAL,2
-10.4,-36.7,REGIONAL,2
-27.2,-48.3,INTERNAL,2
-22.1,-49.0,REGIONAL,2
-21.2,-42.1,REGIONAL,2
-15.3,-48.8,REGIONAL,2
-21.8,-48.3,REGIONAL,2
-16.5,-50.3,REGIONAL,2
-19.9,-40.0,REGIONAL,2
-22.1,-47.9,REGIONAL,2
-26.1,-48.3,INTERNAL,2
-19.5,-44.0,EXTERNAL,2
-21.7,-47.1,REGIONAL,2
-30.4,-55.1,REGIONAL,2
-17.1,-46.1,REGIONAL,2
-12.2,-38.0,REGIONAL,2
-25.5,-48.6,EXTERNAL,2
-15.5,-56.1,EXTERNAL,2
-26.0,-53.8,REGIONAL,2
-9.3,-38.0,EXTERNAL,2
-19.1,-46.7,EXTERNAL,2
-7.0,-48.4,REGIONAL,2
-1.0,-49.0,REGIONAL,2
-17.2,-39.2,REGIONAL,2
-21.4,-56.2,REGIONAL,2
-27.8,-47.1,INTERNAL,2
-23.8,-48.3,EXTERNAL,2
-6.1,-38.4,EXTERNAL,2
-4.5,-46.9,REGIONAL,2
-16.1,-49.7,REGIONAL,2
-7.0,-42.6,REGIONAL,2
-22.3,-38.0,INTERNAL,2
-19.7,-38.4,INTERNAL,2
-26.1,-45.9,INTERNAL,2
-20.1,-41.0,EXTERNAL,2
-21.6,-57.3,REGIONAL,2
-19.7,-55.4,REGIONAL,2
3.3,-63.4,REGIONAL,2
-21.1,-41.8,REGIONAL,2
-4.4,-39.3,EXTERNAL,2
-31.5,-52.9,EXTERNAL,2
-5.1,-39.9,EXTERNAL,2
-26.8,-52.5,REGIONAL,2
-30.4,-51.6,INTERNAL,2
0.3,-44.5,REGIONAL,2
-33.0,-50.5,REGIONAL,2
-28.7,-47.8,REGIONAL,2
-7.4,-34.7,INTERNAL,2
-19.3,-55.7,INTERNAL,2
-5.8,-35.8,EXTERNAL,2
-0.9,-54.9,REGIONAL,2
-10.0,-50.2,REGIONAL,2
-18.6,-52.0,REGIONAL,2
-24.0,-53.1,REGIONAL,2
-8.2,-49.3,REGIONAL,2
-23.1,-43.0,REGIONAL,2
-3.8,-59.5,REGIONAL,2
-18.2,-41.3,REGIONAL,2
-32.9,-50.7,INTERNAL,2
-18.1,-55.7,REGIONAL,2
-21.5,-42.7,REGIONAL,2
-18.6,-45.6,REGIONAL,2
-19.6,-41.1,REGIONAL,2
-15.8,-38.6,INTERNAL,2
-21.4,-48.7,REGIONAL,2
-24.3,-50.7,EXTERNAL,2
-9.2,-67.2,EXTERNAL,2
-18.3,-49.2,EXTERNAL,2
-19.8,-57.4,REGIONAL,2
-12.1,-41.3,REGIONAL,2
-9.1,-64.3,REGIONAL,2
-16.5,-48.0,EXTERNAL,2
-2.3,-54.0,REGIONAL,2
-17.1,-54.8,REGIONAL,2
-3.3,-43.5,REGIONAL,2
-8.8,-50.4,EXTERNAL,2
2.9,-51.4,REGIONAL,2
-11.7,-46.5,REGIONAL,2
-2.9,-40.5,EXTERNAL,2
-31.3,-52.1,EXTERNAL,2
-2.7,-42.4,REGIONAL,2
-20.7,-41.0,EXTERNAL,2
-25.1,-53.3,REGIONAL,2
-5.3,-43.0,EXTERNAL,2
0.6,-61.4,REGIONAL,2
-4.3,-41.0,EXTERNAL,2
-28.7,-53.5,REGIONAL,2
-15.0,-48.9,EXTERNAL,2
-22.7,-44.0,EXTERNAL,2
-16.5,-43.5,EXTERNAL,2
-21.5,-43.5,EXTERNAL,2
-1.6,-59.5,REGIONAL,2
-18.2,-47.3,REGIONAL,2
-15.6,-46.4,EXTERNAL,2
-8.9,-72.9,REGIONAL,2
-2.6,-43.5,REGIONAL,2
-24.0,-49.0,REGIONAL,2
-21.8,-45.9,EXTERNAL,2
-21.3,-43.4,EXTERNAL,2
-15.8,-56.3,EXTERNAL,2
-21.4,-43.1,REGIONAL,2
-16.2,-57.3,REGIONAL,2
-14.0,-42.5,REGIONAL,2
-20.3,-55.5,REGIONAL,2
-26.8,-51.3,REGIONAL,2
-4.0,-63.2,REGIONAL,2
-24.5,-46.7,INTERNAL,2
-28.1,-50.8,REGIONAL,2
-7.1,-36.2,INTERNAL,2
-12.9,-60.0,REGIONAL,2
-7.2,-41.9,REGIONAL,2
-3.3,-45.7,REGIONAL,2
-12.1,-38.7,REGIONAL,2
-13.7,-41.1,REGIONAL,2
-7.4,-41.0,REGIONAL,2
-3.2,-39.2,INTERNAL,2
-10.7,-40.4,EXTERNAL,2
-6.8,-41.7,REGIONAL,2
-22.2,-49.0,INTERNAL,2
-25.6,-53.3,REGIONAL,2
-5.1,-35.7,EXTERNAL,2
-5.3,-41.9,REGIONAL,2
-15.7,-44.2,REGIONAL,2
-7.1,-43.9,REGIONAL,2
-11.2,-37.6,REGIONAL,2
-12.4,-48.1,REGIONAL,2
-4.0,-53.0,EXTERNAL,2
-6.9,-39.4,REGIONAL,2
-4.4,-49.1,REGIONAL,2
-27.4,-51.0,REGIONAL,2
-7.5,-37.6,REGIONAL,2
-18.5,-42.3,REGIONAL,2
-7.1,-37.5,REGIONAL,2
-24.7,-50.8,EXTERNAL,2
51.6,29.5,INTERNAL,2
-3.7,-46.0,REGIONAL,2
-9.3,-38.2,REGIONAL,2
-17.7,-49.8,EXTERNAL,2
-29.3,-53.5,REGIONAL,2
-15.0,-40.6,EXTERNAL,2
-15.1,-43.1,REGIONAL,2
-3.1,-42.2,REGIONAL,2
-13.2,-46.9,REGIONAL,2
0.9,-29.3,REGIONAL,2
-22.5,-50.6,EXTERNAL,2
-29.0,-52.0,EXTERNAL,2
-6.7,-41.7,EXTERNAL,2
-30.4,-55.0,REGIONAL,2
-19.0,-49.8,REGIONAL,2
-16.1,-44.3,EXTERNAL,2
-22.1,-48.7,REGIONAL,2
-1.8,-59.9,REGIONAL,2
-12.5,-38.7,EXTERNAL,2
-29.8,-51.8,EXTERNAL,2
-21.0,-49.8,INTERNAL,2
-3.0,-40.1,EXTERNAL,2
-18.7,-57.4,REGIONAL,2
-13.4,-50.7,REGIONAL,2
-6.1,-37.7,REGIONAL,2
-19.6,-42.1,EXTERNAL,2
-23.9,-47.2,EXTERNAL,2
-21.3,-46.4,EXTERNAL,2
-19.2,-50.7,REGIONAL,2
-2.7,-44.7,EXTERNAL,2
-29.4,-50.9,INTERNAL,2
-23.8,-48.6,INTERNAL,2
-23.5,-52.6,REGIONAL,2
-20.5,-51.4,INTERNAL,2
-7.3,-37.4,EXTERNAL,2
-4.1,-50.2,EXTERNAL,2
-8.8,-36.4,REGIONAL,2
-22.3,-48.5,INTERNAL,2
-13.2,-59.4,INTERNAL,2
-12.7,-39.7,EXTERNAL,2
-18.8,-42.7,EXTERNAL,2
-14.5,-46.1,EXTERNAL,2
-26.0,-50.8,EXTERNAL,2
-23.0,-47.7,INTERNAL,2
3.5,-60.9,REGIONAL,2
-15.0,-60.0,EXTERNAL,2
-19.9,-40.9,EXTERNAL,2
-9.7,-38.5,EXTERNAL,2
-17.1,-39.5,REGIONAL,2
-5.0,-38.6,REGIONAL,2
-3.5,-54.9,REGIONAL,2
-15.1,-49.6,REGIONAL,2
-19.8,-49.6,REGIONAL,2
-20.1,-45.5,EXTERNAL,2
-8.8,-39.0,EXTERNAL,2
-4.6,-37.7,EXTERNAL,2
-24.2,-47.5,EXTERNAL,2
-21.6,-48.9,EXTERNAL,2
-19.4,-47.3,REGIONAL,2
-17.2,-46.7,EXTERNAL,2
-20.3,-50.9,EXTERNAL,2
-12.6,-38.8,REGIONAL,2
-19.8,-45.4,EXTERNAL,2
-22.3,-51.4,EXTERNAL,2
-16.9,-43.7,EXTERNAL,2
-15.8,-39.3,REGIONAL,2
-9.4,-62.0,EXTERNAL,2
-22.0,-45.6,EXTERNAL,2
-2.8,-64.9,REGIONAL,2
-11.1,-54.5,EXTERNAL,2
-10.1,-36.4,REGIONAL,2
-11.8,-55.2,REGIONAL,2
-24.3,-54.0,REGIONAL,2
-19.6,-44.7,EXTERNAL,2
1.0,-51.2,EXTERNAL,2
-26.9,-52.9,EXTERNAL,2
-25.7,-50.7,REGIONAL,2
-22.1,-42.1,EXTERNAL,2
-4.2,-55.5,EXTERNAL,2
-11.5,-42.0,EXTERNAL,2
-11.8,-39.2,EXTERNAL,2
-18.4,-40.4,REGIONAL,2
-17.0,-50.1,EXTERNAL,2
-11.9,-37.6,EXTERNAL,2
-7.6,-49.3,REGIONAL,2
-11.0,-58.6,REGIONAL,2
-17.6,-49.4,REGIONAL,2
-16.5,-43.9,REGIONAL,2
-7.7,-34.9,EXTERNAL,2
-10.8,-39.4,REGIONAL,2
-7.3,-46.7,EXTERNAL,2
-3.2,-47.2,REGIONAL,2
-5.6,-50.2,EXTERNAL,2
-29.2,-50.5,REGIONAL,2
-22.6,-48.1,REGIONAL,2
-17.1,-44.9,REGIONAL,2
-21.0,-49.1,INTERNAL,2
-10.3,-36.3,REGIONAL,2
-7.7,-35.7,EXTERNAL,2
-20.6,-43.0,REGIONAL,2
-20.5,-47.5,REGIONAL,2
-13.6,-39.5,EXTERNAL,2
-19.1,-42.1,EXTERNAL,2
-15.7,-38.9,EXTERNAL,2
-25.5,-49.8,EXTERNAL,2
-19.8,-41.9,REGIONAL,2
-3.0,-39.6,EXTERNAL,2
-12.1,-40.4,EXTERNAL,2
-28.8,-49.8,EXTERNAL,2
-23.5,-51.5,EXTERNAL,2
-9.7,-50.3,REGIONAL,2
-3.3,-45.2,EXTERNAL,2
-3.3,-52.2,EXTERNAL,2
-10.7,-48.9,EXTERNAL,2
2.1,-54.3,REGIONAL,2
-12.4,-58.3,EXTERNAL,2
-7.7,-36.1,REGIONAL,2
-14.9,-39.3,EXTERNAL,2
-9.5,-37.5,REGIONAL,2
-11.6,-47.1,REGIONAL,2
-8.4,-35.3,EXTERNAL,2
-7.1,-45.2,REGIONAL,2
-30.2,-57.5,EXTERNAL,2
-6.6,-42.7,REGIONAL,2
-13.5,-39.4,EXTERNAL,2
-16.9,-43.5,EXTERNAL,2
-6.5,-42.1,REGIONAL,2
3.0,-51.5,REGIONAL,2
-28.9,-51.3,REGIONAL,2
-16.1,-46.4,REGIONAL,2
-20.3,-44.8,REGIONAL,2
-11.8,-40.5,REGIONAL,2
-16.0,-56.8,REGIONAL,2
-23.4,-44.2,INTERNAL,2
-11.5,-42.0,REGIONAL,2
-3.8,-40.4,REGIONAL,2
-9.2,-68.3,REGIONAL,2
-23.7,-46.1,INTERNAL,2
-21.8,-51.1,INTERNAL,2
-16.3,-52.3,REGIONAL,2
-11.1,-47.1,REGIONAL,2
-22.4,-47.4,INTERNAL,2
3.5,-61.7,REGIONAL,2
-23.1,-46.5,INTERNAL,2
-10.5,-50.7,REGIONAL,2
3.3,-63.5,REGIONAL,2
-29.7,-51.1,INTERNAL,2
-13.7,-41.4,REGIONAL,2
-16.7,-56.4,REGIONAL,2
-15.7,-50.8,REGIONAL,2
-6.5,-43.9,REGIONAL,2
-8.5,-40.1,REGIONAL,2
-22.3,-49.6,INTERNAL,2
-14.4,-59.5,REGIONAL,2
-18.2,-39.6,INTERNAL,2
-10.0,-41.1,REGIONAL,2
-9.5,-55.5,REGIONAL,2
-16.1,-46.0,REGIONAL,2
-3.6,-40.9,EXTERNAL,2
-28.6,-52.1,EXTERNAL,2
-10.1,-38.4,REGIONAL,2
-26.7,-48.9,EXTERNAL,2
-3.7,-45.4,EXTERNAL,2
-3.9,-42.2,EXTERNAL,2
-11.0,-40.3,EXTERNAL,2
-15.9,-51.3,EXTERNAL,2
-6.4,-35.7,EXTERNAL,2
-18.6,-46.9,REGIONAL,2
-25.4,-48.8,EXTERNAL,2
-10.7,-37.1,REGIONAL,2
-15.0,-44.5,REGIONAL,2
-25.2,-48.7,REGIONAL,2
-3.4,-65.0,REGIONAL,2
-29.3,-50.0,REGIONAL,2
-21.1,-49.2,REGIONAL,2
-23.1,-46.1,REGIONAL,2
-5.4,-48.9,REGIONAL,2
-22.7,-50.6,REGIONAL,2
-13.5,-46.3,REGIONAL,2
-22.6,-42.2,REGIONAL,2
-8.8,-42.6,EXTERNAL,2
-21.8,-57.7,REGIONAL,2
-29.1,-51.3,REGIONAL,2
-24.9,-49.3,REGIONAL,2
-8.8,-35.2,REGIONAL,2
-27.5,-47.1,INTERNAL,2
-26.7,-51.9,REGIONAL,2
-24.8,-47.0,INTERNAL,2
-23.4,-41.2,INTERNAL,2
-22.3,-51.4,REGIONAL,2
-7.5,-60.6,REGIONAL,2
-7.3,-38.0,EXTERNAL,2
-3.1,-55.0,EXTERNAL,2
-19.9,-47.3,REGIONAL,2
-16.3,-55.9,EXTERNAL,2
-5.1,-49.3,INTERNAL,2
-10.0,-36.2,REGIONAL,2
-29.8,-53.5,EXTERNAL,2
-9.0,-48.5,REGIONAL,2
0.1,-67.3,REGIONAL,2
-17.4,-38.4,INTERNAL,2
-9.6,-41.3,REGIONAL,2
-1.2,-46.3,REGIONAL,2
-26.6,-51.9,REGIONAL,2
-11.8,-38.4,REGIONAL,2
-23.3,-50.4,REGIONAL,2
-17.9,-40.1,EXTERNAL,2
-29.0,-48.5,INTERNAL,2
-13.4,-42.2,EXTERNAL,2
-9.5,-36.3,REGIONAL,2
-21.1,-42.8,EXTERNAL,2
-21.1,-42.1,REGIONAL,2
-22.7,-40.0,INTERNAL,2
-25.6,-48.2,REGIONAL,2
-26.9,-52.9,REGIONAL,2
-28.8,-48.9,REGIONAL,2
-23.2,-55.3,REGIONAL,2
-23.8,-48.0,EXTERNAL,2
-5.6,-35.3,EXTERNAL,2
-18.9,-50.1,EXTERNAL,2
-14.7,-47.4,REGIONAL,2
-14.9,-60.0,REGIONAL,2
-29.2,-49.5,INTERNAL,2
-18.0,-45.6,REGIONAL,2
-12.7,-46.3,REGIONAL,2
-25.5,-53.3,REGIONAL,2
-24.3,-47.8,REGIONAL,2
-26.0,-50.8,REGIONAL,2
-33.1,-52.6,REGIONAL,2
-14.2,-44.8,REGIONAL,2
-19.6,-50.5,REGIONAL,2
-31.9,-52.6,EXTERNAL,2
-22.7,-41.3,INTERNAL,2
-16.6,-54.8,REGIONAL,2
-24.3,-48.3,EXTERNAL,2
-6.7,-61.8,REGIONAL,2
-8.6,-67.6,REGIONAL,2
1.2,-51.7,REGIONAL,2
-16.3,-57.3,REGIONAL,2
-1.4,-47.0,EXTERNAL,2
-0.6,-47.7,REGIONAL,2
-13.4,-39.4,EXTERNAL,2
-27.0,-53.0,EXTERNAL,2
-20.0,-50.0,EXTERNAL,2
-19.6,-42.2,REGIONAL,2
-26.0,-52.0,EXTERNAL,2
-27.2,-50.2,EXTERNAL,2
-13.2,-51.7,REGIONAL,2
-7.4,-40.0,REGIONAL,2
-25.0,-47.6,EXTERNAL,2
-15.9,-49.7,EXTERNAL,2
-11.4,-48.9,REGIONAL,2
-7.5,-32.5,REGIONAL,2
-11.7,-61.8,REGIONAL,2
-5.5,-38.7,REGIONAL,2
-7.8,-48.5,REGIONAL,2
-11.1,-45.1,REGIONAL,2
-16.5,-41.0,REGIONAL,2
-21.6,-48.9,REGIONAL,2
-28.0,-55.2,REGIONAL,2
-10.0,-59.0,EXTERNAL,2
-16.1,-57.9,REGIONAL,2
-8.1,-35.6,REGIONAL,2
-19.4,-41.0,REGIONAL,2
-11.8,-40.7,REGIONAL,2
-13.8,-40.0,EXTERNAL,2
-1.0,-54.0,EXTERNAL,2
-13.9,-56.1,EXTERNAL,2
-19.7,-41.2,REGIONAL,2
-7.6,-34.6,REGIONAL,2
-11.8,-41.1,REGIONAL,2
-2.9,-42.8,REGIONAL,2
-15.3,-43.0,REGIONAL,2
-17.0,-49.4,REGIONAL,2
-17.1,-56.7,EXTERNAL,2
-11.4,-62.5,REGIONAL,2
-15.9,-50.6,REGIONAL,2
-16.1,-43.7,REGIONAL,2
-22.5,-46.8,REGIONAL,2
-2.3,-54.1,EXTERNAL,2
-19.8,-43.1,REGIONAL,2
-14.4,-43.5,REGIONAL,2
-18.6,-43.4,EXTERNAL,2
-3.8,-40.3,EXTERNAL,2
-14.7,-41.7,REGIONAL,2
-19.6,-44.7,REGIONAL,2
-22.1,-49.9,REGIONAL,2
-26.9,-49.4,EXTERNAL,2
-19.8,-45.4,REGIONAL,2
-22.4,-54.2,REGIONAL,2
-16.4,-43.1,EXTERNAL,2
-5.0,-44.2,REGIONAL,2
-20.9,-41.3,REGIONAL,2
-16.9,-43.7,REGIONAL,2
-19.9,-46.0,REGIONAL,2
-14.6,-39.5,EXTERNAL,2
-19.8,-42.2,REGIONAL,2
-20.5,-47.1,REGIONAL,2
-22.6,-52.6,REGIONAL,2
-20.1,-42.8,REGIONAL,2
-10.9,-42.5,REGIONAL,2
-21.2,-49.6,REGIONAL,2
-19.0,-44.0,REGIONAL,2
-19.3,-47.6,REGIONAL,2
-9.3,-40.6,EXTERNAL,2
-22.1,-42.1,REGIONAL,2
-9.8,-68.1,REGIONAL,2
-21.9,-41.9,EXTERNAL,2
-13.8,-61.3,REGIONAL,2
-17.5,-51.2,REGIONAL,2
-23.8,-48.2,EXTERNAL,2
2.1,-50.8,REGIONAL,2
-20.7,-46.0,EXTERNAL,2
-6.6,-43.6,REGIONAL,2
-8.1,-35.5,EXTERNAL,2
-6.9,-55.2,REGIONAL,2
-29.5,-53.2,EXTERNAL,2
-25.9,-53.2,REGIONAL,2
-13.3,-39.7,INTERNAL,2
-1.9,-59.5,INTERNAL,2
-22.9,-49.0,EXTERNAL,2
-3.1,-38.7,EXTERNAL,2
-4.1,-47.2,INTERNAL,2
-22.4,-41.2,EXTERNAL,2
-23.1,-42.8,EXTERNAL,2
-16.9,-57.1,REGIONAL,2
-30.6,-53.3,REGIONAL,2
-20.5,-29.9,REGIONAL,2
-18.5,-41.2,REGIONAL,2
-24.1,-54.2,REGIONAL,2
-13.9,-39.1,EXTERNAL,2
-19.1,-42.8,EXTERNAL,2
-6.9,-50.4,REGIONAL,2
-23.4,-45.8,EXTERNAL,2
-16.0,-51.7,EXTERNAL,2
-10.4,-36.5,EXTERNAL,2
-13.3,-41.2,EXTERNAL,2
-14.2,-43.2,REGIONAL,2
0.8,-50.1,REGIONAL,2
-15.3,-55.4,REGIONAL,2
-2.0,-54.2,EXTERNAL,2
-23.8,-54.2,REGIONAL,2
-4.4,-70.1,REGIONAL,2
-15.8,-42.8,REGIONAL,2
-4.6,-39.9,REGIONAL,2
-5.8,-48.1,REGIONAL,2
-27.6,-50.6,REGIONAL,2
-4.1,-49.9,REGIONAL,2
-17.8,-38.6,REGIONAL,2
-7.3,-35.1,REGIONAL,2
-6.6,-47.7,REGIONAL,2
-25.0,-47.5,REGIONAL,2
-5.6,-37.9,REGIONAL,2
-8.8,-67.6,REGIONAL,2
-23.2,-44.0,REGIONAL,2
-22.3,-45.1,REGIONAL,2
-21.5,-43.0,INTERNAL,2
-4.0,-60.4,REGIONAL,2
-1.5,-43.5,REGIONAL,2
-3.5,-32.5,REGIONAL,2
-19.5,-36.5,REGIONAL,2
-6.3,-35.6,REGIONAL,2
-10.9,-65.3,REGIONAL,2
-19.1,-47.6,INTERNAL,2
-30.5,-47.5,REGIONAL,2
-14.2,-47.4,REGIONAL,2
-9.2,-50.4,EXTERNAL,2
-21.8,-48.9,REGIONAL,2
-0.1,-63.8,EXTERNAL,2
-25.0,-49.0,REGIONAL,2
-15.2,-48.7,REGIONAL,2
-13.7,-61.2,EXTERNAL,2
-5.4,-40.3,EXTERNAL,2
2.0,-29.6,REGIONAL,2
-6.5,-47.5,EXTERNAL,2
1.2,-30.1,REGIONAL,2
1.5,-32.0,REGIONAL,2
-21.1,-56.9,REGIONAL,2
-7.1,-45.3,REGIONAL,2
-20.4,-55.9,EXTERNAL,2
-28.0,-50.1,EXTERNAL,2
-10.7,-47.5,REGIONAL,2
-4.4,-40.8,EXTERNAL,2
-14.2,-48.7,REGIONAL,2
-24.4,-47.8,REGIONAL,2
-12.3,-40.1,EXTERNAL,2
-3.1,-47.7,REGIONAL,2
-4.8,-33.2,EXTERNAL,2
-5.5,-48.7,EXTERNAL,2
-22.2,-45.6,EXTERNAL,2
-26.1,-49.9,EXTERNAL,2
-12.0,-38.7,EXTERNAL,2
-21.9,-43.0,EXTERNAL,2
-20.8,-48.9,EXTERNAL,2
-9.3,-64.4,EXTERNAL,2
-29.0,-49.9,EXTERNAL,2
-28.3,-51.9,EXTERNAL,2
-21.6,-51.5,EXTERNAL,2
-14.4,-52.4,EXTERNAL,2
-1.7,-48.8,EXTERNAL,2
-9.6,-63.1,EXTERNAL,2
-6.9,-46.2,REGIONAL,2
-15.4,-48.1,REGIONAL,2
-5.7,-43.1,EXTERNAL,2
-4.5,-38.5,REGIONAL,2
-16.0,-57.2,EXTERNAL,2
-19.2,-43.4,EXTERNAL,2
-10.2,-36.1,INTERNAL,2
-17.5,-45.0,REGIONAL,2
-16.4,-42.5,EXTERNAL,2
-8.5,-35.0,INTERNAL,2
-5.9,-35.6,EXTERNAL,2
-20.8,-40.0,REGIONAL,2
-17.9,-38.9,EXTERNAL,2
-17.7,-43.3,REGIONAL,2
-12.2,-55.0,REGIONAL,2
-8.0,-37.2,REGIONAL,2
-26.1,-51.8,REGIONAL,2
-18.4,-44.5,EXTERNAL,2
-13.4,-44.1,EXTERNAL,2
-1.9,-56.0,REGIONAL,2
-12.1,-63.6,REGIONAL,2
-20.7,-46.5,REGIONAL,2
1.4,-52.7,EXTERNAL,2
-2.9,-52.0,EXTERNAL,2
0.8,-63.5,REGIONAL,2
-12.3,-55.6,EXTERNAL,2
-21.8,-41.8,REGIONAL,2
-3.8,-52.6,REGIONAL,2
-13.8,-46.4,EXTERNAL,2
-19.7,-40.9,REGIONAL,2
-7.6,-38.4,REGIONAL,2
-9.6,-67.8,REGIONAL,2
-24.9,-48.5,REGIONAL,2
-18.6,-40.7,REGIONAL,2
-3.7,-47.6,REGIONAL,2
-28.9,-51.5,EXTERNAL,2
-25.2,-44.9,EXTERNAL,2
-19.6,-42.5,EXTERNAL,2
-12.2,-45.1,EXTERNAL,2
-18.3,-47.1,REGIONAL,2
-9.2,-59.2,REGIONAL,2
-19.9,-41.1,REGIONAL,2
-5.0,-66.9,REGIONAL,2
-17.4,-40.2,REGIONAL,2
-4.8,-44.4,REGIONAL,2
-20.4,-44.3,EXTERNAL,2
-18.2,-38.3,EXTERNAL,2
-15.5,-56.0,INTERNAL,2
-5.7,-48.1,REGIONAL,2
-16.9,-57.3,REGIONAL,2
-6.8,-35.6,EXTERNAL,2
-6.6,-52.0,INTERNAL,2
-14.8,-46.0,EXTERNAL,2
-3.6,-51.9,REGIONAL,2
-15.7,-38.6,REGIONAL,2
-22.1,-56.2,EXTERNAL,2
-6.1,-44.3,EXTERNAL,2
-13.0,-55.2,EXTERNAL,2
-21.8,-49.7,REGIONAL,2
-22.2,-48.2,EXTERNAL,2
-10.3,-49.0,EXTERNAL,2
-16.8,-48.9,REGIONAL,2
-15.2,-44.3,REGIONAL,2
-15.0,-55.9,REGIONAL,2
-18.4,-50.7,EXTERNAL,2
-13.5,-46.4,EXTERNAL,2
-15.3,-47.8,REGIONAL,2
-8.6,-34.5,EXTERNAL,2
-3.6,-52.5,REGIONAL,2
-10.0,-37.3,EXTERNAL,2
-1.9,-59.9,REGIONAL,2
-12.6,-42.8,REGIONAL,2
-3.2,-54.9,REGIONAL,2
-19.5,-28.5,REGIONAL,2
-7.0,-37.0,REGIONAL,2
-25.4,-49.6,EXTERNAL,2
-16.6,-42.1,REGIONAL,2
-5.4,-47.6,EXTERNAL,2
-19.0,-40.5,EXTERNAL,2
-9.1,-44.4,EXTERNAL,2
-22.1,-44.1,EXTERNAL,2
-9.4,-64.8,REGIONAL,2
-22.7,-56.3,EXTERNAL,2
-9.9,-41.6,REGIONAL,2
-15.3,-45.6,EXTERNAL,2
-19.8,-48.6,REGIONAL,2
-23.2,-51.8,REGIONAL,2
-10.9,-40.5,EXTERNAL,2
-20.4,-50.7,REGIONAL,2
-17.9,-44.0,EXTERNAL,2
-15.4,-59.2,REGIONAL,2
-14.0,-41.8,EXTERNAL,2
-16.0,-39.6,EXTERNAL,2
-29.2,-51.6,EXTERNAL,2
-8.0,-72.0,EXTERNAL,2
-17.5,-45.5,REGIONAL,2
-15.0,-43.0,REGIONAL,2
-17.8,-47.1,REGIONAL,2
-16.2,-49.0,EXTERNAL,2
-9.8,-49.7,REGIONAL,2
-15.4,-56.1,REGIONAL,2
-9.9,-40.0,EXTERNAL,2
-26.0,-50.6,REGIONAL,2
-25.8,-48.4,REGIONAL,2
-8.4,-44.0,EXTERNAL,2
-16.0,-57.8,REGIONAL,2
-2.1,-50.1,REGIONAL,2
-6.0,-38.4,REGIONAL,2
-10.5,-37.0,REGIONAL,2
-27.0,-51.7,REGIONAL,2
-20.3,-50.1,EXTERNAL,2
-17.9,-51.9,REGIONAL,2
-16.3,-39.1,EXTERNAL,2
-25.9,-50.5,EXTERNAL,2
0.8,-49.9,REGIONAL,2
-20.9,-46.3,EXTERNAL,2
-19.3,-55.4,REGIONAL,2
-29.5,-50.9,EXTERNAL,2
-24.1,-49.1,REGIONAL,2
-24.3,-52.1,EXTERNAL,2
-24.0,-50.7,REGIONAL,2
-30.0,-50.3,EXTERNAL,2
-1.9,-67.0,REGIONAL,2
-15.3,-59.3,REGIONAL,2
-22.2,-53.1,REGIONAL,2
-15.4,-60.1,REGIONAL,2
-23.7,-45.7,EXTERNAL,2
-15.0,-48.1,REGIONAL,2
-7.5,-42.6,REGIONAL,2
-11.2,-60.0,REGIONAL,2
-17.4,-43.6,REGIONAL,2
-8.4,-40.6,REGIONAL,2
-4.0,-38.4,EXTERNAL,2
-17.8,-50.2,REGIONAL,2
-26.4,-50.9,REGIONAL,2
-9.4,-50.7,REGIONAL,2
-0.1,-63.0,REGIONAL,2
-28.5,-54.0,REGIONAL,2
-4.2,-43.0,REGIONAL,2
-11.0,-55.8,REGIONAL,2
-8.6,-37.8,REGIONAL,2
-22.1,-41.2,REGIONAL,2
-20.6,-56.7,EXTERNAL,2
-10.7,-39.9,EXTERNAL,2
-21.9,-57.6,REGIONAL,2
-8.0,-35.5,EXTERNAL,2
-21.4,-57.3,EXTERNAL,2
-14.7,-52.8,REGIONAL,2
-19.0,-56.0,EXTERNAL,2
-13.4,-56.1,EXTERNAL,2
-5.6,-69.2,REGIONAL,2
-22.7,-48.8,REGIONAL,2
-11.3,-51.1,REGIONAL,2
-20.4,-49.3,REGIONAL,2
-23.2,-49.8,REGIONAL,2
-8.0,-63.7,REGIONAL,2
-9.5,-48.4,REGIONAL,2
-12.1,-48.5,REGIONAL,2
-21.8,-47.6,REGIONAL,2
-2.0,-45.0,EXTERNAL,2
-11.3,-51.8,REGIONAL,2
-32.0,-53.8,REGIONAL,2
-13.8,-48.6,REGIONAL,2
-24.7,-47.7,REGIONAL,2
-15.3,-40.2,REGIONAL,2
-2.6,-50.6,REGIONAL,2
-9.7,-50.2,REGIONAL,2
-18.3,-49.7,REGIONAL,2
-25.0,-48.9,INTERNAL,2
-5.5,-39.5,EXTERNAL,1
-11.4,-56.3,REGIONAL,1
-8.5,-72.4,REGIONAL,1
-10.7,-65.0,REGIONAL,1
-3.9,-54.3,REGIONAL,1
-23.2,-54.8,REGIONAL,1
-9.8,-40.3,REGIONAL,1
-3.0,-45.9,REGIONAL,1
2.6,-63.9,REGIONAL,1
-30.2,-52.1,REGIONAL,1
-10.1,-56.7,REGIONAL,1
-31.0,-55.3,REGIONAL,1
-25.4,-54.0,REGIONAL,1
-8.5,-38.5,REGIONAL,1
-24.9,-48.6,REGIONAL,1
-4.8,-59.5,REGIONAL,1
-9.0,-69.4,REGIONAL,1
-26.5,-50.2,REGIONAL,1
-14.9,-40.6,EXTERNAL,1
-18.9,-46.1,EXTERNAL,1
-25.3,-53.8,REGIONAL,1
-29.1,-52.3,EXTERNAL,1
-9.3,-35.2,EXTERNAL,1
-16.4,-47.8,REGIONAL,1
-28.9,-50.0,REGIONAL,1
-6.2,-54.5,REGIONAL,1
-0.5,-44.5,REGIONAL,1
-31.9,-53.8,REGIONAL,1
-12.5,-35.5,REGIONAL,1
-1.5,-27.5,REGIONAL,1
-7.2,-55.2,REGIONAL,1
-9.6,-38.7,REGIONAL,1
1.5,-52.1,REGIONAL,1
-22.5,-40.5,REGIONAL,1
-1.5,-30.5,REGIONAL,1
-4.5,-39.5,REGIONAL,1
-24.5,-45.5,REGIONAL,1
1.5,-63.5,REGIONAL,1
-23.5,-27.5,REGIONAL,1
-15.4,-44.8,REGIONAL,1
-6.1,-35.8,REGIONAL,1
-10.7,-67.8,REGIONAL,1
-11.7,-11.7,INTERNAL,1
-24.0,-46.0,REGIONAL,1
-15.8,-38.4,REGIONAL,1
-12.3,-42.1,EXTERNAL,1
2.0,-48.2,REGIONAL,1
-14.5,-55.8,REGIONAL,1
-15.9,-43.2,REGIONAL,1
-5.2,-67.1,REGIONAL,1
-11.1,-45.2,REGIONAL,1
-11.1,-63.6,REGIONAL,1
-24.2,-48.9,REGIONAL,1
-8.8,-71.9,REGIONAL,1
-20.4,-29.2,REGIONAL,1
-4.3,-56.3,REGIONAL,1
-21.3,-44.0,EXTERNAL,1
-22.5,-48.1,EXTERNAL,1
-30.1,-50.7,EXTERNAL,1
-9.5,-36.2,EXTERNAL,1
-25.9,-49.1,EXTERNAL,1
-3.2,-41.2,EXTERNAL,1
-21.3,-43.0,EXTERNAL,1
-2.2,-41.6,REGIONAL,1
-10.7,-60.8,REGIONAL,1
-5.4,-49.8,REGIONAL,1
-15.1,-52.2,REGIONAL,1
-22.5,-45.8,REGIONAL,1
-28.5,-46.5,REGIONAL,1
-5.9,-55.0,REGIONAL,1
-9.0,-40.3,EXTERNAL,1
-5.7,-36.5,EXTERNAL,1
-1.7,-59.3,REGIONAL,1
-27.2,-51.4,EXTERNAL,1
-4.6,-43.1,REGIONAL,1
-15.1,-55.6,REGIONAL,1
-21.5,-27.5,REGIONAL,1
-27.7,-51.2,EXTERNAL,1
-10.8,-51.6,EXTERNAL,1
-16.6,-39.5,REGIONAL,1
-13.1,-48.0,REGIONAL,1
-11.2,-44.6,REGIONAL,1
-34.0,-49.1,EXTERNAL,1
-21.2,-40.7,EXTERNAL,1
-10.6,-39.5,EXTERNAL,1
-13.7,-48.7,EXTERNAL,1
-18.6,-45.9,EXTERNAL,1
-20.4,-41.7,EXTERNAL,1
-15.6,-46.5,EXTERNAL,1
-24.2,-52.2,EXTERNAL,1
-22.9,-53.1,EXTERNAL,1
-16.8,-43.0,EXTERNAL,1
-29.1,-51.7,EXTERNAL,1
-28.2,-53.5,EXTERNAL,1
-12.5,-41.8,EXTERNAL,1
-15.9,-49.8,EXTERNAL,1
-19.5,-45.6,EXTERNAL,1
-4.1,-54.9,EXTERNAL,1
-26.5,-48.8,EXTERNAL,1
-13.8,-47.6,EXTERNAL,1
-31.4,-54.5,REGIONAL,1
-0.7,-59.5,REGIONAL,1
-11.4,-42.6,REGIONAL,1
-4.2,-49.5,REGIONAL,1
-15.1,-38.9,REGIONAL,1
-18.7,-44.6,REGIONAL,1
-23.6,-48.7,REGIONAL,1
-9.1,-55.4,REGIONAL,1
-6.7,-34.8,REGIONAL,1
-14.5,-41.3,EXTERNAL,1
-13.4,-38.7,REGIONAL,1
-15.4,-56.6,REGIONAL,1
-33.7,-51.0,EXTERNAL,1
-0.6,-51.6,REGIONAL,1
-6.5,-44.2,EXTERNAL,1
-5.2,-38.1,EXTERNAL,1
-9.7,-36.1,EXTERNAL,1
-6.5,-48.0,REGIONAL,1
-19.3,-57.5,EXTERNAL,1
-4.3,-59.5,EXTERNAL,1
-3.9,-62.0,EXTERNAL,1
-15.7,-39.4,REGIONAL,1
-12.3,-40.3,REGIONAL,1
-21.2,-40.9,REGIONAL,1
-20.7,-45.8,EXTERNAL,1
-14.9,-46.8,REGIONAL,1
-11.1,-65.1,REGIONAL,1
-20.0,-41.8,REGIONAL,1
-29.8,-56.5,REGIONAL,1
-30.7,-47.9,REGIONAL,1
-9.9,-46.5,REGIONAL,1
-15.9,-57.1,EXTERNAL,1
-19.3,-43.7,EXTERNAL,1
-21.8,-49.5,EXTERNAL,1
-13.3,-50.3,REGIONAL,1
-8.1,-39.9,REGIONAL,1
-18.5,-27.5,REGIONAL,1
-6.3,-33.4,EXTERNAL,1
-23.7,-48.1,EXTERNAL,1
-13.7,-52.4,REGIONAL,1
-15.1,-44.6,REGIONAL,1
-20.4,-44.1,EXTERNAL,1
-12.2,-41.3,EXTERNAL,1
-23.1,-54.9,EXTERNAL,1
-24.1,-52.2,EXTERNAL,1
-8.2,-35.4,EXTERNAL,1
-28.8,-51.7,EXTERNAL,1
-14.9,-42.0,EXTERNAL,1
-14.3,-47.5,EXTERNAL,1
-11.8,-39.6,EXTERNAL,1
-22.5,-42.4,EXTERNAL,1
-16.3,-57.6,EXTERNAL,1
-14.9,-47.1,EXTERNAL,1
-21.6,-51.7,EXTERNAL,1
-21.5,-46.5,EXTERNAL,1
-6.4,-47.5,EXTERNAL,1
-15.8,-58.4,EXTERNAL,1
-16.5,-49.0,EXTERNAL,1
-21.8,-49.9,EXTERNAL,1
-3.1,-45.0,EXTERNAL,1
-24.2,-50.9,EXTERNAL,1
-13.5,-52.0,REGIONAL,1
-5.5,-43.6,REGIONAL,1
-32.1,-51.9,REGIONAL,1
-19.8,-44.7,REGIONAL,1
-29.6,-54.7,REGIONAL,1
-24.8,-49.9,EXTERNAL,1
-15.8,-41.6,REGIONAL,1
-31.6,-52.8,REGIONAL,1
-23.9,-54.0,REGIONAL,1
-4.1,-60.6,REGIONAL,1
-29.9,-56.8,REGIONAL,1
-4.1,-60.7,REGIONAL,1
-20.9,-51.3,REGIONAL,1
-8.2,-49.5,REGIONAL,1
-13.0,-39.7,REGIONAL,1
-16.8,-40.3,REGIONAL,1
-19.1,-40.9,REGIONAL,1
-8.2,-61.3,REGIONAL,1
-4.9,-60.5,EXTERNAL,1
-9.3,-54.9,EXTERNAL,1
-25.0,-48.9,REGIONAL,1
-19.2,-56.7,EXTERNAL,1
-20.1,-55.6,EXTERNAL,1
-25.4,-5.5,REGIONAL,1
-9.2,-49.6,REGIONAL,1
-15.5,-48.4,REGIONAL,1
-20.5,-29.4,REGIONAL,1
-7.5,-73.1,REGIONAL,1
-11.2,-59.7,REGIONAL,1
-29.4,-53.8,REGIONAL,1
-24.2,-44.8,REGIONAL,1
-24.4,-49.4,REGIONAL,1
-17.0,-57.5,REGIONAL,1
-23.6,-43.9,REGIONAL,1
-6.1,-68.1,REGIONAL,1
-10.5,-60.9,REGIONAL,1
-23.6,-44.5,REGIONAL,1
-19.6,-51.9,REGIONAL,1
-15.7,-52.5,REGIONAL,1
-11.6,-64.6,REGIONAL,1
-7.2,-48.0,REGIONAL,1
-10.5,-39.4,REGIONAL,1
-10.2,-38.2,REGIONAL,1
-21.8,-50.8,REGIONAL,1
-27.1,-51.1,EXTERNAL,1
-14.0,-39.8,EXTERNAL,1
-17.5,-49.5,EXTERNAL,1
-15.6,-42.6,EXTERNAL,1
-25.5,-52.5,EXTERNAL,1
-6.7,-37.7,EXTERNAL,1
-4.2,-50.0,EXTERNAL,1
-17.7,-51.0,EXTERNAL,1
-24.1,-47.5,EXTERNAL,1
-17.0,-43.9,EXTERNAL,1
-7.5,-73.7,EXTERNAL,1
-7.6,-43.0,EXTERNAL,1
-18.3,-49.5,EXTERNAL,1
-30.0,-55.3,EXTERNAL,1
-5.6,-47.4,EXTERNAL,1
-30.2,-52.2,EXTERNAL,1
-12.9,-39.2,EXTERNAL,1
-3.6,-41.7,REGIONAL,1
-8.8,-36.8,EXTERNAL,1
-20.6,-39.7,REGIONAL,1
-23.7,-44.9,REGIONAL,1
-20.4,-39.7,REGIONAL,1
-28.8,-50.4,REGIONAL,1
-13.5,-38.4,REGIONAL,1
-5.1,-38.3,REGIONAL,1
-6.6,-48.4,EXTERNAL,1
-21.2,-56.7,EXTERNAL,1
-15.5,-43.8,EXTERNAL,1
-23.9,-49.5,EXTERNAL,1
-27.7,-54.8,EXTERNAL,1
-20.8,-40.2,EXTERNAL,1
-20.8,-41.0,EXTERNAL,1
-0.8,-47.7,INTERNAL,1
-22.7,-41.6,REGIONAL,1
-23.9,-47.3,EXTERNAL,1
-17.2,-51.1,REGIONAL,1
-5.9,-48.6,REGIONAL,1
-17.7,-46.3,REGIONAL,1
-3.5,-58.0,REGIONAL,1
-32.4,-52.0,REGIONAL,1
-9.0,-68.8,REGIONAL,1
-19.2,-46.1,REGIONAL,1
-28.6,-49.9,EXTERNAL,1
-15.5,-54.3,REGIONAL,1
-7.2,-39.2,REGIONAL,1
-4.1,-55.3,REGIONAL,1
-22.8,-51.4,REGIONAL,1
-10.4,-63.7,REGIONAL,1
-11.0,-65.4,REGIONAL,1
-18.8,-50.6,EXTERNAL,1
-10.7,-37.3,EXTERNAL,1
-10.5,-68.3,REGIONAL,1
-9.8,-70.1,REGIONAL,1
-20.3,-47.6,REGIONAL,1
-9.8,-49.0,REGIONAL,1
-1.8,-51.7,REGIONAL,1
-12.7,-40.0,REGIONAL,1
-16.3,-47.6,EXTERNAL,1
-11.8,-49.0,EXTERNAL,1
-31.8,-53.1,EXTERNAL,1
-3.3,-57.4,EXTERNAL,1
-14.9,-46.9,REGIONAL,1
-1.2,-46.7,REGIONAL,1
-18.0,-54.8,REGIONAL,1
-26.5,-53.4,REGIONAL,1
-10.4,-45.0,REGIONAL,1
-28.5,-55.0,REGIONAL,1
3.4,-63.1,REGIONAL,1
-17.2,-51.9,REGIONAL,1
-17.2,-54.8,REGIONAL,1
-9.6,-33.5,REGIONAL,1
-28.2,-50.1,REGIONAL,1
-6.7,-37.8,REGIONAL,1
-13.4,-49.4,REGIONAL,1
-13.6,-41.5,REGIONAL,1
-4.2,-49.7,REGIONAL,1
-28.5,-53.1,REGIONAL,1
-16.9,-39.2,EXTERNAL,1
-0.4,-37.6,EXTERNAL,1
-22.8,-50.6,REGIONAL,1
-8.1,-49.3,REGIONAL,1
-11.5,-46.8,REGIONAL,1
-22.3,-49.3,EXTERNAL,1
-28.7,-53.9,REGIONAL,1
-28.6,-50.8,EXTERNAL,1
-27.6,-53.7,REGIONAL,1
-17.0,-48.5,EXTERNAL,1
-20.0,-43.1,EXTERNAL,1
-13.7,-49.3,REGIONAL,1
-20.7,-50.0,REGIONAL,1
-20.3,-47.0,EXTERNAL,1
-23.6,-50.6,REGIONAL,1
-20.8,-50.0,REGIONAL,1
-21.4,-51.9,REGIONAL,1
-21.6,-50.6,REGIONAL,1
-23.6,-52.1,REGIONAL,1
-18.5,-39.8,EXTERNAL,1
-26.6,-53.6,EXTERNAL,1
-2.6,-60.5,REGIONAL,1
-21.8,-50.2,REGIONAL,1
-21.6,-50.4,REGIONAL,1
-6.4,-37.7,REGIONAL,1
-21.2,-49.1,REGIONAL,1
-23.2,-49.6,EXTERNAL,1
-23.4,-52.3,EXTERNAL,1
-18.7,-49.2,EXTERNAL,1
-13.6,-39.4,REGIONAL,1
-16.2,-51.3,REGIONAL,1
-2.1,-56.0,EXTERNAL,1
-23.1,-53.5,REGIONAL,1
-22.8,-44.8,EXTERNAL,1
-20.0,-50.7,REGIONAL,1
-23.3,-52.2,REGIONAL,1
-19.1,-42.9,REGIONAL,1
-9.0,-35.7,REGIONAL,1
-20.4,-44.0,EXTERNAL,1
-20.0,-46.2,REGIONAL,1
-19.6,-54.5,EXTERNAL,1
-16.6,-47.7,EXTERNAL,1
-10.8,-37.2,EXTERNAL,1
-22.4,-51.5,EXTERNAL,1
-10.9,-37.4,EXTERNAL,1
-21.2,-54.6,EXTERNAL,1
-8.6,-37.3,EXTERNAL,1
-10.5,-36.8,EXTERNAL,1
2.2,-61.2,REGIONAL,1
-18.0,-40.7,REGIONAL,1
-29.8,-50.6,REGIONAL,1
-22.4,-51.8,EXTERNAL,1
-18.9,-48.0,EXTERNAL,1
-20.4,-52.8,EXTERNAL,1
-27.5,-52.2,REGIONAL,1
-8.2,-64.0,REGIONAL,1
1.7,-51.1,REGIONAL,1
-12.0,-39.8,REGIONAL,1
-7.0,-34.3,REGIONAL,1
-14.6,-57.1,REGIONAL,1
-7.6,-31.8,REGIONAL,1
-29.5,-45.5,REGIONAL,1
-15.2,-47.7,REGIONAL,1
-2.7,-43.1,REGIONAL,1
-20.9,-45.7,REGIONAL,1
-7.2,-49.4,REGIONAL,1
-7.8,-31.5,REGIONAL,1
-29.0,-52.6,REGIONAL,1
-21.4,-40.9,REGIONAL,1
-31.4,-52.2,EXTERNAL,1
-4.5,-52.7,REGIONAL,1
-7.0,0.0,EXTERNAL,1
-11.2,-37.3,EXTERNAL,1
-3.8,-59.0,EXTERNAL,1
-18.1,-57.3,EXTERNAL,1
-14.8,-45.7,REGIONAL,1
-17.9,-46.8,EXTERNAL,1
1.7,-52.5,REGIONAL,1
-15.4,-59.4,REGIONAL,1
-22.8,-53.7,REGIONAL,1
-6.2,-33.9,REGIONAL,1
-17.1,-49.1,REGIONAL,1
-6.9,-45.3,REGIONAL,1
-18.9,-41.4,REGIONAL,1
-6.9,-31.4,REGIONAL,1
-27.5,-50.0,REGIONAL,1
-8.5,-46.3,REGIONAL,1
-19.7,-43.4,REGIONAL,1
-17.4,-56.1,REGIONAL,1
-9.3,-55.0,REGIONAL,1
-18.5,-46.3,REGIONAL,1
-6.1,-35.6,REGIONAL,1
-3.8,-38.8,EXTERNAL,1
-4.4,-38.0,REGIONAL,1
-5.0,-47.7,REGIONAL,1
-7.7,-32.8,REGIONAL,1
-28.0,-48.0,EXTERNAL,1
-16.0,-58.0,EXTERNAL,1
-8.7,-34.0,REGIONAL,1
-14.7,-52.6,REGIONAL,1
-10.1,-37.3,REGIONAL,1
-6.7,-69.9,REGIONAL,1
-13.2,-52.6,REGIONAL,1
-22.8,-52.2,REGIONAL,1
-6.4,-49.8,EXTERNAL,1
-14.4,-44.2,REGIONAL,1
-24.5,-50.3,EXTERNAL,1
-19.6,-44.3,EXTERNAL,1
-2.4,-48.3,EXTERNAL,1
-9.2,-62.2,REGIONAL,1
-8.3,-42.2,EXTERNAL,1
-6.3,-37.2,REGIONAL,1
-30.5,-53.0,REGIONAL,1
-5.5,-59.7,REGIONAL,1
-2.0,-45.5,REGIONAL,1
-19.0,-44.5,REGIONAL,1
-7.4,-39.1,EXTERNAL,1
-2.0,-55.6,REGIONAL,1
-5.1,-43.3,REGIONAL,1
-30.9,-54.3,REGIONAL,1
2.4,-60.6,REGIONAL,1
-3.4,-51.2,REGIONAL,1
-13.9,-60.5,REGIONAL,1
-13.5,-49.5,REGIONAL,1
-10.2,-41.3,REGIONAL,1
-26.4,-52.8,EXTERNAL,1
-7.9,-49.5,REGIONAL,1
-8.5,-70.0,REGIONAL,1
-8.1,-63.6,REGIONAL,1
-6.2,-35.3,EXTERNAL,1
-21.2,-51.5,EXTERNAL,1
-26.0,-51.3,EXTERNAL,1
-2.9,-40.8,EXTERNAL,1
-18.4,-48.8,EXTERNAL,1
-11.1,-48.9,EXTERNAL,1
-25.4,-50.8,EXTERNAL,1
-18.2,-44.6,EXTERNAL,1
-26.7,-50.8,REGIONAL,1
-6.1,-38.3,EXTERNAL,1
-20.6,-47.8,EXTERNAL,1
-23.1,-51.1,EXTERNAL,1
-11.4,-55.2,REGIONAL,1
-3.2,-59.7,REGIONAL,1
-21.6,-57.6,REGIONAL,1
-5.6,-65.0,REGIONAL,1
-9.8,-42.9,REGIONAL,1
-30.3,-57.6,REGIONAL,1
-19.8,-57.2,REGIONAL,1
0.7,-66.0,REGIONAL,1
-1.6,-46.1,REGIONAL,1
-14.8,-51.2,REGIONAL,1
-3.5,-58.4,REGIONAL,1
-13.2,-40.9,REGIONAL,1
-5.1,-66.9,REGIONAL,1
-5.6,-40.1,REGIONAL,1
-22.7,-40.7,INTERNAL,1
-11.9,-62.6,REGIONAL,1
-10.8,-56.7,REGIONAL,1
-15.7,-51.2,REGIONAL,1
-17.2,-49.7,REGIONAL,1
-5.7,-37.9,EXTERNAL,1
-27.8,-51.7,EXTERNAL,1
-15.2,-49.1,EXTERNAL,1
-27.4,-52.3,EXTERNAL,1
-17.6,-57.1,REGIONAL,1
-7.8,-39.4,EXTERNAL,1
-16.0,-57.5,REGIONAL,1
-22.5,-40.8,INTERNAL,1
-4.5,-45.0,REGIONAL,1
-8.0,-46.8,EXTERNAL,1
1.7,-60.4,REGIONAL,1
-23.7,-47.9,EXTERNAL,1
-2.1,-66.1,REGIONAL,1
-19.3,-51.1,EXTERNAL,1
-22.2,-38.7,INTERNAL,1
-16.6,-46.0,EXTERNAL,1
-18.5,-46.4,EXTERNAL,1
-10.4,-54.5,REGIONAL,1
-1.2,-57.0,REGIONAL,1
-23.5,-50.9,EXTERNAL,1
-14.4,-38.5,INTERNAL,1
-11.2,-61.1,REGIONAL,1
-7.3,-37.2,REGIONAL,1
-14.9,-38.3,INTERNAL,1
-17.9,-39.3,REGIONAL,1
-27.2,-53.2,REGIONAL,1
-27.0,-52.3,REGIONAL,1
-15.7,-55.9,REGIONAL,1
-6.2,-39.0,REGIONAL,1
1.2,-51.1,REGIONAL,1
3.6,-61.8,REGIONAL,1
-1.0,-49.5,REGIONAL,1
-20.4,-39.0,INTERNAL,1
-26.5,-47.0,INTERNAL,1
-4.6,-56.3,EXTERNAL,1
-16.8,-47.9,REGIONAL,1
-18.8,-46.9,REGIONAL,1
-20.7,-41.2,EXTERNAL,1
-18.6,-54.8,REGIONAL,1
-16.5,-49.9,REGIONAL,1
-17.7,-49.0,REGIONAL,1
-8.2,-37.6,REGIONAL,1
-26.8,-53.6,EXTERNAL,1
-5.6,-32.8,REGIONAL,1
-33.0,-53.0,REGIONAL,1
-16.3,-52.4,REGIONAL,1
-26.8,-47.2,INTERNAL,1
-32.0,-50.0,REGIONAL,1
-31.1,-49.5,REGIONAL,1
-22.9,-41.6,REGIONAL,1
-27.6,-47.2,REGIONAL,1
-29.2,-48.5,INTERNAL,1
-6.2,-35.1,INTERNAL,1
-0.4,-29.9,REGIONAL,1
-6.1,-35.1,INTERNAL,1
2.0,-30.1,REGIONAL,1
-3.4,-32.1,REGIONAL,1
-28.8,-51.8,REGIONAL,1
-16.3,-54.5,REGIONAL,1
-9.8,-32.7,REGIONAL,1
-10.3,-32.3,REGIONAL,1
-18.7,-38.8,REGIONAL,1
-1.1,-27.0,REGIONAL,1
-5.7,-31.7,REGIONAL,1
-17.4,-35.4,REGIONAL,1
-24.4,-41.5,REGIONAL,1
-23.8,-38.6,REGIONAL,1
-31.0,-49.5,REGIONAL,1
-1.9,-34.1,REGIONAL,1
-26.0,-42.3,REGIONAL,1
-32.0,-48.8,REGIONAL,1
-33.1,-50.8,REGIONAL,1
-33.2,-52.2,INTERNAL,1
-27.9,-44.7,REGIONAL,1
-26.7,-43.2,REGIONAL,1
-31.7,-46.9,REGIONAL,1
-31.2,-47.7,REGIONAL,1
-30.7,-46.1,REGIONAL,1
-14.6,-36.0,REGIONAL,1
-26.9,-44.0,REGIONAL,1
-1.7,-50.2,INTERNAL,1
-22.7,-43.7,INTERNAL,1
-10.0,-35.9,INTERNAL,1
-22.5,-42.8,INTERNAL,1
-14.8,-38.9,INTERNAL,1
-26.0,-46.4,INTERNAL,1
-27.1,-44.7,REGIONAL,1
-30.9,-47.8,REGIONAL,1
-10.8,-35.5,REGIONAL,1
-14.7,-36.7,REGIONAL,1
-34.4,-51.7,REGIONAL,1
-32.1,-48.3,REGIONAL,1
-32.7,-48.6,REGIONAL,1
-33.7,-49.5,REGIONAL,1
-21.9,-45.0,REGIONAL,1
-11.9,-56.6,REGIONAL,1
-16.2,-41.2,REGIONAL,1
-21.9,-51.4,REGIONAL,1
-26.1,-51.2,REGIONAL,1
-26.8,-48.1,INTERNAL,1
-8.9,-37.7,REGIONAL,1
-21.1,-40.3,INTERNAL,1
-12.3,-64.5,REGIONAL,1
-3.7,-38.1,INTERNAL,1
-32.4,-50.5,INTERNAL,1
-19.2,-42.1,REGIONAL,1
-2.0,-44.5,REGIONAL,1
-22.0,-58.0,REGIONAL,1
-22.9,-49.1,REGIONAL,1
-34.1,-52.2,INTERNAL,1
-33.2,-51.2,INTERNAL,1
-22.3,-45.3,REGIONAL,1
-8.9,-67.8,REGIONAL,1
-19.1,-40.4,REGIONAL,1
3.0,-60.2,REGIONAL,1
-33.3,-52.0,INTERNAL,1
-8.3,-50.0,REGIONAL,1
-10.7,-41.6,REGIONAL,1
-17.4,-41.9,REGIONAL,1
-4.0,-35.9,INTERNAL,1
-19.8,-45.1,EXTERNAL,1
-16.8,-41.4,REGIONAL,1
-28.4,-54.5,REGIONAL,1
-22.6,-41.6,INTERNAL,1
-30.9,-53.2,EXTERNAL,1
-22.7,-41.7,INTERNAL,1
-23.8,-48.7,EXTERNAL,1
-29.1,-52.8,REGIONAL,1
-16.8,-38.7,INTERNAL,1
-4.5,-37.1,INTERNAL,1
4.3,-60.4,REGIONAL,1
-24.8,-48.1,REGIONAL,1
-22.4,-41.7,INTERNAL,1
-9.6,-37.4,EXTERNAL,1
2.6,-61.6,REGIONAL,1
-23.1,-45.5,EXTERNAL,1
-11.0,-40.2,REGIONAL,1
-11.5,-50.5,EXTERNAL,1
-18.3,-44.4,REGIONAL,1
-6.3,-35.0,INTERNAL,1
-14.7,-56.3,EXTERNAL,1
-13.2,-53.0,REGIONAL,1
-5.6,-48.7,REGIONAL,1
-7.2,-47.5,REGIONAL,1
-8.3,-59.8,REGIONAL,1
-2.8,-58.4,REGIONAL,1
-23.9,-51.0,REGIONAL,1
-8.4,-34.8,REGIONAL,1
-8.4,-37.6,REGIONAL,1
-13.8,-46.8,REGIONAL,1
-25.5,-50.0,EXTERNAL,1
-19.6,-54.0,EXTERNAL,1
-23.1,-49.2,REGIONAL,1
-0.3,-67.1,REGIONAL,1
-4.4,-40.9,EXTERNAL,1
-16.8,-40.7,EXTERNAL,1
-31.7,-53.1,EXTERNAL,1
-7.9,-46.8,EXTERNAL,1
-20.8,-47.2,EXTERNAL,1
-14.0,-39.5,EXTERNAL,1
-15.0,-52.2,REGIONAL,1
-3.3,-40.0,EXTERNAL,1
-15.7,-48.5,REGIONAL,1
-14.9,-39.9,REGIONAL,1
-20.8,-45.2,EXTERNAL,1
-22.2,-45.4,EXTERNAL,1
-21.2,-45.1,EXTERNAL,1
-13.5,-46.0,REGIONAL,1
-9.8,-39.1,REGIONAL,1
-22.8,-50.0,REGIONAL,1
-2.3,-55.1,EXTERNAL,1
-25.6,-54.4,EXTERNAL,1
-9.9,-55.0,EXTERNAL,1
1.2,-64.7,REGIONAL,1
-16.0,-57.4,REGIONAL,1
-6.6,-35.1,EXTERNAL,1
-19.9,-47.7,EXTERNAL,1
-33.2,-52.6,EXTERNAL,1
-0.4,-65.0,EXTERNAL,1
-21.0,-54.2,REGIONAL,1
3.3,-60.6,EXTERNAL,1
-1.9,-64.0,REGIONAL,1
-21.2,-42.5,INTERNAL,1
-9.3,-39.8,INTERNAL,1
-20.8,-48.3,INTERNAL,1
-8.8,-46.4,REGIONAL,1
22.1,-80.5,INTERNAL,1
-20.0,-50.3,INTERNAL,1
-2.0,-68.0,REGIONAL,1
4.5,-50.2,INTERNAL,1
-11.1,-63.8,INTERNAL,1
-22.8,-48.1,INTERNAL,1
-6.5,-44.6,REGIONAL,1
-13.6,-43.4,REGIONAL,1
-19.9,-54.8,REGIONAL,1
-23.4,-50.4,REGIONAL,1
-21.2,-48.2,INTERNAL,1
-13.1,-50.1,REGIONAL,1
-8.0,-37.1,EXTERNAL,1
-15.2,-46.8,REGIONAL,1
-10.6,-48.6,REGIONAL,1
-2.9,-41.5,INTERNAL,1
-3.1,-60.2,EXTERNAL,1
-14.6,-47.4,EXTERNAL,1
-10.1,-40.2,INTERNAL,1
-9.7,-67.1,INTERNAL,1
-31.3,-53.9,EXTERNAL,1
-8.3,-31.3,REGIONAL,1
-31.6,-51.3,REGIONAL,1
-23.4,-43.3,EXTERNAL,1
-21.2,-41.8,REGIONAL,1
-3.1,-40.1,EXTERNAL,1
-6.3,-40.2,EXTERNAL,1
-15.8,-50.8,REGIONAL,1
-14.0,-49.1,REGIONAL,1
3.5,-51.5,REGIONAL,1
-25.7,-52.2,EXTERNAL,1
-1.7,-49.6,REGIONAL,1
-5.1,-37.6,EXTERNAL,1
-6.9,-50.5,REGIONAL,1
-13.7,-59.8,EXTERNAL,1
-21.7,-48.9,EXTERNAL,1
-20.6,-37.6,REGIONAL,1
-2.7,-60.9,EXTERNAL,1
-17.8,-51.7,EXTERNAL,1
-24.4,-47.5,REGIONAL,1
-14.6,-40.0,REGIONAL,1
-6.9,-38.8,EXTERNAL,1
-19.4,-44.5,EXTERNAL,1
-5.8,-37.4,REGIONAL,1
-14.7,-40.4,REGIONAL,1
-18.6,-44.5,REGIONAL,1
-13.5,-51.6,REGIONAL,1
-1.0,-47.2,REGIONAL,1
-18.1,-48.3,EXTERNAL,1
-8.2,-36.2,EXTERNAL,1
-2.5,-43.7,REGIONAL,1
-28.2,-54.2,EXTERNAL,1
-11.6,-54.9,EXTERNAL,1
-8.5,-63.9,REGIONAL,1
-24.0,-48.2,REGIONAL,1
-12.8,-42.2,EXTERNAL,1
-2.5,-44.0,EXTERNAL,1
-9.1,-68.6,EXTERNAL,1
-13.4,-56.6,REGIONAL,1
-9.6,-40.4,INTERNAL,1
-15.4,-61.3,INTERNAL,1
-21.5,-41.5,REGIONAL,1
-20.4,-57.2,REGIONAL,1
-8.6,-40.9,EXTERNAL,1
-3.8,-40.8,EXTERNAL,1
-22.9,-49.9,REGIONAL,1
-19.5,-45.3,EXTERNAL,1
-20.2,-46.4,EXTERNAL,1
-3.4,-57.6,EXTERNAL,1
-9.5,-55.6,REGIONAL,1
-27.6,-54.9,EXTERNAL,1
-16.3,-43.0,EXTERNAL,1
-20.6,-43.9,EXTERNAL,1
-10.6,-51.7,EXTERNAL,1
-18.1,-43.6,EXTERNAL,1
-21.1,-46.3,EXTERNAL,1
-18.3,-43.7,EXTERNAL,1
-21.3,-56.1,EXTERNAL,1
-14.9,-60.1,EXTERNAL,1
-15.0,-39.9,REGIONAL,1
-18.9,-56.4,REGIONAL,1
-1.2,-52.7,REGIONAL,1
-5.5,-41.4,REGIONAL,1
-10.1,-65.2,REGIONAL,1
-10.6,-51.4,REGIONAL,1
-18.0,-48.6,EXTERNAL,1
-4.4,-41.8,EXTERNAL,1
-20.9,-54.8,REGIONAL,1
-21.4,-46.8,EXTERNAL,1
-9.5,-55.8,EXTERNAL,1
-19.1,-42.4,REGIONAL,1
-4.7,-53.5,REGIONAL,1
0.3,-52.4,REGIONAL,1
0.0,-63.0,REGIONAL,1
-4.0,-58.1,REGIONAL,1
-8.4,-71.4,REGIONAL,1
-6.0,-35.5,REGIONAL,1
-9.3,-62.7,REGIONAL,1
2.0,-52.9,REGIONAL,1
-15.7,-57.3,EXTERNAL,1
-8.3,-49.5,REGIONAL,1
3.4,-63.5,REGIONAL,1
-14.7,-57.1,REGIONAL,1
-14.3,-47.0,REGIONAL,1
-21.8,-54.9,REGIONAL,1
-8.8,-36.1,REGIONAL,1
-9.3,-43.2,REGIONAL,1
-28.5,-50.3,REGIONAL,1
2.4,-61.2,EXTERNAL,1
-15.1,-44.3,EXTERNAL,1
-16.6,-57.7,REGIONAL,1
-17.3,-56.3,EXTERNAL,1
-2.8,-60.1,EXTERNAL,1
-1.6,-63.0,REGIONAL,1
-18.4,-48.0,REGIONAL,1
-10.1,-41.0,REGIONAL,1
-19.1,-52.1,REGIONAL,1
-14.4,-38.8,REGIONAL,1
-13.3,-40.9,REGIONAL,1
2.6,-61.4,REGIONAL,1
-22.7,-51.8,REGIONAL,1
-10.2,-63.9,REGIONAL,1
-13.6,-52.5,REGIONAL,1
3.0,-60.1,REGIONAL,1
-22.5,-49.6,REGIONAL,1
-24.0,-54.0,REGIONAL,1
-3.1,-47.4,REGIONAL,1
-17.6,-50.4,REGIONAL,1
-27.6,-49.8,REGIONAL,1
-20.8,-56.4,REGIONAL,1
-10.1,-56.6,REGIONAL,1
-4.9,-47.7,REGIONAL,1
-0.9,-47.1,EXTERNAL,1
-23.3,-45.6,EXTERNAL,1
-6.6,-35.9,EXTERNAL,1
-4.0,-38.3,EXTERNAL,1
-8.4,-35.6,EXTERNAL,1
-8.7,-67.3,EXTERNAL,1
-29.7,-51.6,EXTERNAL,1
-6.2,-36.7,EXTERNAL,1
-28.2,-50.8,EXTERNAL,1
-31.1,-54.3,EXTERNAL,1
-9.5,-48.6,EXTERNAL,1
-21.9,-48.0,EXTERNAL,1
-3.1,-52.2,EXTERNAL,1
-4.4,-44.6,EXTERNAL,1
-28.5,-52.5,EXTERNAL,1
-21.7,-45.8,EXTERNAL,1
-14.9,-41.1,EXTERNAL,1
-22.7,-40.5,EXTERNAL,1
-24.1,-45.5,EXTERNAL,1
-9.7,-45.2,REGIONAL,1
-8.6,-37.9,REGIONAL,1
-1.8,-65.5,REGIONAL,1
-9.7,-42.1,REGIONAL,1
-8.3,-47.8,REGIONAL,1
-11.9,-39.3,EXTERNAL,1
-17.4,-48.2,REGIONAL,1
-6.1,-42.3,EXTERNAL,1
-3.8,-63.5,REGIONAL,1
-9.3,-68.6,REGIONAL,1
-10.6,-36.7,REGIONAL,1
-9.6,-38.0,EXTERNAL,1
-28.0,-50.7,EXTERNAL,1
-27.4,-49.3,EXTERNAL,1
-25.9,-52.8,EXTERNAL,1
-11.6,-51.7,REGIONAL,1
-10.6,-55.1,REGIONAL,1
-29.8,-53.8,REGIONAL,1
-4.8,-43.3,REGIONAL,1
-21.5,-50.4,EXTERNAL,1
-6.5,-38.9,EXTERNAL,1
-17.7,-44.7,EXTERNAL,1
-24.0,-45.6,EXTERNAL,1
-27.6,-54.2,REGIONAL,1
-26.6,-51.8,REGIONAL,1
-7.0,-52.3,REGIONAL,1
-16.5,-41.8,REGIONAL,1
-10.8,-36.1,EXTERNAL,1
-7.4,-49.1,REGIONAL,1
-4.4,-66.5,REGIONAL,1
-4.4,-37.7,REGIONAL,1
-11.8,-38.6,REGIONAL,1
-24.7,-48.7,REGIONAL,1
-22.4,-44.2,REGIONAL,1
-19.2,-43.4,INTERNAL,1
-15.1,-59.6,REGIONAL,1
-11.3,-56.9,REGIONAL,1
-10.9,-55.0,REGIONAL,1
-9.7,-63.6,REGIONAL,1
-12.5,-39.7,REGIONAL,1
-0.5,-39.5,REGIONAL,1
-19.4,-56.5,REGIONAL,1
-13.3,-13.3,REGIONAL,1
-9.5,-45.5,REGIONAL,1
-6.5,-59.5,REGIONAL,1
-29.8,-55.8,INTERNAL,1
-21.5,-40.5,REGIONAL,1
-0.5,-32.5,REGIONAL,1
-9.5,-63.5,REGIONAL,1
-8.7,-61.5,REGIONAL,1
-10.6,-50.0,EXTERNAL,1
-13.3,-49.2,EXTERNAL,1
-12.4,-40.5,INTERNAL,1
-10.2,-37.6,INTERNAL,1
-12.3,-40.5,INTERNAL,1
-22.3,-28.7,EXTERNAL,1
-21.7,-42.7,INTERNAL,1
-14.8,-42.6,REGIONAL,1
-17.5,-39.6,EXTERNAL,1
-29.8,-54.0,EXTERNAL,1
-24.5,-51.7,EXTERNAL,1
-11.3,-48.4,EXTERNAL,1
-3.7,-45.6,REGIONAL,1
-30.2,-54.4,REGIONAL,1
-15.0,-45.4,REGIONAL,1
-22.7,-49.1,REGIONAL,1
-26.0,-52.8,REGIONAL,1
-5.5,-36.3,REGIONAL,1
-17.3,-43.1,REGIONAL,1
-28.9,-48.6,REGIONAL,1
-27.7,-52.2,REGIONAL,1
-16.3,-55.6,REGIONAL,1
-30.5,-54.2,REGIONAL,1
-18.6,-44.3,REGIONAL,1
-25.1,-48.6,REGIONAL,1
-16.5,-44.1,REGIONAL,1
-22.3,-55.2,REGIONAL,1
-10.6,-43.6,REGIONAL,1
-17.6,-55.8,REGIONAL,1
-7.9,-37.4,REGIONAL,1
-21.4,-53.1,REGIONAL,1
-4.1,-59.2,REGIONAL,1
-15.8,-47.6,EXTERNAL,1
-23.2,-51.6,REGIONAL,1
-26.9,-48.5,REGIONAL,1
-18.5,-41.0,REGIONAL,1
-3.9,-40.8,REGIONAL,1
-19.4,-44.7,REGIONAL,1
-18.2,-55.5,REGIONAL,1
-25.1,-48.5,REGIONAL,1
-2.0,-56.6,REGIONAL,1
-0.2,-63.2,REGIONAL,1
-15.4,-58.7,REGIONAL,1
-6.0,-35.7,REGIONAL,1
-21.0,-40.6,REGIONAL,1
-5.8,-38.6,REGIONAL,1
-1.1,-48.8,REGIONAL,1
-5.2,-48.2,REGIONAL,1
-25.7,-53.9,REGIONAL,1
-30.0,-49.9,REGIONAL,1
-15.7,-39.0,REGIONAL,1
-19.5,-38.4,INTERNAL,1
-6.4,-37.5,EXTERNAL,1
-9.0,-62.0,REGIONAL,1
-20.3,-51.2,REGIONAL,1
-22.6,-44.3,REGIONAL,1
-15.1,-49.5,EXTERNAL,1
-9.8,-67.6,EXTERNAL,1
-26.3,-53.5,EXTERNAL,1
-13.8,-39.4,REGIONAL,1
-29.8,-56.7,REGIONAL,1
-8.1,-39.5,EXTERNAL,1
2.6,-59.9,REGIONAL,1
-22.6,-45.1,REGIONAL,1
-14.5,-42.9,REGIONAL,1
1.3,-60.9,REGIONAL,1
-23.0,-47.6,REGIONAL,1
-2.7,-49.0,REGIONAL,1
-5.8,-48.9,REGIONAL,1
-17.1,-52.5,REGIONAL,1
-9.5,-56.9,REGIONAL,1
-16.4,-44.1,REGIONAL,1
-24.5,-52.6,EXTERNAL,1
-20.6,-50.8,EXTERNAL,1
-23.2,-51.0,EXTERNAL,1
-14.9,-39.6,EXTERNAL,1
-13.7,-41.7,EXTERNAL,1
-12.3,-38.3,EXTERNAL,1
-2.1,-44.6,EXTERNAL,1
-27.8,-52.8,EXTERNAL,1
-15.7,-54.3,REGIONAL,1
-17.1,-55.4,REGIONAL,1
-8.5,-63.3,EXTERNAL,1
-17.0,-49.6,EXTERNAL,1
-0.6,-48.5,EXTERNAL,1
-3.0,-48.9,EXTERNAL,1
-25.5,-50.1,EXTERNAL,1
-22.3,-44.4,EXTERNAL,1
-16.8,-42.6,EXTERNAL,1
-17.9,-47.8,EXTERNAL,1
-7.3,-38.9,EXTERNAL,1
-27.1,-49.8,EXTERNAL,1
-24.0,-52.1,EXTERNAL,1
-20.9,-49.7,EXTERNAL,1
-9.7,-61.9,EXTERNAL,1
-18.1,-41.5,EXTERNAL,1
-24.0,-52.7,REGIONAL,1
-20.6,-39.5,REGIONAL,1
-20.8,-39.8,REGIONAL,1
-30.7,-55.5,EXTERNAL,1
-25.1,-49.0,REGIONAL,1
-24.0,-41.6,REGIONAL,1
-13.7,-48.9,EXTERNAL,1
-22.1,-54.2,REGIONAL,1
-23.8,-55.3,REGIONAL,1
-10.9,-41.2,EXTERNAL,1
-27.4,-50.7,REGIONAL,1
-13.6,-42.2,REGIONAL,1
-1.1,-57.0,INTERNAL,1
-20.4,-52.9,INTERNAL,1
-7.5,-36.6,REGIONAL,1
-20.5,-41.4,INTERNAL,1
-26.6,-50.7,EXTERNAL,1
-10.8,-65.3,INTERNAL,1
-20.1,-55.4,INTERNAL,1
-18.8,-53.1,REGIONAL,1
-20.2,-47.4,EXTERNAL,1
-19.6,-46.0,EXTERNAL,1
-20.5,-49.4,EXTERNAL,1
-3.5,-62.2,REGIONAL,1
-19.1,-46.5,REGIONAL,1
-7.0,-35.4,REGIONAL,1
-9.1,-68.8,REGIONAL,1
-19.9,-55.0,REGIONAL,1
-17.7,-43.7,REGIONAL,1
-20.4,-47.7,REGIONAL,1
-25.7,-52.3,REGIONAL,1
-4.6,-66.8,REGIONAL,1
-21.2,-51.8,REGIONAL,1
-14.3,-56.1,REGIONAL,1
-15.2,-51.0,REGIONAL,1
-30.3,-51.1,EXTERNAL,1
-21.7,-44.8,REGIONAL,1
-7.8,-39.0,REGIONAL,1
-2.1,-60.8,REGIONAL,1
2.0,-50.9,REGIONAL,1
-12.8,-46.1,REGIONAL,1
-24.0,-51.5,EXTERNAL,1
-9.6,-67.7,EXTERNAL,1
2.4,-51.3,EXTERNAL,1
-1.6,-61.3,INTERNAL,1
-16.5,-51.0,REGIONAL,1
-17.0,-41.8,REGIONAL,1
-13.5,-40.5,REGIONAL,1
-14.6,-52.4,REGIONAL,1
-18.7,-43.3,REGIONAL,1
-14.2,-41.1,REGIONAL,1
-12.5,-45.9,REGIONAL,1
-20.9,-55.9,REGIONAL,1
-10.4,-67.9,REGIONAL,1
-8.9,-49.7,REGIONAL,1
-22.0,-57.2,REGIONAL,1
-7.6,-48.4,REGIONAL,1
-13.2,-46.6,REGIONAL,1
-7.5,-36.8,REGIONAL,1
-27.3,-49.8,REGIONAL,1
-8.4,-42.8,REGIONAL,1
-9.2,-40.5,EXTERNAL,1
-31.1,-54.1,REGIONAL,1
-8.9,-35.7,REGIONAL,1
-4.2,-64.4,REGIONAL,1
-17.0,-40.8,EXTERNAL,1
-12.2,-41.5,REGIONAL,1
-25.4,-53.3,REGIONAL,1
-17.0,-56.6,REGIONAL,1
-13.5,-44.5,EXTERNAL,1
-21.2,-49.7,REGIONAL,1
-11.0,-37.5,REGIONAL,1
-15.3,-42.6,REGIONAL,1
-18.3,-42.2,REGIONAL,1
-20.1,-53.6,EXTERNAL,1
-30.0,-53.4,REGIONAL,1
-23.6,-51.4,REGIONAL,1
-20.6,-47.1,REGIONAL,1
-21.7,-50.3,REGIONAL,1
-12.6,-44.2,REGIONAL,1
-23.3,-50.3,REGIONAL,1
-19.5,-49.6,REGIONAL,1
-20.2,-50.1,REGIONAL,1
-20.8,-49.0,REGIONAL,1
-18.1,-51.4,EXTERNAL,1
-3.9,-46.6,REGIONAL,1
-23.1,-51.6,REGIONAL,1
-20.6,-47.5,REGIONAL,1
-21.8,-49.6,REGIONAL,1
-20.1,-50.7,REGIONAL,1
-20.7,-50.9,REGIONAL,1
-13.8,-44.2,EXTERNAL,1
-4.1,-60.8,EXTERNAL,1
-3.2,-58.7,REGIONAL,1
-16.0,-54.5,REGIONAL,1
-9.8,-36.4,REGIONAL,1
-20.3,-48.8,REGIONAL,1
-29.2,-53.3,EXTERNAL,1
-18.6,-42.6,REGIONAL,1
-25.4,-52.9,EXTERNAL,1
-27.2,-49.1,EXTERNAL,1
-31.0,-54.5,EXTERNAL,1
-5.5,-39.7,EXTERNAL,1
-8.7,-37.6,EXTERNAL,1
-7.1,-47.5,REGIONAL,1
-21.4,-47.8,REGIONAL,1
-22.3,-46.0,REGIONAL,1
-5.4,-42.1,REGIONAL,1
-14.6,-42.7,REGIONAL,1
-19.0,-56.8,REGIONAL,1
-23.2,-52.9,REGIONAL,1
-16.9,-51.8,REGIONAL,1
-27.6,-54.4,EXTERNAL,1
-24.4,-44.8,REGIONAL,1
-1.4,-55.8,REGIONAL,1
-4.7,-56.8,REGIONAL,1
-20.6,-48.8,REGIONAL,1
-3.0,-58.1,REGIONAL,1
-6.5,-52.8,REGIONAL,1
-3.0,-57.6,REGIONAL,1
-1.1,-44.8,REGIONAL,1
-26.6,-52.8,REGIONAL,1
-10.8,-62.5,EXTERNAL,1
-3.3,-48.1,REGIONAL,1
-23.0,-52.0,EXTERNAL,1
-1.4,-47.6,EXTERNAL,1
-30.2,-54.3,EXTERNAL,1
-12.4,-47.5,EXTERNAL,1
-22.5,-53.1,REGIONAL,1
-14.3,-47.1,EXTERNAL,1
-19.4,-36.4,REGIONAL,1
-12.3,-53.6,REGIONAL,1
0.1,-51.2,EXTERNAL,1
-15.6,-57.5,EXTERNAL,1
-32.0,-52.6,REGIONAL,1
-31.5,-54.3,EXTERNAL,1
-22.3,-51.9,REGIONAL,1
-1.7,-51.5,EXTERNAL,1
-20.4,-130.6,EXTERNAL,1
-20.3,-50.0,EXTERNAL,1
-29.7,-54.3,EXTERNAL,1
-16.9,-49.1,EXTERNAL,1
-9.7,-57.9,REGIONAL,1
-12.6,-46.4,EXTERNAL,1
-5.4,-35.4,EXTERNAL,1
-15.4,-52.5,EXTERNAL,1
-5.5,-42.4,REGIONAL,1
-4.8,-44.9,REGIONAL,1
-20.0,-50.9,REGIONAL,1
-24.1,-52.1,EXTERNAL,1
-4.7,-37.4,EXTERNAL,1
-21.7,-41.8,REGIONAL,1
-3.0,-39.8,REGIONAL,1
-8.5,-39.8,EXTERNAL,1
-30.2,-50.6,EXTERNAL,1
-9.0,-44.0,EXTERNAL,1
-24.0,-51.0,EXTERNAL,1
-5.6,-47.3,REGIONAL,1
-8.4,-48.1,REGIONAL,1
-18.5,-56.1,EXTERNAL,1
-15.3,-47.6,EXTERNAL,1
-21.5,-48.5,EXTERNAL,1
-5.0,-38.2,EXTERNAL,1
-13.0,-55.9,REGIONAL,1
-20.0,-46.7,REGIONAL,1
-6.7,-48.7,REGIONAL,1
-18.0,-50.0,EXTERNAL,1
-16.1,-44.1,EXTERNAL,1
-20.2,-46.7,EXTERNAL,1
-12.2,-45.7,REGIONAL,1
-23.9,-50.5,EXTERNAL,1
-1.9,-55.5,EXTERNAL,1
-10.0,-58.5,REGIONAL,1
0.5,-51.2,REGIONAL,1
-9.3,-32.0,REGIONAL,1
-2.8,-57.8,REGIONAL,1
-3.4,-38.8,REGIONAL,1
-10.9,-49.7,REGIONAL,1
-17.6,-54.7,REGIONAL,1
-17.8,-49.2,REGIONAL,1
-6.4,-62.0,REGIONAL,1
-6.4,-32.6,REGIONAL,1
-14.4,-42.5,REGIONAL,1
-7.5,-33.1,REGIONAL,1
-7.3,-32.5,REGIONAL,1
0.9,-59.7,REGIONAL,1
-11.1,-35.8,REGIONAL,1
-11.2,-47.0,REGIONAL,1
-10.9,-34.3,REGIONAL,1
-12.2,-44.5,REGIONAL,1
-14.2,-55.3,REGIONAL,1
-30.1,-57.5,REGIONAL,1
-12.7,-37.8,REGIONAL,1
-7.6,-32.7,REGIONAL,1
-9.8,-66.6,EXTERNAL,1
-21.5,-48.6,EXTERNAL,1
-6.3,-39.4,EXTERNAL,1
-22.8,-53.1,EXTERNAL,1
-7.2,-50.2,EXTERNAL,1
-23.9,-52.9,EXTERNAL,1
-7.2,-31.7,REGIONAL,1
-8.0,-31.6,REGIONAL,1
-2.4,-54.8,EXTERNAL,1
-18.9,-48.1,EXTERNAL,1
-8.2,-33.9,REGIONAL,1
-9.8,-34.3,REGIONAL,1
-23.0,-50.7,EXTERNAL,1
-5.5,-39.6,EXTERNAL,1
-20.4,-51.5,EXTERNAL,1
-28.3,-41.4,EXTERNAL,1
-4.6,-49.5,REGIONAL,1
-14.2,-40.1,REGIONAL,1
-2.8,-59.4,REGIONAL,1
-26.1,-48.4,REGIONAL,1
-17.0,-52.0,REGIONAL,1
4.9,-60.3,REGIONAL,1
-22.9,-40.1,INTERNAL,1
-3.9,-52.0,REGIONAL,1
-20.5,-31.8,INTERNAL,1
-18.8,-41.5,REGIONAL,1
-2.6,-57.8,REGIONAL,1
-22.6,-46.2,REGIONAL,1
-18.6,-49.8,REGIONAL,1
-4.8,-43.2,REGIONAL,1
-20.2,-53.1,REGIONAL,1
-15.5,-58.7,REGIONAL,1
-21.5,-50.5,EXTERNAL,1
-1.5,-46.9,REGIONAL,1
-13.9,-39.0,INTERNAL,1
-1.8,-29.3,REGIONAL,1
-21.8,-46.3,REGIONAL,1
-17.5,-57.1,REGIONAL,1
-17.1,-37.0,REGIONAL,1
-8.6,-61.0,REGIONAL,1
-16.3,-50.0,EXTERNAL,1
-9.7,-62.0,REGIONAL,1
-24.1,-42.7,INTERNAL,1
-19.1,-50.7,EXTERNAL,1
-11.4,-38.2,EXTERNAL,1
-11.4,-38.3,EXTERNAL,1
-11.7,-38.1,EXTERNAL,1
-25.4,-49.1,INTERNAL,1
-18.9,-42.6,EXTERNAL,1
-34.1,-52.3,INTERNAL,1
-24.3,-52.2,EXTERNAL,1
-4.7,-37.5,INTERNAL,1
-6.8,-37.4,EXTERNAL,1
-16.8,-38.9,INTERNAL,1
-22.7,-51.1,EXTERNAL,1
-12.0,-41.3,EXTERNAL,1
-6.0,-50.2,EXTERNAL,1
-9.5,-68.9,EXTERNAL,1
-27.3,-49.3,REGIONAL,1
-1.7,-37.1,INTERNAL,1
-7.0,-63.0,REGIONAL,1
-10.7,-38.7,REGIONAL,1
-9.0,-46.9,REGIONAL,1
-20.7,-52.6,REGIONAL,1
-2.6,-55.0,EXTERNAL,1
-20.8,-38.8,INTERNAL,1
-1.5,-38.8,INTERNAL,1
-12.2,-30.0,REGIONAL,1
-16.5,-51.8,REGIONAL,1
-8.6,-72.8,REGIONAL,1
-8.0,-37.9,REGIONAL,1
-8.6,-36.1,REGIONAL,1
-5.9,-35.0,INTERNAL,1
2.0,-30.0,INTERNAL,1
-8.2,-39.0,REGIONAL,1
-14.3,-41.5,EXTERNAL,1
-6.1,-69.4,REGIONAL,1
-8.4,-72.8,REGIONAL,1
-8.1,-72.1,REGIONAL,1
-3.8,-61.8,REGIONAL,1
-19.2,-48.8,REGIONAL,1
-23.4,-53.0,EXTERNAL,1
-8.3,-40.6,REGIONAL,1
-8.4,-36.8,REGIONAL,1
-18.2,-45.1,EXTERNAL,1
-9.6,-38.1,REGIONAL,1
3.1,-49.4,EXTERNAL,1
-21.5,-25.5,REGIONAL,1
-14.7,-50.9,EXTERNAL,1
-18.6,-28.2,REGIONAL,1
-2.0,-43.3,REGIONAL,1
-10.3,-36.2,REGIONAL,1
-13.5,-40.1,EXTERNAL,1
-12.2,-51.6,EXTERNAL,1
-18.7,-37.9,REGIONAL,1
-21.2,-44.6,EXTERNAL,1
-23.4,-53.9,EXTERNAL,1
-9.6,-60.6,REGIONAL,1
-34.8,-49.7,REGIONAL,1
-29.1,-55.2,REGIONAL,1
-32.8,-51.7,REGIONAL,1
-2.3,-34.4,REGIONAL,1
-22.8,-38.7,REGIONAL,1
-28.1,-44.9,REGIONAL,1
-31.8,-50.7,REGIONAL,1
-2.5,-33.6,REGIONAL,1
-8.4,-32.2,REGIONAL,1
-23.7,-39.9,REGIONAL,1
-7.8,-72.6,INTERNAL,1
-9.8,-68.3,REGIONAL,1
-12.1,-61.1,REGIONAL,1
-4.4,-69.9,REGIONAL,1
-19.8,-48.7,EXTERNAL,1
-31.8,-47.2,REGIONAL,1
-34.5,-49.8,REGIONAL,1
-8.5,-63.5,EXTERNAL,1
-14.9,-45.7,REGIONAL,1
-12.3,-51.0,REGIONAL,1
-20.0,-57.3,REGIONAL,1
-12.8,-39.0,REGIONAL,1
-8.8,-68.8,REGIONAL,1
-18.2,-44.3,REGIONAL,1
3.2,-60.5,REGIONAL,1
-6.6,-49.9,REGIONAL,1
-24.8,-51.4,REGIONAL,1
-14.2,-46.6,REGIONAL,1
-31.0,-50.7,EXTERNAL,1
-1.4,-61.8,REGIONAL,1
-30.6,-54.4,REGIONAL,1
-28.6,-50.3,REGIONAL,1
-6.9,-38.4,REGIONAL,1
-10.2,-36.1,EXTERNAL,1
-14.1,-41.9,REGIONAL,1
-10.6,-41.1,REGIONAL,1
-12.5,-42.3,REGIONAL,1
-23.9,-48.4,REGIONAL,1
-12.6,-49.4,REGIONAL,1
-27.6,-49.2,REGIONAL,1
-4.4,-38.4,EXTERNAL,1
-28.3,-51.2,EXTERNAL,1
-10.5,-38.7,EXTERNAL,1
-15.6,-49.9,EXTERNAL,1
-18.0,-48.7,EXTERNAL,1
-14.1,-46.2,REGIONAL,1
-8.5,-43.9,REGIONAL,1
-3.7,-41.2,REGIONAL,1
-22.2,-49.2,REGIONAL,1
-15.6,-57.0,REGIONAL,1
-8.5,-48.3,REGIONAL,1
-19.8,-41.8,EXTERNAL,1
-13.5,-59.7,REGIONAL,1
-18.3,-39.6,EXTERNAL,1
-11.5,-48.1,EXTERNAL,1
-31.0,-52.6,EXTERNAL,1
-7.3,-39.9,REGIONAL,1
-13.4,-44.7,REGIONAL,1
-16.8,-40.6,REGIONAL,1
-8.3,-34.8,REGIONAL,1
4.7,-60.0,REGIONAL,1
-11.0,-40.0,REGIONAL,1
-1.5,-61.5,REGIONAL,1
-9.4,-67.6,REGIONAL,1
-26.0,-51.5,REGIONAL,1
-16.6,-48.3,REGIONAL,1
-9.9,-38.9,REGIONAL,1
-10.2,-61.8,REGIONAL,1
-34.7,-51.6,REGIONAL,1
-9.6,-42.5,EXTERNAL,1
-25.0,-50.6,EXTERNAL,1
-13.2,-60.1,REGIONAL,1
-31.2,-51.7,EXTERNAL,1
-17.4,-41.5,EXTERNAL,1
-14.9,-40.5,REGIONAL,1
-20.9,-46.7,EXTERNAL,1
-12.4,-43.6,REGIONAL,1
-15.6,-58.0,REGIONAL,1
-20.7,-43.7,REGIONAL,1
-9.3,-60.0,REGIONAL,1
-21.7,-50.6,EXTERNAL,1
-19.8,-57.1,REGIONAL,1
-10.2,-42.1,EXTERNAL,1
-12.1,-63.7,EXTERNAL,1
-2.4,-48.2,EXTERNAL,1
-21.9,-45.8,EXTERNAL,1
-20.0,-44.7,EXTERNAL,1
-25.7,-48.4,EXTERNAL,1
-17.4,-39.8,REGIONAL,1
-15.9,-38.9,EXTERNAL,1
-27.6,-52.0,EXTERNAL,1
-17.5,-47.6,EXTERNAL,1
-28.4,-49.1,EXTERNAL,1
-8.3,-72.7,EXTERNAL,1
-19.7,-55.1,REGIONAL,1
-29.9,-53.0,EXTERNAL,1
-24.5,-53.9,EXTERNAL,1
-28.7,-48.4,EXTERNAL,1
-33.6,-51.1,EXTERNAL,1
-16.9,-50.2,EXTERNAL,1
-23.2,-51.4,EXTERNAL,1
-25.9,-50.3,EXTERNAL,1
-5.1,-37.0,REGIONAL,1
-22.0,-57.9,INTERNAL,1
-7.8,-35.0,INTERNAL,1
-7.8,-72.4,INTERNAL,1
-16.3,-48.6,EXTERNAL,1
-32.8,-52.7,REGIONAL,1
-1.2,-29.5,REGIONAL,1
-4.9,-44.4,EXTERNAL,1
-22.4,-55.5,EXTERNAL,1
-21.1,-45.8,INTERNAL,1
-18.2,-42.4,EXTERNAL,1
-28.2,-52.3,REGIONAL,1
-14.0,-41.8,INTERNAL,1
-22.8,-52.6,EXTERNAL,1
-20.3,-50.1,INTERNAL,1
-5.9,-40.6,EXTERNAL,1
-10.7,-48.3,REGIONAL,1
-21.7,-49.1,REGIONAL,1
-31.3,-51.9,REGIONAL,1
-22.6,-48.8,INTERNAL,1
-13.0,-41.4,INTERNAL,1
-10.1,-67.8,INTERNAL,1
-28.7,-52.2,EXTERNAL,1
-29.0,-54.9,EXTERNAL,1
-22.0,-52.6,EXTERNAL,1
-24.2,-52.8,EXTERNAL,1
-10.8,-37.3,EXTERNAL,1
-30.9,-53.7,REGIONAL,1
-21.4,-55.1,EXTERNAL,1
-1.0,-48.1,EXTERNAL,1
-15.6,-54.9,REGIONAL,1
-3.1,-61.5,REGIONAL,1
-21.6,-48.8,INTERNAL,1
-3.4,-59.1,REGIONAL,1
-2.5,-65.0,REGIONAL,1
-1.8,-54.0,REGIONAL,1
-19.2,-55.9,REGIONAL,1
-3.6,-53.1,REGIONAL,1
-14.4,-56.0,REGIONAL,1
-27.9,-49.5,EXTERNAL,1
-16.6,-40.7,REGIONAL,1
-21.6,-56.4,REGIONAL,1
-1.9,-45.7,REGIONAL,1
-14.8,-43.7,REGIONAL,1
-19.0,-49.7,EXTERNAL,1
-24.4,-53.0,EXTERNAL,1
-17.3,-44.8,REGIONAL,1
-10.3,-46.5,EXTERNAL,1
-20.6,-48.3,EXTERNAL,1
-10.8,-38.6,EXTERNAL,1
-20.2,-47.7,EXTERNAL,1
-10.5,-61.9,REGIONAL,1
-19.3,-39.9,REGIONAL,1
-22.1,-43.4,EXTERNAL,1
-28.3,-55.6,REGIONAL,1
-12.0,-61.8,EXTERNAL,1
-15.8,-56.5,REGIONAL,1
-9.3,-38.3,EXTERNAL,1
-20.5,-50.1,EXTERNAL,1
-12.1,-58.0,REGIONAL,1
-0.1,-51.2,EXTERNAL,1
-21.2,-45.3,EXTERNAL,1
-3.7,-59.3,REGIONAL,1
-5.7,-44.2,EXTERNAL,1
-3.5,-39.1,EXTERNAL,1
-18.6,-45.2,EXTERNAL,1
-7.3,-63.2,INTERNAL,1
51.5,29.4,INTERNAL,1
-8.6,-39.2,REGIONAL,1
-3.0,-50.4,REGIONAL,1
-22.5,-44.9,INTERNAL,1
-7.5,-39.4,REGIONAL,1
-4.1,-43.0,EXTERNAL,1
-10.2,-38.9,REGIONAL,1
-22.8,-45.8,INTERNAL,1
-16.9,-53.0,EXTERNAL,1
-31.2,-53.4,REGIONAL,1
-31.0,-54.2,EXTERNAL,1
-8.7,-38.6,EXTERNAL,1
-29.7,-54.4,REGIONAL,1
-11.7,-47.7,EXTERNAL,1
-24.6,-47.8,REGIONAL,1
-10.1,-36.0,REGIONAL,1
-22.1,-50.3,EXTERNAL,1
-0.1,-53.7,REGIONAL,1
-4.2,-45.0,REGIONAL,1
-28.8,-47.1,REGIONAL,1
-31.1,-50.7,REGIONAL,1
-17.9,-50.7,EXTERNAL,1
-8.0,-40.0,EXTERNAL,1
-2.0,-61.3,EXTERNAL,1
-8.1,-48.7,EXTERNAL,1
3.6,-51.3,REGIONAL,1
-18.8,-53.2,REGIONAL,1
-15.2,-47.3,EXTERNAL,1
-3.0,-55.5,REGIONAL,1
-20.8,-48.8,EXTERNAL,1
-12.2,-52.3,REGIONAL,1
0.8,-60.0,EXTERNAL,1
-8.8,-40.9,REGIONAL,1
-9.5,-34.0,EXTERNAL,1
3.8,-61.7,EXTERNAL,1
-2.5,-55.3,REGIONAL,1
-13.2,-50.8,REGIONAL,1
-27.3,-48.2,REGIONAL,1
-4.2,-49.6,REGIONAL,1
-9.0,-61.7,REGIONAL,1
-8.6,-34.9,EXTERNAL,1
-18.1,-46.5,REGIONAL,1
-6.7,-51.8,REGIONAL,1
-22.9,-41.9,EXTERNAL,1
-10.9,-63.1,REGIONAL,1
-8.8,-62.1,REGIONAL,1
-11.3,-58.9,REGIONAL,1
-10.6,-63.8,REGIONAL,1
-10.5,-49.0,EXTERNAL,1
-27.4,-48.2,REGIONAL,1
-14.2,-48.0,EXTERNAL,1
-14.7,-40.8,REGIONAL,1
-14.7,-54.7,REGIONAL,1
-16.8,-53.7,EXTERNAL,1
-17.1,-53.4,EXTERNAL,1
-24.3,-49.8,REGIONAL,1
-23.9,-53.5,EXTERNAL,1
-18.8,-50.2,EXTERNAL,1
-30.5,-54.3,REGIONAL,1
-4.8,-47.6,REGIONAL,1
-20.4,-51.0,EXTERNAL,1
-24.4,-48.0,REGIONAL,1
-10.5,-48.0,INTERNAL,1
-1.9,-54.0,REGIONAL,1
-9.2,-56.6,REGIONAL,1
2.5,-29.5,EXTERNAL,1
3.0,-31.0,EXTERNAL,1
4.0,-30.5,EXTERNAL,1
-17.0,-48.9,REGIONAL,1
-12.6,-63.1,REGIONAL,1
-30.6,-55.3,REGIONAL,1
-4.8,-47.7,REGIONAL,1
-5.6,-67.4,REGIONAL,1
-3.2,-40.2,REGIONAL,1
-3.0,-61.6,REGIONAL,1
-19.8,-55.8,REGIONAL,1
-16.1,-54.4,REGIONAL,1
-3.6,-51.8,REGIONAL,1
-24.7,-51.8,REGIONAL,1
-3.6,-47.3,EXTERNAL,1
-9.4,-36.7,EXTERNAL,1
-21.6,-45.9,EXTERNAL,1
-16.9,-40.7,EXTERNAL,1
0.3,-56.0,REGIONAL,1
-20.6,-44.9,EXTERNAL,1
-18.5,-48.6,EXTERNAL,1
-1.6,-47.0,EXTERNAL,1
-18.9,-40.9,EXTERNAL,1
-8.0,-35.8,EXTERNAL,1
-27.1,-48.8,EXTERNAL,1
-18.9,-40.5,EXTERNAL,1
-15.6,-57.9,EXTERNAL,1
-29.9,-56.2,EXTERNAL,1
-30.6,-53.6,EXTERNAL,1
-12.6,-39.7,EXTERNAL,1
-16.4,-39.5,EXTERNAL,1
-20.2,-47.6,REGIONAL,1
-15.5,-49.5,EXTERNAL,1
-9.7,-35.3,EXTERNAL,1
-30.5,-56.3,REGIONAL,1
-16.9,-53.4,EXTERNAL,1
-5.4,-57.1,REGIONAL,1
-26.6,-51.7,EXTERNAL,1
-12.6,-51.8,EXTERNAL,1
3.7,-61.1,REGIONAL,1
-10.5,-51.4,EXTERNAL,1
-17.7,-51.7,REGIONAL,1
-30.2,-54.7,EXTERNAL,1
-20.6,-54.9,EXTERNAL,1
3.5,-51.3,REGIONAL,1
-10.6,-67.6,REGIONAL,1
-13.1,-49.2,EXTERNAL,1
-21.5,-29.5,REGIONAL,1
-23.5,-38.5,REGIONAL,1
-9.7,-39.8,REGIONAL,1
-6.4,-37.4,EXTERNAL,1
-30.9,-51.6,EXTERNAL,1
-19.6,-41.7,REGIONAL,1
-2.2,-49.6,REGIONAL,1
-19.9,-56.9,REGIONAL,1
-12.4,-40.1,REGIONAL,1
-30.9,-54.8,REGIONAL,1
-10.2,-54.6,REGIONAL,1
-15.3,-50.5,REGIONAL,1
-26.5,-46.2,REGIONAL,1
-5.2,-42.8,REGIONAL,1
-15.8,-57.4,EXTERNAL,1
-1.0,-52.7,REGIONAL,1
-19.6,-56.3,INTERNAL,1
-1.5,-47.5,EXTERNAL,1
-15.9,-55.1,EXTERNAL,1
-10.5,-46.4,INTERNAL,1
-29.5,-50.1,INTERNAL,1
-19.7,-42.0,EXTERNAL,1
-29.9,-55.5,EXTERNAL,1
-7.2,-47.3,REGIONAL,1
-11.5,-43.5,REGIONAL,1
2.5,-62.5,REGIONAL,1
-13.5,-39.5,REGIONAL,1
-10.5,-39.5,REGIONAL,1
-3.5,-36.5,REGIONAL,1
-15.5,-35.5,REGIONAL,1
-8.5,-50.5,REGIONAL,1
-5.5,-42.5,REGIONAL,1
-6.4,-35.5,REGIONAL,1
-2.5,-31.5,REGIONAL,1
-3.6,-60.2,REGIONAL,1
0.5,-49.5,REGIONAL,1
-0.5,-41.5,REGIONAL,1
-17.5,-37.5,REGIONAL,1
-14.8,-48.4,REGIONAL,1
-24.5,-46.5,REGIONAL,1
-4.8,-57.5,REGIONAL,1
-14.7,-39.6,INTERNAL,1
-21.6,-47.8,EXTERNAL,1
-21.3,-42.7,EXTERNAL,1
-18.6,-44.9,REGIONAL,1
1.9,-61.3,REGIONAL,1
-4.5,-59.7,REGIONAL,1
-13.7,-38.8,REGIONAL,1
-8.7,-45.5,REGIONAL,1
0.4,-53.3,REGIONAL,1
-29.1,-53.2,REGIONAL,1
-3.5,-48.0,REGIONAL,1
-30.8,-52.9,REGIONAL,1
-14.4,-53.9,REGIONAL,1
-2.5,-49.5,REGIONAL,1
-14.5,-51.1,REGIONAL,1
-10.8,-49.7,REGIONAL,1
-15.9,-57.7,REGIONAL,1
-25.6,-53.4,REGIONAL,1
-13.6,-44.3,REGIONAL,1
-24.1,-45.2,REGIONAL,1
-2.2,-45.2,REGIONAL,1
-12.9,-38.9,REGIONAL,1
-25.0,-52.9,REGIONAL,1
-20.0,-44.6,REGIONAL,1
-28.8,-53.5,REGIONAL,1
-5.7,-37.2,REGIONAL,1
-2.6,-43.3,REGIONAL,1
-8.2,-48.4,REGIONAL,1
-33.3,-53.2,REGIONAL,1
-12.1,-41.2,REGIONAL,1
-9.2,-54.9,REGIONAL,1
-23.1,-41.9,REGIONAL,1
-3.4,-41.9,REGIONAL,1
-10.9,-43.9,REGIONAL,1
-25.1,-53.2,REGIONAL,1
-2.2,-65.6,REGIONAL,1
-13.0,-56.7,EXTERNAL,1
-2.6,-55.1,EXTERNAL,1
-15.1,-40.1,REGIONAL,1
-0.8,-53.8,REGIONAL,1
-15.5,-45.8,REGIONAL,1
-8.2,-42.6,REGIONAL,1
-18.9,-42.1,EXTERNAL,1
-18.7,-51.0,EXTERNAL,1
-14.6,-39.0,EXTERNAL,1
-16.9,-39.5,EXTERNAL,1
-22.8,-53.6,REGIONAL,1
-27.5,-54.8,EXTERNAL,1
-7.9,-36.3,REGIONAL,1
-15.5,-46.6,REGIONAL,1
-25.6,-5.6,REGIONAL,1
-21.0,-45.5,REGIONAL,1
-27.0,-50.5,REGIONAL,1
0.3,-67.3,REGIONAL,1
-19.7,-44.3,REGIONAL,1
-10.2,-38.3,REGIONAL,1
-26.8,-50.8,REGIONAL,1
-14.1,-58.2,REGIONAL,1
-18.6,-55.0,REGIONAL,1
-26.0,-53.4,REGIONAL,1
-13.7,-59.3,REGIONAL,1
-15.0,-55.8,REGIONAL,1
-17.8,-43.7,REGIONAL,1
-6.2,-49.9,EXTERNAL,1
-20.8,-46.5,REGIONAL,1
-19.0,-41.4,REGIONAL,1
-29.1,-53.7,REGIONAL,1
-18.7,-57.7,REGIONAL,1
-20.4,-42.0,EXTERNAL,1
-21.3,-51.4,EXTERNAL,1
-24.0,-52.6,EXTERNAL,1
-29.9,-52.1,EXTERNAL,1
-26.3,-53.2,EXTERNAL,1
-5.9,-48.1,REGIONAL,1
-3.3,-43.2,REGIONAL,1
-25.2,-50.3,EXTERNAL,1
-3.4,-51.5,REGIONAL,1
-25.1,-52.9,EXTERNAL,1
-3.4,-44.9,EXTERNAL,1
-7.6,-55.3,REGIONAL,1
-13.5,-44.0,REGIONAL,1
-30.3,-50.4,EXTERNAL,1
-30.3,-53.9,EXTERNAL,1
-19.1,-40.5,EXTERNAL,1
-20.0,-41.4,EXTERNAL,1
-5.2,-35.6,EXTERNAL,1
-6.6,-36.9,REGIONAL,1
-19.2,-40.6,EXTERNAL,1
0.4,-60.5,REGIONAL,1
-11.0,-36.9,REGIONAL,1
-16.5,-38.8,REGIONAL,1
-15.7,-57.5,REGIONAL,1
-20.2,-40.8,EXTERNAL,1
-19.1,-48.4,REGIONAL,1
-11.3,-62.3,EXTERNAL,1
-16.5,-38.1,REGIONAL,1
-18.8,-42.3,EXTERNAL,1
-17.1,-38.9,REGIONAL,1
2.0,-52.1,EXTERNAL,1
-26.4,-49.9,REGIONAL,1
-20.9,-52.0,REGIONAL,1
-24.3,-44.2,EXTERNAL,1
-3.4,-60.5,EXTERNAL,1
-4.3,-46.4,INTERNAL,1
-8.0,-36.2,INTERNAL,1
-0.9,-52.5,INTERNAL,1
-24.6,-48.9,EXTERNAL,1
-3.9,-38.4,INTERNAL,1
-12.6,-40.0,INTERNAL,1
-29.7,-54.1,EXTERNAL,1
-10.6,-55.7,REGIONAL,1
-15.8,-38.9,REGIONAL,1
-10.5,-64.1,REGIONAL,1
-12.2,-47.0,EXTERNAL,1
-23.3,-49.6,REGIONAL,1
-23.5,-38.1,REGIONAL,1
-22.1,-44.0,REGIONAL,1
-19.6,-47.4,REGIONAL,1
-18.9,-42.3,REGIONAL,1
-18.5,-57.6,REGIONAL,1
-16.1,-39.8,REGIONAL,1
-28.2,-49.8,REGIONAL,1
-15.0,-47.7,REGIONAL,1
-8.3,-49.7,REGIONAL,1
-13.7,-42.3,REGIONAL,1
-3.0,-47.5,REGIONAL,1
-2.8,-62.0,REGIONAL,1
-9.9,-70.0,REGIONAL,1
-18.7,-41.0,REGIONAL,1
-17.1,-40.3,REGIONAL,1
-3.3,-47.3,REGIONAL,1
-17.4,-51.1,REGIONAL,1
-5.2,-38.2,REGIONAL,1
-24.8,-52.3,EXTERNAL,1
-4.9,-44.9,EXTERNAL,1
-9.1,-61.6,EXTERNAL,1
-3.3,-59.0,REGIONAL,1
-9.1,-59.3,REGIONAL,1
-12.6,-41.1,REGIONAL,1
-26.0,-53.7,REGIONAL,1
-26.3,-50.4,EXTERNAL,1
-23.3,-45.0,EXTERNAL,1
-22.0,-42.2,REGIONAL,1
-24.2,-54.1,REGIONAL,1
-13.4,-56.8,REGIONAL,1
-1.8,-56.8,REGIONAL,1
-11.4,-40.4,REGIONAL,1
-3.6,-45.2,EXTERNAL,1
-7.3,-73.1,REGIONAL,1
-15.6,-49.0,REGIONAL,1
-16.5,-57.6,REGIONAL,1
-17.5,-44.7,REGIONAL,1
-22.2,-50.3,REGIONAL,1
-22.4,-47.2,EXTERNAL,1
-25.8,-52.2,REGIONAL,1
-8.1,-40.2,REGIONAL,1
-24.1,-51.3,REGIONAL,1
-20.0,-47.3,REGIONAL,1
-3.2,-65.0,REGIONAL,1
-10.9,-48.2,EXTERNAL,1
-1.5,-41.7,EXTERNAL,1
-3.4,-52.3,REGIONAL,1
-2.6,-51.9,REGIONAL,1
-30.8,-50.7,EXTERNAL,1
-24.6,-49.9,REGIONAL,1
-22.5,-31.5,REGIONAL,1
-8.2,-63.1,REGIONAL,1
-30.7,-51.6,EXTERNAL,1
-21.4,-48.6,EXTERNAL,1
-22.5,-30.5,REGIONAL,1
-5.3,-41.1,EXTERNAL,1
-22.2,-46.1,EXTERNAL,1
-24.9,-49.8,REGIONAL,1
-21.6,-48.7,EXTERNAL,1
-8.7,-35.5,EXTERNAL,1
-29.1,-56.5,EXTERNAL,1
-20.3,-41.3,EXTERNAL,1
-21.2,-43.0,EXTERNAL,1
-23.4,-53.7,REGIONAL,1
-14.5,-48.3,REGIONAL,1
-18.6,-46.8,REGIONAL,1
-9.0,-36.4,EXTERNAL,1
-9.8,-55.7,EXTERNAL,1
-16.2,-40.8,REGIONAL,1
-23.5,-48.2,EXTERNAL,1
-5.8,-45.2,REGIONAL,1
-20.1,-42.2,EXTERNAL,1
-14.8,-49.2,EXTERNAL,1
-8.0,-33.5,REGIONAL,1
-14.4,-52.7,EXTERNAL,1
-1.0,-63.3,REGIONAL,1
-20.5,-49.8,EXTERNAL,1
-23.0,-42.1,EXTERNAL,1
-0.7,-47.9,EXTERNAL,1
-22.6,-51.2,EXTERNAL,1
-22.7,-46.9,INTERNAL,1
-8.7,-67.5,REGIONAL,1
-10.2,-42.7,REGIONAL,1
-24.4,-53.4,EXTERNAL,1
-1.2,-56.1,EXTERNAL,1
-3.1,-39.5,REGIONAL,1
-26.5,-51.4,EXTERNAL,1
-10.4,-33.0,REGIONAL,1
-7.8,-71.5,REGIONAL,1
-11.9,-37.9,EXTERNAL,1
-5.6,-37.8,EXTERNAL,1
-30.4,-51.7,EXTERNAL,1
-14.7,-45.8,EXTERNAL,1
-16.6,-48.0,EXTERNAL,1
-19.3,-50.2,EXTERNAL,1
-6.7,-35.5,INTERNAL,1
-25.8,-52.0,EXTERNAL,1
-15.1,-50.0,EXTERNAL,1
-18.3,-47.9,REGIONAL,1
-4.0,-44.8,REGIONAL,1
-23.9,-49.7,EXTERNAL,1
-3.0,-59.4,REGIONAL,1
-18.4,-46.4,INTERNAL,1
-14.2,-48.8,REGIONAL,1
-21.7,-52.3,REGIONAL,1
-5.2,-47.9,REGIONAL,1
-20.7,-49.6,REGIONAL,1
-7.0,-43.0,REGIONAL,1
-8.3,-39.3,REGIONAL,1
-19.5,-57.1,INTERNAL,1
-7.6,-33.4,REGIONAL,1
-10.3,-34.8,REGIONAL,1
-17.0,-47.0,REGIONAL,1
-21.4,-47.0,INTERNAL,1
-15.5,-45.5,REGIONAL,1
-10.4,-36.3,INTERNAL,1
-9.6,-48.5,REGIONAL,1
-19.7,-56.8,REGIONAL,1
-10.2,-35.5,REGIONAL,1
-27.7,-51.4,REGIONAL,1
-22.6,-53.1,INTERNAL,1
-9.4,-59.3,REGIONAL,1
-9.6,-40.6,REGIONAL,1
-28.0,-50.0,REGIONAL,1
-16.4,-50.4,REGIONAL,1
-9.0,-67.8,REGIONAL,1
-23.8,-44.9,EXTERNAL,1
-5.0,-44.3,EXTERNAL,1
-21.2,-46.4,EXTERNAL,1
-23.2,-50.1,EXTERNAL,1
-7.3,-39.0,EXTERNAL,1
-9.3,-35.7,EXTERNAL,1
-31.9,-52.7,EXTERNAL,1
-8.0,-38.1,EXTERNAL,1
-11.2,-41.0,EXTERNAL,1
-18.3,-42.6,EXTERNAL,1
-22.8,-44.4,EXTERNAL,1
-7.8,-59.1,REGIONAL,1
-22.3,-54.6,EXTERNAL,1
-17.3,-56.5,EXTERNAL,1
-10.8,-37.6,EXTERNAL,1
-22.4,-50.0,REGIONAL,1
-10.9,-69.6,EXTERNAL,1
-17.8,-41.3,EXTERNAL,1
-11.8,-62.7,REGIONAL,1
-22.3,-42.1,REGIONAL,1
-20.7,-51.7,EXTERNAL,1
-22.4,-51.3,EXTERNAL,1
-27.4,-50.0,EXTERNAL,1
-18.1,-47.3,REGIONAL,1
-12.6,-47.1,REGIONAL,1
-25.8,-53.2,EXTERNAL,1
-7.7,-31.7,REGIONAL,1
-13.4,-46.5,REGIONAL,1
-6.5,-35.0,EXTERNAL,1
-11.9,-42.7,EXTERNAL,1
-30.7,-54.0,EXTERNAL,1
-6.3,-35.4,EXTERNAL,1
-12.1,-38.3,EXTERNAL,1
-7.7,-60.6,REGIONAL,1
-8.6,-64.8,REGIONAL,1
-4.4,-41.7,EXTERNAL,1
-29.6,-54.4,EXTERNAL,1
-2.7,-45.0,REGIONAL,1
-4.8,-66.6,REGIONAL,1
-19.8,-40.9,EXTERNAL,1
-13.6,-52.3,EXTERNAL,1
-3.1,-61.3,REGIONAL,1
-15.4,-58.3,REGIONAL,1
-7.2,-55.7,REGIONAL,1
-25.6,-52.8,REGIONAL,1
-31.7,-54.3,REGIONAL,1
-29.4,-50.7,EXTERNAL,1
-17.1,-54.5,EXTERNAL,1
-15.3,-52.3,EXTERNAL,1
-32.1,-52.8,REGIONAL,1
-21.4,-43.2,EXTERNAL,1
-15.2,-58.6,EXTERNAL,1
-5.8,-35.0,INTERNAL,1
-7.1,-47.2,REGIONAL,1
-3.3,-39.2,INTERNAL,1
-3.5,-39.2,REGIONAL,1
-31.6,-53.3,REGIONAL,1
-12.6,-40.3,EXTERNAL,1
-4.0,-69.7,REGIONAL,1
-8.8,-36.6,EXTERNAL,1
-4.3,-70.3,EXTERNAL,1
-32.4,-51.4,INTERNAL,1
-34.7,-51.4,INTERNAL,1
-7.3,-38.2,EXTERNAL,1
-33.4,-52.3,INTERNAL,1
-24.5,-54.3,EXTERNAL,1
-2.1,-61.0,REGIONAL,1
-32.2,-52.5,REGIONAL,1
-23.2,-43.3,INTERNAL,1
-11.9,-37.4,INTERNAL,1
-25.7,-50.0,REGIONAL,1
3.9,-59.6,REGIONAL,1
-8.8,-57.7,REGIONAL,1
-18.8,-48.0,REGIONAL,1
-1.7,-60.2,REGIONAL,1
-10.7,-39.2,EXTERNAL,1
-23.9,-45.1,REGIONAL,1
-21.5,-48.2,REGIONAL,1
-25.2,-46.2,INTERNAL,1
-16.1,-40.3,EXTERNAL,1
-2.6,-66.3,REGIONAL,1
-28.4,-50.4,REGIONAL,1
-26.6,-47.7,INTERNAL,1
-8.5,-42.0,EXTERNAL,1
-9.5,-35.3,INTERNAL,1
-34.7,-49.4,REGIONAL,1
-18.5,-36.2,REGIONAL,1
-17.2,-35.6,REGIONAL,1
-5.5,-30.0,REGIONAL,1
-22.9,-44.1,INTERNAL,1
-23.4,-51.4,INTERNAL,1
-18.4,-48.1,INTERNAL,1
-20.4,-44.6,EXTERNAL,1
-8.9,-42.4,INTERNAL,1
-19.1,-41.8,INTERNAL,1
-4.4,-34.7,REGIONAL,1
-33.4,-50.3,REGIONAL,1
-32.4,-47.3,REGIONAL,1
-31.8,-46.7,REGIONAL,1
-31.6,-47.8,REGIONAL,1
-28.5,-46.2,REGIONAL,1
-2.8,-34.8,REGIONAL,1
-34.8,-50.5,REGIONAL,1
-33.2,-51.4,REGIONAL,1
-22.5,-28.2,REGIONAL,1
-8.1,-31.6,REGIONAL,1
-0.4,-27.0,REGIONAL,1
-27.6,-52.6,EXTERNAL,1
-0.1,-44.2,REGIONAL,1
-22.6,-48.3,REGIONAL,1
-28.2,-47.2,INTERNAL,1
-0.3,-44.4,REGIONAL,1
-12.8,-41.1,EXTERNAL,1
-11.8,-38.1,EXTERNAL,1
4.5,-50.0,REGIONAL,1
2.7,-49.0,EXTERNAL,1
-24.5,-48.0,REGIONAL,1
-16.1,-46.3,EXTERNAL,1
-8.3,-67.7,REGIONAL,1
-27.1,-53.7,EXTERNAL,1
1.1,-48.4,REGIONAL,1
-19.7,-50.1,EXTERNAL,1
-0.2,-66.6,REGIONAL,1
-28.5,-53.9,EXTERNAL,1
-17.8,-54.7,REGIONAL,1
-15.5,-49.6,REGIONAL,1
-10.8,-45.1,REGIONAL,1
-2.4,-56.2,REGIONAL,1
-18.4,-47.6,EXTERNAL,1
-5.4,-37.6,REGIONAL,1
-8.9,-37.1,REGIONAL,1
-5.5,-50.3,REGIONAL,1
-5.2,-37.5,REGIONAL,1
-17.5,-53.5,REGIONAL,1
-26.7,-51.5,REGIONAL,1
-5.8,-39.6,EXTERNAL,1
-13.7,-42.9,REGIONAL,1
-23.9,-48.6,REGIONAL,1
-13.2,-48.1,REGIONAL,1
-18.8,-50.0,EXTERNAL,1
-27.5,-54.1,EXTERNAL,1
-10.4,-55.6,EXTERNAL,1
-20.4,-46.9,EXTERNAL,1
-18.2,-36.1,INTERNAL,1
-19.6,-42.9,EXTERNAL,1
-3.0,-47.7,EXTERNAL,1
-28.4,-48.2,INTERNAL,1
-20.8,-56.1,EXTERNAL,1
-17.5,-41.5,EXTERNAL,1
-7.1,-45.7,REGIONAL,1
-30.2,-55.9,REGIONAL,1
-20.6,-30.6,INTERNAL,1
-22.6,-48.9,EXTERNAL,1
-9.8,-48.3,EXTERNAL,1
-29.0,-50.4,REGIONAL,1
1.3,-60.5,EXTERNAL,1
-21.1,-54.6,EXTERNAL,1
-16.8,-48.5,EXTERNAL,1
-15.8,-43.2,REGIONAL,1
-8.2,-38.2,REGIONAL,1
-9.9,-50.2,REGIONAL,1
-22.0,-45.4,REGIONAL,1
-21.8,-43.9,EXTERNAL,1
-17.7,-53.2,REGIONAL,1
-32.1,-53.2,REGIONAL,1
-10.0,-38.5,EXTERNAL,1
-2.6,-47.5,REGIONAL,1
-17.3,-50.4,REGIONAL,1
-12.3,-41.9,REGIONAL,1
-22.0,-45.7,REGIONAL,1
-7.6,-39.4,REGIONAL,1
-12.1,-52.2,REGIONAL,1
-9.0,-69.5,REGIONAL,1
-1.6,-56.5,REGIONAL,1
-14.2,-48.4,INTERNAL,1
-9.0,-36.2,REGIONAL,1
-15.8,-48.7,EXTERNAL,1
-10.0,-54.9,EXTERNAL,1
-11.2,-36.9,INTERNAL,1
-17.0,-43.7,EXTERNAL,1
-22.8,-53.2,EXTERNAL,1
-5.1,-43.1,EXTERNAL,1
-29.5,-51.5,EXTERNAL,1
-22.5,-53.4,EXTERNAL,1
-20.9,-50.3,EXTERNAL,1
-10.0,-67.7,EXTERNAL,1
-10.0,-42.5,EXTERNAL,1
-4.0,-39.4,EXTERNAL,1
-5.8,-43.4,REGIONAL,1
1.7,-61.8,REGIONAL,1
-23.9,-51.3,REGIONAL,1
-20.5,-41.3,REGIONAL,1
-30.7,-53.4,REGIONAL,1
-3.6,-47.0,REGIONAL,1
-9.7,-48.4,REGIONAL,1
1.6,-60.9,REGIONAL,1
-8.2,-39.1,REGIONAL,1
-2.1,-55.8,REGIONAL,1
-20.2,-44.6,REGIONAL,1
-12.9,-43.2,EXTERNAL,1
-12.7,-41.9,REGIONAL,1
-19.7,-40.8,REGIONAL,1
-29.2,-49.5,REGIONAL,1
-30.3,-50.9,REGIONAL,1
-5.7,-49.3,REGIONAL,1
-2.9,-48.1,REGIONAL,1
-16.7,-48.8,REGIONAL,1
-16.4,-40.4,REGIONAL,1
-17.3,-48.7,REGIONAL,1
-12.4,-57.0,REGIONAL,1
-8.5,-36.2,EXTERNAL,1
-4.7,-40.6,EXTERNAL,1
-20.0,0.0,EXTERNAL,1
-22.0,-43.1,REGIONAL,1
3.3,-60.2,REGIONAL,1
-14.1,-58.0,EXTERNAL,1
-14.0,-47.2,EXTERNAL,1
-15.5,-50.0,REGIONAL,1
-3.1,-57.4,REGIONAL,1
-8.5,-68.0,REGIONAL,1
-17.1,-44.3,EXTERNAL,1
-14.5,-46.4,EXTERNAL,1
-4.0,-55.0,EXTERNAL,1
-14.0,-55.0,EXTERNAL,1
3.1,-61.2,EXTERNAL,1
-25.5,-53.6,EXTERNAL,1
-11.0,-49.8,REGIONAL,1
-19.5,-55.2,EXTERNAL,1
-6.5,-39.3,EXTERNAL,1
-15.0,-56.0,REGIONAL,1
-9.0,-56.2,REGIONAL,1
-16.9,-55.4,REGIONAL,1
-15.3,-38.8,REGIONAL,1
-19.4,-57.6,EXTERNAL,1
-16.6,-39.4,EXTERNAL,1
-12.1,-45.7,REGIONAL,1
-12.7,-56.7,REGIONAL,1
-29.1,-56.3,REGIONAL,1
-11.8,-47.6,REGIONAL,1
-10.5,-67.9,REGIONAL,1
-14.3,-50.8,REGIONAL,1
-15.6,-51.0,REGIONAL,1
-7.8,-48.9,REGIONAL,1
-14.8,-64.8,EXTERNAL,1
-19.1,-57.4,EXTERNAL,1
-3.3,-61.0,EXTERNAL,1
-16.1,-56.5,EXTERNAL,1
-15.8,-58.7,EXTERNAL,1
-17.1,-54.9,EXTERNAL,1
-11.0,-63.2,REGIONAL,1
5.0,-51.0,EXTERNAL,1
4.2,-60.5,REGIONAL,1
-14.6,-57.0,REGIONAL,1
-15.5,-41.2,REGIONAL,1
-6.4,-55.8,REGIONAL,1
-11.1,-42.9,REGIONAL,1
-2.4,-46.7,REGIONAL,1
-27.4,-53.6,REGIONAL,1
-10.8,-43.5,REGIONAL,1
-10.2,-36.5,REGIONAL,1
-12.7,-58.5,REGIONAL,1
0.8,-51.9,REGIONAL,1
-29.6,-54.8,REGIONAL,1
-8.1,-37.4,EXTERNAL,1
-32.4,-49.1,REGIONAL,1
-29.5,-52.3,REGIONAL,1
-16.0,-56.2,REGIONAL,1
-19.2,-45.7,REGIONAL,1
-9.8,-46.4,REGIONAL,1
-16.7,-55.2,REGIONAL,1
-9.3,-36.5,EXTERNAL,1
-16.7,-42.2,EXTERNAL,1
-19.8,-44.8,EXTERNAL,1
-12.2,-44.9,REGIONAL,1
-12.0,-44.6,REGIONAL,1
-13.4,-42.5,REGIONAL,1
-12.4,-44.0,REGIONAL,1
-13.3,-39.7,REGIONAL,1
-10.3,-62.3,EXTERNAL,1
-11.6,-40.0,REGIONAL,1
-19.4,-43.1,REGIONAL,1
-16.2,-50.2,REGIONAL,1
-18.3,-50.8,REGIONAL,1
-14.8,-40.1,EXTERNAL,1
-23.9,-55.4,REGIONAL,1
-6.9,-48.0,EXTERNAL,1
-25.1,-53.9,REGIONAL,1
-23.8,-52.5,REGIONAL,1
-16.5,-43.1,REGIONAL,1
-21.8,-44.8,REGIONAL,1
-8.3,-41.8,REGIONAL,1
-18.5,-50.7,REGIONAL,1
-7.6,-37.7,REGIONAL,1
-19.1,-42.7,REGIONAL,1
-8.7,-69.4,REGIONAL,1
-20.3,-50.4,REGIONAL,1
-20.1,-49.9,REGIONAL,1
-23.1,-49.1,REGIONAL,1
-18.3,-46.5,REGIONAL,1
-20.4,-50.5,REGIONAL,1
-15.2,-45.3,REGIONAL,1
-23.6,-50.2,REGIONAL,1
-0.0,-61.2,REGIONAL,1
-23.1,-50.1,REGIONAL,1
-23.2,-51.3,REGIONAL,1
-3.0,-49.8,REGIONAL,1
-29.5,-54.6,REGIONAL,1
-5.8,-41.4,EXTERNAL,1
-28.2,-54.8,REGIONAL,1
-28.1,-51.1,EXTERNAL,1
-8.2,-43.7,EXTERNAL,1
-29.5,-54.1,EXTERNAL,1
-5.3,-41.6,EXTERNAL,1
-20.1,-50.5,REGIONAL,1
-20.5,-45.3,REGIONAL,1
-8.1,-36.4,EXTERNAL,1
-22.0,-56.4,REGIONAL,1
-4.8,-41.7,REGIONAL,1
-15.1,-48.8,REGIONAL,1
-8.0,-47.9,REGIONAL,1
-3.4,-45.0,REGIONAL,1
-6.5,-43.0,REGIONAL,1
-6.1,-39.0,REGIONAL,1
1.5,-63.0,REGIONAL,1
-4.6,-39.4,REGIONAL,1
-9.7,-41.8,REGIONAL,1
-5.8,-32.8,EXTERNAL,1
-7.4,-47.1,REGIONAL,1
-22.7,-56.1,REGIONAL,1
-12.8,-40.8,REGIONAL,1
-17.8,-52.5,REGIONAL,1
-15.9,-58.7,REGIONAL,1
-15.8,-58.0,EXTERNAL,1
-29.6,-53.1,EXTERNAL,1
-20.2,-40.1,EXTERNAL,1
-2.6,-39.5,EXTERNAL,1
-30.2,-51.6,EXTERNAL,1
-30.0,-51.8,EXTERNAL,1
-29.5,-48.9,EXTERNAL,1
-25.3,-52.2,EXTERNAL,1
-29.3,-53.4,EXTERNAL,1
-8.2,-36.4,EXTERNAL,1
-18.2,-46.0,REGIONAL,1
-30.5,-54.1,REGIONAL,1
-20.7,-56.9,REGIONAL,1
-21.5,-56.6,REGIONAL,1
-18.7,-43.6,REGIONAL,1
-23.1,-41.6,EXTERNAL,1
-28.7,-51.4,REGIONAL,1
-13.8,-57.3,REGIONAL,1
-2.3,-54.3,EXTERNAL,1
2.6,-62.4,REGIONAL,1
-29.1,-54.5,REGIONAL,1
-17.3,-54.0,REGIONAL,1
-26.0,-48.4,REGIONAL,1
-9.0,-69.2,REGIONAL,1
-7.2,-33.3,REGIONAL,1
-3.1,-59.5,EXTERNAL,1
-13.4,-44.2,INTERNAL,1
-21.6,-53.4,EXTERNAL,1
-9.1,-68.7,INTERNAL,1
-2.5,-45.1,INTERNAL,1
-13.7,-39.5,INTERNAL,1
-11.4,-61.4,INTERNAL,1
-4.4,-60.9,EXTERNAL,1
-3.8,-39.3,INTERNAL,1
-11.1,-40.4,INTERNAL,1
-20.6,-57.0,REGIONAL,1
-22.0,-52.2,REGIONAL,1
-15.5,-54.2,EXTERNAL,1
-21.8,-49.0,EXTERNAL,1
-11.2,-40.6,REGIONAL,1
-15.6,-56.3,REGIONAL,1
-19.9,-39.0,REGIONAL,1
-3.9,-40.1,REGIONAL,1
-2.0,-41.2,REGIONAL,1
-12.9,-38.0,REGIONAL,1
-12.6,-37.7,REGIONAL,1
1.3,-30.8,EXTERNAL,1
-23.7,-42.1,REGIONAL,1
-13.6,-41.9,EXTERNAL,1
-13.9,-40.0,EXTERNAL,1
-17.5,-48.5,EXTERNAL,1
-14.1,-57.5,EXTERNAL,1
-23.6,-49.6,EXTERNAL,1
-31.2,-52.8,EXTERNAL,1
-15.1,-43.0,EXTERNAL,1
-30.1,-50.6,EXTERNAL,1
-22.0,-41.9,EXTERNAL,1
-18.1,-40.5,EXTERNAL,1
-21.8,-45.5,EXTERNAL,1
-28.0,-51.8,EXTERNAL,1
-18.8,-46.5,EXTERNAL,1
-10.3,-37.7,EXTERNAL,1
-21.5,-46.2,EXTERNAL,1
-26.9,-49.7,EXTERNAL,1
-28.5,-50.8,EXTERNAL,1
-14.0,-41.6,EXTERNAL,1
-9.8,-35.6,REGIONAL,1
-19.5,-55.9,REGIONAL,1
-14.4,-49.6,REGIONAL,1
0.1,-69.4,REGIONAL,1
-16.9,-50.5,REGIONAL,1
-3.2,-42.3,REGIONAL,1
-10.2,-40.5,REGIONAL,1
-20.6,-49.8,EXTERNAL,1
-29.5,-54.4,REGIONAL,1
-10.8,-58.2,REGIONAL,1
-7.8,-39.3,REGIONAL,1
-7.9,-48.3,REGIONAL,1
-8.6,-39.7,REGIONAL,1
-11.2,-55.4,REGIONAL,1
-28.7,-49.6,EXTERNAL,1
-26.8,-52.3,EXTERNAL,1
-17.8,-4.6,REGIONAL,1
-9.5,-62.0,EXTERNAL,1
-6.8,-37.7,EXTERNAL,1
-3.1,-59.3,REGIONAL,1
-15.7,-52.0,REGIONAL,1
-9.3,-52.4,REGIONAL,1
-23.0,-41.4,REGIONAL,1
-1.4,-59.3,REGIONAL,1
-29.7,-51.4,REGIONAL,1
-7.7,-72.3,REGIONAL,1
-30.2,-49.9,REGIONAL,1
-30.5,-49.9,REGIONAL,1
-21.6,-40.5,REGIONAL,1
-0.8,-66.2,EXTERNAL,1
3.8,-59.7,EXTERNAL,1
-8.8,-43.2,REGIONAL,1
-28.0,-47.3,REGIONAL,1
-9.3,-61.7,REGIONAL,1
-9.2,-49.7,REGIONAL,1
-8.5,-68.8,REGIONAL,1
-17.6,-52.8,REGIONAL,1
-8.0,-48.7,REGIONAL,1
-21.5,-53.1,REGIONAL,1
-11.3,-40.6,REGIONAL,1
-20.5,-42.8,EXTERNAL,1
-1.5,-49.3,REGIONAL,1
-3.4,-60.4,REGIONAL,1
-6.5,-49.7,REGIONAL,1
-18.2,-48.9,REGIONAL,1
-9.1,-68.5,REGIONAL,1
-10.6,-62.6,REGIONAL,1
-4.4,-38.1,REGIONAL,1
-10.5,-40.1,REGIONAL,1
-30.3,-56.1,REGIONAL,1
-9.8,-38.1,REGIONAL,1
-28.8,-52.5,REGIONAL,1
-17.1,-42.2,REGIONAL,1
-12.8,-40.1,REGIONAL,1
-21.6,-52.4,REGIONAL,1
-5.7,-38.9,REGIONAL,1
-13.5,-41.4,REGIONAL,1
-11.2,-46.1,REGIONAL,1
-9.5,-39.1,REGIONAL,1
-17.7,-38.8,REGIONAL,1
-9.8,-68.5,REGIONAL,1
-26.9,-50.8,REGIONAL,1
-29.6,-52.6,REGIONAL,1
-12.1,-52.3,REGIONAL,1
-11.7,-42.4,REGIONAL,1
-23.6,-51.8,REGIONAL,1
-3.9,-65.0,REGIONAL,1
-14.8,-59.8,REGIONAL,1
-2.9,-60.7,EXTERNAL,1
-22.9,-44.0,INTERNAL,1
-21.5,-42.3,INTERNAL,1
-11.8,-39.2,INTERNAL,1
-26.0,-47.7,REGIONAL,1
-22.5,-52.1,EXTERNAL,1
-14.4,-54.1,EXTERNAL,1
-6.4,-35.2,EXTERNAL,1
-21.0,-54.4,EXTERNAL,1
-20.5,-39.5,REGIONAL,1
-6.5,-50.5,REGIONAL,1
-4.5,-40.5,REGIONAL,1
-11.5,-41.5,REGIONAL,1
-11.1,-45.3,REGIONAL,1
0.5,-57.5,REGIONAL,1
-28.1,-49.8,REGIONAL,1
-20.7,-57.0,REGIONAL,1
-13.9,-47.3,INTERNAL,1
-7.0,-37.5,REGIONAL,1
-9.4,-64.9,REGIONAL,1
-21.4,-45.0,REGIONAL,1
-11.6,-55.7,REGIONAL,1
-24.8,-53.4,REGIONAL,1
-0.3,-50.9,REGIONAL,1
3.8,-61.8,INTERNAL,1
-10.8,-69.1,REGIONAL,1
-15.9,-55.8,REGIONAL,1
0.9,-50.2,REGIONAL,1
-20.3,-39.6,REGIONAL,1
-15.6,-39.1,REGIONAL,1
-16.8,-50.7,REGIONAL,1
-5.9,-38.8,REGIONAL,1
-4.6,-41.5,REGIONAL,1
-3.7,-58.2,REGIONAL,1
-13.8,-40.8,REGIONAL,1
-24.4,-52.5,EXTERNAL,1
-12.2,-45.2,EXTERNAL,1
-26.3,-51.5,EXTERNAL,1
-10.7,-41.5,REGIONAL,1
-7.2,-35.6,EXTERNAL,1
-13.1,-49.1,REGIONAL,1
-16.4,-47.3,REGIONAL,1
-3.5,-67.3,REGIONAL,1
-4.7,-56.4,REGIONAL,1
-19.9,-52.1,EXTERNAL,1
-8.4,-41.1,EXTERNAL,1
-20.9,-47.5,REGIONAL,1
-13.6,-56.4,REGIONAL,1
-22.0,-47.0,REGIONAL,1
-6.0,-15.0,REGIONAL,1
-5.3,-37.3,EXTERNAL,1
-17.3,-49.1,REGIONAL,1
-21.6,-44.1,REGIONAL,1
0.4,-53.1,REGIONAL,1
-21.8,-43.5,EXTERNAL,1
-10.5,-39.1,EXTERNAL,1
-22.0,-47.3,EXTERNAL,1
-22.0,-46.7,EXTERNAL,1
-20.5,-49.9,EXTERNAL,1
-18.7,-55.8,REGIONAL,1
-28.1,-54.3,EXTERNAL,1
-5.1,-39.0,EXTERNAL,1
-23.7,-51.4,EXTERNAL,1
-24.5,-52.0,EXTERNAL,1
-7.8,-36.2,EXTERNAL,1
-25.5,-53.0,EXTERNAL,1
-27.7,-54.4,EXTERNAL,1
-10.6,-63.6,EXTERNAL,1
-20.0,-40.8,EXTERNAL,1
-10.2,-63.3,EXTERNAL,1
-11.7,-58.5,REGIONAL,1
2.2,-53.4,REGIONAL,1
-0.0,-64.4,REGIONAL,1
-7.9,-50.1,REGIONAL,1
-7.7,-60.5,REGIONAL,1
-2.7,-66.6,REGIONAL,1
-21.6,-51.8,REGIONAL,1
-24.6,-48.1,REGIONAL,1
-1.8,-50.6,REGIONAL,1
-4.8,-49.3,REGIONAL,1
-4.9,-59.3,REGIONAL,1
-2.5,-55.1,REGIONAL,1
-7.0,-45.2,EXTERNAL,1
-14.2,-42.3,REGIONAL,1
-14.7,-49.3,REGIONAL,1
-33.0,-52.7,REGIONAL,1
-18.8,-48.8,REGIONAL,1
-0.1,-61.2,REGIONAL,1
-23.0,-47.9,REGIONAL,1
-20.3,-57.2,REGIONAL,1
-11.6,-38.6,REGIONAL,1
-12.2,-36.5,REGIONAL,1
-20.2,-55.0,REGIONAL,1
-2.8,-47.7,REGIONAL,1
-15.3,-45.9,REGIONAL,1
-10.1,-38.2,REGIONAL,1
-16.8,-44.9,REGIONAL,1
-31.7,-53.5,EXTERNAL,1
-15.3,-49.2,REGIONAL,1
-19.0,-42.2,EXTERNAL,1
-12.1,-51.3,REGIONAL,1
-29.7,-54.8,REGIONAL,1
-13.5,-41.3,REGIONAL,1
-22.2,-56.5,REGIONAL,1
-14.2,-56.4,EXTERNAL,1
-16.1,-47.1,REGIONAL,1
-8.5,-70.5,REGIONAL,1
-8.2,-37.8,REGIONAL,1
-31.1,-54.4,REGIONAL,1
-2.9,-52.5,REGIONAL,1
-8.4,-37.8,REGIONAL,1
-3.6,-65.4,REGIONAL,1
-14.1,-56.5,REGIONAL,1
-8.4,-49.5,REGIONAL,1
-11.2,-41.3,REGIONAL,1
-4.7,-57.9,REGIONAL,1
-22.4,-55.7,EXTERNAL,1
-20.2,-45.9,EXTERNAL,1
-10.0,-56.0,REGIONAL,1
-9.2,-48.3,REGIONAL,1
-6.8,-38.9,REGIONAL,1
-4.5,-59.5,REGIONAL,1
-19.1,-53.8,EXTERNAL,1
-10.4,-41.6,REGIONAL,1
-21.5,-50.6,REGIONAL,1
-23.0,-50.0,EXTERNAL,1
-12.2,-49.7,EXTERNAL,1
-23.8,-51.5,EXTERNAL,1
-10.9,-39.1,EXTERNAL,1
-20.5,-42.2,EXTERNAL,1
-30.8,-51.4,EXTERNAL,1
-18.8,-56.0,REGIONAL,1
-19.5,-45.8,EXTERNAL,1
-12.4,-52.4,REGIONAL,1
-18.8,-43.3,REGIONAL,1
-14.4,-54.0,EXTERNAL,1
-9.6,-66.0,REGIONAL,1
-0.3,-66.8,REGIONAL,1
-12.1,-45.6,REGIONAL,1
-15.2,-38.3,REGIONAL,1
-13.4,-39.2,REGIONAL,1
-25.5,-52.6,EXTERNAL,1
-0.5,-52.9,REGIONAL,1
-12.3,-59.8,REGIONAL,1
59.4,10.2,REGIONAL,1
-17.7,-54.8,REGIONAL,1
-22.3,-48.4,REGIONAL,1
-14.2,-5.3,REGIONAL,1
-10.9,-39.6,REGIONAL,1
-18.5,-48.2,REGIONAL,1
0.2,-29.8,EXTERNAL,1
-30.3,-54.1,REGIONAL,1
-21.0,-41.8,EXTERNAL,1
-22.0,-49.8,REGIONAL,1
-21.5,-51.4,REGIONAL,1
-20.9,-49.8,REGIONAL,1
-20.1,-50.2,REGIONAL,1
-24.1,-52.6,REGIONAL,1
-20.3,-42.7,EXTERNAL,1
-19.9,-48.3,REGIONAL,1
-23.8,-51.3,REGIONAL,1
-22.3,-51.7,REGIONAL,1
-21.9,-49.2,REGIONAL,1
-23.5,-50.3,REGIONAL,1
-19.8,-45.7,EXTERNAL,1
-18.5,-50.9,EXTERNAL,1
-20.8,-50.2,REGIONAL,1
-8.2,-35.3,EXTERNAL,1
-16.7,-49.7,REGIONAL,1
-29.8,-57.0,EXTERNAL,1
-19.2,-42.7,REGIONAL,1
-19.6,-48.1,EXTERNAL,1
-28.6,-54.7,EXTERNAL,1
-23.8,-49.4,REGIONAL,1
-22.7,-52.6,REGIONAL,1
-18.8,-47.7,REGIONAL,1
-16.9,-40.9,REGIONAL,1
-5.4,-44.3,REGIONAL,1
-1.9,-57.0,EXTERNAL,1
-8.9,-35.5,REGIONAL,1
-9.7,-36.2,REGIONAL,1
-14.7,-44.4,REGIONAL,1
-19.5,-45.5,REGIONAL,1
-15.0,-42.9,REGIONAL,1
-3.3,-44.5,EXTERNAL,1
-3.4,-40.7,EXTERNAL,1
-16.7,-39.2,EXTERNAL,1
-30.6,-52.6,EXTERNAL,1
-29.7,-52.1,REGIONAL,1
-3.0,-44.4,EXTERNAL,1
-2.0,-54.1,EXTERNAL,1
-12.5,-40.6,EXTERNAL,1
-8.6,-31.7,REGIONAL,1
-12.0,-48.5,EXTERNAL,1
-18.2,-50.5,EXTERNAL,1
-3.0,-55.6,REGIONAL,1
-6.1,-52.7,REGIONAL,1
-1.6,-51.4,REGIONAL,1
-23.9,-45.0,REGIONAL,1
-29.9,-56.0,REGIONAL,1
-14.5,-39.3,REGIONAL,1
-10.8,-36.2,REGIONAL,1
-19.8,-45.3,REGIONAL,1
-25.1,-53.5,REGIONAL,1
-14.1,-47.2,REGIONAL,1
-5.5,-47.8,REGIONAL,1
-14.2,-39.2,REGIONAL,1
-21.1,-44.4,REGIONAL,1
-4.4,-46.6,REGIONAL,1
-19.7,-40.3,REGIONAL,1
-14.9,-41.7,REGIONAL,1
-26.6,-43.5,REGIONAL,1
-34.3,-50.7,REGIONAL,1
-16.4,-38.3,REGIONAL,1
-14.2,-39.4,EXTERNAL,1
-17.2,-50.3,REGIONAL,1
-20.9,-41.6,REGIONAL,1
-15.2,-57.0,REGIONAL,1
-8.3,-45.6,EXTERNAL,1
-5.5,-55.8,REGIONAL,1
-15.5,-58.2,EXTERNAL,1
-14.0,-46.5,EXTERNAL,1
-3.0,-43.0,EXTERNAL,1
-21.6,-42.8,REGIONAL,1
-3.0,-52.0,EXTERNAL,1
-8.8,-32.8,REGIONAL,1
-0.7,-61.5,REGIONAL,1
-16.3,-55.5,REGIONAL,1
-13.3,-61.7,REGIONAL,1
-0.4,-64.0,REGIONAL,1
-10.0,-47.3,REGIONAL,1
-29.7,-56.8,REGIONAL,1
-15.8,-51.1,REGIONAL,1
1.4,-63.3,REGIONAL,1
-23.8,-48.5,REGIONAL,1
-23.2,-49.9,REGIONAL,1
-2.1,-60.1,REGIONAL,1
-4.3,-40.3,EXTERNAL,1
-10.3,-39.1,REGIONAL,1
-15.1,-47.1,EXTERNAL,1
-3.8,-61.6,REGIONAL,1
-14.6,-51.4,REGIONAL,1
0.1,-51.6,REGIONAL,1
-21.3,-45.5,REGIONAL,1
-16.0,-40.2,REGIONAL,1
-9.4,-37.9,REGIONAL,1
2.9,-60.6,EXTERNAL,1
2.2,-50.9,EXTERNAL,1
-18.3,-47.8,REGIONAL,1
-9.1,-36.9,REGIONAL,1
-8.9,-61.4,REGIONAL,1
-9.5,-69.2,REGIONAL,1
-32.0,-52.5,REGIONAL,1
-7.2,-37.0,REGIONAL,1
1.6,-61.0,REGIONAL,1
-17.5,-48.7,REGIONAL,1
-12.0,-63.3,REGIONAL,1
-18.2,-40.8,REGIONAL,1
-21.8,-44.1,REGIONAL,1
-1.1,-49.0,REGIONAL,1
-9.3,-41.6,REGIONAL,1
-14.7,-40.6,REGIONAL,1
-5.9,-62.6,REGIONAL,1
0.4,-63.3,REGIONAL,1
-5.4,-36.4,REGIONAL,1
-25.3,-47.9,REGIONAL,1
-6.3,-43.3,REGIONAL,1
-29.2,-55.0,REGIONAL,1
-14.9,-40.2,REGIONAL,1
-19.6,-55.8,REGIONAL,1
-12.6,-38.2,EXTERNAL,1
-31.5,-53.6,EXTERNAL,1
-11.5,-51.9,EXTERNAL,1
-21.3,-46.9,EXTERNAL,1
-13.1,-61.5,REGIONAL,1
-20.4,-49.7,EXTERNAL,1
-29.0,-53.2,EXTERNAL,1
-20.5,-43.1,EXTERNAL,1
-22.4,-48.6,REGIONAL,1
-23.1,-44.5,REGIONAL,1
-4.9,-37.9,EXTERNAL,1
-16.6,-45.1,EXTERNAL,1
-19.8,-55.0,EXTERNAL,1
-24.0,-47.6,EXTERNAL,1
-23.1,-48.8,REGIONAL,1
-11.7,-55.6,REGIONAL,1
-21.4,-48.8,REGIONAL,1
-18.4,-46.5,REGIONAL,1
-21.4,-45.4,REGIONAL,1
-6.2,-62.6,REGIONAL,1
-8.7,-65.0,REGIONAL,1
-6.1,-49.6,REGIONAL,1
-5.0,-47.4,REGIONAL,1
-19.8,-44.5,REGIONAL,1
-23.2,-42.2,REGIONAL,1
-9.9,-35.9,EXTERNAL,1
-25.0,-53.8,REGIONAL,1
-26.3,-52.5,REGIONAL,1
-3.5,-52.9,REGIONAL,1
4.4,-61.1,REGIONAL,1
-10.4,-40.1,REGIONAL,1
-18.9,-45.1,REGIONAL,1
-25.0,-50.8,REGIONAL,1
-22.8,-45.9,EXTERNAL,1
3.4,-60.9,REGIONAL,1
-17.3,-41.6,REGIONAL,1
-24.9,-47.6,REGIONAL,1
-19.0,-52.7,REGIONAL,1
-1.1,-44.2,REGIONAL,1
-12.6,-40.1,REGIONAL,1
-2.7,-41.9,REGIONAL,1
-6.3,-37.7,EXTERNAL,1
-18.9,-47.1,EXTERNAL,1
-4.2,-38.2,EXTERNAL,1
-18.6,-40.2,REGIONAL,1
-13.5,-61.0,EXTERNAL,1
-25.2,-44.5,REGIONAL,1
-14.8,-42.4,EXTERNAL,1
-17.2,-38.4,REGIONAL,1
-3.6,-45.3,EXTERNAL,1
-7.1,-39.3,EXTERNAL,1
-9.4,-35.8,EXTERNAL,1
-7.3,-36.1,EXTERNAL,1
-2.5,-48.4,REGIONAL,1
-14.0,-39.4,EXTERNAL,1
-4.3,-39.3,EXTERNAL,1
-15.5,-48.8,REGIONAL,1
-24.2,-49.6,EXTERNAL,1
-6.6,-36.7,REGIONAL,1
-29.1,-54.9,REGIONAL,1
-13.5,-43.0,REGIONAL,1
3.4,-63.2,REGIONAL,1
-1.2,-70.6,REGIONAL,1
-7.1,-56.4,REGIONAL,1
-7.7,-46.2,REGIONAL,1
-11.2,-62.6,REGIONAL,1
-17.0,-42.1,REGIONAL,1
-17.6,-48.1,REGIONAL,1
-22.8,-47.8,EXTERNAL,1
-22.5,-43.3,EXTERNAL,1
-9.8,-52.7,REGIONAL,1
-11.0,-68.0,REGIONAL,1
-4.7,-68.3,REGIONAL,1
-10.5,-68.6,REGIONAL,1
-1.4,-61.2,REGIONAL,1
-19.9,-38.9,INTERNAL,1
-11.3,-48.9,REGIONAL,1
-20.4,-53.7,REGIONAL,1
-11.7,-41.8,EXTERNAL,1
-23.3,-40.8,INTERNAL,1
-19.3,-53.4,REGIONAL,1
-6.8,-35.2,EXTERNAL,1
-9.4,-38.6,REGIONAL,1
0.1,-51.8,REGIONAL,1
-11.3,-62.4,REGIONAL,1
-13.9,-38.6,INTERNAL,1
-23.8,-52.7,REGIONAL,1
-22.3,-28.3,EXTERNAL,1
-22.2,-48.4,REGIONAL,1
-22.1,-39.8,REGIONAL,1
-7.3,-37.0,EXTERNAL,1
-26.3,-46.2,INTERNAL,1
-3.5,-64.8,INTERNAL,1
-2.3,-35.1,REGIONAL,1
-3.0,-31.4,REGIONAL,1
-15.2,-36.8,REGIONAL,1
-20.3,-37.7,REGIONAL,1
-22.7,-27.6,REGIONAL,1
-24.1,-42.9,REGIONAL,1
-24.6,-39.3,REGIONAL,1
-34.0,-51.1,REGIONAL,1
-32.0,-47.4,REGIONAL,1
-24.8,-41.6,REGIONAL,1
-27.0,-44.8,REGIONAL,1
-5.6,-32.4,REGIONAL,1
-5.0,-30.1,REGIONAL,1
-26.9,-43.6,REGIONAL,1
-6.4,-33.2,REGIONAL,1
-21.3,-28.9,REGIONAL,1
-25.4,-46.4,INTERNAL,1
-18.7,-39.7,EXTERNAL,1
-26.8,-43.8,REGIONAL,1
-8.3,-31.5,REGIONAL,1
-16.9,-36.2,REGIONAL,1
-20.8,-37.8,REGIONAL,1
-23.1,-37.7,REGIONAL,1
-31.8,-47.6,REGIONAL,1
-7.6,-55.0,REGIONAL,1
-22.5,-45.2,EXTERNAL,1
-10.1,-55.8,EXTERNAL,1
-21.5,-41.3,EXTERNAL,1
-19.6,-41.6,EXTERNAL,1
-12.3,-60.5,EXTERNAL,1
-22.0,-54.7,REGIONAL,1
-15.7,-51.9,REGIONAL,1
-19.7,-48.4,EXTERNAL,1
-34.0,-53.0,INTERNAL,1
-24.4,-46.0,INTERNAL,1
-13.5,-53.0,EXTERNAL,1
-18.5,-41.4,REGIONAL,1
-2.3,-60.7,REGIONAL,1
-13.5,-49.1,REGIONAL,1
-17.1,-39.2,INTERNAL,1
-20.4,-51.7,REGIONAL,1
-57.9,-47.9,REGIONAL,1
-24.5,-42.5,EXTERNAL,1
-1.0,-51.7,REGIONAL,1
-13.2,-61.4,REGIONAL,1
-24.5,-47.5,EXTERNAL,1
-15.4,-48.8,REGIONAL,1
-18.0,-56.3,REGIONAL,1
-22.1,-46.0,REGIONAL,1
-10.9,-36.7,INTERNAL,1
-0.5,-51.1,REGIONAL,1
-21.0,-54.5,REGIONAL,1
-24.8,-53.9,REGIONAL,1
-13.3,-41.6,EXTERNAL,1
-11.3,-62.7,REGIONAL,1
-32.5,-51.7,INTERNAL,1
-16.3,-54.6,REGIONAL,1
-3.9,-32.6,INTERNAL,1
-22.0,-56.3,REGIONAL,1
-30.0,-55.5,REGIONAL,1
-14.9,-50.2,EXTERNAL,1
-10.1,-40.4,EXTERNAL,1
0.9,-63.3,REGIONAL,1
-3.8,-33.7,INTERNAL,1
0.7,-52.6,REGIONAL,1
-7.1,-41.1,REGIONAL,1
-11.9,-37.5,REGIONAL,1
-19.3,-40.8,REGIONAL,1
-32.1,-51.2,INTERNAL,1
-8.6,-39.3,REGIONAL,1
-21.3,-43.1,REGIONAL,1
-11.7,-64.8,REGIONAL,1
-2.7,-65.1,REGIONAL,1
-0.5,-57.5,REGIONAL,1
-29.4,-53.2,REGIONAL,1
-0.5,-47.4,REGIONAL,1
-31.1,-50.1,INTERNAL,1
-2.2,-39.8,INTERNAL,1
-7.8,-34.5,INTERNAL,1
-9.1,-35.1,INTERNAL,1
-26.4,-53.1,EXTERNAL,1
-16.2,-47.4,REGIONAL,1
-15.8,-39.4,REGIONAL,1
-18.1,-43.7,REGIONAL,1
-3.8,-55.5,REGIONAL,1
-8.4,-67.3,REGIONAL,1
2.5,-60.8,EXTERNAL,1
-7.9,-69.3,REGIONAL,1
-8.3,-35.5,EXTERNAL,1
-20.8,-44.0,EXTERNAL,1
-8.0,-39.4,REGIONAL,1
-21.7,-55.2,EXTERNAL,1
-20.4,-50.8,EXTERNAL,1
-3.2,-39.6,EXTERNAL,1
-2.2,-56.7,REGIONAL,1
-21.5,-51.3,EXTERNAL,1
-5.2,-49.1,EXTERNAL,1
-20.9,-55.0,EXTERNAL,1
-20.7,-47.8,EXTERNAL,1
-5.3,-37.2,EXTERNAL,1
-23.4,-53.6,EXTERNAL,1
-8.6,-65.6,REGIONAL,1
-6.5,-51.2,REGIONAL,1
-14.1,-42.8,EXTERNAL,1
-23.2,-53.5,REGIONAL,1
-22.2,-45.2,EXTERNAL,1
-25.9,-52.6,EXTERNAL,1
-22.5,-55.3,REGIONAL,1
-24.3,-51.2,EXTERNAL,1
-17.3,-45.0,EXTERNAL,1
-8.5,-35.8,REGIONAL,1
-6.7,-35.7,EXTERNAL,1
-13.5,-47.6,EXTERNAL,1
-18.1,-46.2,REGIONAL,1
-24.1,-52.9,EXTERNAL,1
-21.7,-50.9,EXTERNAL,1
-14.5,-60.1,REGIONAL,1
2.3,-52.6,REGIONAL,1
-8.0,-43.8,REGIONAL,1
-10.4,-67.6,REGIONAL,1
-9.9,-67.3,REGIONAL,1
-9.7,-44.6,REGIONAL,1
-9.3,-35.4,INTERNAL,1
-13.0,-56.5,REGIONAL,1
-21.9,-46.9,EXTERNAL,1
-4.6,-46.9,REGIONAL,1
-21.6,-46.6,INTERNAL,1
-21.1,-54.0,REGIONAL,1
-25.4,-48.1,REGIONAL,1
-4.0,-42.1,REGIONAL,1
-18.2,-43.9,REGIONAL,1
-13.5,-49.6,REGIONAL,1
-3.5,-65.4,REGIONAL,1
-16.7,-51.4,EXTERNAL,1
-18.0,-41.6,REGIONAL,1
-30.3,-56.5,REGIONAL,1
-15.0,-57.1,REGIONAL,1
-23.6,-45.7,INTERNAL,1
-14.9,-57.8,REGIONAL,1
-16.7,-49.8,EXTERNAL,1
-12.9,-50.7,REGIONAL,1
-23.6,-51.2,REGIONAL,1
-20.3,-45.4,EXTERNAL,1
-21.8,-51.3,EXTERNAL,1
-21.9,-51.5,INTERNAL,1
-1.2,-62.0,REGIONAL,1
-15.8,-45.7,REGIONAL,1
-22.0,-41.5,EXTERNAL,1
-12.2,-38.5,EXTERNAL,1
-21.2,-47.2,REGIONAL,1
-5.6,-48.1,EXTERNAL,1
-14.2,-47.9,EXTERNAL,1
-16.3,-56.4,REGIONAL,1
-20.7,-48.6,REGIONAL,1
-6.4,-38.5,EXTERNAL,1
-16.2,-43.0,EXTERNAL,1
-18.0,-42.9,EXTERNAL,1
-16.7,-53.6,REGIONAL,1
-1.8,-44.8,REGIONAL,1
-10.5,-56.4,REGIONAL,1
-20.3,-50.3,REGIONAL,1
-13.1,-41.0,EXTERNAL,1
-15.2,-50.0,REGIONAL,1
-9.4,-61.7,REGIONAL,1
-5.5,-48.1,REGIONAL,1
-10.4,-49.8,REGIONAL,1
-11.2,-48.4,REGIONAL,1
-29.1,-55.9,REGIONAL,1
-15.1,-49.8,EXTERNAL,1
-9.3,-36.9,REGIONAL,1
-9.7,-37.3,REGIONAL,1
-8.1,-70.8,REGIONAL,1
-12.6,-60.1,EXTERNAL,1
-27.2,-51.3,EXTERNAL,1
-7.5,-38.9,EXTERNAL,1
-1.2,-52.0,REGIONAL,1
2.6,-49.3,REGIONAL,1
-19.2,-25.6,EXTERNAL,1
-22.1,-46.9,EXTERNAL,1
-14.3,-48.5,REGIONAL,1
-8.8,-38.8,REGIONAL,1
-32.4,-50.0,REGIONAL,1
-7.0,-39.4,EXTERNAL,1
-21.6,-47.7,EXTERNAL,1
-2.8,-58.1,REGIONAL,1
-21.6,-45.1,EXTERNAL,1
-11.3,-43.2,REGIONAL,1
-16.3,-44.7,EXTERNAL,1
-30.1,-51.5,EXTERNAL,1
-30.5,-51.9,REGIONAL,1
3.3,-51.6,REGIONAL,1
-23.8,-48.1,EXTERNAL,1
-12.3,-40.0,REGIONAL,1
-12.3,-45.9,EXTERNAL,1
1.5,-61.2,REGIONAL,1
-4.7,-39.6,EXTERNAL,1
-23.5,-52.8,EXTERNAL,1
-30.0,-56.2,REGIONAL,1
-25.2,-50.2,EXTERNAL,1
-16.8,-50.4,EXTERNAL,1
-8.2,-70.7,REGIONAL,1
-2.4,-57.7,REGIONAL,1
-20.0,-50.1,EXTERNAL,1
-2.7,-55.7,REGIONAL,1
-5.2,-43.9,EXTERNAL,1
-2.7,-57.7,REGIONAL,1
-15.4,-44.3,EXTERNAL,1
-21.4,-47.2,REGIONAL,1
-16.2,-38.9,REGIONAL,1
-12.8,-36.0,EXTERNAL,1
-12.9,-46.6,EXTERNAL,1
2.4,-60.9,EXTERNAL,1
-21.6,-43.8,EXTERNAL,1
-15.7,-42.6,EXTERNAL,1
-23.5,-45.4,EXTERNAL,1
-8.9,-43.7,REGIONAL,1
-19.4,-55.0,EXTERNAL,1
-22.9,-52.7,EXTERNAL,1
-17.9,-55.3,REGIONAL,1
-9.6,-41.8,EXTERNAL,1
-29.6,-56.7,REGIONAL,1
-10.1,-36.9,EXTERNAL,1
-11.3,-42.6,EXTERNAL,1
-3.7,-62.2,REGIONAL,1
-20.9,-43.5,REGIONAL,1
-5.7,-49.0,REGIONAL,1
-24.0,-51.1,EXTERNAL,1
-8.9,-70.9,REGIONAL,1
-18.1,-45.2,REGIONAL,1
-10.6,-62.3,REGIONAL,1
-15.8,-56.9,REGIONAL,1
-24.8,-50.5,REGIONAL,1
3.6,-61.5,REGIONAL,1
2.5,-60.9,EXTERNAL,1
-19.3,-48.9,EXTERNAL,1
-8.1,-33.5,REGIONAL,1
-8.3,-33.2,REGIONAL,1
-10.0,-45.3,EXTERNAL,1
-19.4,-57.2,EXTERNAL,1
-14.3,-46.2,REGIONAL,1
-3.9,-40.9,EXTERNAL,1
-5.5,-49.7,REGIONAL,1
-7.0,-31.5,REGIONAL,1
-9.6,-44.9,REGIONAL,1
-8.9,-31.9,REGIONAL,1
-22.5,-29.5,REGIONAL,1
-10.6,-68.5,REGIONAL,1
-8.9,-31.8,REGIONAL,1
-11.0,-36.0,REGIONAL,1
-16.5,-48.7,EXTERNAL,1
-10.3,-32.6,REGIONAL,1
-7.4,-32.7,REGIONAL,1
-27.2,-53.8,EXTERNAL,1
-5.5,-37.0,EXTERNAL,1
-30.0,-53.5,INTERNAL,1
-7.8,-33.7,REGIONAL,1
0.5,-28.0,EXTERNAL,1
-8.0,-33.6,REGIONAL,1
-9.3,-32.8,REGIONAL,1
-10.8,-48.1,EXTERNAL,1
-9.8,-48.4,EXTERNAL,1
-13.0,-51.1,REGIONAL,1
-2.3,-56.0,REGIONAL,1
-2.9,-69.6,REGIONAL,1
-28.3,-55.7,REGIONAL,1
-13.9,-45.9,REGIONAL,1
-23.6,-48.4,REGIONAL,1
-22.6,-41.7,REGIONAL,1
-18.6,-39.6,REGIONAL,1
-14.0,-42.9,REGIONAL,1
-12.4,-64.6,REGIONAL,1
-17.2,-47.1,EXTERNAL,1
-20.3,-49.1,EXTERNAL,1
-11.1,-62.6,EXTERNAL,1
-11.2,-41.8,EXTERNAL,1
-4.4,-38.8,EXTERNAL,1
-22.7,-52.3,EXTERNAL,1
-11.5,-39.0,EXTERNAL,1
-14.3,-53.7,EXTERNAL,1
-18.6,-46.6,EXTERNAL,1
-23.4,-50.8,EXTERNAL,1
-14.3,-43.2,EXTERNAL,1
-18.5,-43.0,EXTERNAL,1
-21.0,-55.3,EXTERNAL,1
-27.4,-52.8,EXTERNAL,1
-11.5,-38.3,EXTERNAL,1
-17.8,-44.0,REGIONAL,1
-2.3,-59.0,REGIONAL,1
-15.6,-45.0,REGIONAL,1
-7.0,-41.6,EXTERNAL,1
-7.5,-40.6,EXTERNAL,1
-25.4,-52.0,EXTERNAL,1
-11.7,-39.5,EXTERNAL,1
-19.3,-49.0,EXTERNAL,1
-12.2,-48.4,EXTERNAL,1
-20.3,-44.7,EXTERNAL,1
-21.1,-49.3,EXTERNAL,1
-23.5,-44.5,REGIONAL,1
-24.7,-52.6,EXTERNAL,1
-27.3,-52.9,EXTERNAL,1
-7.8,-48.6,REGIONAL,1
-16.4,-50.8,REGIONAL,1
-17.5,-56.9,EXTERNAL,1
-12.7,-39.4,REGIONAL,1
-14.2,-44.2,REGIONAL,1
-27.4,-50.5,REGIONAL,1
2.5,-31.6,REGIONAL,1
-21.0,-48.8,EXTERNAL,1
-12.3,-40.5,EXTERNAL,1
-2.4,15.4,REGIONAL,1
-21.7,-54.5,EXTERNAL,1
-10.6,-36.6,EXTERNAL,1
-5.3,-36.5,REGIONAL,1
-29.4,-54.7,EXTERNAL,1
-20.3,-49.3,REGIONAL,1
-5.4,-36.1,REGIONAL,1
-19.2,-47.1,REGIONAL,1
-17.4,-54.2,REGIONAL,1
-20.3,-48.0,REGIONAL,1
-31.1,-54.9,REGIONAL,1
-21.8,-47.0,REGIONAL,1
-10.1,-58.6,REGIONAL,1
-2.3,-59.9,REGIONAL,1
-28.6,-54.1,EXTERNAL,1
-22.1,-49.1,REGIONAL,1
-4.4,-41.5,INTERNAL,1
-11.4,-42.4,INTERNAL,1
-28.5,-51.1,REGIONAL,1
-26.2,-48.9,INTERNAL,1
-0.1,-51.2,INTERNAL,1
-11.6,-51.4,REGIONAL,1
-20.5,-38.5,REGIONAL,1
-4.5,-49.5,REGIONAL,1
-8.4,-45.8,REGIONAL,1
-2.5,-36.5,REGIONAL,1
-28.5,-53.5,REGIONAL,1
-5.5,-70.5,REGIONAL,1
-1.5,-50.7,REGIONAL,1
-4.5,-43.5,REGIONAL,1
-12.5,-48.5,REGIONAL,1
-3.7,-47.5,REGIONAL,1
-0.5,-38.5,REGIONAL,1
-23.5,-41.5,REGIONAL,1
-5.5,-44.5,REGIONAL,1
-5.6,-67.5,REGIONAL,1
-8.5,-37.7,EXTERNAL,1
-33.5,-53.3,INTERNAL,1
-18.9,-46.4,EXTERNAL,1
-13.7,-38.9,EXTERNAL,1
-2.5,-56.8,REGIONAL,1
-29.1,-49.7,REGIONAL,1
-6.8,-55.3,REGIONAL,1
-13.2,-61.7,REGIONAL,1
-24.8,-47.4,REGIONAL,1
-16.2,-39.3,REGIONAL,1
-25.2,-53.1,REGIONAL,1
-17.0,-55.0,REGIONAL,1
-1.8,-47.6,REGIONAL,1
-9.0,-71.1,REGIONAL,1
-20.0,-55.7,REGIONAL,1
-16.2,-38.8,REGIONAL,1
-9.6,-45.2,REGIONAL,1
-8.9,-71.0,REGIONAL,1
-13.0,-50.5,REGIONAL,1
-10.3,-67.2,REGIONAL,1
-9.2,-60.3,REGIONAL,1
-12.7,-47.6,REGIONAL,1
-14.2,-43.9,REGIONAL,1
-30.0,-57.0,REGIONAL,1
-1.9,-45.8,REGIONAL,1
-3.0,-64.2,REGIONAL,1
-10.1,-67.1,REGIONAL,1
-1.7,-52.2,REGIONAL,1
-5.0,-40.8,REGIONAL,1
-29.1,-49.4,REGIONAL,1
-23.2,-53.1,REGIONAL,1
-20.2,-48.9,REGIONAL,1
-4.4,-59.8,REGIONAL,1
-31.5,-52.2,REGIONAL,1
-18.3,-49.0,REGIONAL,1
-22.2,-40.4,REGIONAL,1
-2.6,-41.8,REGIONAL,1
-14.1,-47.1,REGIONAL,1
-7.5,-35.5,EXTERNAL,1
-1.0,-68.1,REGIONAL,1
-19.2,-49.3,EXTERNAL,1
-11.8,-46.1,REGIONAL,1
-18.5,-41.9,EXTERNAL,1
-23.5,-52.4,EXTERNAL,1
2.0,-30.0,EXTERNAL,1
0.0,-63.3,EXTERNAL,1
-27.6,-4.5,REGIONAL,1
-17.8,-47.9,REGIONAL,1
-19.3,-43.0,EXTERNAL,1
-20.2,-47.3,EXTERNAL,1
-17.4,-46.9,REGIONAL,1
-25.0,-53.9,REGIONAL,1
-14.0,-56.0,REGIONAL,1
-10.6,-45.6,REGIONAL,1
-4.7,-37.5,EXTERNAL,1
-8.2,-59.9,REGIONAL,1
-10.3,-67.9,INTERNAL,1
0.1,-61.6,REGIONAL,1
-12.1,-64.5,REGIONAL,1
-10.9,-42.7,EXTERNAL,1
-14.7,-49.2,EXTERNAL,1
-15.6,-40.5,REGIONAL,1
-27.7,-54.0,REGIONAL,1
-32.5,-53.4,EXTERNAL,1
-5.2,-35.8,EXTERNAL,1
-23.1,-52.8,EXTERNAL,1
-21.8,-42.2,EXTERNAL,1
-11.4,-37.5,EXTERNAL,1
-21.4,-50.7,EXTERNAL,1
-25.0,-49.1,EXTERNAL,1
-11.6,-40.7,REGIONAL,1
-22.7,-44.2,EXTERNAL,1
-6.3,-41.4,EXTERNAL,1
-6.6,-39.7,EXTERNAL,1
-4.3,-37.9,EXTERNAL,1
-22.6,-49.6,EXTERNAL,1
-19.5,-43.4,EXTERNAL,1
-15.2,-41.2,EXTERNAL,1
-21.2,-43.5,EXTERNAL,1
-21.5,-41.8,EXTERNAL,1
-4.8,-65.3,REGIONAL,1
-15.4,-39.2,EXTERNAL,1
-11.1,-42.7,EXTERNAL,1
-16.4,-58.4,EXTERNAL,1
-13.3,-38.3,REGIONAL,1
-6.2,-37.7,REGIONAL,1
-4.5,-49.1,REGIONAL,1
-13.7,-38.3,REGIONAL,1
-18.9,-39.5,REGIONAL,1
-19.3,-43.8,EXTERNAL,1
-11.3,-41.1,EXTERNAL,1
-8.4,-38.1,EXTERNAL,1
-13.7,-46.4,EXTERNAL,1
-16.1,-57.3,EXTERNAL,1
-6.5,-36.8,REGIONAL,1
-6.8,-42.9,EXTERNAL,1
-2.0,-50.8,REGIONAL,1
-18.6,-37.9,EXTERNAL,1
-18.0,-35.9,EXTERNAL,1
-9.4,-48.6,EXTERNAL,1
-5.9,-49.8,EXTERNAL,1
-17.2,-46.9,INTERNAL,1
-7.0,-50.0,REGIONAL,1
-13.8,-39.2,EXTERNAL,1
-1.5,-52.6,INTERNAL,1
-2.2,-56.1,INTERNAL,1
-8.9,-48.5,EXTERNAL,1
-12.9,-38.7,INTERNAL,1
-27.4,-51.8,EXTERNAL,1
-22.7,-43.6,INTERNAL,1
-20.4,-40.5,INTERNAL,1
-8.1,-35.9,EXTERNAL,1
1.0,-29.3,EXTERNAL,1
-15.1,-57.3,REGIONAL,1
-19.8,-56.9,REGIONAL,1
-1.8,-49.0,REGIONAL,1
-11.0,-42.3,REGIONAL,1
-3.4,-47.8,REGIONAL,1
-11.2,-70.3,REGIONAL,1
-31.9,-52.0,REGIONAL,1
-15.0,-4.1,REGIONAL,1
-16.9,-56.7,REGIONAL,1
-5.0,-38.1,REGIONAL,1
-18.7,-42.7,REGIONAL,1
-10.6,-56.6,REGIONAL,1
-4.1,-47.0,REGIONAL,1
-19.1,-38.7,EXTERNAL,1
-8.1,-71.7,REGIONAL,1
5.0,-60.0,REGIONAL,1
-9.9,-36.4,REGIONAL,1
-20.5,-32.5,REGIONAL,1
-12.0,-41.1,EXTERNAL,1
-20.5,-31.5,REGIONAL,1
-11.2,-51.4,REGIONAL,1
-14.3,-49.1,REGIONAL,1
-8.9,-36.1,REGIONAL,1
-18.0,-54.7,REGIONAL,1
-0.2,-63.1,REGIONAL,1
-6.2,-42.3,REGIONAL,1
-18.3,-44.6,REGIONAL,1
-4.5,-44.0,REGIONAL,1
-7.0,-37.2,REGIONAL,1
-9.0,-38.3,REGIONAL,1
-15.9,-42.4,REGIONAL,1
-7.3,-47.8,REGIONAL,1
-7.7,-39.1,REGIONAL,1
-11.2,-62.1,REGIONAL,1
-17.4,-46.0,REGIONAL,1
-21.9,-41.6,REGIONAL,1
3.1,-59.9,REGIONAL,1
-7.8,-63.6,REGIONAL,1
-27.8,-51.0,REGIONAL,1
-8.6,-46.6,REGIONAL,1
-17.7,-47.8,REGIONAL,1
-9.5,-55.1,REGIONAL,1
-30.3,-53.5,EXTERNAL,1
-11.1,-45.9,REGIONAL,1
-23.4,-49.3,REGIONAL,1
-27.9,-55.1,REGIONAL,1
-19.3,-45.6,REGIONAL,1
-28.3,-54.8,REGIONAL,1
-29.5,-53.0,REGIONAL,1
-6.6,-38.0,REGIONAL,1
-9.2,-48.6,REGIONAL,1
-23.1,-50.7,REGIONAL,1
-20.4,-50.2,REGIONAL,1
-24.8,-52.7,REGIONAL,1
-23.1,-50.3,REGIONAL,1
-19.1,-43.2,REGIONAL,1
-24.1,-53.8,REGIONAL,1
-20.9,-48.0,REGIONAL,1
-18.3,-39.9,EXTERNAL,1
-20.9,-48.8,REGIONAL,1
-21.4,-51.1,REGIONAL,1
-22.4,-49.5,REGIONAL,1
-16.9,-46.2,REGIONAL,1
-19.0,-47.7,REGIONAL,1
-24.0,-48.5,REGIONAL,1
-22.6,-55.3,REGIONAL,1
-19.4,-44.0,REGIONAL,1
-3.4,-39.4,REGIONAL,1
-4.0,-64.5,REGIONAL,1
-5.6,-37.4,EXTERNAL,1
2.7,-61.2,REGIONAL,1
-15.6,-39.6,REGIONAL,1
-15.4,-58.1,REGIONAL,1
-16.7,-54.5,REGIONAL,1
-9.0,-35.6,REGIONAL,1
1.5,-48.5,REGIONAL,1
-17.7,-49.3,REGIONAL,1
-14.9,-49.6,EXTERNAL,1
-12.7,-48.3,REGIONAL,1
-1.9,-66.6,REGIONAL,1
-15.5,-43.1,REGIONAL,1
-7.2,-47.6,REGIONAL,1
-10.0,-41.5,REGIONAL,1
-14.8,-41.4,REGIONAL,1
-14.1,-47.4,EXTERNAL,1
-19.7,-42.7,EXTERNAL,1
-19.4,-50.6,REGIONAL,1
-15.6,-42.8,REGIONAL,1
-2.2,-65.4,REGIONAL,1
-24.6,-47.5,REGIONAL,1
-0.8,-63.3,REGIONAL,1
-16.9,-50.9,REGIONAL,1
-17.3,-52.9,REGIONAL,1
-5.7,-38.0,EXTERNAL,1
-8.6,-46.7,EXTERNAL,1
-9.7,-48.5,REGIONAL,1
-10.8,-65.0,REGIONAL,1
-5.7,-48.9,REGIONAL,1
-18.7,-51.9,REGIONAL,1
-14.9,-43.6,REGIONAL,1
-23.3,-53.8,REGIONAL,1
-2.6,-39.8,EXTERNAL,1
-23.2,-42.7,REGIONAL,1
-32.4,-48.8,REGIONAL,1
-20.7,-41.3,EXTERNAL,1
-16.6,-42.0,EXTERNAL,1
-13.2,-49.5,REGIONAL,1
-18.8,-50.5,REGIONAL,1
-17.2,-41.5,REGIONAL,1
-8.0,0.0,EXTERNAL,1
-22.1,-44.9,REGIONAL,1
3.7,-61.6,REGIONAL,1
-14.0,-43.4,EXTERNAL,1
-5.7,-42.6,EXTERNAL,1
-19.3,-41.8,EXTERNAL,1
-8.0,-35.5,REGIONAL,1
-8.4,-69.0,REGIONAL,1
-15.4,-56.2,EXTERNAL,1
-6.6,-36.8,EXTERNAL,1
-25.4,-52.1,EXTERNAL,1
-60.1,-63.0,REGIONAL,1
-6.9,-48.8,EXTERNAL,1
-20.2,-49.1,EXTERNAL,1
4.5,-50.5,REGIONAL,1
-2.2,-57.4,EXTERNAL,1
-25.0,-47.0,EXTERNAL,1
-14.0,-43.8,REGIONAL,1
-0.4,-62.9,REGIONAL,1
-20.6,-45.6,REGIONAL,1
-10.4,-45.1,REGIONAL,1
-20.0,-56.7,EXTERNAL,1
-12.1,-41.1,EXTERNAL,1
-13.6,-40.1,REGIONAL,1
-10.9,-51.6,EXTERNAL,1
-4.5,-40.7,EXTERNAL,1
-11.2,-56.9,REGIONAL,1
-10.2,-62.6,REGIONAL,1
-18.0,-51.5,EXTERNAL,1
-18.4,-50.6,EXTERNAL,1
-9.9,-60.0,EXTERNAL,1
-11.3,-39.4,EXTERNAL,1
-29.4,-54.2,EXTERNAL,1
-3.0,0.0,EXTERNAL,1
-5.5,-37.4,EXTERNAL,1
-20.3,-54.8,EXTERNAL,1
-23.0,-41.0,EXTERNAL,1
-30.0,-60.0,EXTERNAL,1
-15.5,-57.1,EXTERNAL,1
-7.3,-58.2,REGIONAL,1
-16.6,-42.3,EXTERNAL,1
-2.6,-44.9,EXTERNAL,1
-9.2,-38.3,EXTERNAL,1
-22.3,-51.6,REGIONAL,1
-16.9,-43.3,REGIONAL,1
-7.8,-63.8,REGIONAL,1
-32.0,-52.7,REGIONAL,1
-19.0,-55.3,REGIONAL,1
-2.5,-66.1,EXTERNAL,1
-29.1,-52.2,REGIONAL,1
-27.5,-52.1,REGIONAL,1
-23.4,-53.3,EXTERNAL,1
-29.8,-54.1,REGIONAL,1
-6.6,-56.2,REGIONAL,1
-23.2,-52.1,REGIONAL,1
-20.2,-48.5,REGIONAL,1
-12.4,-62.1,REGIONAL,1
-7.8,-43.4,REGIONAL,1
-11.0,-49.9,REGIONAL,1
-21.5,-45.3,REGIONAL,1
-28.6,-51.1,REGIONAL,1
-11.8,-61.9,REGIONAL,1
-2.5,-60.3,REGIONAL,1
-5.4,-47.4,REGIONAL,1
-2.5,-48.1,REGIONAL,1
-1.5,-56.0,REGIONAL,1
-13.7,-39.1,EXTERNAL,1
-29.6,-52.5,EXTERNAL,1
-15.2,-42.8,EXTERNAL,1
-25.0,-50.7,EXTERNAL,1
-14.8,-39.4,EXTERNAL,1
-10.4,-56.4,EXTERNAL,1
-18.8,-42.5,EXTERNAL,1
-19.3,-43.9,EXTERNAL,1
-33.3,-52.8,REGIONAL,1
-2.5,-54.5,EXTERNAL,1
0.9,-51.3,EXTERNAL,1
-6.8,-60.5,REGIONAL,1
-11.0,-45.5,REGIONAL,1
-21.6,-45.3,REGIONAL,1
-19.1,-46.1,REGIONAL,1
-21.3,-46.5,REGIONAL,1
-18.0,-42.8,REGIONAL,1
-3.5,-64.4,REGIONAL,1
5.2,-60.7,EXTERNAL,1
-21.2,-46.5,REGIONAL,1
-27.2,-50.8,REGIONAL,1
-19.1,-44.7,REGIONAL,1
-3.1,-40.3,REGIONAL,1
-3.3,-52.9,REGIONAL,1
-19.9,-41.3,EXTERNAL,1
-33.2,-52.7,REGIONAL,1
-4.3,-39.4,REGIONAL,1
-3.5,-56.3,REGIONAL,1
-2.4,-52.1,REGIONAL,1
1.0,-52.6,EXTERNAL,1
-20.0,-41.2,REGIONAL,1
-14.5,-42.4,REGIONAL,1
-7.5,-62.9,REGIONAL,1
-21.4,-51.5,REGIONAL,1
-14.2,-54.1,REGIONAL,1
-19.1,-48.0,REGIONAL,1
-22.3,-52.4,REGIONAL,1
-28.2,-54.5,EXTERNAL,1
5.2,-60.3,REGIONAL,1
-1.4,-58.5,REGIONAL,1
1.2,-61.1,REGIONAL,1
-21.4,-45.1,REGIONAL,1
-21.0,-45.6,REGIONAL,1
-16.3,-40.0,REGIONAL,1
-13.1,-52.3,REGIONAL,1
-19.9,-38.2,INTERNAL,1
-14.3,-42.2,EXTERNAL,1
-22.6,-46.8,EXTERNAL,1
-20.1,-42.7,EXTERNAL,1
2.3,-51.8,REGIONAL,1
-21.3,-49.7,EXTERNAL,1
-11.6,-49.2,EXTERNAL,1
-1.6,-50.5,REGIONAL,1
-21.2,-37.8,INTERNAL,1
-12.0,-37.7,EXTERNAL,1
-10.2,-36.3,EXTERNAL,1
-17.0,-37.5,INTERNAL,1
-17.9,-40.3,EXTERNAL,1
-11.9,-61.8,EXTERNAL,1
-15.4,-36.5,INTERNAL,1
-25.1,-45.5,INTERNAL,1
-1.0,-47.1,EXTERNAL,1
-13.4,-52.4,REGIONAL,1
-23.9,-49.9,EXTERNAL,1
-11.6,-46.7,REGIONAL,1
-8.5,-45.1,REGIONAL,1
-16.2,-47.6,REGIONAL,1
-28.4,-52.4,REGIONAL,1
-6.6,-38.8,REGIONAL,1
-15.4,-38.7,REGIONAL,1
-13.7,-52.8,REGIONAL,1
-21.5,-40.8,INTERNAL,1
-6.1,-41.9,REGIONAL,1
-11.0,-69.2,REGIONAL,1
-13.0,-53.1,REGIONAL,1
-15.9,-58.4,REGIONAL,1
-29.2,-47.9,INTERNAL,1
-19.9,-56.8,REGIONAL,1
-31.0,-51.7,REGIONAL,1
-14.9,-49.1,REGIONAL,1
-20.5,-56.5,REGIONAL,1
-8.9,-63.3,REGIONAL,1
-9.7,-61.2,REGIONAL,1
-16.3,-39.0,INTERNAL,1
-8.9,-63.4,REGIONAL,1
-29.3,-50.4,REGIONAL,1
-22.6,-40.9,INTERNAL,1
-4.6,-57.0,REGIONAL,1
-9.5,-32.6,REGIONAL,1
-8.0,-49.3,REGIONAL,1
-9.2,-34.8,REGIONAL,1
-22.9,-44.2,INTERNAL,1
-25.3,-44.8,REGIONAL,1
-10.2,-36.2,REGIONAL,1
-21.0,-45.0,REGIONAL,1
-24.9,-44.6,REGIONAL,1
-27.1,-46.9,REGIONAL,1
-2.2,-55.2,REGIONAL,1
-26.5,-51.7,EXTERNAL,1
-3.3,-32.1,REGIONAL,1
-20.6,-28.7,REGIONAL,1
-20.6,-37.3,REGIONAL,1
-19.4,-39.5,REGIONAL,1
-25.7,-42.9,REGIONAL,1
-29.3,-48.2,REGIONAL,1
-31.5,-48.4,REGIONAL,1
-13.2,-37.2,REGIONAL,1
-11.7,-34.1,REGIONAL,1
-14.8,-36.3,REGIONAL,1
-17.3,-36.9,REGIONAL,1
-9.0,-56.7,REGIONAL,1
-22.7,-43.9,INTERNAL,1
-11.1,-50.4,EXTERNAL,1
-32.4,-50.4,REGIONAL,1
-16.2,-36.4,REGIONAL,1
-16.8,-37.4,REGIONAL,1
-16.8,-37.9,REGIONAL,1
-34.6,-50.3,REGIONAL,1
-34.8,-49.4,REGIONAL,1
-32.4,-49.7,REGIONAL,1
-33.3,-49.1,REGIONAL,1
-34.1,-48.8,REGIONAL,1
-6.6,-36.4,REGIONAL,1
-32.2,-50.6,INTERNAL,1
-2.5,-61.1,EXTERNAL,1
-33.4,-53.3,REGIONAL,1
-33.6,-52.4,INTERNAL,1
-15.1,-60.2,REGIONAL,1
-11.7,-64.9,REGIONAL,1
-9.3,-48.2,REGIONAL,1
-1.1,-38.7,INTERNAL,1
-10.8,-36.6,INTERNAL,1
-21.2,-49.5,REGIONAL,1
-29.3,-49.0,INTERNAL,1
3.7,-29.3,REGIONAL,1
-8.0,-60.5,REGIONAL,1
-17.4,-55.3,REGIONAL,1
-16.0,-52.4,REGIONAL,1
-30.5,-49.3,INTERNAL,1
-6.1,-67.8,REGIONAL,1
-19.0,-46.1,EXTERNAL,1
-16.7,-50.8,EXTERNAL,1
-10.2,-68.4,REGIONAL,1
-15.8,-42.5,REGIONAL,1
3.1,-60.7,REGIONAL,1
-17.1,-56.6,EXTERNAL,1
-16.6,-56.0,REGIONAL,1
-5.2,-36.5,EXTERNAL,1
-12.4,-51.7,EXTERNAL,1
-10.4,-67.7,EXTERNAL,1
-10.7,-49.1,EXTERNAL,1
-6.5,-38.5,EXTERNAL,1
-22.7,-44.8,EXTERNAL,1
-16.8,-54.0,EXTERNAL,1
-28.8,-56.1,REGIONAL,1
-5.4,-37.0,REGIONAL,1
-17.8,-45.3,REGIONAL,1
-20.6,-48.1,REGIONAL,1
-25.3,-54.4,REGIONAL,1
-8.5,-38.4,REGIONAL,1
-34.5,-51.7,EXTERNAL,1
-23.2,-53.8,REGIONAL,1
-9.3,-39.6,REGIONAL,1
-16.1,-52.1,REGIONAL,1
-27.4,-47.4,INTERNAL,1
-13.5,-5.4,REGIONAL,1
-17.6,-51.8,REGIONAL,1
-17.4,-47.6,REGIONAL,1
0.1,-67.1,REGIONAL,1
-18.5,-52.3,REGIONAL,1
-26.0,-51.7,REGIONAL,1
-4.5,-43.1,REGIONAL,1
-29.7,-57.0,REGIONAL,1
-21.5,-27.4,REGIONAL,1
-20.1,-57.0,EXTERNAL,1
-4.2,-40.1,EXTERNAL,1
-10.5,-41.3,INTERNAL,1
-18.7,-40.8,EXTERNAL,1
-15.2,-59.0,REGIONAL,1
-3.8,-48.0,REGIONAL,1
-9.4,-39.1,EXTERNAL,1
-7.3,-38.1,EXTERNAL,1
-16.4,-57.0,REGIONAL,1
-1.2,-52.6,EXTERNAL,1
-11.0,-41.1,EXTERNAL,1
-4.8,-48.1,EXTERNAL,1
-10.2,-65.2,REGIONAL,1
-29.9,-47.1,REGIONAL,1
-15.5,-43.5,REGIONAL,1
-14.2,-41.6,EXTERNAL,1
-25.1,-54.1,EXTERNAL,1
-4.5,-49.0,REGIONAL,1
-21.4,-54.4,EXTERNAL,1
-16.7,-40.0,EXTERNAL,1
-16.4,-54.7,EXTERNAL,1
-6.8,-46.6,REGIONAL,1
-29.5,-53.7,EXTERNAL,1
-10.1,-55.0,EXTERNAL,1
-14.8,-41.2,EXTERNAL,1
-20.7,-55.2,EXTERNAL,1
-12.7,-39.0,EXTERNAL,1
-9.5,-40.9,EXTERNAL,1
-6.2,-47.6,REGIONAL,1
-22.4,-55.8,REGIONAL,1
-20.5,-53.7,INTERNAL,1
-9.6,-42.2,REGIONAL,1
-21.6,-51.2,INTERNAL,1
-9.2,-40.6,REGIONAL,1
-3.7,-41.9,EXTERNAL,1
-28.1,-51.2,EXTERNAL,1
-22.1,-46.7,INTERNAL,1
-21.3,-49.4,EXTERNAL,1
-27.0,-53.2,EXTERNAL,1
-18.0,-54.4,EXTERNAL,1
-1.8,-53.5,REGIONAL,1
-14.2,-43.0,INTERNAL,1
-10.3,-41.2,REGIONAL,1
-14.4,-40.2,INTERNAL,1
-22.2,-45.5,INTERNAL,1
-3.6,-59.9,EXTERNAL,1
4.4,-49.9,REGIONAL,1
-11.1,-37.6,EXTERNAL,1
-3.5,-41.6,EXTERNAL,1
-13.7,-57.9,EXTERNAL,1
-22.6,-50.5,INTERNAL,1
0.3,-47.0,INTERNAL,1
-8.6,-38.6,EXTERNAL,1
-20.2,-47.7,INTERNAL,1
-22.7,-48.9,REGIONAL,1
-13.0,-60.9,EXTERNAL,1
-12.8,-41.8,INTERNAL,1
-21.9,-51.8,INTERNAL,1
-21.5,-50.5,INTERNAL,1
-4.5,-46.2,EXTERNAL,1
-24.2,-49.8,EXTERNAL,1
-19.2,-44.2,EXTERNAL,1
-24.5,-48.1,EXTERNAL,1
-6.1,-39.2,EXTERNAL,1
-11.8,-37.5,EXTERNAL,1
-13.8,-45.7,EXTERNAL,1
-19.9,-42.3,EXTERNAL,1
-12.1,-38.0,EXTERNAL,1
-6.3,-41.8,EXTERNAL,1
-10.0,-38.6,EXTERNAL,1
-31.3,-51.7,EXTERNAL,1
-7.8,-43.1,EXTERNAL,1
-3.0,-62.7,REGIONAL,1
-24.9,-53.3,EXTERNAL,1
-1.8,-65.3,REGIONAL,1
-10.2,-58.2,REGIONAL,1
-10.2,-39.6,REGIONAL,1
-23.9,-47.9,REGIONAL,1
-28.5,-55.1,EXTERNAL,1
-11.9,-41.7,EXTERNAL,1
-2.3,-60.2,REGIONAL,1
-11.1,-61.3,REGIONAL,1
-14.7,-54.9,REGIONAL,1
-20.1,-50.3,EXTERNAL,1
-13.5,-55.2,REGIONAL,1
-10.4,-67.8,REGIONAL,1
-12.8,-55.2,REGIONAL,1
-8.2,-72.8,EXTERNAL,1
-17.2,-52.7,REGIONAL,1
-12.7,-60.2,EXTERNAL,1
-30.8,-53.8,REGIONAL,1
-17.2,-54.9,REGIONAL,1
-15.2,-48.9,REGIONAL,1
-13.5,-44.8,REGIONAL,1
-12.8,-40.9,REGIONAL,1
-16.8,-55.2,REGIONAL,1
-9.3,-63.4,REGIONAL,1
-12.5,-41.5,INTERNAL,1
-2.7,-58.6,REGIONAL,1
-22.5,-46.9,REGIONAL,1
-1.9,-61.3,REGIONAL,1
-18.3,-46.4,REGIONAL,1
-28.6,-52.6,REGIONAL,1
-28.5,-50.4,REGIONAL,1
-4.3,-69.8,REGIONAL,1
-5.3,-42.4,REGIONAL,1
-9.5,-54.9,REGIONAL,1
-1.4,-45.0,REGIONAL,1
-30.2,-55.2,REGIONAL,1
-16.6,-39.0,REGIONAL,1
-27.2,-49.3,EXTERNAL,1
-21.1,-55.9,REGIONAL,1
-15.7,-58.6,REGIONAL,1
-22.5,-49.8,EXTERNAL,1
-4.1,-49.8,REGIONAL,1
-3.0,-41.5,EXTERNAL,1
-14.4,-55.1,REGIONAL,1
-9.5,-46.4,REGIONAL,1
-20.5,-40.6,EXTERNAL,1
-21.4,-57.5,REGIONAL,1
-3.6,-40.0,EXTERNAL,1
-15.5,-57.7,REGIONAL,1
-23.5,-54.5,REGIONAL,1
-20.5,-44.7,REGIONAL,1
-23.8,-47.8,REGIONAL,1
-21.6,-57.1,REGIONAL,1
-1.1,-47.3,REGIONAL,1
-19.5,-54.4,REGIONAL,1
-8.8,-46.7,REGIONAL,1
-29.0,-53.6,REGIONAL,1
-15.2,-57.1,REGIONAL,1
-18.8,-57.2,REGIONAL,1
-18.7,-45.1,REGIONAL,1
-5.3,-47.2,REGIONAL,1
-2.3,-49.5,REGIONAL,1
-29.3,-50.6,EXTERNAL,1
-3.6,-55.3,REGIONAL,1
-12.4,-42.6,REGIONAL,1
-20.6,-49.6,REGIONAL,1
-10.8,-40.5,REGIONAL,1
-11.0,-44.6,REGIONAL,1
-20.0,-47.6,REGIONAL,1
-22.9,-51.8,EXTERNAL,1
-9.8,-57.9,REGIONAL,1
-5.6,-36.4,EXTERNAL,1
-20.3,-47.4,EXTERNAL,1
-19.1,-44.2,REGIONAL,1
-22.2,-48.0,REGIONAL,1
-31.8,-54.3,REGIONAL,1
3.8,-61.0,REGIONAL,1
-17.8,-5.4,REGIONAL,1
-20.0,-48.2,REGIONAL,1
-29.6,-49.6,REGIONAL,1
-21.6,-48.5,EXTERNAL,1
-21.8,-49.3,REGIONAL,1
-11.4,-37.6,REGIONAL,1
-10.0,-40.4,REGIONAL,1
-15.1,-56.0,REGIONAL,1
0.9,-51.7,REGIONAL,1
-9.0,-64.5,EXTERNAL,1
-4.4,-45.0,EXTERNAL,1
-1.5,-48.6,EXTERNAL,1
-21.6,-48.2,EXTERNAL,1
-10.2,-39.5,EXTERNAL,1
-18.0,-50.9,EXTERNAL,1
-16.6,-45.6,REGIONAL,1
-25.0,-53.0,EXTERNAL,1
-8.4,-36.4,EXTERNAL,1
-21.2,-51.1,EXTERNAL,1
-16.9,-47.7,EXTERNAL,1
-19.5,-38.5,REGIONAL,1
-4.4,-41.4,EXTERNAL,1
-22.0,-49.7,EXTERNAL,1
-11.1,-42.5,EXTERNAL,1
-7.3,-40.8,EXTERNAL,1
-30.4,-53.4,EXTERNAL,1
-5.7,-36.6,EXTERNAL,1
-27.5,-49.3,EXTERNAL,1
-14.3,-43.6,REGIONAL,1
-17.5,-54.7,REGIONAL,1
-18.8,-51.9,REGIONAL,1
-17.2,-43.7,REGIONAL,1
-17.7,-57.8,EXTERNAL,1
-5.8,-42.1,REGIONAL,1
-10.1,-45.0,REGIONAL,1
-20.1,-49.4,EXTERNAL,1
-4.0,-42.6,EXTERNAL,1
0.9,-51.4,EXTERNAL,1
-9.2,-36.4,EXTERNAL,1
-12.8,-44.2,REGIONAL,1
-20.4,-29.4,REGIONAL,1
-18.5,-28.5,REGIONAL,1
-13.4,-40.2,REGIONAL,1
-4.0,-59.3,REGIONAL,1
2.6,-30.2,EXTERNAL,1
-7.2,-47.9,REGIONAL,1
-30.6,-52.5,REGIONAL,1
-8.4,-63.7,REGIONAL,1
-17.9,-45.5,REGIONAL,1
-8.1,-63.7,REGIONAL,1
-25.8,-53.4,REGIONAL,1
0.2,-61.6,REGIONAL,1
-15.9,-38.7,REGIONAL,1
-20.9,-47.9,REGIONAL,1
-4.5,-59.3,REGIONAL,1
-4.9,-37.1,EXTERNAL,1
-12.0,-44.8,REGIONAL,1
-4.5,-41.4,INTERNAL,1
-0.9,-48.3,REGIONAL,1
-8.7,-62.2,REGIONAL,1
-19.9,-42.0,REGIONAL,1
-29.5,-50.2,INTERNAL,1
-12.8,-57.0,REGIONAL,1
-22.3,-40.4,REGIONAL,1
1.5,-56.5,REGIONAL,1
-5.5,-46.5,REGIONAL,1
-7.1,-55.1,REGIONAL,1
-17.7,-48.3,REGIONAL,1
-7.5,-45.5,REGIONAL,1
-5.5,-33.5,REGIONAL,1
-2.2,-61.1,EXTERNAL,1
-5.9,-35.9,REGIONAL,1
-15.5,-59.5,REGIONAL,1
-4.5,-32.5,REGIONAL,1
-22.1,-42.0,REGIONAL,1
-18.1,-46.5,INTERNAL,1
-11.8,-42.1,EXTERNAL,1
-9.9,-63.1,EXTERNAL,1
-9.5,-48.8,EXTERNAL,1
-5.2,-67.3,REGIONAL,1
-11.5,-54.8,REGIONAL,1
-10.9,-63.0,REGIONAL,1
-28.3,-51.5,REGIONAL,1
-26.0,-53.1,REGIONAL,1
-15.9,-39.5,EXTERNAL,1
-22.5,-48.8,REGIONAL,1
-6.2,-52.7,REGIONAL,1
-26.1,-50.2,REGIONAL,1
-13.1,-61.4,REGIONAL,1
-16.1,-40.2,EXTERNAL,1
-11.8,-37.7,REGIONAL,1
-9.7,-50.5,REGIONAL,1
-9.1,-72.3,REGIONAL,1
-9.7,-39.1,REGIONAL,1
-5.3,-41.0,REGIONAL,1
-11.2,-61.4,REGIONAL,1
-13.7,-46.6,REGIONAL,1
-26.1,-50.5,REGIONAL,1
-6.9,-41.8,REGIONAL,1
-8.6,-49.9,REGIONAL,1
-5.1,-55.1,REGIONAL,1
3.3,-60.7,REGIONAL,1
-13.6,-53.7,REGIONAL,1
-22.4,-52.1,REGIONAL,1
-13.3,-50.4,REGIONAL,1
-13.7,-59.9,REGIONAL,1
-30.2,-49.7,REGIONAL,1
-14.1,-53.6,REGIONAL,1
-12.2,-37.9,REGIONAL,1
-11.4,-37.7,REGIONAL,1
-11.5,-55.1,REGIONAL,1
-20.7,-54.4,REGIONAL,1
-18.3,-51.2,REGIONAL,1
-2.5,-58.2,REGIONAL,1
-2.0,-55.8,REGIONAL,1
-21.5,-44.8,REGIONAL,1
-15.5,-41.9,REGIONAL,1
-5.4,-36.0,REGIONAL,1
-29.9,-51.8,EXTERNAL,1
-12.7,-56.9,EXTERNAL,1
-29.9,-57.2,EXTERNAL,1
-16.0,-58.4,EXTERNAL,1
-16.4,-50.2,EXTERNAL,1
-2.2,-55.4,REGIONAL,1
-18.8,-55.2,EXTERNAL,1
-18.3,-48.8,REGIONAL,1
-21.2,-49.9,REGIONAL,1
-10.9,-37.5,EXTERNAL,1
-14.2,-39.3,EXTERNAL,1
-27.3,-54.2,EXTERNAL,1
-18.5,-39.3,EXTERNAL,1
-6.4,-67.8,REGIONAL,1
-25.5,-5.8,REGIONAL,1
-20.4,-56.2,REGIONAL,1
-7.9,-37.6,REGIONAL,1
-31.2,-51.8,REGIONAL,1
-9.6,-56.7,REGIONAL,1
-28.6,-55.2,REGIONAL,1
-16.3,-42.9,REGIONAL,1
-24.2,-46.4,REGIONAL,1
-21.0,-51.9,REGIONAL,1
3.1,-61.3,REGIONAL,1
-30.9,-53.0,REGIONAL,1
-24.0,-48.6,REGIONAL,1
-32.5,-52.2,REGIONAL,1
-16.9,-56.5,REGIONAL,1
-11.8,-57.4,REGIONAL,1
-19.6,-40.4,REGIONAL,1
-2.2,-55.6,REGIONAL,1
-10.1,-36.2,EXTERNAL,1
-21.7,-42.8,EXTERNAL,1
-29.6,-52.3,EXTERNAL,1
-26.3,-51.9,EXTERNAL,1
-7.7,-39.0,EXTERNAL,1
-18.6,-41.8,EXTERNAL,1
-23.2,-51.5,EXTERNAL,1
-15.0,-56.9,EXTERNAL,1
-3.1,-39.8,EXTERNAL,1
-21.1,-43.1,EXTERNAL,1
-6.2,-47.9,EXTERNAL,1
-24.6,-48.5,EXTERNAL,1
-29.6,-51.6,EXTERNAL,1
-22.2,-56.2,EXTERNAL,1
-16.1,-49.1,EXTERNAL,1
-18.2,-41.2,EXTERNAL,1
-4.4,-45.2,EXTERNAL,1
-16.9,-40.6,EXTERNAL,1
-2.7,-43.6,EXTERNAL,1
-3.5,-60.4,EXTERNAL,1
-5.2,-66.8,REGIONAL,1
-13.3,-38.6,REGIONAL,1
-21.0,-39.5,REGIONAL,1
-16.5,-56.9,REGIONAL,1
-23.5,-42.9,REGIONAL,1
-3.4,-47.2,REGIONAL,1
-16.3,-38.9,REGIONAL,1
-12.5,-37.6,REGIONAL,1
-15.7,-49.1,REGIONAL,1
-24.8,-41.2,REGIONAL,1
-26.2,-47.7,REGIONAL,1
-6.6,-49.3,EXTERNAL,1
-2.8,-41.7,EXTERNAL,1
-20.7,-51.1,EXTERNAL,1
-20.8,-48.5,EXTERNAL,1
-30.9,-53.3,EXTERNAL,1
-26.2,-50.1,REGIONAL,1
-9.1,-31.8,EXTERNAL,1
-15.6,-58.8,EXTERNAL,1
-29.2,-50.3,EXTERNAL,1
-25.6,-51.4,EXTERNAL,1
-13.8,-41.3,INTERNAL,1
-5.8,-64.4,INTERNAL,1
-20.9,-40.9,INTERNAL,1
-19.2,-53.4,REGIONAL,1
-21.5,-56.1,INTERNAL,1
-18.9,-46.2,REGIONAL,1
-20.6,-50.9,REGIONAL,1
-10.1,-38.6,REGIONAL,1
-7.2,-46.4,REGIONAL,1
-17.7,-44.5,REGIONAL,1
-18.9,-46.6,REGIONAL,1
-16.3,-42.2,EXTERNAL,1
-14.6,-42.4,REGIONAL,1
-11.0,-42.2,REGIONAL,1
-13.8,-56.5,REGIONAL,1
-15.8,-58.6,EXTERNAL,1
-8.2,-70.5,REGIONAL,1
-9.3,-64.8,REGIONAL,1
-19.2,-57.8,REGIONAL,1
2.2,-51.9,REGIONAL,1
-21.1,-54.2,REGIONAL,1
1.7,-61.3,REGIONAL,1
-26.1,-52.8,REGIONAL,1
-16.7,-48.2,REGIONAL,1
-31.1,-52.7,EXTERNAL,1
-19.7,-40.4,EXTERNAL,1
-1.4,-47.7,EXTERNAL,1
-4.5,-44.5,EXTERNAL,1
-21.2,-42.4,EXTERNAL,1
-27.8,-50.9,REGIONAL,1
-21.6,-52.7,REGIONAL,1
-13.6,-45.3,REGIONAL,1
0.4,-67.3,REGIONAL,1
3.4,-63.4,REGIONAL,1
-6.5,-42.8,REGIONAL,1
-13.2,-50.1,REGIONAL,1
-9.7,-65.0,EXTERNAL,1
-28.6,-55.7,REGIONAL,1
-15.7,-52.9,REGIONAL,1
-15.9,-44.9,REGIONAL,1
-15.9,-46.7,REGIONAL,1
-9.9,-40.4,REGIONAL,1
-19.0,-56.7,EXTERNAL,1
-2.3,-42.0,REGIONAL,1
-21.2,-55.5,REGIONAL,1
-15.3,-43.3,REGIONAL,1
-19.2,-56.8,REGIONAL,1
-20.4,-41.4,REGIONAL,1
-15.3,-39.3,REGIONAL,1
-5.6,-63.2,REGIONAL,1
-4.3,-46.4,REGIONAL,1
-6.5,-40.1,REGIONAL,1
-18.6,-43.5,EXTERNAL,1
-10.5,-47.2,REGIONAL,1
-22.0,-54.9,EXTERNAL,1
-31.4,-52.4,EXTERNAL,1
-11.2,-61.3,EXTERNAL,1
-28.3,-55.0,EXTERNAL,1
-16.4,-40.5,REGIONAL,1
-19.5,-41.4,EXTERNAL,1
-25.2,-49.5,EXTERNAL,1
-19.7,-44.6,REGIONAL,1
-19.5,-42.0,REGIONAL,1
-30.1,-56.7,REGIONAL,1
-0.1,-60.7,REGIONAL,1
-9.3,-40.9,REGIONAL,1
-28.7,-54.1,REGIONAL,1
-0.5,-51.3,REGIONAL,1
-21.2,-51.0,REGIONAL,1
-17.1,-49.4,REGIONAL,1
-20.0,-50.6,REGIONAL,1
2.5,-51.4,REGIONAL,1
-22.2,-55.5,REGIONAL,1
-20.8,-46.9,REGIONAL,1
-23.2,-47.9,REGIONAL,1
-24.5,-48.2,REGIONAL,1
-22.4,-48.3,REGIONAL,1
-8.6,-44.4,REGIONAL,1
-26.1,-48.5,REGIONAL,1
-23.8,-51.4,REGIONAL,1
-23.4,-50.3,REGIONAL,1
-22.4,-52.8,REGIONAL,1
-16.3,-44.3,REGIONAL,1
-5.3,-40.4,REGIONAL,1
-23.5,-50.8,REGIONAL,1
-16.3,-53.7,REGIONAL,1
-26.7,-48.4,REGIONAL,1
-16.0,-54.9,REGIONAL,1
-20.1,-54.1,EXTERNAL,1
-8.9,-35.6,REGIONAL,1
-6.4,-62.9,EXTERNAL,1
-21.3,-46.0,REGIONAL,1
-21.2,-46.1,REGIONAL,1
-15.9,-44.3,REGIONAL,1
-16.7,-51.5,REGIONAL,1
28.2,-62.8,REGIONAL,1
-20.1,-53.9,EXTERNAL,1
-27.7,-53.6,EXTERNAL,1
-3.9,-45.1,EXTERNAL,1
-23.6,-52.4,EXTERNAL,1
-28.8,-51.5,EXTERNAL,1
-15.2,-59.4,EXTERNAL,1
-16.6,-47.9,REGIONAL,1
-1.6,-52.6,REGIONAL,1
-20.4,-52.7,REGIONAL,1
4.0,-60.2,REGIONAL,1
-16.0,-48.3,EXTERNAL,1
-21.9,-45.4,REGIONAL,1
-5.8,-37.8,REGIONAL,1
-21.4,-41.6,REGIONAL,1
2.9,-49.5,REGIONAL,1
-22.1,-50.6,REGIONAL,1
-20.7,-51.8,REGIONAL,1
-2.7,-65.7,REGIONAL,1
-30.6,-50.4,REGIONAL,1
-12.9,-41.6,REGIONAL,1
-28.6,-50.0,REGIONAL,1
-9.3,-33.5,REGIONAL,1
-29.3,-53.9,EXTERNAL,1
-16.9,-49.7,EXTERNAL,1
0.0,-49.1,EXTERNAL,1
-30.7,-54.3,EXTERNAL,1
-1.4,-62.0,EXTERNAL,1
-9.3,-40.3,EXTERNAL,1
-6.0,-45.0,EXTERNAL,1
-15.3,-54.8,EXTERNAL,1
-8.4,-63.5,REGIONAL,1
-8.6,-41.0,EXTERNAL,1
-3.0,-67.8,REGIONAL,1
-23.5,-49.6,EXTERNAL,1
-6.6,-62.0,REGIONAL,1
-14.4,-39.2,EXTERNAL,1
-14.6,-56.2,EXTERNAL,1
-6.5,-50.6,EXTERNAL,1
-24.1,-45.3,REGIONAL,1
-11.1,-39.6,EXTERNAL,1
-10.6,-38.7,EXTERNAL,1
-3.3,-46.9,REGIONAL,1
-30.6,-53.4,EXTERNAL,1
-30.1,-52.9,REGIONAL,1
-18.0,-57.0,EXTERNAL,1
-20.3,-53.4,EXTERNAL,1
-20.9,-54.2,EXTERNAL,1
-6.6,-35.0,EXTERNAL,1
-7.2,-35.1,EXTERNAL,1
-5.3,-35.4,EXTERNAL,1
-9.4,-36.8,EXTERNAL,1
-9.2,-40.3,EXTERNAL,1
-1.5,-59.6,REGIONAL,1
-2.0,-56.7,EXTERNAL,1
-14.3,-40.4,REGIONAL,1
-17.6,-47.8,EXTERNAL,1
-20.4,-49.2,EXTERNAL,1
-3.8,-48.8,REGIONAL,1
-5.0,-40.6,REGIONAL,1
-28.3,-51.0,REGIONAL,1
-7.3,-36.8,REGIONAL,1
-11.8,-49.9,REGIONAL,1
-9.2,-69.7,REGIONAL,1
-6.1,-56.6,REGIONAL,1
-26.5,-51.5,REGIONAL,1
-29.9,-54.3,REGIONAL,1
-0.5,-62.1,REGIONAL,1
-6.9,-48.8,REGIONAL,1
-1.0,-57.6,REGIONAL,1
-27.9,-50.6,REGIONAL,1
-28.6,-48.4,REGIONAL,1
-7.1,-55.5,REGIONAL,1
-15.1,-39.9,REGIONAL,1
-10.4,-68.4,REGIONAL,1
-7.4,-58.4,REGIONAL,1
-16.6,-51.4,REGIONAL,1
-0.3,-65.5,REGIONAL,1
-8.9,-35.9,REGIONAL,1
-15.3,-57.3,REGIONAL,1
-11.7,-41.3,REGIONAL,1
-19.3,-43.8,REGIONAL,1
-11.5,-45.6,REGIONAL,1
0.5,-51.9,REGIONAL,1
-21.5,-43.9,REGIONAL,1
-9.6,-49.0,REGIONAL,1
-1.8,-64.8,REGIONAL,1
-11.8,-56.7,REGIONAL,1
-22.8,-48.9,REGIONAL,1
-23.6,-51.9,REGIONAL,1
-11.4,-31.3,REGIONAL,1
-0.2,-51.0,REGIONAL,1
-12.3,-55.6,REGIONAL,1
-26.1,-49.7,REGIONAL,1
-14.3,-60.0,REGIONAL,1
-11.1,-41.2,REGIONAL,1
-20.3,-44.7,REGIONAL,1
-31.1,-52.0,EXTERNAL,1
-3.0,-38.8,INTERNAL,1
-20.5,-43.3,EXTERNAL,1
-23.9,-50.6,EXTERNAL,1
-20.5,-48.0,EXTERNAL,1
-3.9,-55.6,EXTERNAL,1
-25.8,-53.7,EXTERNAL,1
-6.0,-39.4,EXTERNAL,1
-12.0,-41.1,REGIONAL,1
-5.4,-47.4,EXTERNAL,1
-6.4,-51.2,REGIONAL,1
-0.3,-66.9,REGIONAL,1
-5.6,-47.5,EXTERNAL,1
-17.5,-52.3,EXTERNAL,1
-28.6,-52.6,EXTERNAL,1
-22.0,-48.2,INTERNAL,1
-13.5,-48.7,EXTERNAL,1
-11.8,-42.0,EXTERNAL,1
-14.3,-59.7,REGIONAL,1
-6.7,-47.6,REGIONAL,1
-27.5,-49.4,EXTERNAL,1
-2.7,-44.9,REGIONAL,1
-16.8,-47.4,REGIONAL,1
0.2,-51.6,REGIONAL,1
-34.5,-51.8,EXTERNAL,1
-13.5,-41.0,REGIONAL,1
-11.0,-63.8,INTERNAL,1
-13.2,-44.7,INTERNAL,1
-5.1,-35.2,INTERNAL,1
-32.1,-52.0,INTERNAL,1
-21.8,-57.4,REGIONAL,1
-6.2,-41.7,REGIONAL,1
-2.5,-51.1,INTERNAL,1
-4.1,-46.4,REGIONAL,1
-0.4,-55.3,REGIONAL,1
-10.7,-62.6,INTERNAL,1
-22.6,-48.5,INTERNAL,1
-23.5,-49.2,INTERNAL,1
-16.8,-42.2,REGIONAL,1
-17.5,-39.2,INTERNAL,1
-3.1,-59.1,INTERNAL,1
-12.8,-49.7,REGIONAL,1
-3.0,-67.0,REGIONAL,1
-17.2,-49.3,EXTERNAL,1
-4.9,-42.7,EXTERNAL,1
-9.9,-69.5,REGIONAL,1
50.9,-0.1,EXTERNAL,1
-17.4,-52.2,EXTERNAL,1
-23.4,-44.5,EXTERNAL,1
-4.3,-39.1,REGIONAL,1
-29.5,-53.4,EXTERNAL,1
-20.5,-44.5,EXTERNAL,1
-1.6,-66.0,REGIONAL,1
-4.6,-44.0,EXTERNAL,1
-10.2,-52.4,EXTERNAL,1
-22.4,-41.1,INTERNAL,1
-4.8,-39.6,EXTERNAL,1
-20.8,-44.8,EXTERNAL,1
-10.3,-36.2,INTERNAL,1
-18.7,-37.9,INTERNAL,1
-13.6,-38.7,INTERNAL,1
-16.3,-46.5,EXTERNAL,1
-8.1,-42.9,EXTERNAL,1
-13.5,-38.8,INTERNAL,1
-19.8,-55.1,REGIONAL,1
-34.3,-52.0,INTERNAL,1
-19.3,-45.4,EXTERNAL,1
-17.2,-40.0,EXTERNAL,1
-20.9,-48.8,EXTERNAL,1
-8.5,-35.1,EXTERNAL,1
-19.1,-46.1,EXTERNAL,1
-10.7,-39.8,EXTERNAL,1
-32.3,-50.4,INTERNAL,1
-9.3,-36.7,EXTERNAL,1
-23.3,-51.8,EXTERNAL,1
-21.2,-47.3,EXTERNAL,1
-19.4,-41.5,EXTERNAL,1
-4.7,-36.5,INTERNAL,1
-29.9,-53.1,EXTERNAL,1
-29.6,-47.8,INTERNAL,1
-9.3,-35.3,INTERNAL,1
-9.2,-35.0,INTERNAL,1
-7.6,-40.8,REGIONAL,1
-22.8,-42.0,INTERNAL,1
-20.2,-37.5,INTERNAL,1
-14.4,-38.8,INTERNAL,1
-4.8,-37.5,REGIONAL,1
-4.0,-32.1,REGIONAL,1
-8.2,-41.2,REGIONAL,1
-31.4,-51.6,REGIONAL,1
-0.9,-47.3,REGIONAL,1
-21.4,-38.6,INTERNAL,1
-3.2,-55.7,REGIONAL,1
-9.8,-36.6,REGIONAL,1
-25.4,-46.5,INTERNAL,1
-13.6,-43.9,REGIONAL,1
-18.4,-50.9,REGIONAL,1
-10.4,-37.7,REGIONAL,1
-27.5,-50.3,REGIONAL,1
-12.5,-55.6,REGIONAL,1
-28.3,-54.8,EXTERNAL,1
-18.2,-40.4,EXTERNAL,1
-25.1,-51.4,EXTERNAL,1
-18.8,-52.5,EXTERNAL,1
-7.8,-47.4,REGIONAL,1
-15.9,-40.6,REGIONAL,1
-24.2,-43.8,INTERNAL,1
-21.5,-40.5,INTERNAL,1
-11.0,-62.2,REGIONAL,1
-5.1,-35.1,REGIONAL,1
-9.3,-35.0,INTERNAL,1
-10.9,-36.6,INTERNAL,1
-13.8,-58.3,REGIONAL,1
-14.2,-39.6,REGIONAL,1
-20.7,-49.0,REGIONAL,1
-10.6,-47.2,REGIONAL,1
-15.2,-48.2,REGIONAL,1
-18.0,-57.6,REGIONAL,1
-10.5,-37.0,EXTERNAL,1
-20.9,-51.7,REGIONAL,1
-21.0,-51.8,REGIONAL,1
-12.8,-55.9,REGIONAL,1
-22.5,-42.1,EXTERNAL,1
-5.1,-39.2,REGIONAL,1
-24.3,-49.6,REGIONAL,1
-6.3,-50.5,REGIONAL,1
-4.6,-45.4,EXTERNAL,1
-2.7,-43.0,REGIONAL,1
-5.6,-36.2,REGIONAL,1
-17.9,-50.6,REGIONAL,1
-18.1,-46.4,REGIONAL,1
-15.2,-48.8,REGIONAL,1
-16.8,-39.7,REGIONAL,1
-23.3,-47.6,REGIONAL,1
-12.2,-48.4,REGIONAL,1
-10.9,-42.7,REGIONAL,1
-19.3,-55.8,EXTERNAL,1
-18.9,-57.5,REGIONAL,1
-33.5,-48.0,REGIONAL,1
-34.5,-50.7,REGIONAL,1
-32.5,-48.4,REGIONAL,1
-31.5,-49.3,REGIONAL,1
-30.2,-47.0,REGIONAL,1
-31.4,-48.9,REGIONAL,1
-6.1,-36.3,INTERNAL,1
2.1,-60.5,REGIONAL,1
-7.2,-46.8,REGIONAL,1
-9.1,-35.0,REGIONAL,1
-20.2,-46.6,INTERNAL,1
-24.4,-48.2,REGIONAL,1
-22.4,-32.2,REGIONAL,1
-14.3,-35.8,REGIONAL,1
-28.6,-45.5,REGIONAL,1
-11.7,-33.3,REGIONAL,1
-32.4,-47.9,REGIONAL,1
-35.7,-49.9,REGIONAL,1
-21.3,-31.3,REGIONAL,1
-19.7,-36.2,REGIONAL,1
-35.5,-50.3,REGIONAL,1
-33.8,-51.8,REGIONAL,1
-3.6,-32.7,REGIONAL,1
-18.7,-40.2,REGIONAL,1
2.6,-47.8,REGIONAL,1
-29.5,-54.0,REGIONAL,1
-9.7,-37.0,REGIONAL,1
-25.4,-44.9,REGIONAL,1
-24.2,-44.5,REGIONAL,1
-16.2,-55.4,REGIONAL,1
-15.0,-45.4,INTERNAL,1
-15.2,-57.9,REGIONAL,1
-11.2,-39.3,EXTERNAL,1
-12.1,-55.4,EXTERNAL,1
-10.9,-51.6,REGIONAL,1
-8.9,-38.4,EXTERNAL,1
-0.7,-62.9,REGIONAL,1
-21.8,-54.8,REGIONAL,1
-28.2,-50.9,EXTERNAL,1
-17.6,-51.8,EXTERNAL,1
-16.0,-51.6,REGIONAL,1
-22.2,-56.8,REGIONAL,1
-8.2,-48.2,REGIONAL,1
-0.2,-63.7,REGIONAL,1
-15.8,-46.7,REGIONAL,1
-21.0,-55.3,REGIONAL,1
-16.2,-46.8,REGIONAL,1
-19.2,-46.3,EXTERNAL,1
-12.3,-60.4,REGIONAL,1
-14.0,-43.4,REGIONAL,1
-18.8,-48.4,EXTERNAL,1
-24.6,-47.5,EXTERNAL,1
-17.3,-52.9,EXTERNAL,1
-21.7,-54.5,REGIONAL,1
-21.2,-43.5,REGIONAL,1
-2.5,-54.5,REGIONAL,1
-8.0,-53.6,REGIONAL,1
-7.4,-60.7,REGIONAL,1
-30.6,-52.9,EXTERNAL,1
-10.8,-37.5,EXTERNAL,1
-24.6,-53.1,EXTERNAL,1
-20.0,-49.3,EXTERNAL,1
-13.3,-41.0,EXTERNAL,1
-19.4,-44.1,EXTERNAL,1
-17.0,-43.6,EXTERNAL,1
-22.0,-52.9,EXTERNAL,1
-19.8,-43.6,EXTERNAL,1
-8.8,-37.3,EXTERNAL,1
-23.9,-52.1,EXTERNAL,1
-21.4,-48.4,EXTERNAL,1
-21.4,-45.1,EXTERNAL,1
-19.0,-40.7,EXTERNAL,1
-15.5,-56.6,REGIONAL,1
3.3,-59.8,EXTERNAL,1
-22.7,-52.9,EXTERNAL,1
-2.1,-47.4,EXTERNAL,1
-20.8,-42.1,EXTERNAL,1
-7.5,-38.5,EXTERNAL,1
-3.6,-41.2,EXTERNAL,1
-28.8,-49.7,EXTERNAL,1
-27.5,-53.4,REGIONAL,1
-21.8,-50.0,EXTERNAL,1
-4.3,-58.4,REGIONAL,1
-16.7,-54.2,REGIONAL,1
-11.2,-64.9,REGIONAL,1
-13.4,-43.0,REGIONAL,1
-30.4,-54.4,REGIONAL,1
-8.1,-49.5,REGIONAL,1
-2.8,-51.8,REGIONAL,1
-3.8,-38.2,REGIONAL,1
-1.5,-48.2,REGIONAL,1
-11.9,-37.7,REGIONAL,1
-2.3,-46.6,REGIONAL,1
-19.5,-56.5,REGIONAL,1
-3.0,-57.2,REGIONAL,1
-23.2,-48.2,REGIONAL,1
-10.5,-41.5,REGIONAL,1
-20.9,-44.6,REGIONAL,1
-30.8,-52.5,REGIONAL,1
-21.2,-50.7,REGIONAL,1
-17.2,-56.0,REGIONAL,1
-12.8,-52.9,REGIONAL,1
-5.0,-40.9,REGIONAL,1
-13.3,-56.8,EXTERNAL,1
-19.8,-49.5,REGIONAL,1
-13.8,-46.4,REGIONAL,1
-20.5,-41.7,EXTERNAL,1
-4.4,-37.9,EXTERNAL,1
-22.0,-42.5,EXTERNAL,1
-13.2,-41.3,EXTERNAL,1
-29.7,-57.0,EXTERNAL,1
-3.5,-44.1,EXTERNAL,1
-13.4,-56.7,EXTERNAL,1
-6.5,-35.7,EXTERNAL,1
-5.4,-47.6,REGIONAL,1
-3.0,-42.3,REGIONAL,1
-11.5,-61.7,REGIONAL,1
-6.9,-39.3,REGIONAL,1
-7.0,-38.1,REGIONAL,1
-19.4,-56.4,REGIONAL,1
-12.3,-41.7,REGIONAL,1
-21.1,-53.5,REGIONAL,1
2.2,-50.5,REGIONAL,1
-3.1,-59.6,REGIONAL,1
-10.1,-46.5,REGIONAL,1
-9.6,-65.3,REGIONAL,1
-16.9,-50.9,EXTERNAL,1
-12.4,-64.4,REGIONAL,1
-14.0,-59.5,REGIONAL,1
-21.0,-55.8,REGIONAL,1
-18.5,-57.3,EXTERNAL,1
-8.4,-70.6,REGIONAL,1
-13.2,-61.1,REGIONAL,1
-18.5,-56.2,EXTERNAL,1
-13.1,-47.8,REGIONAL,1
1.1,-51.2,REGIONAL,1
-1.2,-60.6,REGIONAL,1
-8.5,-46.0,REGIONAL,1
-32.0,-52.8,REGIONAL,1
-5.1,-47.5,REGIONAL,1
-12.0,-47.6,REGIONAL,1
-16.8,-40.8,REGIONAL,1
-0.2,-49.0,REGIONAL,1
-27.5,-48.1,REGIONAL,1
-18.3,-41.7,REGIONAL,1
-16.1,-46.1,REGIONAL,1
-8.3,-47.1,REGIONAL,1
-9.9,-58.1,REGIONAL,1
-13.1,-46.8,REGIONAL,1
-20.3,-42.2,EXTERNAL,1
-6.5,-48.6,REGIONAL,1
-19.8,-48.6,EXTERNAL,1
-3.4,-38.5,EXTERNAL,1
-4.4,-64.7,EXTERNAL,1
-23.8,-54.1,EXTERNAL,1
-29.4,-56.7,REGIONAL,1
-12.7,-39.4,EXTERNAL,1
-14.2,-43.9,EXTERNAL,1
-15.0,-51.0,EXTERNAL,1
-21.4,-57.2,EXTERNAL,1
-1.2,-52.6,REGIONAL,1
-14.2,-44.2,EXTERNAL,1
-14.2,-49.0,EXTERNAL,1
-20.2,-56.2,EXTERNAL,1
-16.9,-39.6,EXTERNAL,1
-15.1,-46.3,EXTERNAL,1
-11.4,-54.9,REGIONAL,1
-13.9,-48.6,REGIONAL,1
-11.0,-72.0,REGIONAL,1
-9.7,-48.0,REGIONAL,1
-10.0,-34.4,REGIONAL,1
-23.7,-48.6,REGIONAL,1
-21.7,-43.7,REGIONAL,1
-7.1,-43.3,REGIONAL,1
-21.4,-43.4,REGIONAL,1
-14.9,-38.6,REGIONAL,1
-27.4,-45.6,EXTERNAL,1
-3.3,-62.6,REGIONAL,1
-14.5,-51.0,REGIONAL,1
-11.0,-36.0,EXTERNAL,1
-26.3,-48.4,REGIONAL,1
-9.7,-49.6,REGIONAL,1
-8.8,-44.1,EXTERNAL,1
-20.0,-48.7,REGIONAL,1
-1.0,-61.9,REGIONAL,1
-19.2,-40.0,EXTERNAL,1
-9.2,-64.8,REGIONAL,1
-15.0,-49.5,EXTERNAL,1
-24.0,-49.8,EXTERNAL,1
-16.5,-48.7,REGIONAL,1
-10.0,-63.2,EXTERNAL,1
-9.2,-48.6,EXTERNAL,1
-2.8,-47.6,EXTERNAL,1
-20.1,-41.8,REGIONAL,1
-12.5,-43.2,EXTERNAL,1
-16.8,-55.6,REGIONAL,1
-20.4,-50.4,REGIONAL,1
-23.9,-51.7,REGIONAL,1
-6.1,-41.9,EXTERNAL,1
-4.7,-47.8,EXTERNAL,1
-21.3,-49.4,REGIONAL,1
-7.6,-49.7,REGIONAL,1
-20.1,-50.3,REGIONAL,1
-1.4,-49.3,REGIONAL,1
-16.1,-45.7,REGIONAL,1
-20.1,-53.2,REGIONAL,1
-26.6,-51.2,REGIONAL,1
-16.5,-44.8,REGIONAL,1
-23.1,-52.1,REGIONAL,1
-14.9,-49.1,EXTERNAL,1
-1.7,-47.5,EXTERNAL,1
-10.4,-45.1,EXTERNAL,1
-19.3,-48.9,REGIONAL,1
-16.3,-45.7,REGIONAL,1
-3.3,-36.6,EXTERNAL,1
-0.5,-37.4,EXTERNAL,1
-2.3,-56.1,REGIONAL,1
-6.2,-47.6,EXTERNAL,1
-14.1,-43.8,REGIONAL,1
-13.9,-4.1,REGIONAL,1
-16.6,-42.0,REGIONAL,1
-24.8,-51.7,REGIONAL,1
-8.0,-57.0,REGIONAL,1
-16.6,-42.3,REGIONAL,1
-2.3,-64.8,REGIONAL,1
-22.9,-53.9,REGIONAL,1
-15.4,-46.0,REGIONAL,1
-13.5,-61.8,REGIONAL,1
-19.9,-42.1,REGIONAL,1
-4.5,-71.6,REGIONAL,1
-4.4,-41.3,REGIONAL,1
-6.9,-41.9,REGIONAL,1
-8.3,-38.1,REGIONAL,1
-9.9,-65.3,REGIONAL,1
-21.1,-57.0,REGIONAL,1
-26.5,-51.1,REGIONAL,1
-9.9,-51.1,REGIONAL,1
-14.0,-48.5,REGIONAL,1
-14.8,-39.4,REGIONAL,1
-7.9,-47.6,REGIONAL,1
-15.6,-55.2,REGIONAL,1
-28.5,-51.5,EXTERNAL,1
-5.3,-36.5,EXTERNAL,1
-11.0,-42.7,EXTERNAL,1
-28.2,-51.2,EXTERNAL,1
-18.0,-53.6,REGIONAL,1
-29.4,-53.9,EXTERNAL,1
-12.0,-55.4,EXTERNAL,1
-25.2,-53.7,REGIONAL,1
-17.0,-48.6,REGIONAL,1
-3.8,-62.1,REGIONAL,1
-11.9,-41.7,REGIONAL,1
1.2,-51.8,REGIONAL,1
-9.6,-52.2,REGIONAL,1
-13.7,-50.9,REGIONAL,1
3.3,-61.5,REGIONAL,1
-9.7,-56.4,REGIONAL,1
-9.3,-70.0,REGIONAL,1
-3.0,-66.9,REGIONAL,1
-10.7,-63.5,REGIONAL,1
-1.3,-49.4,REGIONAL,1
-22.8,-41.7,REGIONAL,1
-13.0,-47.0,REGIONAL,1
-12.5,-47.8,REGIONAL,1
-8.6,-64.1,REGIONAL,1
-22.6,-44.4,REGIONAL,1
-17.3,-51.1,REGIONAL,1
5.2,-60.7,REGIONAL,1
-24.8,-54.1,REGIONAL,1
-12.7,-46.6,REGIONAL,1
-5.2,-44.5,EXTERNAL,1
-7.8,-47.3,EXTERNAL,1
-7.2,-39.3,INTERNAL,1
-25.3,-52.4,REGIONAL,1
-19.0,-57.7,INTERNAL,1
-8.6,-42.6,REGIONAL,1
-14.2,-60.4,REGIONAL,1
-15.6,-57.0,INTERNAL,1
-4.9,-65.4,INTERNAL,1
-24.9,-50.0,EXTERNAL,1
-25.3,-54.3,EXTERNAL,1
-17.9,-40.3,REGIONAL,1
-14.3,-46.2,EXTERNAL,1
-6.4,-52.5,REGIONAL,1
-25.4,-53.2,EXTERNAL,1
-26.9,-53.2,EXTERNAL,1
-24.3,-46.1,REGIONAL,1
-27.2,-46.8,REGIONAL,1
-20.0,-39.8,REGIONAL,1
-12.6,-37.3,REGIONAL,1
-3.6,-41.4,EXTERNAL,1
-12.3,-55.3,EXTERNAL,1
-9.3,-40.8,EXTERNAL,1
-6.2,-39.1,EXTERNAL,1
-20.4,-42.4,EXTERNAL,1
-22.3,-50.8,EXTERNAL,1
-14.2,-39.1,EXTERNAL,1
-24.6,-48.0,EXTERNAL,1
-2.7,-56.7,EXTERNAL,1
-14.0,-39.9,EXTERNAL,1
-20.1,-48.5,REGIONAL,1
-20.6,-45.6,EXTERNAL,1
-23.2,-53.1,EXTERNAL,1
-10.4,-67.8,EXTERNAL,1
-27.2,-50.8,EXTERNAL,1
-2.0,-47.7,EXTERNAL,1
1.6,-52.6,REGIONAL,1
-24.9,-47.5,REGIONAL,1
-18.4,-46.6,EXTERNAL,1
-20.1,-45.2,REGIONAL,1
-19.6,-45.5,REGIONAL,1
-22.7,-54.0,REGIONAL,1
-19.6,-40.3,REGIONAL,1
-11.8,-46.4,REGIONAL,1
-26.8,-47.3,REGIONAL,1
-25.1,-48.4,REGIONAL,1
-30.3,-51.9,REGIONAL,1
-22.2,-48.2,REGIONAL,1
-16.0,-39.3,REGIONAL,1
-4.7,-29.3,REGIONAL,1
-25.4,-5.7,REGIONAL,1
-25.9,-5.5,REGIONAL,1
-5.0,-30.4,REGIONAL,1
-26.9,-5.0,REGIONAL,1
-9.9,-38.4,REGIONAL,1
-21.7,-46.8,EXTERNAL,1
-22.5,-52.8,EXTERNAL,1
-4.2,-42.3,REGIONAL,1
-31.5,-50.4,REGIONAL,1
-22.6,-50.7,REGIONAL,1
-19.8,-50.3,REGIONAL,1
-20.2,-55.1,EXTERNAL,1
-0.8,-61.5,REGIONAL,1
-3.7,-50.6,REGIONAL,1
-14.1,-41.8,REGIONAL,1
-1.8,-61.4,REGIONAL,1
-15.3,-57.6,REGIONAL,1
-18.8,-46.3,REGIONAL,1
-3.9,-58.8,REGIONAL,1
-4.7,-37.6,REGIONAL,1
-26.0,-51.0,REGIONAL,1
-1.9,-48.2,REGIONAL,1
-18.1,-43.2,EXTERNAL,1
-6.1,-37.0,REGIONAL,1
-3.4,-40.6,EXTERNAL,1
-21.4,-49.1,REGIONAL,1
-8.5,-39.9,REGIONAL,1
-14.8,-52.1,REGIONAL,1
-15.2,-59.7,REGIONAL,1
-1.7,-56.0,EXTERNAL,1
-31.3,-52.2,EXTERNAL,1
-18.5,-56.0,REGIONAL,1
-21.3,-50.5,REGIONAL,1
-23.0,-50.1,EXTERNAL,1
-4.8,-67.0,REGIONAL,1
-3.4,-58.7,REGIONAL,1
-8.0,-72.4,REGIONAL,1
-24.4,-49.2,REGIONAL,1
-26.2,-51.0,REGIONAL,1
-8.8,-62.4,REGIONAL,1
-1.4,-51.5,REGIONAL,1
-18.6,-42.1,REGIONAL,1
3.2,-59.9,REGIONAL,1
-8.8,-68.0,REGIONAL,1
-31.5,-51.3,REGIONAL,1
-15.8,-55.7,REGIONAL,1
-5.0,-44.4,EXTERNAL,1
-5.7,-33.9,REGIONAL,1
-26.2,-49.1,INTERNAL,1
-28.4,-53.7,EXTERNAL,1
-22.8,-44.6,INTERNAL,1
-19.8,-42.8,EXTERNAL,1
-10.6,-39.2,INTERNAL,1
-30.9,-55.2,EXTERNAL,1
-28.1,-54.6,EXTERNAL,1
-15.0,-56.2,EXTERNAL,1
-4.5,-55.5,REGIONAL,1
-16.9,-47.8,EXTERNAL,1
-12.1,-37.6,REGIONAL,1
-6.5,-62.5,REGIONAL,1
-7.5,-60.5,REGIONAL,1
-23.0,-46.2,EXTERNAL,1
1.5,-61.5,REGIONAL,1
1.5,-59.5,REGIONAL,1
-24.5,-39.5,REGIONAL,1
-5.5,-29.5,REGIONAL,1
-0.5,-33.5,REGIONAL,1
-25.4,-50.7,EXTERNAL,1
-3.7,-47.5,EXTERNAL,1
-26.4,-53.6,EXTERNAL,1
1.1,-47.8,EXTERNAL,1
-20.5,-48.5,EXTERNAL,1
-19.4,-48.8,EXTERNAL,1
-2.1,-59.4,REGIONAL,1
-27.2,-51.8,REGIONAL,1
-5.6,-38.0,REGIONAL,1
-17.2,-43.0,REGIONAL,1
-12.5,-50.3,REGIONAL,1
-2.4,-56.4,REGIONAL,1
-20.8,-45.6,REGIONAL,1
-5.4,-35.8,REGIONAL,1
-7.3,-38.6,REGIONAL,1
-9.3,-44.3,REGIONAL,1
-29.7,-55.1,REGIONAL,1
-21.2,-46.5,EXTERNAL,1
-13.3,-42.2,REGIONAL,1
-21.6,-54.0,REGIONAL,1
-2.8,-40.0,REGIONAL,1
-9.6,-35.5,REGIONAL,1
6.4,-49.9,REGIONAL,1
-10.4,-67.5,REGIONAL,1
-7.6,-36.5,REGIONAL,1
-12.8,-41.4,EXTERNAL,1
-29.9,-50.5,EXTERNAL,1
-2.7,-42.9,EXTERNAL,1
-24.9,-52.9,EXTERNAL,1
-21.9,-51.6,EXTERNAL,1
-9.7,-36.4,EXTERNAL,1
-20.2,-47.5,EXTERNAL,1
-4.4,-55.9,EXTERNAL,1
-6.1,-37.8,EXTERNAL,1
-7.5,-33.3,REGIONAL,1
-7.5,-33.2,REGIONAL,1
-27.0,-48.4,REGIONAL,1
-20.9,-49.1,EXTERNAL,1
-24.3,-53.9,EXTERNAL,1
-11.7,-51.4,EXTERNAL,1
-5.9,-50.6,EXTERNAL,1
-19.3,-51.8,EXTERNAL,1
-22.2,-43.2,EXTERNAL,1
-20.4,-46.1,EXTERNAL,1
-10.4,-34.9,REGIONAL,1
-27.5,-51.2,EXTERNAL,1
-9.8,-51.1,EXTERNAL,1
-7.2,-31.5,REGIONAL,1
-10.4,-33.2,REGIONAL,1
-12.7,-51.8,EXTERNAL,1
-11.1,-37.6,REGIONAL,1
-10.8,-36.3,REGIONAL,1
-10.7,-36.6,REGIONAL,1
-5.7,-52.7,EXTERNAL,1
-12.6,-41.6,EXTERNAL,1
-29.3,-52.3,EXTERNAL,1
-24.3,-48.0,EXTERNAL,1
-22.4,-49.3,EXTERNAL,1
-7.3,-47.8,EXTERNAL,1
-20.7,-50.5,EXTERNAL,1
-29.8,-54.1,EXTERNAL,1
-10.1,-67.1,EXTERNAL,1
-29.6,-55.6,REGIONAL,1
-9.2,-58.6,REGIONAL,1
-2.5,-61.1,REGIONAL,1
-3.3,-41.8,REGIONAL,1
-2.3,-66.1,REGIONAL,1
-21.0,-57.2,REGIONAL,1
-10.0,-38.6,REGIONAL,1
-1.3,-62.3,REGIONAL,1
-14.7,-48.4,REGIONAL,1
-15.3,-39.2,REGIONAL,1
-3.6,-39.3,REGIONAL,1
-5.4,-55.7,REGIONAL,1
-9.9,-68.4,REGIONAL,1
-3.6,-51.0,REGIONAL,1
-22.9,-53.8,REGIONAL,1
-2.7,-59.1,REGIONAL,1
1.0,-63.5,REGIONAL,1
-4.7,-54.6,REGIONAL,1
-3.3,-64.8,EXTERNAL,1
-7.9,-34.6,REGIONAL,1
-15.5,-48.6,EXTERNAL,1
-8.3,-34.4,REGIONAL,1
-19.0,-39.9,EXTERNAL,1
-7.7,-40.0,EXTERNAL,1
-9.6,-34.1,REGIONAL,1
-24.6,-49.1,REGIONAL,1
-5.5,-39.3,EXTERNAL,1
-10.2,-36.2,EXTERNAL,1
-26.9,-53.6,EXTERNAL,1
-13.9,-39.7,EXTERNAL,1
-6.5,-39.1,EXTERNAL,1
-14.3,-55.3,REGIONAL,1
-8.1,-70.7,REGIONAL,1
-8.9,-37.5,EXTERNAL,1
-10.7,-42.9,REGIONAL,1
-14.0,-42.4,EXTERNAL,1
-3.1,-44.3,EXTERNAL,1
-28.3,-53.6,EXTERNAL,1
-19.6,-44.9,EXTERNAL,1
-21.4,-49.7,EXTERNAL,1
-16.6,-41.6,EXTERNAL,1
-8.8,-64.1,REGIONAL,1
-8.7,-62.4,REGIONAL,1
-16.5,-42.8,EXTERNAL,1
-26.7,-52.8,EXTERNAL,1
-22.8,-44.1,EXTERNAL,1
-4.9,-56.9,REGIONAL,1
-21.5,-32.5,REGIONAL,1
-18.6,-46.6,REGIONAL,1
-8.1,-71.6,REGIONAL,1
-11.9,-61.8,REGIONAL,1
-13.7,-60.3,REGIONAL,1
-21.5,-28.5,REGIONAL,1
-4.9,-65.3,EXTERNAL,1
-23.3,-42.0,EXTERNAL,1
-1.4,-61.6,EXTERNAL,1
-20.9,-56.6,REGIONAL,1
-19.2,-46.8,EXTERNAL,1
-16.9,-49.8,EXTERNAL,1
-22.1,-46.1,EXTERNAL,1
-2.9,-60.2,REGIONAL,1
-21.8,-52.5,REGIONAL,1
-15.5,-49.9,REGIONAL,1
-17.0,-41.6,REGIONAL,1
-12.3,-43.1,EXTERNAL,1
-19.7,-44.8,EXTERNAL,1
-19.2,-57.2,EXTERNAL,1
-18.1,-57.0,REGIONAL,1
-20.4,-56.9,EXTERNAL,1
-13.0,-59.0,EXTERNAL,1
-7.2,-46.5,EXTERNAL,1
-2.1,-64.3,REGIONAL,1
-30.0,-52.0,EXTERNAL,1
-26.5,-52.9,EXTERNAL,1
-3.4,-60.8,EXTERNAL,1
-21.2,-44.8,EXTERNAL,1
-7.4,-38.8,EXTERNAL,1
-20.8,-54.4,REGIONAL,1
-21.9,-49.3,REGIONAL,1
-22.3,-54.5,REGIONAL,1
-18.0,-42.7,REGIONAL,1
-24.8,-54.2,REGIONAL,1
-2.7,-42.2,REGIONAL,1
-30.3,-57.3,REGIONAL,1
-28.6,-52.0,REGIONAL,1
-3.8,-59.2,REGIONAL,1
-9.6,-38.6,REGIONAL,1
-1.3,-44.9,REGIONAL,1
-11.8,-64.3,REGIONAL,1
-10.0,-47.0,REGIONAL,1
-5.1,-67.2,REGIONAL,1
-20.2,-43.2,REGIONAL,1
-16.1,-57.0,REGIONAL,1
-13.4,-56.4,REGIONAL,1
-3.4,-41.5,REGIONAL,1
-9.2,-39.9,REGIONAL,1
-20.2,-49.2,EXTERNAL,1
-17.6,-57.6,REGIONAL,1
-29.3,-53.1,EXTERNAL,1
-22.2,-41.9,REGIONAL,1
-17.4,-41.2,EXTERNAL,1
-25.9,-48.7,EXTERNAL,1
-15.4,-40.0,EXTERNAL,1
-28.4,-51.2,EXTERNAL,1
-20.2,-43.5,EXTERNAL,1
-11.0,-62.8,EXTERNAL,1
-20.9,-46.5,EXTERNAL,1
-15.3,-58.0,REGIONAL,1
-22.0,-39.9,EXTERNAL,1
-15.8,-42.3,REGIONAL,1
-23.6,-50.8,REGIONAL,1
-16.1,-43.1,REGIONAL,1
0.9,-57.0,REGIONAL,1
-17.5,-49.3,REGIONAL,1
-12.8,-50.0,REGIONAL,1
-17.2,-40.3,REGIONAL,1
-10.7,-41.4,REGIONAL,1
-26.3,-50.9,REGIONAL,1
-9.9,-50.0,REGIONAL,1
-25.3,-50.9,REGIONAL,1
-17.1,-46.0,REGIONAL,1
-14.8,-57.3,EXTERNAL,1
-6.8,-36.6,EXTERNAL,1
-23.3,-49.3,REGIONAL,1
-28.7,-50.3,REGIONAL,1
-34.3,-52.2,INTERNAL,1
-14.7,-59.1,REGIONAL,1
-16.0,-48.6,EXTERNAL,1
-30.3,-54.5,REGIONAL,1
-9.6,-40.1,REGIONAL,1
-17.9,-41.7,REGIONAL,1
-3.6,-46.7,REGIONAL,1
-13.2,-39.4,EXTERNAL,1
-7.9,-35.5,EXTERNAL,1
-24.2,-50.3,EXTERNAL,1
-16.1,-47.2,EXTERNAL,1
-2.9,-41.1,EXTERNAL,1
-22.7,-52.0,REGIONAL,1
-20.2,-42.9,EXTERNAL,1
-16.2,-58.0,REGIONAL,1
-12.3,-37.8,EXTERNAL,1
-10.0,-55.2,EXTERNAL,1
-9.5,-44.7,REGIONAL,1
-7.6,-40.2,EXTERNAL,1
-23.5,-49.3,EXTERNAL,1
-6.4,-50.0,EXTERNAL,1
-19.5,-53.0,EXTERNAL,1
-8.4,-73.1,REGIONAL,1
-15.3,-41.0,EXTERNAL,1
-15.2,-58.9,REGIONAL,1
-4.1,-41.2,REGIONAL,1
-9.7,-52.6,REGIONAL,1
-16.8,-54.1,REGIONAL,1
-20.8,-44.6,REGIONAL,1
-5.7,-40.7,REGIONAL,1
-8.3,-51.1,REGIONAL,1
-11.2,-61.0,REGIONAL,1
-5.9,-37.6,REGIONAL,1
2.5,-55.9,REGIONAL,1
-60.0,-60.0,REGIONAL,1
-15.9,-49.2,REGIONAL,1
-2.0,-60.5,REGIONAL,1
-3.3,-64.0,REGIONAL,1
-7.9,-72.4,EXTERNAL,1
-28.1,-50.7,REGIONAL,1
-4.3,-37.8,INTERNAL,1
-1.0,-50.0,REGIONAL,1
-11.4,-49.6,REGIONAL,1
-20.7,-46.4,REGIONAL,1
-17.4,-48.5,EXTERNAL,1
-2.9,-54.9,INTERNAL,1
-23.0,-40.7,REGIONAL,1
-1.8,-42.7,REGIONAL,1
-17.1,-43.9,EXTERNAL,1
2.5,-61.3,REGIONAL,1
-16.7,-47.5,EXTERNAL,1
-19.7,-40.7,EXTERNAL,1
-9.2,-33.7,REGIONAL,1
-30.8,-46.7,REGIONAL,1
-18.1,-31.7,REGIONAL,1
-3.4,-29.8,REGIONAL,1
-33.1,-52.3,REGIONAL,1
-34.1,-49.8,REGIONAL,1
-2.5,-31.2,REGIONAL,1
-31.3,-48.8,REGIONAL,1
-29.4,-48.4,REGIONAL,1
-14.4,-36.5,REGIONAL,1
-0.6,-37.3,REGIONAL,1
-21.1,-28.2,REGIONAL,1
-10.7,-64.8,REGIONAL,1
-22.6,-37.6,REGIONAL,1
-19.3,-56.8,REGIONAL,1
-21.4,-43.0,INTERNAL,1
-5.0,-38.0,INTERNAL,1
-17.0,-57.6,REGIONAL,1
-17.8,-44.3,REGIONAL,1
-17.5,-48.2,EXTERNAL,1
-5.9,-30.5,REGIONAL,1
-19.1,-35.8,REGIONAL,1
-28.8,-48.0,REGIONAL,1
-31.8,-48.6,REGIONAL,1
-31.7,-49.8,REGIONAL,1
-31.3,-49.8,REGIONAL,1
-12.0,-64.3,REGIONAL,1
-17.6,-46.8,REGIONAL,1
-10.9,-62.1,REGIONAL,1
0.8,-51.6,REGIONAL,1
-33.6,-53.3,REGIONAL,1
-20.5,-46.7,REGIONAL,1
-2.2,-58.8,REGIONAL,1
-15.8,-44.1,REGIONAL,1
-29.3,-48.7,INTERNAL,1
-25.2,-51.3,REGIONAL,1
-26.7,-50.4,REGIONAL,1
-20.2,-55.7,REGIONAL,1
-21.5,-50.0,REGIONAL,1
-23.6,-44.9,REGIONAL,1
-10.9,-41.3,REGIONAL,1
-19.4,-37.7,INTERNAL,1
-7.9,-71.5,REGIONAL,1
-11.0,-48.6,REGIONAL,1
-9.4,-68.5,REGIONAL,1
-18.0,-46.2,REGIONAL,1
-13.4,-35.5,INTERNAL,1
-24.9,-49.5,REGIONAL,1
-16.8,-37.5,INTERNAL,1
-9.9,-34.4,REGIONAL,1
-22.9,-53.2,EXTERNAL,1
-7.5,-34.9,EXTERNAL,1
-25.8,-49.8,EXTERNAL,1
-11.3,-40.8,REGIONAL,1
-15.6,-58.6,REGIONAL,1
-20.6,-43.4,REGIONAL,1
-15.5,-47.7,EXTERNAL,1
-18.9,-55.0,REGIONAL,1
-2.8,-43.8,REGIONAL,1
-4.5,-71.1,REGIONAL,1
-8.4,-72.5,REGIONAL,1
-10.6,-69.0,REGIONAL,1
-19.4,-42.8,REGIONAL,1
-11.1,-55.6,REGIONAL,1
-2.5,-60.4,REGIONAL,1
-25.4,-47.9,REGIONAL,1
-17.4,-38.6,INTERNAL,1
-29.2,-50.6,REGIONAL,1
0.3,-51.5,REGIONAL,1
-18.9,-43.3,REGIONAL,1
-17.6,-45.1,REGIONAL,1
-19.0,-41.1,REGIONAL,1
-7.2,-46.1,REGIONAL,1
-13.7,-60.4,REGIONAL,1
-8.6,-34.8,INTERNAL,1
-20.0,-40.0,INTERNAL,1
-19.9,-55.8,REGIONAL,1
-15.5,-39.6,REGIONAL,1
-5.3,-35.9,EXTERNAL,1
-11.5,-42.9,EXTERNAL,1
-30.8,-49.9,INTERNAL,1
-17.8,-40.2,EXTERNAL,1
-4.0,-40.8,EXTERNAL,1
-30.7,-51.0,INTERNAL,1
-23.7,-49.0,EXTERNAL,1
-2.7,-55.0,INTERNAL,1
-6.2,-39.7,EXTERNAL,1
-7.7,-37.7,EXTERNAL,1
-21.7,-50.8,EXTERNAL,1
-21.6,-44.4,EXTERNAL,1
-23.5,-47.4,INTERNAL,1
-23.1,-40.9,INTERNAL,1
-7.1,-34.4,INTERNAL,1
-5.7,-41.0,EXTERNAL,1
-7.7,-36.0,EXTERNAL,1
-19.2,-40.8,REGIONAL,1
-13.0,-60.0,REGIONAL,1
-23.2,-43.9,EXTERNAL,1
-7.3,-33.8,REGIONAL,1
-6.3,-57.7,EXTERNAL,1
-11.6,-50.9,EXTERNAL,1
-15.2,-61.4,INTERNAL,1
-15.9,-51.8,EXTERNAL,1
-12.5,-50.1,EXTERNAL,1
-22.1,-48.8,INTERNAL,1
-23.8,-48.5,INTERNAL,1
-19.7,-42.5,INTERNAL,1
-8.0,-32.4,EXTERNAL,1
-7.5,-72.7,INTERNAL,1
-6.2,-31.4,REGIONAL,1
-19.7,-46.9,REGIONAL,1
2.7,-60.9,EXTERNAL,1
-24.9,-47.9,EXTERNAL,1
-10.9,-37.0,INTERNAL,1
-13.1,-43.9,REGIONAL,1
-15.9,-43.0,REGIONAL,1
-23.5,-5.1,INTERNAL,1
-12.2,-39.0,INTERNAL,1
-19.3,-39.7,INTERNAL,1
-22.0,-48.8,INTERNAL,1
-20.9,-43.6,EXTERNAL,1
-3.0,-58.4,EXTERNAL,1
-10.4,-64.9,REGIONAL,1
3.6,-51.6,REGIONAL,1
-23.0,-47.5,INTERNAL,1
-14.0,-53.4,REGIONAL,1
-10.5,-54.6,EXTERNAL,1
-3.8,-59.1,EXTERNAL,1
-3.7,-39.4,REGIONAL,1
-18.4,-42.9,EXTERNAL,1
-8.8,-18.5,REGIONAL,1
-20.5,-26.5,REGIONAL,1
-24.6,-52.2,REGIONAL,1
-20.5,-49.6,EXTERNAL,1
-5.4,-42.8,EXTERNAL,1
-2.7,-60.8,EXTERNAL,1
-14.7,-43.5,REGIONAL,1
-18.0,-55.3,REGIONAL,1
-22.3,-52.1,REGIONAL,1
-7.4,-32.8,REGIONAL,1
-9.2,-48.9,REGIONAL,1
-10.5,-33.6,REGIONAL,1
-30.6,-49.7,INTERNAL,1
-14.3,-42.7,EXTERNAL,1
-11.9,-45.6,EXTERNAL,1
-6.7,-47.5,EXTERNAL,1
-11.3,-40.7,EXTERNAL,1
-4.3,-45.3,EXTERNAL,1
-15.8,-54.9,EXTERNAL,1
-12.1,-38.6,EXTERNAL,1
3.3,-61.8,REGIONAL,1
-14.8,-47.1,REGIONAL,1
-21.4,-49.5,EXTERNAL,1
-14.9,-47.9,EXTERNAL,1
-22.6,-52.7,EXTERNAL,1
-21.7,-43.0,REGIONAL,1
-29.1,-52.1,EXTERNAL,1
-1.2,-64.8,REGIONAL,1
-24.4,-53.8,EXTERNAL,1
-27.1,-49.7,EXTERNAL,1
33.8,-57.5,REGIONAL,1
-9.9,-34.6,REGIONAL,1
-7.4,-32.3,REGIONAL,1
-4.1,-39.2,EXTERNAL,1
-6.3,-58.5,REGIONAL,1
-6.9,-46.9,REGIONAL,1
-10.6,-46.7,EXTERNAL,1
-20.8,-55.2,EXTERNAL,1
-3.7,-59.6,EXTERNAL,1
-42.4,-64.3,INTERNAL,1
-15.8,-48.6,EXTERNAL,1
-1.0,-47.9,REGIONAL,1
-12.4,-52.8,REGIONAL,1
-8.4,-42.3,EXTERNAL,1
-25.3,-53.6,EXTERNAL,1
-12.9,-42.5,EXTERNAL,1
-10.9,-68.9,REGIONAL,1
-23.8,-51.7,EXTERNAL,1
-20.7,-48.0,REGIONAL,1
-6.5,-39.0,EXTERNAL,1
-10.8,-61.7,REGIONAL,1
-18.1,-43.1,EXTERNAL,1
-16.0,-48.4,EXTERNAL,1
-24.1,-51.2,REGIONAL,1
-4.8,-39.4,EXTERNAL,1
-19.4,-45.5,REGIONAL,1
-4.6,-53.6,REGIONAL,1
-29.0,-54.0,REGIONAL,1
-17.1,-43.3,EXTERNAL,1
-12.6,-55.9,EXTERNAL,1
-14.1,-48.5,REGIONAL,1
-18.6,-42.9,EXTERNAL,1
-17.7,-52.2,REGIONAL,1
-30.8,-53.5,EXTERNAL,1
-4.3,-40.8,EXTERNAL,1
-20.4,-41.8,EXTERNAL,1
-4.1,-42.4,EXTERNAL,1
-10.7,-36.8,EXTERNAL,1
-10.1,-46.9,EXTERNAL,1
-4.5,-46.8,EXTERNAL,1
-5.5,-40.0,REGIONAL,1
-5.4,-36.8,REGIONAL,1
-2.4,-55.2,EXTERNAL,1
-20.1,-46.4,REGIONAL,1
-21.7,-51.2,REGIONAL,1
-17.3,-43.7,REGIONAL,1
-5.3,-43.5,REGIONAL,1
-23.2,-52.6,REGIONAL,1
-2.2,-45.9,REGIONAL,1
-17.3,-44.3,REGIONAL,1
-19.0,-50.6,REGIONAL,1
-22.7,-54.8,REGIONAL,1
-10.3,-47.9,REGIONAL,1
-22.2,-52.4,REGIONAL,1
-16.9,-50.7,REGIONAL,1
-16.7,-55.7,REGIONAL,1
-17.5,-44.5,REGIONAL,1
3.1,-60.9,REGIONAL,1
-8.4,-40.5,REGIONAL,1
-16.6,-43.7,EXTERNAL,1
-21.1,-45.0,EXTERNAL,1
-8.7,-39.0,EXTERNAL,1
-23.8,-47.6,EXTERNAL,1
-27.9,-54.6,EXTERNAL,1
-4.3,-44.8,EXTERNAL,1
-22.7,-45.4,EXTERNAL,1
-17.6,-41.7,EXTERNAL,1
-26.4,-53.5,EXTERNAL,1
-13.0,-40.9,REGIONAL,1
-21.1,-43.7,EXTERNAL,1
-24.7,-53.6,REGIONAL,1
-25.4,-54.3,EXTERNAL,1
-18.8,-31.4,REGIONAL,1
-11.5,-40.6,EXTERNAL,1
-32.9,-52.7,EXTERNAL,1
-16.7,-50.2,REGIONAL,1
-20.1,-48.8,REGIONAL,1
-7.2,-46.5,REGIONAL,1
-15.5,-58.3,EXTERNAL,1
-7.8,-43.2,REGIONAL,1
-12.3,-64.3,REGIONAL,1
-12.0,-43.0,REGIONAL,1
-8.4,-36.9,EXTERNAL,1
0.3,-62.8,REGIONAL,1
-16.7,-42.9,EXTERNAL,1
-19.5,-46.1,EXTERNAL,1
-5.2,-36.6,EXTERNAL,1
-5.5,-41.3,REGIONAL,1
-5.8,-40.4,REGIONAL,1
-28.4,-54.0,EXTERNAL,1
-13.2,-39.4,REGIONAL,1
-3.7,-40.2,REGIONAL,1
-9.3,-49.1,EXTERNAL,1
-20.1,-47.7,EXTERNAL,1
-16.7,-46.5,REGIONAL,1
-17.8,-40.4,REGIONAL,1
-14.2,-52.2,REGIONAL,1
-15.5,-36.5,REGIONAL,1
-30.8,-53.1,REGIONAL,1
-21.2,-49.8,REGIONAL,1
-3.5,-41.8,REGIONAL,1
-8.9,-42.7,EXTERNAL,1
-4.2,-56.8,REGIONAL,1
-9.4,-35.4,REGIONAL,1
-10.1,-57.9,REGIONAL,1
-22.3,-48.9,REGIONAL,1
-19.0,-54.9,REGIONAL,1
-15.9,-51.8,REGIONAL,1
-21.0,-45.8,REGIONAL,1
-7.3,-42.3,INTERNAL,1
-4.6,-39.6,REGIONAL,1
-10.9,-45.2,REGIONAL,1
-11.9,-61.5,EXTERNAL,1
-12.1,-44.5,EXTERNAL,1
0.6,-59.5,REGIONAL,1
-23.8,-50.8,REGIONAL,1
-4.7,-56.7,REGIONAL,1
-3.2,-46.6,REGIONAL,1
-29.5,-52.7,REGIONAL,1
-11.9,-62.2,REGIONAL,1
-25.0,-51.7,REGIONAL,1
-6.1,-53.1,REGIONAL,1
-0.8,-56.9,REGIONAL,1
-0.4,-63.0,REGIONAL,1
-23.5,-49.6,REGIONAL,1
-17.8,-43.5,REGIONAL,1
-10.1,-63.3,EXTERNAL,1
-20.8,-46.9,EXTERNAL,1
-19.7,-46.9,EXTERNAL,1
-14.4,-51.1,EXTERNAL,1
-2.0,-47.9,EXTERNAL,1
-22.6,-45.4,EXTERNAL,1
-10.3,-38.4,EXTERNAL,1
-15.5,-42.6,EXTERNAL,1
-29.5,-53.9,EXTERNAL,1
-6.3,-35.7,EXTERNAL,1
-3.3,-40.6,EXTERNAL,1
-16.3,-52.1,EXTERNAL,1
-10.6,-37.9,EXTERNAL,1
-3.0,-41.6,EXTERNAL,1
-9.6,-57.6,EXTERNAL,1
-2.2,-42.4,EXTERNAL,1
-23.0,-40.7,EXTERNAL,1
-15.6,-38.8,EXTERNAL,1
-16.3,-38.9,EXTERNAL,1
-14.8,-59.9,REGIONAL,1
0.2,-68.9,REGIONAL,1
-11.9,-48.9,EXTERNAL,1
-11.6,-47.3,EXTERNAL,1
-2.3,-65.0,REGIONAL,1
-14.4,-46.1,REGIONAL,1
-20.3,-47.4,REGIONAL,1
-15.6,-50.0,REGIONAL,1
-29.6,-52.3,REGIONAL,1
-8.6,-40.3,EXTERNAL,1
-10.4,-57.8,REGIONAL,1
-26.9,-52.5,EXTERNAL,1
-8.0,-38.8,REGIONAL,1
-27.0,-51.6,EXTERNAL,1
-2.0,-58.5,REGIONAL,1
-4.3,-49.7,REGIONAL,1
-1.6,-53.4,REGIONAL,1
-2.9,-44.9,EXTERNAL,1
-14.3,-58.0,EXTERNAL,1
-22.1,-42.0,EXTERNAL,1
-24.3,-53.5,EXTERNAL,1
-1.9,-55.6,EXTERNAL,1
-26.7,-52.9,EXTERNAL,1
-30.8,-54.0,EXTERNAL,1
-8.6,-35.6,EXTERNAL,1
-9.4,-37.4,REGIONAL,1
-6.4,-49.9,REGIONAL,1
-17.3,-54.7,REGIONAL,1
-31.3,-50.8,REGIONAL,1
-21.7,-49.0,REGIONAL,1
-11.7,-46.6,REGIONAL,1
-3.1,-64.6,REGIONAL,1
-4.3,-57.6,REGIONAL,1
-17.9,-41.3,REGIONAL,1
-15.6,-55.6,REGIONAL,1
-32.5,-52.3,REGIONAL,1
-8.8,-71.1,REGIONAL,1
-9.6,-39.8,REGIONAL,1
-9.4,-44.2,REGIONAL,1
-6.9,-47.4,REGIONAL,1
-9.3,-37.1,REGIONAL,1
-4.0,-60.7,REGIONAL,1
-10.0,-48.5,REGIONAL,1
-11.3,-42.3,INTERNAL,1
-3.4,-65.5,REGIONAL,1
-28.6,-54.4,REGIONAL,1
-24.0,-49.6,REGIONAL,1
-2.0,-67.9,REGIONAL,1
-2.5,-33.5,REGIONAL,1
-10.7,-40.7,REGIONAL,1
1.5,-54.5,REGIONAL,1
0.5,-31.5,REGIONAL,1
-19.9,-49.0,REGIONAL,1
-7.8,-71.0,INTERNAL,1
-8.9,-49.8,REGIONAL,1
-7.5,-47.9,REGIONAL,1
-12.8,-52.3,REGIONAL,1
-8.8,-59.2,REGIONAL,1
-11.8,-71.4,REGIONAL,1
-2.3,-56.2,EXTERNAL,1
-22.2,-56.3,REGIONAL,1
-21.5,-52.2,REGIONAL,1
-3.3,-68.0,REGIONAL,1
-1.9,-65.9,REGIONAL,1
-6.8,-35.8,REGIONAL,1
-10.2,-56.9,REGIONAL,1
-17.6,-52.4,REGIONAL,1
-13.0,-6.0,REGIONAL,1
-1.9,-61.2,REGIONAL,1
-20.9,-53.2,REGIONAL,1
-7.6,-63.4,REGIONAL,1
-13.7,-46.1,REGIONAL,1
-13.7,-51.1,REGIONAL,1
-10.1,-57.7,REGIONAL,1
-12.4,-47.7,REGIONAL,1
-12.2,-44.0,REGIONAL,1
-28.3,-51.4,REGIONAL,1
-29.6,-51.6,REGIONAL,1
-25.6,-4.9,REGIONAL,1
-2.4,-55.1,REGIONAL,1
-20.1,-45.0,REGIONAL,1
-18.3,-42.1,REGIONAL,1
-20.2,-48.8,REGIONAL,1
-9.3,-59.3,REGIONAL,1
-7.1,-55.2,REGIONAL,1
-12.0,-64.6,REGIONAL,1
-24.3,-46.5,REGIONAL,1
-15.6,-57.3,REGIONAL,1
-16.2,-45.8,REGIONAL,1
-21.7,-46.3,REGIONAL,1
-0.5,-65.2,REGIONAL,1
-17.0,-50.5,REGIONAL,1
-15.8,-39.9,REGIONAL,1
-29.1,-56.1,EXTERNAL,1
-22.3,-40.5,REGIONAL,1
-22.4,-41.4,REGIONAL,1
-33.4,-51.0,REGIONAL,1
-27.0,-48.0,REGIONAL,1
-3.0,-39.0,REGIONAL,1
-15.1,-42.9,EXTERNAL,1
-3.4,-60.9,REGIONAL,1
-8.6,-67.5,REGIONAL,1
-28.3,-53.1,EXTERNAL,1
-19.7,-26.0,EXTERNAL,1
-3.4,-52.9,EXTERNAL,1
-20.9,-46.9,EXTERNAL,1
-27.1,-4.9,REGIONAL,1
-30.4,-50.0,REGIONAL,1
-27.7,-4.5,REGIONAL,1
-11.5,-61.0,REGIONAL,1
-4.0,-38.9,REGIONAL,1
-10.0,-68.5,REGIONAL,1
-13.2,-48.3,REGIONAL,1
-2.8,-55.2,REGIONAL,1
-13.6,-56.9,REGIONAL,1
-22.8,-53.5,REGIONAL,1
-18.0,-39.3,REGIONAL,1
-18.3,-53.1,REGIONAL,1
-19.1,-52.6,REGIONAL,1
-4.8,-39.4,REGIONAL,1
-15.0,-56.7,REGIONAL,1
-6.4,-68.0,REGIONAL,1
-5.1,-61.8,EXTERNAL,1
-24.9,-47.2,REGIONAL,1
-3.7,-59.6,REGIONAL,1
-9.2,-38.4,REGIONAL,1
-16.1,-40.2,REGIONAL,1
-9.7,-41.9,EXTERNAL,1
-27.9,-52.4,EXTERNAL,1
-21.3,-49.9,EXTERNAL,1
-19.1,-51.8,EXTERNAL,1
-21.3,-53.0,EXTERNAL,1
-6.4,-49.2,EXTERNAL,1
-9.8,-36.8,EXTERNAL,1
-29.9,-50.7,EXTERNAL,1
-24.7,-53.5,EXTERNAL,1
-2.3,-49.5,EXTERNAL,1
-25.6,-52.6,EXTERNAL,1
-21.7,-48.0,EXTERNAL,1
-24.7,-51.2,EXTERNAL,1
-28.8,-49.1,EXTERNAL,1
-20.9,-42.9,EXTERNAL,1
-20.7,-55.9,REGIONAL,1
-21.7,-46.2,EXTERNAL,1
-9.5,-47.8,EXTERNAL,1
-23.2,-43.9,REGIONAL,1
-16.1,-50.9,REGIONAL,1
-27.9,-52.6,EXTERNAL,1
2.5,-48.9,REGIONAL,1
-24.3,-49.9,EXTERNAL,1
-24.9,-49.5,EXTERNAL,1
-20.3,-41.8,EXTERNAL,1
-16.9,-39.0,REGIONAL,1
-15.2,-41.4,EXTERNAL,1
-20.2,-40.9,EXTERNAL,1
-31.3,-49.8,EXTERNAL,1
-20.7,-37.7,EXTERNAL,1
-2.0,-47.6,EXTERNAL,1
-2.9,-59.2,INTERNAL,1
-23.3,-49.3,EXTERNAL,1
0.4,-47.5,REGIONAL,1
-0.6,15.1,REGIONAL,1
-12.2,-61.6,EXTERNAL,1
-22.0,-42.4,INTERNAL,1
-2.2,-61.4,REGIONAL,1
-2.2,-61.1,REGIONAL,1
-8.1,-73.0,REGIONAL,1
-2.8,-43.3,REGIONAL,1
-20.0,-55.0,REGIONAL,1
-22.4,-48.5,REGIONAL,1
-3.7,-59.5,REGIONAL,1
-11.8,-41.5,REGIONAL,1
-5.0,-38.7,EXTERNAL,1
-10.1,-37.0,EXTERNAL,1
-15.2,-49.7,EXTERNAL,1
-18.2,-47.1,EXTERNAL,1
-14.7,-56.2,REGIONAL,1
-21.4,-51.7,REGIONAL,1
-16.2,-56.4,EXTERNAL,1
-3.1,-58.3,EXTERNAL,1
-11.2,-45.6,REGIONAL,1
-15.1,-48.6,REGIONAL,1
-18.2,-52.0,REGIONAL,1
-7.1,-72.6,REGIONAL,1
-3.4,-53.3,REGIONAL,1
-23.7,-53.5,REGIONAL,1
-4.3,-40.8,REGIONAL,1
-14.2,-49.2,REGIONAL,1
-24.5,-48.7,EXTERNAL,1
-21.8,-57.0,REGIONAL,1
-8.2,-40.2,REGIONAL,1
-26.6,-53.7,EXTERNAL,1
-21.3,-56.2,REGIONAL,1
-15.0,-59.4,REGIONAL,1
-12.3,-43.1,REGIONAL,1
-9.4,-63.1,EXTERNAL,1
-21.7,-42.9,INTERNAL,1
-21.5,-52.7,EXTERNAL,1
-20.9,-49.9,REGIONAL,1
-10.4,-37.4,REGIONAL,1
-3.0,-47.6,EXTERNAL,1
-20.2,-42.6,REGIONAL,1
-5.9,-46.4,EXTERNAL,1
-21.7,-53.9,EXTERNAL,1
-28.0,-53.9,REGIONAL,1
-23.7,-48.2,REGIONAL,1
-22.0,-54.9,REGIONAL,1
-19.1,-43.1,REGIONAL,1
-19.9,-50.5,REGIONAL,1
-10.7,-49.0,EXTERNAL,1
-21.8,-45.3,REGIONAL,1
-20.5,-49.1,REGIONAL,1
-19.6,-42.3,REGIONAL,1
-20.6,-50.7,REGIONAL,1
-1.5,-51.6,REGIONAL,1
-20.5,-51.3,REGIONAL,1
-21.2,-44.8,REGIONAL,1
-16.2,-50.4,REGIONAL,1
-16.2,-52.2,REGIONAL,1
-16.3,-50.6,REGIONAL,1
-21.7,-43.6,EXTERNAL,1
-23.8,-52.1,REGIONAL,1
-13.6,-49.1,EXTERNAL,1
-18.3,-47.4,REGIONAL,1
-24.5,-50.7,REGIONAL,1
-8.6,-41.0,REGIONAL,1
-17.4,-43.1,REGIONAL,1
-24.0,-51.8,REGIONAL,1
-15.9,-49.2,EXTERNAL,1
-20.1,-41.3,REGIONAL,1
-14.4,-56.5,REGIONAL,1
-15.2,-59.4,REGIONAL,1
-18.7,-53.6,REGIONAL,1
-9.8,-50.3,REGIONAL,1
-17.4,-41.2,REGIONAL,1
-19.6,-47.3,REGIONAL,1
-12.2,-41.2,REGIONAL,1
-13.2,-39.6,REGIONAL,1
-21.4,-46.2,REGIONAL,1
-13.1,-44.2,REGIONAL,1
-2.7,-42.8,EXTERNAL,1
-4.5,-45.2,EXTERNAL,1
-19.5,-47.8,EXTERNAL,1
-15.5,-44.3,EXTERNAL,1
-21.6,-46.6,EXTERNAL,1
-23.9,-53.0,EXTERNAL,1
-19.5,-41.9,EXTERNAL,1
-1.6,-52.6,EXTERNAL,1
-2.4,-43.1,REGIONAL,1
-21.7,-46.9,REGIONAL,1
-21.7,-53.1,REGIONAL,1
-21.3,-49.8,REGIONAL,1
-29.6,-53.0,REGIONAL,1
-20.2,-43.1,REGIONAL,1
-17.5,-42.8,REGIONAL,1
-19.4,-40.6,REGIONAL,1
-14.6,-59.7,REGIONAL,1
-18.2,-56.4,REGIONAL,1
-1.2,-48.6,REGIONAL,1
-22.6,-48.0,REGIONAL,1
-15.4,-38.8,REGIONAL,1
-6.9,-52.4,REGIONAL,1
-20.6,-41.5,REGIONAL,1
-2.4,-55.3,REGIONAL,1
-26.1,-51.5,REGIONAL,1
-13.4,-50.8,REGIONAL,1
-8.5,-62.9,REGIONAL,1
-9.0,-33.6,REGIONAL,1
-7.9,-36.1,EXTERNAL,1
-27.3,-54.2,REGIONAL,1
-3.2,-60.8,EXTERNAL,1
-29.9,-52.0,REGIONAL,1
-3.6,-62.5,EXTERNAL,1
-15.1,-51.4,REGIONAL,1
-21.3,-57.1,EXTERNAL,1
-27.3,-50.3,REGIONAL,1
-27.0,-51.4,REGIONAL,1
-5.6,-67.8,REGIONAL,1
-30.6,-51.9,EXTERNAL,1
-20.6,-49.0,EXTERNAL,1
-17.4,-43.0,REGIONAL,1
-22.8,-52.1,REGIONAL,1
-16.6,-45.6,EXTERNAL,1
-25.3,-53.6,REGIONAL,1
-0.5,-62.9,REGIONAL,1
-20.1,-47.2,REGIONAL,1
-27.7,-53.3,EXTERNAL,1
-17.5,-51.8,REGIONAL,1
-9.0,-71.3,REGIONAL,1
-22.6,-43.6,EXTERNAL,1
-1.8,-45.8,REGIONAL,1
-15.5,-56.3,EXTERNAL,1
-15.7,-55.8,EXTERNAL,1
-15.3,-47.2,EXTERNAL,1
-16.1,-56.7,EXTERNAL,1
-29.3,-50.6,REGIONAL,1
-1.6,-61.7,REGIONAL,1
-20.8,-46.4,EXTERNAL,1
-23.1,-50.0,EXTERNAL,1
-13.1,-46.5,EXTERNAL,1
-20.1,-41.6,EXTERNAL,1
-18.5,-5.7,REGIONAL,1
-15.3,-43.3,EXTERNAL,1
-19.5,-43.7,EXTERNAL,1
-7.4,-40.8,EXTERNAL,1
-9.5,-62.9,REGIONAL,1
-12.3,-48.2,REGIONAL,1
-24.6,-52.5,EXTERNAL,1
-18.3,-57.3,REGIONAL,1
-15.5,-43.4,REGIONAL,1
-21.0,-40.7,REGIONAL,1
-5.2,-40.5,REGIONAL,1
-30.7,-53.7,REGIONAL,1
-13.0,-60.8,REGIONAL,1
-6.1,-39.9,EXTERNAL,1
-26.8,-49.6,EXTERNAL,1
0.2,-51.3,REGIONAL,1
-7.0,-55.2,REGIONAL,1
-16.5,-41.1,REGIONAL,1
-15.9,-38.1,REGIONAL,1
-24.6,-52.2,EXTERNAL,1
-28.6,-52.8,REGIONAL,1
-16.4,-58.0,REGIONAL,1
1.2,-30.2,REGIONAL,1
-28.9,-51.0,EXTERNAL,1
-18.3,-42.7,EXTERNAL,1
-4.5,-39.0,REGIONAL,1
-1.8,-55.8,EXTERNAL,1
-30.1,-52.9,EXTERNAL,1
-18.9,-53.8,EXTERNAL,1
-32.2,-52.4,REGIONAL,1
-2.9,-48.9,EXTERNAL,1
-19.9,-42.2,REGIONAL,1
-12.0,-37.6,REGIONAL,1
-2.6,-45.0,EXTERNAL,1
-2.5,-43.2,EXTERNAL,1
-9.3,-36.3,EXTERNAL,1
-11.3,-40.2,EXTERNAL,1
-28.9,-53.8,EXTERNAL,1
-22.5,-39.8,INTERNAL,1
-6.5,-48.4,EXTERNAL,1
-25.6,-50.4,REGIONAL,1
-18.3,-57.0,REGIONAL,1
-25.3,-49.7,EXTERNAL,1
-3.3,-29.4,REGIONAL,1
-20.4,-43.1,EXTERNAL,1
-2.9,-41.1,REGIONAL,1
-19.1,-45.9,REGIONAL,1
-26.1,-52.8,EXTERNAL,1
-13.0,-58.7,REGIONAL,1
-3.1,-57.6,REGIONAL,1
-23.9,-51.1,EXTERNAL,1
0.1,-51.3,REGIONAL,1
-24.7,-44.4,INTERNAL,1
-17.0,-48.2,REGIONAL,1
-12.8,-48.8,REGIONAL,1
2.9,-61.0,REGIONAL,1
-14.7,-57.4,REGIONAL,1
-27.9,-54.6,REGIONAL,1
-7.1,-40.2,REGIONAL,1
-18.1,-39.6,EXTERNAL,1
-27.7,-48.3,REGIONAL,1
-3.5,-45.2,EXTERNAL,1
-18.9,-41.3,EXTERNAL,1
-21.6,-42.6,EXTERNAL,1
-15.5,-49.9,EXTERNAL,1
-25.1,-54.0,EXTERNAL,1
-21.4,-41.1,EXTERNAL,1
-9.3,-40.9,EXTERNAL,1
-12.6,-38.5,INTERNAL,1
-3.8,-58.3,EXTERNAL,1
-22.7,-44.5,EXTERNAL,1
-21.7,-55.5,EXTERNAL,1
-16.4,-56.4,EXTERNAL,1
-27.5,-54.2,EXTERNAL,1
-21.0,-44.2,EXTERNAL,1
-16.6,-39.6,EXTERNAL,1
-29.9,-56.6,EXTERNAL,1
-16.3,-60.3,REGIONAL,1
-13.9,-56.6,REGIONAL,1
-18.3,-46.3,REGIONAL,1
-12.9,-49.7,REGIONAL,1
-19.0,-47.1,EXTERNAL,1
-12.4,-56.7,REGIONAL,1
-8.8,-49.6,EXTERNAL,1
-23.6,-49.9,EXTERNAL,1
-11.6,-41.8,REGIONAL,1
-19.2,-57.2,REGIONAL,1
-10.1,-36.5,REGIONAL,1
-27.0,-52.8,REGIONAL,1
-9.1,-43.4,REGIONAL,1
-6.6,-43.4,REGIONAL,1
-13.9,-48.5,REGIONAL,1
-25.9,-49.0,EXTERNAL,1
-22.8,-54.7,EXTERNAL,1
-2.3,-39.7,INTERNAL,1
-9.9,-43.8,REGIONAL,1
-21.7,-40.4,INTERNAL,1
-1.5,-48.4,INTERNAL,1
-14.2,-42.6,REGIONAL,1
-24.2,-44.4,REGIONAL,1
-20.0,-30.0,REGIONAL,1
-9.0,-34.8,REGIONAL,1
-15.6,-39.7,REGIONAL,1
-26.2,-46.3,INTERNAL,1
-23.8,-53.2,EXTERNAL,1
-9.6,-36.6,EXTERNAL,1
-9.8,-33.6,REGIONAL,1
-5.1,-31.2,REGIONAL,1
-20.4,-38.3,REGIONAL,1
-18.5,-30.7,REGIONAL,1
-22.3,-28.9,REGIONAL,1
-25.2,-40.6,REGIONAL,1
-33.5,-50.8,REGIONAL,1
-1.8,-30.3,REGIONAL,1
-24.7,-39.9,REGIONAL,1
-28.9,-46.2,REGIONAL,1
-19.5,-39.7,INTERNAL,1
-35.3,-50.0,REGIONAL,1
-19.0,-38.2,REGIONAL,1
-6.6,-32.4,REGIONAL,1
-19.4,-36.1,REGIONAL,1
-9.0,-42.7,INTERNAL,1
-5.7,-47.7,INTERNAL,1
-23.9,-45.8,INTERNAL,1
-8.6,-59.5,REGIONAL,1
-20.7,-40.6,INTERNAL,1
-20.4,-46.6,INTERNAL,1
-1.8,-49.1,INTERNAL,1
-21.8,-56.9,REGIONAL,1
-11.7,-64.4,REGIONAL,1
-30.5,-47.6,REGIONAL,1
-31.6,-48.3,REGIONAL,1
-21.4,-27.8,REGIONAL,1
-32.3,-50.3,INTERNAL,1
-19.4,-37.3,REGIONAL,1
-34.4,-49.2,REGIONAL,1
-2.9,-55.0,EXTERNAL,1
-18.9,-50.4,REGIONAL,1
0.7,-50.2,REGIONAL,1
-25.9,-48.4,EXTERNAL,1
-9.9,-49.6,REGIONAL,1
-27.7,-53.2,REGIONAL,1
-16.1,-50.4,REGIONAL,1
-17.1,-54.1,REGIONAL,1
-3.7,-43.5,REGIONAL,1
-26.4,-53.5,REGIONAL,1
-17.9,-39.0,INTERNAL,1
-30.8,-51.9,REGIONAL,1
-19.2,-46.7,REGIONAL,1
-33.3,-51.2,INTERNAL,1
-20.6,-52.4,REGIONAL,1
-7.6,-63.1,REGIONAL,1
-5.1,-38.9,REGIONAL,1
-34.1,-52.1,INTERNAL,1
-12.8,-38.4,INTERNAL,1
-30.9,-49.8,INTERNAL,1
-9.3,-68.5,REGIONAL,1
-9.9,-35.6,INTERNAL,1
-20.1,-45.1,REGIONAL,1
-10.5,-36.3,INTERNAL,1
-4.8,-36.4,INTERNAL,1
-22.8,-49.4,REGIONAL,1
-9.0,-35.8,REGIONAL,1
-16.7,-51.5,EXTERNAL,1
-21.3,-48.2,EXTERNAL,1
-14.3,-51.2,EXTERNAL,1
-18.7,-43.2,REGIONAL,1
-4.5,-53.9,REGIONAL,1
-16.8,-54.7,REGIONAL,1
-17.2,-53.3,EXTERNAL,1
-9.2,-32.0,REGIONAL,1
-6.1,-46.8,REGIONAL,1
-9.1,-34.9,EXTERNAL,1
-11.5,-55.1,EXTERNAL,1
-10.6,-41.2,REGIONAL,1
-22.5,-53.9,REGIONAL,1
-0.5,-64.5,REGIONAL,1
-11.3,-35.3,REGIONAL,1
-5.8,-34.8,REGIONAL,1
-7.9,-70.1,REGIONAL,1
-2.8,-67.0,REGIONAL,1
-16.6,-39.7,REGIONAL,1
-14.2,-50.9,REGIONAL,1
-20.9,-46.5,REGIONAL,1
-10.6,-64.1,REGIONAL,1
-15.3,-56.5,REGIONAL,1
-9.6,-66.7,REGIONAL,1
-27.9,-51.2,REGIONAL,1
-27.4,-52.7,REGIONAL,1
-29.2,-50.3,REGIONAL,1
-1.0,-55.2,REGIONAL,1
-18.3,-43.2,REGIONAL,1
-3.7,-66.1,REGIONAL,1
-22.2,-48.5,REGIONAL,1
-16.7,-5.1,REGIONAL,1
-8.3,-47.7,REGIONAL,1
-6.6,-68.2,REGIONAL,1
-16.1,-43.9,REGIONAL,1
-20.2,-49.0,REGIONAL,1
-3.8,-39.7,EXTERNAL,1
-4.2,-44.7,EXTERNAL,1
-19.4,-41.4,EXTERNAL,1
-31.1,-53.4,EXTERNAL,1
-19.5,-44.7,EXTERNAL,1
-19.9,-49.5,REGIONAL,1
-8.8,-32.4,REGIONAL,1
-5.4,-34.9,INTERNAL,1
-23.8,-51.4,EXTERNAL,1
-16.3,-42.2,REGIONAL,1
-15.0,-47.8,EXTERNAL,1
-24.5,-51.8,EXTERNAL,1
2.1,-50.9,REGIONAL,1
0.8,-60.4,EXTERNAL,1
-20.5,-44.7,EXTERNAL,1
-24.6,-49.2,EXTERNAL,1
-18.9,-52.7,REGIONAL,1
-7.9,-33.0,REGIONAL,1
-9.3,-37.9,EXTERNAL,1
-19.5,-42.0,EXTERNAL,1
-8.0,-33.2,REGIONAL,1
-28.6,-52.0,EXTERNAL,1
-13.7,-39.3,REGIONAL,1
-4.6,-39.7,EXTERNAL,1
-1.8,-61.1,REGIONAL,1
-32.2,-50.7,EXTERNAL,1
-21.7,-49.9,INTERNAL,1
-21.1,-57.6,REGIONAL,1
-21.4,-56.1,INTERNAL,1
-2.9,-59.4,REGIONAL,1
-8.4,-34.9,INTERNAL,1
1.4,-53.3,REGIONAL,1
-20.6,-47.2,INTERNAL,1
-13.4,-59.9,REGIONAL,1
-9.9,-50.3,REGIONAL,1
-23.4,-47.9,INTERNAL,1
-11.9,-45.9,REGIONAL,1
-23.3,-47.4,INTERNAL,1
-22.7,-45.3,INTERNAL,1
-13.3,-46.0,REGIONAL,1
-16.1,-43.0,REGIONAL,1
-25.4,-54.7,REGIONAL,1
-13.2,-41.8,INTERNAL,1
-20.2,-46.9,INTERNAL,1
-7.6,-72.9,INTERNAL,1
-22.9,-42.1,INTERNAL,1
-15.8,-48.6,REGIONAL,1
-2.2,-63.5,REGIONAL,1
4.2,-29.1,REGIONAL,1
-20.0,-49.5,INTERNAL,1
-0.5,-52.5,REGIONAL,1
-21.9,-46.3,REGIONAL,1
-20.8,-50.5,INTERNAL,1
-12.9,-39.8,EXTERNAL,1
-4.3,-60.0,REGIONAL,1
-12.6,-39.8,REGIONAL,1
-4.9,-53.6,REGIONAL,1
-44.7,-44.7,REGIONAL,1
-14.6,-45.3,REGIONAL,1
0.2,-53.0,REGIONAL,1
-8.2,-38.3,REGIONAL,1
-15.1,-47.5,REGIONAL,1
-18.3,-46.7,REGIONAL,1
-6.4,-34.5,REGIONAL,1
-30.5,-51.4,EXTERNAL,1
-13.0,-43.4,REGIONAL,1
-19.5,-53.9,REGIONAL,1
-17.5,-54.4,REGIONAL,1
-6.0,-36.2,REGIONAL,1
-8.7,-32.6,REGIONAL,1
1.8,-26.8,EXTERNAL,1
-1.7,-61.6,REGIONAL,1
-25.4,-54.3,REGIONAL,1
-14.5,-47.5,EXTERNAL,1
2.3,-55.8,EXTERNAL,1
-16.5,-46.8,EXTERNAL,1
-13.8,-59.8,REGIONAL,1
-20.8,-43.9,EXTERNAL,1
-15.2,-44.2,INTERNAL,1
-0.3,-64.0,REGIONAL,1
-29.0,-54.8,REGIONAL,1
-1.0,-47.9,EXTERNAL,1
-17.2,-44.3,EXTERNAL,1
-25.2,-49.9,EXTERNAL,1
-31.4,-52.5,EXTERNAL,1
-6.4,-44.4,EXTERNAL,1
-12.2,-37.9,EXTERNAL,1
2.5,-55.0,REGIONAL,1
-15.8,-44.1,EXTERNAL,1
-15.7,-58.6,EXTERNAL,1
-6.8,-51.0,REGIONAL,1
-19.7,-44.6,EXTERNAL,1
-12.0,-39.3,EXTERNAL,1
-24.7,-53.4,EXTERNAL,1
-16.4,-40.5,EXTERNAL,1
-21.8,-51.8,EXTERNAL,1
-17.1,-49.4,EXTERNAL,1
-9.9,-56.6,REGIONAL,1
-18.8,-47.1,EXTERNAL,1
-22.4,-49.6,EXTERNAL,1
-3.1,-58.5,EXTERNAL,1
2.0,-61.1,EXTERNAL,1
-19.6,-48.8,EXTERNAL,1
-11.6,-46.4,REGIONAL,1
-22.9,-48.9,EXTERNAL,1
-21.6,-46.1,EXTERNAL,1
-13.9,-42.4,REGIONAL,1
-28.6,-49.8,EXTERNAL,1
-22.1,-48.0,EXTERNAL,1
-14.1,-39.9,EXTERNAL,1
-16.4,-36.0,REGIONAL,1
-6.0,-37.8,EXTERNAL,1
-27.4,-54.0,EXTERNAL,1
-23.4,-50.3,EXTERNAL,1
-10.5,-46.4,EXTERNAL,1
-22.5,-46.1,EXTERNAL,1
-6.0,-42.7,EXTERNAL,1
-24.2,-50.3,REGIONAL,1
-0.6,-62.0,REGIONAL,1
-13.7,-42.0,REGIONAL,1
-12.7,-39.9,EXTERNAL,1
-12.5,-44.0,EXTERNAL,1
-11.0,-37.4,EXTERNAL,1
-11.9,-49.8,REGIONAL,1
-25.4,-51.9,EXTERNAL,1
-2.6,-45.4,EXTERNAL,1
-23.6,-50.8,EXTERNAL,1
-6.7,-44.0,EXTERNAL,1
-2.9,-61.9,REGIONAL,1
-8.2,-37.7,REGIONAL,1
-31.9,-54.1,REGIONAL,1
-7.7,-37.7,REGIONAL,1
-0.4,-61.2,REGIONAL,1
-21.1,-49.8,EXTERNAL,1
-3.1,-46.8,REGIONAL,1
-6.4,-34.1,REGIONAL,1
-21.0,-49.3,EXTERNAL,1
-3.3,-52.1,REGIONAL,1
3.0,-60.8,REGIONAL,1
2.7,-60.9,REGIONAL,1
-21.9,-42.3,EXTERNAL,1
-1.2,-62.1,REGIONAL,1
-5.0,-47.5,EXTERNAL,1
-15.0,-60.2,REGIONAL,1
-11.9,-39.6,EXTERNAL,1
-3.3,-47.2,REGIONAL,1
-29.2,-56.0,REGIONAL,1
-3.4,-42.3,REGIONAL,1
-8.3,-73.5,REGIONAL,1
-1.8,-48.9,REGIONAL,1
-30.3,-52.5,REGIONAL,1
-14.4,-39.9,EXTERNAL,1
-32.4,-52.8,REGIONAL,1
-27.9,-46.7,REGIONAL,1
-11.6,-41.2,EXTERNAL,1
2.1,-50.4,REGIONAL,1
-4.1,-54.9,REGIONAL,1
-23.3,-48.9,REGIONAL,1
0.6,-65.4,REGIONAL,1
-18.7,-48.4,REGIONAL,1
-13.8,-43.9,REGIONAL,1
-1.0,-48.2,REGIONAL,1
-4.8,-39.8,REGIONAL,1
-3.0,-69.6,REGIONAL,1
-21.7,-41.5,REGIONAL,1
-16.4,-55.6,REGIONAL,1
-7.1,-43.9,EXTERNAL,1
-19.7,-40.2,REGIONAL,1
-0.7,-48.0,REGIONAL,1
-7.7,-60.7,REGIONAL,1
-19.3,-42.3,EXTERNAL,1
-5.3,-48.9,REGIONAL,1
-13.8,-55.1,REGIONAL,1
-13.3,-44.0,REGIONAL,1
-25.4,-50.8,REGIONAL,1
-6.4,-55.9,REGIONAL,1
-20.0,-42.9,REGIONAL,1
-5.4,-43.0,REGIONAL,1
-25.7,-49.8,REGIONAL,1
-22.2,-42.7,EXTERNAL,1
-2.1,-66.0,REGIONAL,1
-9.5,-40.4,EXTERNAL,1
-8.0,-47.3,REGIONAL,1
-12.8,-45.9,EXTERNAL,1
-17.7,-51.0,REGIONAL,1
-11.5,-49.4,REGIONAL,1
-11.9,-40.4,REGIONAL,1
-11.0,-38.2,EXTERNAL,1
-14.6,-40.0,EXTERNAL,1
2.0,-29.5,EXTERNAL,1
-10.0,-42.2,REGIONAL,1
-9.2,-46.1,EXTERNAL,1
-10.1,-68.2,REGIONAL,1
-0.8,-57.9,REGIONAL,1
-1.5,-60.5,REGIONAL,1
-16.5,-44.3,REGIONAL,1
-1.0,-54.3,REGIONAL,1
-17.8,-42.9,REGIONAL,1
-16.6,-51.7,REGIONAL,1
-10.5,-49.9,REGIONAL,1
-14.2,-54.3,REGIONAL,1
3.3,-61.1,REGIONAL,1
-1.9,-45.1,REGIONAL,1
-12.2,-64.4,REGIONAL,1
-20.6,-56.0,REGIONAL,1
-11.7,-55.7,REGIONAL,1
-21.4,-48.7,EXTERNAL,1
-11.9,-49.9,REGIONAL,1
-10.0,-55.7,EXTERNAL,1
-12.0,-39.4,EXTERNAL,1
-6.9,-37.1,EXTERNAL,1
-27.0,-50.1,EXTERNAL,1
-12.5,-55.2,EXTERNAL,1
-23.6,-50.6,EXTERNAL,1
-17.7,-49.7,EXTERNAL,1
-7.6,-46.3,EXTERNAL,1
-20.3,-41.9,EXTERNAL,1
-15.6,-58.3,EXTERNAL,1
-24.8,-52.6,EXTERNAL,1
-32.0,-50.0,EXTERNAL,1
-13.6,-46.9,REGIONAL,1
-22.9,-49.1,EXTERNAL,1
-2.9,-46.6,REGIONAL,1
-21.9,-44.8,EXTERNAL,1
-24.7,-50.5,EXTERNAL,1
-26.6,-52.4,EXTERNAL,1
-13.0,-41.8,REGIONAL,1
-19.6,-51.9,EXTERNAL,1
-27.3,-52.5,EXTERNAL,1
-26.5,-51.3,REGIONAL,1
-28.4,-49.2,EXTERNAL,1
-12.2,-60.6,REGIONAL,1
-26.5,-50.2,EXTERNAL,1
-4.1,-60.6,EXTERNAL,1
-30.3,-52.8,REGIONAL,1
-4.3,-60.8,EXTERNAL,1
-9.9,-55.8,REGIONAL,1
3.2,-31.3,REGIONAL,1
-18.3,-51.3,EXTERNAL,1
-2.3,-54.0,EXTERNAL,1
-3.0,-48.0,REGIONAL,1
-20.8,-50.0,EXTERNAL,1
-15.3,-48.3,REGIONAL,1
-1.1,-56.3,REGIONAL,1
2.5,-60.7,REGIONAL,1
-6.5,-57.5,REGIONAL,1
-12.6,-41.8,REGIONAL,1
-11.1,-55.4,REGIONAL,1
-9.7,-37.2,REGIONAL,1
-9.5,-58.2,REGIONAL,1
-20.9,-50.6,REGIONAL,1
-5.0,-38.4,REGIONAL,1
1.0,-61.3,REGIONAL,1
-27.6,-54.8,REGIONAL,1
-17.4,-53.4,REGIONAL,1
-9.7,-38.6,REGIONAL,1
-10.6,-67.9,REGIONAL,1
-31.3,-52.1,REGIONAL,1
-24.5,-51.5,REGIONAL,1
-2.1,-69.0,REGIONAL,1
-10.8,-42.9,REGIONAL,1
-27.3,-49.5,INTERNAL,1
-20.1,-40.4,INTERNAL,1
-27.9,-51.1,EXTERNAL,1
-10.3,-67.1,REGIONAL,1
-22.0,-43.8,EXTERNAL,1
-31.5,-53.0,INTERNAL,1
-7.2,-47.7,REGIONAL,1
-14.5,-39.5,REGIONAL,1
-25.5,-40.5,REGIONAL,1
-6.5,-33.5,REGIONAL,1
-23.7,-51.1,REGIONAL,1
-11.5,-34.5,REGIONAL,1
-9.5,-61.5,REGIONAL,1
-19.5,-40.5,REGIONAL,1
-14.8,-44.0,REGIONAL,1
-31.2,-51.4,EXTERNAL,1
0.5,-30.5,REGIONAL,1
-10.2,-38.0,INTERNAL,1
-14.9,-46.4,REGIONAL,1
-10.7,-39.1,INTERNAL,1
-21.4,-42.6,INTERNAL,1
-20.1,-43.4,INTERNAL,1
-22.5,-51.1,REGIONAL,1
-13.2,-44.9,REGIONAL,1
-29.1,-51.4,EXTERNAL,1
-14.4,-52.6,REGIONAL,1
0.2,-51.5,REGIONAL,1
-18.6,-46.3,REGIONAL,1
-3.4,-42.2,REGIONAL,1
-2.5,-61.2,REGIONAL,1
-25.6,-50.5,REGIONAL,1
-32.3,-52.0,REGIONAL,1
-14.1,-38.9,REGIONAL,1
-12.8,-38.7,REGIONAL,1
-20.6,-53.1,REGIONAL,1
-22.2,-43.8,REGIONAL,1
-18.2,-53.2,REGIONAL,1
-8.3,-42.2,REGIONAL,1
-21.6,-51.7,REGIONAL,1
1.9,-48.4,REGIONAL,1
-22.3,-45.6,REGIONAL,1
-18.4,-49.1,REGIONAL,1
-12.3,-55.8,EXTERNAL,1
-22.1,-47.1,REGIONAL,1
-16.6,-47.7,REGIONAL,1
-18.1,-57.3,REGIONAL,1
2.8,-63.6,REGIONAL,1
-11.9,-55.2,REGIONAL,1
-17.1,-54.8,EXTERNAL,1
-5.4,-37.9,REGIONAL,1
-29.1,-53.9,REGIONAL,1
-22.9,-44.9,REGIONAL,1
-14.2,-60.2,REGIONAL,1
-9.0,-48.2,REGIONAL,1
-12.2,-60.1,REGIONAL,1
-25.1,-48.2,REGIONAL,1
-11.5,-52.0,REGIONAL,1
-15.2,-55.9,REGIONAL,1
-21.7,-53.5,REGIONAL,1
-10.1,-59.2,REGIONAL,1
-8.9,-63.1,REGIONAL,1
-11.5,-43.3,REGIONAL,1
-30.1,-50.7,REGIONAL,1
-6.7,-52.5,REGIONAL,1
-27.8,-51.3,EXTERNAL,1
-11.7,-55.8,EXTERNAL,1
-17.7,-54.6,REGIONAL,1
-28.7,-54.7,REGIONAL,1
-13.1,-44.7,REGIONAL,1
-8.6,-40.2,REGIONAL,1
-16.1,-49.7,EXTERNAL,1
-22.4,-41.3,REGIONAL,1
-28.0,-48.0,REGIONAL,1
-0.8,-46.7,REGIONAL,1
-15.4,-59.4,EXTERNAL,1
-16.5,-39.4,EXTERNAL,1
-21.2,-49.1,EXTERNAL,1
-18.0,-45.8,REGIONAL,1
-6.3,-54.5,REGIONAL,1
-16.5,-51.1,REGIONAL,1
-6.7,-66.8,REGIONAL,1
-11.5,-39.1,EXTERNAL,1
-10.2,-59.1,REGIONAL,1
-18.8,-44.1,REGIONAL,1
-21.5,-42.5,REGIONAL,1
-2.6,-47.6,REGIONAL,1
1.7,-49.9,REGIONAL,1
-20.8,-51.4,REGIONAL,1
-5.1,-42.1,REGIONAL,1
-20.1,-52.0,REGIONAL,1
-24.0,-48.8,REGIONAL,1
-26.8,-51.1,REGIONAL,1
-5.9,-36.6,REGIONAL,1
-3.1,-42.2,EXTERNAL,1
-24.3,-44.9,REGIONAL,1
-7.2,-38.0,REGIONAL,1
-3.9,-63.8,REGIONAL,1
-2.0,-54.7,REGIONAL,1
-5.1,-42.5,REGIONAL,1
-18.5,-42.3,EXTERNAL,1
-14.2,-57.6,REGIONAL,1
-29.6,-54.7,EXTERNAL,1
-7.6,-34.9,EXTERNAL,1
-15.5,-40.9,EXTERNAL,1
-16.3,-40.8,EXTERNAL,1
-22.0,-54.5,EXTERNAL,1
-1.5,-49.2,EXTERNAL,1
-7.3,-37.3,EXTERNAL,1
-22.1,-48.4,EXTERNAL,1
-23.7,-52.2,EXTERNAL,1
-8.1,-41.3,EXTERNAL,1
-23.1,-49.2,EXTERNAL,1
-3.7,-46.8,REGIONAL,1
-22.7,-49.7,EXTERNAL,1
-20.5,-47.2,EXTERNAL,1
-23.8,-47.5,EXTERNAL,1
-14.6,-57.1,EXTERNAL,1
-23.5,-44.8,REGIONAL,1
-6.1,-35.4,EXTERNAL,1
-11.1,-36.9,REGIONAL,1
-4.5,-39.8,REGIONAL,1
-8.9,-63.0,REGIONAL,1
-12.9,-47.3,REGIONAL,1
-4.9,-64.8,REGIONAL,1
-18.2,-39.0,REGIONAL,1
-20.5,-29.4,EXTERNAL,1
-19.5,-31.5,REGIONAL,1
-21.2,-45.7,REGIONAL,1
-0.7,-48.6,REGIONAL,1
-1.4,-48.2,INTERNAL,1
-16.5,-49.2,EXTERNAL,1
-19.5,-47.6,EXTERNAL,1
-23.3,-53.6,EXTERNAL,1
-8.8,-36.8,REGIONAL,1
-6.5,-34.9,REGIONAL,1
-11.5,-42.7,REGIONAL,1
-3.3,-43.3,REGIONAL,1
-23.5,-48.0,REGIONAL,1
-20.8,-49.8,REGIONAL,1
-19.9,-42.5,REGIONAL,1
-26.0,-51.9,REGIONAL,1
-28.1,-53.2,REGIONAL,1
-11.2,-43.3,REGIONAL,1
-9.8,-66.8,REGIONAL,1
-20.0,-55.6,REGIONAL,1
-19.6,-43.6,EXTERNAL,1
-4.3,-50.0,EXTERNAL,1
-21.8,-53.8,REGIONAL,1
-11.9,-55.7,EXTERNAL,1
-17.1,-47.2,REGIONAL,1
-22.3,-53.2,REGIONAL,1
-20.9,-54.5,REGIONAL,1
-13.8,-40.4,REGIONAL,1
-22.0,-57.3,REGIONAL,1
-14.3,-46.4,REGIONAL,1
-8.4,-48.8,REGIONAL,1
-11.6,-50.0,REGIONAL,1
-18.1,-56.4,REGIONAL,1
-10.7,-46.9,REGIONAL,1
-14.9,-42.7,REGIONAL,1
-1.0,-50.2,REGIONAL,1
-13.1,-48.3,REGIONAL,1
-29.2,-53.0,REGIONAL,1
-22.2,-44.0,REGIONAL,1
-13.5,-40.2,EXTERNAL,1
-13.0,-46.9,EXTERNAL,1
-23.7,-48.1,REGIONAL,1
-18.8,-57.5,EXTERNAL,1
-13.7,-39.2,REGIONAL,1
-29.7,-55.6,REGIONAL,1
-4.2,-70.2,REGIONAL,1
-15.9,-43.9,REGIONAL,1
-30.4,-51.8,REGIONAL,1
-10.4,-41.3,EXTERNAL,1
-13.8,-58.9,REGIONAL,1
-24.3,-51.8,REGIONAL,1
-4.4,-68.5,REGIONAL,1
-25.2,-50.8,REGIONAL,1
-11.1,-45.2,EXTERNAL,1
-8.1,-34.4,REGIONAL,1
-7.9,-71.9,REGIONAL,1
-21.3,-50.8,REGIONAL,1
-23.6,-47.9,REGIONAL,1
-23.0,-48.0,REGIONAL,1
-7.4,-37.6,REGIONAL,1
3.9,-59.9,REGIONAL,1
-18.7,-50.0,REGIONAL,1
-9.3,-44.0,REGIONAL,1
-16.7,-52.3,REGIONAL,1
-9.1,-43.7,REGIONAL,1
-25.7,-50.6,REGIONAL,1
-0.9,-66.9,REGIONAL,1
-22.8,-49.6,REGIONAL,1
-5.6,-47.8,REGIONAL,1
-12.1,-54.2,REGIONAL,1
-10.6,-49.0,EXTERNAL,1
-14.3,-59.4,REGIONAL,1
-17.7,-49.8,REGIONAL,1
-21.6,-55.1,EXTERNAL,1
-23.7,-54.6,REGIONAL,1
-9.5,-36.2,REGIONAL,1
-22.7,-51.7,REGIONAL,1
-16.0,-53.0,EXTERNAL,1
-22.3,-49.7,REGIONAL,1
-18.0,-54.6,EXTERNAL,1
-13.7,-49.0,REGIONAL,1
-1.8,-61.2,REGIONAL,1
-5.5,-45.8,REGIONAL,1
-10.7,-44.0,REGIONAL,1
-15.2,-46.8,EXTERNAL,1
-13.3,-42.3,REGIONAL,1
-28.9,-50.0,EXTERNAL,1
-30.3,-53.1,REGIONAL,1
-16.4,-47.8,EXTERNAL,1
-22.7,-50.9,EXTERNAL,1
-24.4,-50.4,EXTERNAL,1
-2.6,-43.5,EXTERNAL,1
-16.2,-46.7,REGIONAL,1
-19.0,-45.2,EXTERNAL,1
-13.6,-45.6,REGIONAL,1
-9.6,-65.5,REGIONAL,1
-15.0,-40.6,REGIONAL,1
2.9,-61.1,REGIONAL,1
-8.9,-35.2,INTERNAL,1
-18.9,-44.4,REGIONAL,1
-19.6,-41.2,REGIONAL,1
-18.7,-39.6,REGIONAL,1
-17.7,-39.1,REGIONAL,1
-1.7,-60.0,REGIONAL,1
-3.3,-39.0,REGIONAL,1
-16.6,-52.7,REGIONAL,1
-4.9,-43.7,REGIONAL,1
-18.8,-50.6,REGIONAL,1
-26.3,-52.3,REGIONAL,1
-4.3,-53.5,REGIONAL,1
-3.9,-61.6,REGIONAL,1
-5.7,-65.8,REGIONAL,1
-19.7,-45.4,REGIONAL,1
-23.4,-49.0,EXTERNAL,1
-13.0,-52.3,REGIONAL,1
-4.6,-38.1,EXTERNAL,1
-6.5,-44.6,EXTERNAL,1
-3.3,-43.5,EXTERNAL,1
-14.1,-44.0,EXTERNAL,1
-3.0,-41.0,REGIONAL,1
-5.0,-43.1,REGIONAL,1
-16.2,-57.3,EXTERNAL,1
-28.6,-50.4,REGIONAL,1
0.0,-29.0,EXTERNAL,1
-4.0,-63.2,EXTERNAL,1
-8.3,-36.8,REGIONAL,1
-13.2,-43.3,REGIONAL,1
-29.6,-48.9,INTERNAL,1
-17.1,-36.9,INTERNAL,1
-28.2,-45.0,INTERNAL,1
-19.2,-56.4,REGIONAL,1
-19.6,-39.1,INTERNAL,1
-1.6,-54.7,REGIONAL,1
-10.6,-38.5,EXTERNAL,1
-16.4,-47.2,EXTERNAL,1
-8.6,-39.6,EXTERNAL,1
-9.8,-62.9,REGIONAL,1
-6.3,-33.6,REGIONAL,1
-4.6,-47.5,REGIONAL,1
-5.8,-47.5,EXTERNAL,1
-4.6,-43.1,EXTERNAL,1
-8.0,-39.0,REGIONAL,1
-21.9,-40.7,INTERNAL,1
-9.8,-36.5,EXTERNAL,1
-30.4,-50.5,EXTERNAL,1
-19.3,-38.0,INTERNAL,1
-19.0,-40.4,EXTERNAL,1
-11.2,-44.6,EXTERNAL,1
-4.7,-37.7,INTERNAL,1
-20.3,-55.5,EXTERNAL,1
-20.8,-45.2,REGIONAL,1
-10.6,-36.4,INTERNAL,1
-25.6,-48.1,INTERNAL,1
-23.8,-42.5,INTERNAL,1
-16.0,-57.4,EXTERNAL,1
-29.9,-53.9,REGIONAL,1
-15.4,-43.0,EXTERNAL,1
-19.2,-57.4,EXTERNAL,1
-15.1,-50.6,REGIONAL,1
-23.3,-53.7,REGIONAL,1
-23.0,-44.8,INTERNAL,1
-23.7,-41.8,INTERNAL,1
-12.0,-42.2,REGIONAL,1
-16.6,-43.8,EXTERNAL,1
-11.1,-36.8,INTERNAL,1
-0.8,-63.0,REGIONAL,1
-15.7,-56.6,REGIONAL,1
-11.3,-49.7,REGIONAL,1
-0.4,-47.8,INTERNAL,1
-18.3,-40.5,REGIONAL,1
-24.4,-53.5,REGIONAL,1
-12.0,-38.9,EXTERNAL,1
4.8,-60.1,REGIONAL,1
-11.3,-62.2,REGIONAL,1
-20.6,-44.1,REGIONAL,1
-13.4,-56.9,REGIONAL,1
-24.0,-45.7,REGIONAL,1
-16.1,-38.9,REGIONAL,1
0.6,-63.2,REGIONAL,1
-22.1,-53.6,REGIONAL,1
-9.2,-44.5,REGIONAL,1
-10.5,-33.3,REGIONAL,1
-25.5,-50.4,REGIONAL,1
-25.6,-50.1,REGIONAL,1
-14.9,-56.8,EXTERNAL,1
-6.8,-41.7,EXTERNAL,1
-20.3,-45.6,EXTERNAL,1
-10.9,-36.9,REGIONAL,1
-7.0,-31.6,REGIONAL,1
-24.5,-53.7,EXTERNAL,1
-11.5,-39.3,EXTERNAL,1
-9.7,-69.0,REGIONAL,1
-29.1,-56.0,EXTERNAL,1
-18.3,-49.5,REGIONAL,1
-19.7,-44.4,EXTERNAL,1
-7.9,-32.5,REGIONAL,1
-2.7,-66.7,REGIONAL,1
-29.8,-54.9,REGIONAL,1
-21.7,-47.2,REGIONAL,1
-9.3,-35.2,REGIONAL,1
-15.8,-54.2,REGIONAL,1
-6.1,-43.5,REGIONAL,1
-21.7,-55.4,REGIONAL,1
-16.2,-40.5,REGIONAL,1
-14.6,-39.4,REGIONAL,1
-2.6,-59.8,REGIONAL,1
-19.9,-43.3,REGIONAL,1
-17.7,-44.1,REGIONAL,1
-11.1,-61.4,INTERNAL,1
-26.9,-51.1,REGIONAL,1
-18.2,-39.6,EXTERNAL,1
-22.3,-54.3,REGIONAL,1
-1.4,-61.0,REGIONAL,1
-26.5,-53.6,REGIONAL,1
-14.4,-58.1,REGIONAL,1
-23.8,-49.9,EXTERNAL,1
-8.0,-36.1,EXTERNAL,1
-30.6,-54.2,REGIONAL,1
-15.4,-48.2,EXTERNAL,1
-9.8,-57.8,EXTERNAL,1
-30.0,-55.7,REGIONAL,1
-25.1,-49.6,EXTERNAL,1
-18.9,-50.3,REGIONAL,1
-6.7,-36.6,EXTERNAL,1
-20.6,-47.9,INTERNAL,1
-22.6,-42.6,EXTERNAL,1
-9.2,-62.3,INTERNAL,1
-16.3,-48.2,EXTERNAL,1
-15.8,-50.9,EXTERNAL,1
-11.3,-57.8,EXTERNAL,1
-22.2,-46.1,REGIONAL,1
-5.1,-39.7,EXTERNAL,1
-0.1,-51.1,EXTERNAL,1
-18.7,-52.6,REGIONAL,1
-22.9,-47.9,INTERNAL,1
-18.5,-50.5,EXTERNAL,1
-11.1,-50.3,REGIONAL,1
-5.4,-37.6,EXTERNAL,1
-16.0,-43.4,EXTERNAL,1
-22.6,-55.0,REGIONAL,1
-19.2,-49.8,EXTERNAL,1
-19.5,-46.9,REGIONAL,1
-18.8,-46.7,REGIONAL,1
-3.2,-41.5,EXTERNAL,1
-22.7,-50.0,EXTERNAL,1
-5.9,-42.7,EXTERNAL,1
-18.7,-50.1,EXTERNAL,1
-21.6,-49.3,REGIONAL,1
-18.4,-49.3,REGIONAL,1
-19.8,-47.5,EXTERNAL,1
-10.7,-62.1,EXTERNAL,1
-20.4,-50.5,EXTERNAL,1
-5.4,-67.5,REGIONAL,1
-22.0,-45.7,EXTERNAL,1
-4.4,-41.7,REGIONAL,1
-28.5,-54.1,EXTERNAL,1
-7.6,-45.1,REGIONAL,1
-19.7,-42.2,REGIONAL,1
2.7,-60.3,EXTERNAL,1
-43.3,-43.3,REGIONAL,1
-19.1,-45.4,EXTERNAL,1
-11.7,-57.4,REGIONAL,1
-6.1,-48.7,EXTERNAL,1
-20.1,-46.0,EXTERNAL,1
-20.9,-56.3,REGIONAL,1
-9.5,-59.8,REGIONAL,1
-17.4,-46.7,REGIONAL,1
-27.3,-53.1,EXTERNAL,1
-21.9,-49.7,INTERNAL,1
-4.1,-38.4,EXTERNAL,1
-14.1,-60.2,REGIONAL,1
-4.8,-42.8,EXTERNAL,1
-14.9,-55.0,EXTERNAL,1
-13.5,-45.4,REGIONAL,1
-30.1,-50.6,REGIONAL,1
-25.0,-50.2,REGIONAL,1
-13.1,-52.0,REGIONAL,1
-21.6,-48.0,INTERNAL,1
-3.5,-51.2,EXTERNAL,1
-21.6,-47.4,INTERNAL,1
-8.6,-69.3,REGIONAL,1
-11.4,-41.4,INTERNAL,1
-24.4,-45.6,REGIONAL,1
-22.1,-56.0,REGIONAL,1
-0.2,-67.0,INTERNAL,1
-21.9,-48.4,INTERNAL,1
-19.6,-52.5,REGIONAL,1
-7.8,-39.3,EXTERNAL,1
-20.9,-51.6,INTERNAL,1
-23.0,-44.9,EXTERNAL,1
-25.6,-52.5,REGIONAL,1
-27.6,-49.6,REGIONAL,1
-19.7,-48.3,EXTERNAL,1
-14.6,-55.7,REGIONAL,1
-23.4,-45.2,INTERNAL,1
-21.9,-41.8,REGIONAL,1
-26.8,-51.9,REGIONAL,1
-8.4,-42.9,EXTERNAL,1
1.5,-68.6,REGIONAL,1
5.6,-50.4,REGIONAL,1
-23.8,-44.4,REGIONAL,1
-23.7,-45.1,EXTERNAL,1
-26.6,-46.0,EXTERNAL,1
-24.7,-43.9,EXTERNAL,1
-27.0,-47.9,EXTERNAL,1
-20.2,-50.0,EXTERNAL,1
-11.4,-62.3,EXTERNAL,1
-6.6,-68.0,REGIONAL,1
-23.0,-50.2,EXTERNAL,1
-15.9,-50.8,EXTERNAL,1
-13.3,-60.5,EXTERNAL,1
-19.9,-50.3,EXTERNAL,1
-31.8,-63.7,REGIONAL,1
-12.2,-43.8,REGIONAL,1
-23.2,-51.3,EXTERNAL,1
-13.2,-40.4,EXTERNAL,1
-47.3,-47.3,REGIONAL,1
-3.4,-41.6,EXTERNAL,1
-16.3,-44.8,EXTERNAL,1
2.3,-48.8,REGIONAL,1
-20.0,-49.4,EXTERNAL,1
-29.7,-54.8,EXTERNAL,1
-25.0,-40.7,REGIONAL,1
-30.5,-52.8,EXTERNAL,1
-30.0,-54.8,REGIONAL,1
-21.5,-45.6,EXTERNAL,1
-16.9,-47.3,REGIONAL,1
-5.2,-47.9,EXTERNAL,1
3.7,-61.5,REGIONAL,1
-27.8,-52.2,EXTERNAL,1
1.2,-68.7,REGIONAL,1
-3.6,-45.4,REGIONAL,1
-19.3,-13.7,REGIONAL,1
-15.4,-45.6,REGIONAL,1
-18.4,-50.4,REGIONAL,1
-10.6,-64.8,REGIONAL,1
-16.1,-41.0,REGIONAL,1
-28.8,-52.4,REGIONAL,1
-16.9,-41.3,REGIONAL,1
-20.7,-29.1,REGIONAL,1
-31.1,-52.9,REGIONAL,1
-19.3,-55.3,REGIONAL,1
-3.2,-65.2,REGIONAL,1
-13.6,-46.2,REGIONAL,1
-7.3,-37.5,REGIONAL,1
0.8,-51.5,REGIONAL,1
-8.2,-43.1,REGIONAL,1
-10.6,-50.7,REGIONAL,1
-16.7,-44.2,REGIONAL,1
-16.3,-54.8,REGIONAL,1
-9.5,-56.8,REGIONAL,1
-18.8,-47.0,REGIONAL,1
-5.8,-46.1,EXTERNAL,1
-16.6,-40.6,EXTERNAL,1
-20.6,-49.2,REGIONAL,1
-27.8,-53.9,REGIONAL,1
-17.5,-44.8,REGIONAL,1
-9.8,-38.8,REGIONAL,1
-14.8,-41.0,REGIONAL,1
-16.5,-41.7,REGIONAL,1
-14.0,-40.2,REGIONAL,1
-23.2,-48.9,REGIONAL,1
-3.1,-52.0,REGIONAL,1
-19.1,-45.0,REGIONAL,1
-29.6,-54.4,REGIONAL,1
-5.3,-42.8,REGIONAL,1
-11.4,-41.7,REGIONAL,1
-19.4,-48.1,REGIONAL,1
-3.8,-50.7,REGIONAL,1
-16.4,-51.2,REGIONAL,1
-9.0,-69.6,REGIONAL,1
-21.4,-46.7,REGIONAL,1
-21.5,-41.2,REGIONAL,1
-2.2,-64.8,REGIONAL,1
-14.8,-40.6,REGIONAL,1
-19.0,-45.7,REGIONAL,1
-1.9,-61.9,REGIONAL,1
-8.2,-63.2,REGIONAL,1
-15.7,-50.2,REGIONAL,1
-3.3,-57.7,REGIONAL,1
-7.1,-50.0,REGIONAL,1
-2.6,-49.0,REGIONAL,1
-2.3,-58.8,REGIONAL,1
-1.7,-59.4,REGIONAL,1
-11.6,-51.1,EXTERNAL,1
-18.5,-57.5,REGIONAL,1
-9.8,-38.6,REGIONAL,1
-16.6,-41.5,EXTERNAL,1
-34.4,-50.2,REGIONAL,1
-34.4,-49.0,REGIONAL,1
-32.3,-48.7,REGIONAL,1
-28.8,-46.6,REGIONAL,1
-7.7,-32.3,REGIONAL,1
-12.6,-34.3,REGIONAL,1
-9.1,-39.6,INTERNAL,1
-6.4,-47.7,INTERNAL,1
-6.7,-35.2,INTERNAL,1
-30.8,-51.5,REGIONAL,1
-22.4,-40.7,INTERNAL,1
-26.7,-47.2,INTERNAL,1
-19.3,-50.6,REGIONAL,1
-8.2,-32.6,REGIONAL,1
-27.9,-45.3,REGIONAL,1
-13.2,-36.6,REGIONAL,1
-33.2,-51.1,REGIONAL,1
-33.8,-49.5,REGIONAL,1
-33.7,-48.1,REGIONAL,1
-28.2,-45.3,REGIONAL,1
-24.9,-39.5,REGIONAL,1
-26.2,-41.1,REGIONAL,1
-18.8,-38.6,REGIONAL,1
-31.8,-49.9,REGIONAL,1
-4.8,-30.7,REGIONAL,1
-4.9,-32.0,REGIONAL,1
-35.0,-49.3,REGIONAL,1
-0.8,-26.6,REGIONAL,1
-6.0,-56.5,REGIONAL,1
-4.2,-37.4,INTERNAL,1
-30.8,-49.2,INTERNAL,1
-19.3,-56.2,REGIONAL,1
-3.5,-38.1,INTERNAL,1
-23.1,-42.8,INTERNAL,1
-3.0,-39.6,INTERNAL,1
-32.4,-50.2,REGIONAL,1
-13.7,-40.1,REGIONAL,1
-11.3,-37.1,INTERNAL,1
-6.7,-37.5,REGIONAL,1
-6.6,-35.3,REGIONAL,1
-9.3,-41.2,REGIONAL,1
-20.6,-56.2,REGIONAL,1
-8.2,-38.5,REGIONAL,1
-14.6,-55.8,REGIONAL,1
-18.9,-50.5,REGIONAL,1
-13.2,-47.3,REGIONAL,1
-14.1,-43.7,REGIONAL,1
-12.1,-38.3,REGIONAL,1
-1.3,-54.8,REGIONAL,1
-23.9,-55.4,EXTERNAL,1
-29.0,-55.3,REGIONAL,1
-21.1,-43.8,REGIONAL,1
-21.9,-53.2,REGIONAL,1
-2.0,-53.7,REGIONAL,1
-14.0,-42.3,REGIONAL,1
-19.5,-40.1,EXTERNAL,1
-12.3,-42.8,REGIONAL,1
-9.7,-43.2,REGIONAL,1
-20.5,-55.1,REGIONAL,1
-2.1,-50.7,REGIONAL,1
-58.5,-75.3,REGIONAL,1
-9.3,-31.9,REGIONAL,1
-11.1,-62.0,EXTERNAL,1
-19.2,-44.4,EXTERNAL,1
-19.3,-42.0,EXTERNAL,1
-18.5,-40.3,EXTERNAL,1
-20.3,-40.6,EXTERNAL,1
-29.7,-52.6,EXTERNAL,1
-9.5,-34.8,REGIONAL,1
-19.9,-39.7,INTERNAL,1
-20.9,-39.5,INTERNAL,1
-25.2,-46.9,INTERNAL,1
-14.7,-41.3,EXTERNAL,1
-20.7,-49.7,EXTERNAL,1
-10.1,-57.1,EXTERNAL,1
-19.4,-43.1,EXTERNAL,1
-21.4,-42.8,EXTERNAL,1
-23.5,-53.3,EXTERNAL,1
-6.2,-40.7,EXTERNAL,1
-20.5,-41.2,EXTERNAL,1
-8.1,-33.4,REGIONAL,1
-3.7,-47.7,REGIONAL,1
-22.1,-52.0,REGIONAL,1
-25.6,-53.2,REGIONAL,1
-13.1,-51.9,REGIONAL,1
-5.5,-48.0,REGIONAL,1
-11.2,-42.5,REGIONAL,1
-17.8,-41.7,REGIONAL,1
-18.7,-41.7,REGIONAL,1
-8.7,-36.0,EXTERNAL,1
-8.1,-33.7,REGIONAL,1
-6.8,-69.6,REGIONAL,1
-6.5,-36.7,REGIONAL,1
-10.8,-70.0,REGIONAL,1
-16.6,-56.2,REGIONAL,1
-10.4,-56.9,REGIONAL,1
-14.4,-42.8,REGIONAL,1
-3.7,-48.0,REGIONAL,1
-21.0,-31.8,INTERNAL,1
-15.8,-55.4,REGIONAL,1
-15.2,-56.0,REGIONAL,1
-10.9,-62.5,REGIONAL,1
-3.1,-45.8,EXTERNAL,1
-13.3,-40.1,EXTERNAL,1
-17.0,-56.5,REGIONAL,1
-8.3,-34.5,REGIONAL,1
-7.9,-33.1,REGIONAL,1
-6.1,-50.0,EXTERNAL,1
-7.3,-39.5,EXTERNAL,1
-22.1,-39.7,INTERNAL,1
-21.4,-50.5,EXTERNAL,1
-9.8,-55.4,EXTERNAL,1
-8.9,-32.1,REGIONAL,1
-10.2,-32.1,REGIONAL,1
-21.7,-46.5,EXTERNAL,1
-7.7,-33.6,REGIONAL,1
-11.3,-40.6,EXTERNAL,1
-5.2,-41.7,EXTERNAL,1
-16.0,-39.5,EXTERNAL,1
-21.7,-52.3,EXTERNAL,1
-9.1,-38.2,EXTERNAL,1
-18.3,-47.9,EXTERNAL,1
-3.9,-40.7,EXTERNAL,1
-22.2,-44.3,EXTERNAL,1
-22.0,-44.7,EXTERNAL,1
-19.7,-46.1,REGIONAL,1
-9.3,-32.6,REGIONAL,1
-10.3,-35.9,REGIONAL,1
-2.6,-49.6,REGIONAL,1
-21.8,-45.5,REGIONAL,1
-10.6,-48.9,EXTERNAL,1
-8.2,-63.7,REGIONAL,1
-12.4,-42.4,REGIONAL,1
-6.8,-34.6,REGIONAL,1
-19.2,-41.8,REGIONAL,1
-12.9,-52.2,REGIONAL,1
-8.8,-35.0,REGIONAL,1
-22.6,-48.9,REGIONAL,1
-24.8,-47.5,REGIONAL,1
-15.0,-54.3,REGIONAL,1
-16.4,-48.2,REGIONAL,1
-7.4,-35.0,EXTERNAL,1
-18.1,-41.6,REGIONAL,1
1.4,-60.9,REGIONAL,1
-9.5,-42.3,REGIONAL,1
-4.3,-45.2,REGIONAL,1
-9.9,-36.2,EXTERNAL,1
-20.9,-45.8,EXTERNAL,1
-22.9,-52.4,EXTERNAL,1
-16.1,-47.1,EXTERNAL,1
-2.8,-44.1,EXTERNAL,1
-21.7,-48.4,EXTERNAL,1
-19.0,-56.3,EXTERNAL,1
-20.0,-53.1,REGIONAL,1
-6.7,-42.9,EXTERNAL,1
-19.9,-49.6,EXTERNAL,1
-18.3,-54.5,EXTERNAL,1
-20.7,-50.2,EXTERNAL,1
-19.4,-55.2,EXTERNAL,1
-18.0,-54.5,EXTERNAL,1
-21.5,-51.9,EXTERNAL,1
-21.9,-41.2,EXTERNAL,1
-16.0,-40.6,REGIONAL,1
-19.3,-47.3,EXTERNAL,1
-23.7,-49.4,EXTERNAL,1
2.4,-51.0,REGIONAL,1
-8.1,-40.2,EXTERNAL,1
-3.2,-52.4,REGIONAL,1
-26.4,-51.3,EXTERNAL,1
-22.1,-53.3,EXTERNAL,1
-2.9,-42.3,REGIONAL,1
-19.2,-51.8,REGIONAL,1
-9.4,-38.3,EXTERNAL,1
-17.3,-51.0,REGIONAL,1
-4.7,-41.5,REGIONAL,1
-8.1,-41.5,EXTERNAL,1
-12.3,-42.4,EXTERNAL,1
-8.8,-39.3,REGIONAL,1
-16.4,-46.2,EXTERNAL,1
-15.7,-49.8,EXTERNAL,1
-13.2,-49.6,REGIONAL,1
-20.2,-55.6,EXTERNAL,1
-11.0,-43.1,EXTERNAL,1
-14.2,-59.9,EXTERNAL,1
-5.1,-37.5,EXTERNAL,1
-6.5,-43.0,EXTERNAL,1
-18.3,-54.4,EXTERNAL,1
-9.7,-63.3,EXTERNAL,1
-30.4,-55.7,REGIONAL,1
-16.2,-44.1,REGIONAL,1
-4.8,-35.1,REGIONAL,1
-4.5,-44.1,REGIONAL,1
-0.8,-48.3,REGIONAL,1
-12.2,-39.5,REGIONAL,1
-4.7,-46.8,EXTERNAL,1
-19.6,-46.3,REGIONAL,1
-2.4,-45.1,REGIONAL,1
2.2,-60.7,REGIONAL,1
-7.7,-71.3,REGIONAL,1
-15.8,-55.3,REGIONAL,1
-9.6,-49.2,REGIONAL,1
-21.1,-47.6,REGIONAL,1
-30.6,-51.7,REGIONAL,1
-23.1,-48.5,REGIONAL,1
-30.4,-51.3,REGIONAL,1
-11.8,-47.7,REGIONAL,1
-21.7,-57.9,EXTERNAL,1
-19.2,-44.5,EXTERNAL,1
-21.5,-48.4,EXTERNAL,1
-23.6,-50.2,EXTERNAL,1
-8.0,-48.5,EXTERNAL,1
-21.6,-45.2,EXTERNAL,1
-22.7,-42.2,EXTERNAL,1
-30.3,-51.6,EXTERNAL,1
-16.9,-54.7,REGIONAL,1
-18.0,-50.1,EXTERNAL,1
-5.4,-72.9,REGIONAL,1
-12.1,-40.9,REGIONAL,1
-21.5,-42.4,REGIONAL,1
-21.4,-46.6,REGIONAL,1
-15.2,-38.7,REGIONAL,1
-9.3,-35.7,REGIONAL,1
-7.2,-40.0,EXTERNAL,1
-19.1,-43.0,REGIONAL,1
-20.9,-50.5,REGIONAL,1
-20.7,-49.9,REGIONAL,1
-11.3,-41.4,REGIONAL,1
-17.1,-44.3,REGIONAL,1
-20.7,-50.1,REGIONAL,1
-22.7,-48.1,EXTERNAL,1
-9.4,-56.3,REGIONAL,1
-4.9,-61.6,REGIONAL,1
-21.2,-43.2,REGIONAL,1
-23.7,-50.1,REGIONAL,1
-24.1,-52.8,REGIONAL,1
-18.6,-49.2,REGIONAL,1
-30.8,-54.1,EXTERNAL,1
-20.9,-50.3,REGIONAL,1
-11.6,-55.7,EXTERNAL,1
-17.9,-40.9,REGIONAL,1
-10.3,-59.3,REGIONAL,1
-23.9,-52.5,REGIONAL,1
-20.6,-49.5,REGIONAL,1
-10.4,-41.5,REGIONAL,1
1.1,-48.1,REGIONAL,1
-16.1,-44.2,REGIONAL,1
-21.0,-49.2,REGIONAL,1
-6.0,-38.2,REGIONAL,1
-2.5,-56.4,REGIONAL,1
-14.0,-40.0,REGIONAL,1
-20.0,-55.5,REGIONAL,1
-17.4,-57.4,REGIONAL,1
-16.3,-50.8,EXTERNAL,1
-0.7,-37.5,EXTERNAL,1
-28.3,-54.6,EXTERNAL,1
-6.8,-63.1,EXTERNAL,1
-17.3,-53.4,REGIONAL,1
-2.5,-65.3,REGIONAL,1
-22.4,-46.7,REGIONAL,1
-11.6,-46.1,REGIONAL,1
-0.8,-66.2,REGIONAL,1
-17.3,-46.7,REGIONAL,1
-9.1,-47.4,REGIONAL,1
-15.8,-51.3,REGIONAL,1
-16.1,-49.8,REGIONAL,1
-30.2,-50.0,REGIONAL,1
-1.0,-67.0,REGIONAL,1
-21.6,-53.7,REGIONAL,1
-1.5,15.4,REGIONAL,1
-8.7,-72.8,REGIONAL,1
-2.5,-56.2,REGIONAL,1
-6.1,-62.5,EXTERNAL,1
-10.3,-40.9,REGIONAL,1
-14.2,-56.4,REGIONAL,1
-9.9,-39.8,REGIONAL,1
-8.5,-40.7,REGIONAL,1
-19.4,-48.0,REGIONAL,1
-5.9,-50.2,REGIONAL,1
-19.2,-43.8,REGIONAL,1
-3.2,-44.9,REGIONAL,1
1.0,-60.4,EXTERNAL,1
-28.7,-50.8,EXTERNAL,1
-28.3,-53.8,REGIONAL,1
-2.0,-48.9,REGIONAL,1
-5.5,-54.4,REGIONAL,1
-7.6,-37.0,REGIONAL,1
-5.7,-61.2,REGIONAL,1
-28.7,-56.1,REGIONAL,1
-5.0,-39.6,REGIONAL,1
-17.0,-44.2,REGIONAL,1
-10.7,-40.3,REGIONAL,1
-13.4,-43.2,REGIONAL,1
-11.7,-60.1,INTERNAL,1
-18.0,-41.8,REGIONAL,1
-1.9,-55.1,INTERNAL,1
-19.8,-41.6,REGIONAL,1
-20.4,-36.6,EXTERNAL,1
-25.6,-45.2,EXTERNAL,1
-19.7,-40.8,EXTERNAL,1
-22.1,-49.5,EXTERNAL,1
-21.5,-56.7,EXTERNAL,1
-20.0,-56.6,EXTERNAL,1
-6.8,-41.8,REGIONAL,1
-18.1,-40.5,REGIONAL,1
-6.8,-43.6,REGIONAL,1
-19.9,-39.3,REGIONAL,1
-8.7,-63.4,REGIONAL,1
-23.9,-45.7,REGIONAL,1
-23.2,-43.7,REGIONAL,1
-15.1,-56.7,EXTERNAL,1
-11.2,-40.6,EXTERNAL,1
-4.9,-44.9,REGIONAL,1
-20.6,-47.0,EXTERNAL,1
-28.1,-54.4,EXTERNAL,1
-16.0,-46.8,EXTERNAL,1
-3.7,-40.1,EXTERNAL,1
-15.7,-47.4,EXTERNAL,1
-29.8,-52.7,EXTERNAL,1
-15.5,-50.1,EXTERNAL,1
-2.6,-60.7,REGIONAL,1
-24.7,-50.2,EXTERNAL,1
-18.3,-46.5,EXTERNAL,1
-14.9,-40.7,EXTERNAL,1
-4.8,-47.3,EXTERNAL,1
-6.8,-37.6,EXTERNAL,1
-1.7,-53.1,REGIONAL,1
-22.3,-42.1,EXTERNAL,1
-6.7,-34.9,EXTERNAL,1
-3.1,-59.5,REGIONAL,1
-30.2,-51.9,REGIONAL,1
-14.4,-46.3,REGIONAL,1
-5.0,-55.2,REGIONAL,1
-18.7,-45.0,REGIONAL,1
-9.2,-49.8,REGIONAL,1
-19.7,-45.7,REGIONAL,1
-16.7,-48.7,REGIONAL,1
-17.3,-51.7,REGIONAL,1
-19.2,-54.9,REGIONAL,1
-15.8,-44.8,REGIONAL,1
-10.8,-45.1,EXTERNAL,1
-12.2,-38.7,REGIONAL,1
-6.9,-37.7,EXTERNAL,1
-12.3,-49.4,EXTERNAL,1
-19.7,-55.9,REGIONAL,1
-15.4,-58.6,REGIONAL,1
-14.2,-48.8,EXTERNAL,1
1.3,-51.0,REGIONAL,1
-19.8,-44.4,REGIONAL,1
-1.8,-50.7,EXTERNAL,1
-16.5,-39.3,EXTERNAL,1
-3.4,-60.4,EXTERNAL,1
-15.6,-53.4,REGIONAL,1
-12.5,-45.1,REGIONAL,1
-29.0,-56.0,REGIONAL,1
-3.4,-42.6,REGIONAL,1
-21.8,-43.5,REGIONAL,1
-27.8,-52.1,REGIONAL,1
-21.1,-49.9,REGIONAL,1
0.5,-61.6,REGIONAL,1
0.5,-68.2,REGIONAL,1
-7.6,-60.3,REGIONAL,1
-11.7,-43.9,REGIONAL,1
-17.4,-47.8,EXTERNAL,1
-20.0,-56.9,REGIONAL,1
-12.8,-50.5,REGIONAL,1
-27.0,-53.9,REGIONAL,1
-25.0,-48.7,REGIONAL,1
-20.6,-53.9,REGIONAL,1
-31.1,-54.0,REGIONAL,1
-15.4,-43.5,REGIONAL,1
-24.1,-50.7,REGIONAL,1
-3.4,-47.7,REGIONAL,1
-26.6,-48.6,REGIONAL,1
-16.3,-56.9,REGIONAL,1
-17.1,-57.3,REGIONAL,1
-17.9,-51.3,EXTERNAL,1
-10.9,-50.0,REGIONAL,1
-11.2,-41.2,REGIONAL,1
-26.3,-51.5,REGIONAL,1
1.2,-54.1,REGIONAL,1
-15.0,-42.8,REGIONAL,1
-1.6,-47.5,EXTERNAL,1
-13.6,-41.0,REGIONAL,1
0.5,-27.5,REGIONAL,1
-9.5,-48.5,EXTERNAL,1
0.5,-26.5,REGIONAL,1
-25.5,-47.5,REGIONAL,1
-2.0,-60.8,REGIONAL,1
-3.4,-68.7,REGIONAL,1
-8.5,-68.5,REGIONAL,1
-10.5,-45.5,REGIONAL,1
-19.5,-37.5,REGIONAL,1
-25.5,-53.0,REGIONAL,1
-2.5,-38.5,REGIONAL,1
-20.5,-51.5,REGIONAL,1
-1.5,-40.5,REGIONAL,1
-8.5,-65.5,REGIONAL,1
-3.5,-43.5,REGIONAL,1
-22.3,-40.3,REGIONAL,1
-8.4,-47.7,REGIONAL,1
-15.4,-57.2,REGIONAL,1
-19.3,-45.5,REGIONAL,1
-29.3,-55.2,REGIONAL,1
-33.3,-53.4,REGIONAL,1
-6.4,-54.6,REGIONAL,1
-16.4,-49.3,REGIONAL,1
-17.0,-55.5,REGIONAL,1
-3.6,-45.6,REGIONAL,1
-8.4,-36.2,REGIONAL,1
-5.7,-37.0,REGIONAL,1
-31.2,-53.6,REGIONAL,1
-7.8,-71.7,REGIONAL,1
-14.8,-42.5,REGIONAL,1
-16.7,-45.7,REGIONAL,1
-12.6,-60.4,REGIONAL,1
-6.0,-56.3,REGIONAL,1
-25.1,-52.8,EXTERNAL,1
-29.8,-51.7,EXTERNAL,1
-15.6,-56.6,REGIONAL,1
-6.4,-33.3,EXTERNAL,1
-21.5,-44.5,REGIONAL,1
-3.8,-32.5,EXTERNAL,1
-13.2,-39.8,REGIONAL,1
-3.5,-39.2,EXTERNAL,1
-22.7,-51.3,EXTERNAL,1
-1.7,-61.9,REGIONAL,1
-27.7,-51.1,EXTERNAL,1
-2.0,-32.0,EXTERNAL,1
-15.6,-48.9,REGIONAL,1
-22.3,-52.8,REGIONAL,1
-16.6,-36.9,REGIONAL,1
-16.1,-56.9,EXTERNAL,1
-26.9,-50.8,EXTERNAL,1
-1.5,-50.4,REGIONAL,1
-9.8,-35.6,EXTERNAL,1
-6.8,-36.8,EXTERNAL,1
-18.5,-29.5,REGIONAL,1
-16.5,-49.7,EXTERNAL,1
-21.2,-49.3,EXTERNAL,1
-22.7,-48.5,EXTERNAL,1
-4.1,-40.8,EXTERNAL,1
-7.6,-39.4,EXTERNAL,1
-4.0,-45.7,EXTERNAL,1
-31.9,-53.7,EXTERNAL,1
-20.9,-48.4,EXTERNAL,1
-15.5,-48.0,EXTERNAL,1
-24.6,-48.1,EXTERNAL,1
-20.5,-48.8,EXTERNAL,1
-10.7,-39.7,EXTERNAL,1
-17.4,-51.1,EXTERNAL,1
-27.1,-52.2,EXTERNAL,1
-3.5,-41.4,EXTERNAL,1
-21.5,-44.0,EXTERNAL,1
-13.3,-39.7,EXTERNAL,1
-22.1,-43.1,EXTERNAL,1
-22.2,-42.1,EXTERNAL,1
-23.3,-49.6,EXTERNAL,1
-10.5,-63.3,EXTERNAL,1
-22.0,-48.7,REGIONAL,1
-7.8,-60.7,REGIONAL,1
-2.9,-48.0,REGIONAL,1
-7.7,-44.3,REGIONAL,1
-30.1,-52.1,REGIONAL,1
-11.3,-64.7,REGIONAL,1
-16.0,-50.2,REGIONAL,1
-4.2,-41.7,REGIONAL,1
1.3,-60.5,REGIONAL,1
-26.5,-51.4,REGIONAL,1
-3.6,-64.6,REGIONAL,1
-12.1,-45.7,EXTERNAL,1
-13.3,-57.6,REGIONAL,1
-13.2,-41.0,REGIONAL,1
-9.6,-51.1,REGIONAL,1
1.0,-52.0,INTERNAL,1
-18.5,-26.5,REGIONAL,1
-20.0,-45.2,EXTERNAL,1
-10.6,-65.3,REGIONAL,1
-6.4,-50.5,REGIONAL,1
-3.2,-45.2,EXTERNAL,1
-18.5,-53.2,REGIONAL,1
-2.1,-55.7,REGIONAL,1
-11.8,-39.5,REGIONAL,1
-14.8,-40.1,REGIONAL,1
-9.5,-62.7,REGIONAL,1
-5.4,-37.7,REGIONAL,1
-12.3,-44.6,REGIONAL,1
-26.0,-50.9,REGIONAL,1
-15.8,-58.5,REGIONAL,1
-7.5,-35.9,REGIONAL,1
-20.2,-56.9,REGIONAL,1
-5.3,-50.2,REGIONAL,1
-15.3,-35.3,REGIONAL,1
-5.2,-35.9,REGIONAL,1
-23.1,-54.3,REGIONAL,1
-2.3,-61.2,REGIONAL,1
-19.1,-43.4,REGIONAL,1
-9.1,-72.4,REGIONAL,1
-28.4,-50.6,REGIONAL,1
-25.0,-48.3,REGIONAL,1
-20.4,-46.0,REGIONAL,1
-4.1,-47.4,REGIONAL,1
-23.0,-48.8,EXTERNAL,1
-11.6,-38.8,EXTERNAL,1
-3.4,-44.7,REGIONAL,1
-9.5,-62.0,REGIONAL,1
-17.6,-50.7,REGIONAL,1
-16.1,-59.7,REGIONAL,1
-13.9,-40.0,REGIONAL,1
-8.0,-38.9,REGIONAL,1
-27.4,-53.8,EXTERNAL,1
-17.6,-41.5,REGIONAL,1
-9.8,-43.3,REGIONAL,1
-1.7,-50.7,REGIONAL,1
-3.1,-40.1,REGIONAL,1
-15.5,-45.1,REGIONAL,1
-2.7,-61.3,REGIONAL,1
-5.7,-40.3,REGIONAL,1
-26.8,-53.6,REGIONAL,1
-3.3,-59.1,REGIONAL,1
-27.5,-51.6,REGIONAL,1
-16.9,-45.9,REGIONAL,1
-9.6,-37.3,EXTERNAL,1
-7.8,-38.2,EXTERNAL,1
-6.5,-43.7,EXTERNAL,1
-3.9,-40.0,EXTERNAL,1
-9.1,-48.2,EXTERNAL,1
-9.9,-48.3,REGIONAL,1
-20.2,-51.1,REGIONAL,1
-29.7,-52.3,EXTERNAL,1
-4.1,-45.6,REGIONAL,1
-23.5,-48.9,EXTERNAL,1
-28.2,-49.1,EXTERNAL,1
-29.6,-55.1,EXTERNAL,1
-28.7,-53.0,EXTERNAL,1
-24.6,-53.2,EXTERNAL,1
-8.2,-48.5,REGIONAL,1
-11.8,-45.0,REGIONAL,1
-12.1,-50.8,REGIONAL,1
-8.3,-65.7,REGIONAL,1
-10.1,-40.1,REGIONAL,1
-18.7,-55.3,REGIONAL,1
-12.9,-48.1,REGIONAL,1
-1.3,-39.3,REGIONAL,1
-14.9,-52.5,REGIONAL,1
-12.0,-47.1,REGIONAL,1
-18.0,-40.3,REGIONAL,1
-8.0,-46.8,REGIONAL,1
-16.4,-51.4,REGIONAL,1
-6.5,-43.6,REGIONAL,1
-13.0,-48.3,REGIONAL,1
-13.6,-42.8,REGIONAL,1
-22.8,-55.7,REGIONAL,1
-11.7,-39.8,REGIONAL,1
-4.0,-45.2,REGIONAL,1
-10.9,-48.9,REGIONAL,1
-12.4,-46.6,REGIONAL,1
-17.8,-51.7,REGIONAL,1
-11.7,-40.8,REGIONAL,1
-26.4,-50.8,REGIONAL,1
-21.6,-50.6,EXTERNAL,1
-20.5,-47.8,REGIONAL,1
-28.3,-52.1,REGIONAL,1
-12.0,-52.1,REGIONAL,1
-16.8,-50.1,REGIONAL,1
-12.4,-41.9,REGIONAL,1
-14.1,-39.5,REGIONAL,1
-16.4,-49.7,REGIONAL,1
-2.8,-35.2,REGIONAL,1
-1.2,-43.9,REGIONAL,1
-3.1,-45.0,REGIONAL,1
-22.4,-39.9,REGIONAL,1
-13.0,-45.8,REGIONAL,1
-1.7,-47.4,REGIONAL,1
-15.4,-58.0,REGIONAL,1
-33.3,-48.3,REGIONAL,1
-3.0,-32.7,REGIONAL,1
-14.5,-35.1,REGIONAL,1
-20.8,-37.9,REGIONAL,1
-20.9,-38.5,REGIONAL,1
-24.5,-40.9,REGIONAL,1
-8.6,-63.4,REGIONAL,1
-34.2,-48.8,REGIONAL,1
-34.5,-49.7,REGIONAL,1
-33.5,-51.2,REGIONAL,1
-10.7,-34.5,REGIONAL,1
-5.5,-31.9,REGIONAL,1
-26.3,-43.5,REGIONAL,1
-7.7,-32.9,REGIONAL,1
-6.2,-32.7,REGIONAL,1
-8.9,-33.1,REGIONAL,1
-32.5,-50.1,REGIONAL,1
-18.8,-36.3,REGIONAL,1
-21.5,-28.4,REGIONAL,1
-22.0,-42.6,INTERNAL,1
-7.6,-49.2,INTERNAL,1
-26.6,-52.7,EXTERNAL,1
-31.3,-48.0,REGIONAL,1
-30.9,-48.6,REGIONAL,1
-23.4,-39.4,REGIONAL,1
-24.8,-40.2,REGIONAL,1
-35.0,-51.2,REGIONAL,1
-34.9,-50.3,REGIONAL,1
-32.6,-49.1,REGIONAL,1
-33.5,-50.2,REGIONAL,1
-33.3,-49.8,REGIONAL,1
-27.2,-53.1,EXTERNAL,1
-5.7,-47.4,EXTERNAL,1
-21.1,-42.2,EXTERNAL,1
-27.2,-49.8,EXTERNAL,1
-15.1,-41.0,EXTERNAL,1
-7.8,-50.8,REGIONAL,1
-15.7,-44.7,REGIONAL,1
0.2,-66.4,REGIONAL,1
2.5,-60.4,REGIONAL,1
-19.9,-49.2,EXTERNAL,1
-21.9,-50.8,REGIONAL,1
-26.0,-49.9,REGIONAL,1
-21.7,-52.0,EXTERNAL,1
-25.7,-52.2,REGIONAL,1
-3.5,-40.8,EXTERNAL,1
-30.0,-50.5,REGIONAL,1
-21.8,-50.7,EXTERNAL,1
-21.9,-45.0,EXTERNAL,1
-23.5,-48.6,REGIONAL,1
-1.9,-59.4,EXTERNAL,1
-28.6,-55.3,REGIONAL,1
-24.6,-51.2,REGIONAL,1
-9.9,-54.9,EXTERNAL,1
-4.8,-40.1,EXTERNAL,1
-16.7,-41.5,EXTERNAL,1
-20.8,-44.5,EXTERNAL,1
-22.3,-46.7,EXTERNAL,1
-18.2,-47.8,EXTERNAL,1
-9.7,-68.0,EXTERNAL,1
-1.0,-49.6,REGIONAL,1
-21.4,-50.0,EXTERNAL,1
-14.6,-57.7,REGIONAL,1
-20.7,-55.1,EXTERNAL,1
-5.4,-49.4,REGIONAL,1
-20.3,-47.6,EXTERNAL,1
-17.0,-49.3,EXTERNAL,1
-9.8,-38.3,REGIONAL,1
-9.3,-41.4,REGIONAL,1
-24.3,-50.7,REGIONAL,1
-22.7,-55.2,EXTERNAL,1
-18.3,-50.6,REGIONAL,1
-22.8,-50.9,REGIONAL,1
-12.9,-60.9,REGIONAL,1
-8.4,-73.2,REGIONAL,1
-4.4,-59.7,REGIONAL,1
-12.7,-38.2,EXTERNAL,1
0.1,-63.3,REGIONAL,1
-3.1,-41.3,EXTERNAL,1
-27.5,-52.2,EXTERNAL,1
-17.4,-38.3,REGIONAL,1
-12.1,-42.2,REGIONAL,1
-14.5,-55.6,REGIONAL,1
-3.5,-51.1,REGIONAL,1
-23.2,-48.7,EXTERNAL,1
-3.8,-62.2,REGIONAL,1
-4.4,-49.1,EXTERNAL,1
-31.2,-52.0,REGIONAL,1
-5.8,-37.4,EXTERNAL,1
-28.8,-50.1,EXTERNAL,1
-9.8,-48.8,EXTERNAL,1
-6.8,-51.1,EXTERNAL,1
-25.4,-54.0,EXTERNAL,1
-18.0,-42.5,EXTERNAL,1
-0.3,-61.2,REGIONAL,1
-6.7,-37.1,REGIONAL,1
-20.6,-41.2,EXTERNAL,1
-6.4,-37.7,EXTERNAL,1
-4.2,-54.6,REGIONAL,1
-23.1,-53.5,EXTERNAL,1
-22.4,-53.3,REGIONAL,1
-5.5,-35.8,EXTERNAL,1
-12.7,-40.2,EXTERNAL,1
-3.9,-38.3,EXTERNAL,1
-9.5,-40.6,EXTERNAL,1
-28.4,-54.1,EXTERNAL,1
-22.8,-50.6,EXTERNAL,1
-22.2,-50.4,REGIONAL,1
-11.7,-41.6,REGIONAL,1
-9.4,-42.8,EXTERNAL,1
-20.2,-48.3,INTERNAL,1
-23.7,-47.6,INTERNAL,1
-22.3,-44.8,INTERNAL,1
-13.5,-40.7,REGIONAL,1
-22.5,-49.0,INTERNAL,1
-20.8,-49.1,INTERNAL,1
-7.8,-35.1,EXTERNAL,1
-13.7,-42.0,EXTERNAL,1
-30.4,-54.1,REGIONAL,1
-22.5,-48.4,INTERNAL,1
-1.6,-55.7,REGIONAL,1
-12.2,-51.9,REGIONAL,1
-18.4,-45.1,EXTERNAL,1
-13.6,-51.4,REGIONAL,1
-2.3,-45.3,REGIONAL,1
-16.6,-39.2,INTERNAL,1
-17.7,-47.0,EXTERNAL,1
-21.2,-42.2,EXTERNAL,1
-18.8,-49.7,EXTERNAL,1
-7.2,-52.6,REGIONAL,1
-23.6,-52.5,INTERNAL,1
-29.3,-52.0,EXTERNAL,1
-82.9,-26.4,INTERNAL,1
-28.2,-48.8,EXTERNAL,1
-16.5,-40.2,EXTERNAL,1
-16.8,-44.1,EXTERNAL,1
-20.2,-41.8,EXTERNAL,1
-32.4,-52.4,EXTERNAL,1
-26.8,-49.4,EXTERNAL,1
-19.9,-45.1,EXTERNAL,1
-22.2,-46.2,REGIONAL,1
-11.5,-62.5,REGIONAL,1
-20.0,-50.7,EXTERNAL,1
-7.9,-62.3,REGIONAL,1
-7.9,-49.3,REGIONAL,1
-21.0,-48.4,REGIONAL,1
-15.1,-59.3,EXTERNAL,1
-10.1,-37.4,EXTERNAL,1
-12.7,-56.5,EXTERNAL,1
-13.5,-46.7,EXTERNAL,1
-24.4,-53.7,REGIONAL,1
-27.4,-53.2,EXTERNAL,1
-14.8,-39.5,EXTERNAL,1
-19.0,-45.0,EXTERNAL,1
-13.8,-44.3,REGIONAL,1
-5.1,-69.7,REGIONAL,1
-14.4,-48.6,EXTERNAL,1
-24.6,-53.7,EXTERNAL,1
-17.7,-57.7,REGIONAL,1
-18.1,-50.4,REGIONAL,1
-26.1,-48.8,EXTERNAL,1
-10.8,-37.7,EXTERNAL,1
-9.1,-45.6,REGIONAL,1
-11.6,-39.1,EXTERNAL,1
-6.9,-55.3,REGIONAL,1
-28.5,-52.6,EXTERNAL,1
-21.1,-50.3,EXTERNAL,1
-12.3,-41.4,REGIONAL,1
-1.4,-61.3,REGIONAL,1
-28.9,-52.6,REGIONAL,1
-27.8,-43.7,INTERNAL,1
-12.7,-45.7,REGIONAL,1
-11.0,-58.8,REGIONAL,1
-7.6,-36.0,REGIONAL,1
-12.4,-46.5,INTERNAL,1
-18.8,-39.9,EXTERNAL,1
-20.0,-46.2,EXTERNAL,1
-33.5,-52.4,REGIONAL,1
-23.4,-50.5,EXTERNAL,1
-13.5,-47.2,EXTERNAL,1
-13.8,-48.3,EXTERNAL,1
-22.8,-52.2,EXTERNAL,1
-29.2,-52.3,EXTERNAL,1
-3.7,-49.6,EXTERNAL,1
-23.4,-48.3,REGIONAL,1
-21.5,-41.5,EXTERNAL,1
-3.0,-57.7,REGIONAL,1
-7.2,-34.7,REGIONAL,1
-20.8,-51.3,REGIONAL,1
-31.3,-54.2,EXTERNAL,1
-24.1,-43.9,REGIONAL,1
-15.4,-49.4,REGIONAL,1
-20.9,-46.0,EXTERNAL,1
-12.7,-41.1,REGIONAL,1
-3.0,-41.1,REGIONAL,1
-14.5,-37.5,REGIONAL,1
-18.6,-54.0,REGIONAL,1
-11.1,-43.0,REGIONAL,1
-15.3,-43.1,REGIONAL,1
-15.2,-42.5,REGIONAL,1
-9.2,-56.8,REGIONAL,1
-2.1,-54.1,REGIONAL,1
-15.6,-41.7,REGIONAL,1
-10.2,-67.9,EXTERNAL,1
-4.5,-57.6,EXTERNAL,1
-9.5,-54.4,EXTERNAL,1
-26.5,-50.1,REGIONAL,1
-7.7,-40.8,REGIONAL,1
4.0,-50.6,REGIONAL,1
-34.3,-49.7,REGIONAL,1
-11.3,-38.9,REGIONAL,1
-24.6,-44.2,REGIONAL,1
-30.7,-52.3,EXTERNAL,1
-22.6,-44.8,EXTERNAL,1
-19.8,-54.8,EXTERNAL,1
-21.9,-45.2,EXTERNAL,1
-15.5,-37.5,REGIONAL,1
-3.5,-44.8,EXTERNAL,1
-22.6,-49.9,EXTERNAL,1
-10.7,-47.3,REGIONAL,1
-31.0,-52.4,EXTERNAL,1
-24.1,-54.1,EXTERNAL,1
-3.8,-41.3,REGIONAL,1
-22.4,-53.9,EXTERNAL,1
-5.6,-45.2,EXTERNAL,1
-23.6,-53.3,EXTERNAL,1
0.5,-29.5,EXTERNAL,1
2.0,-28.0,EXTERNAL,1
3.6,-52.0,REGIONAL,1
-12.8,-40.2,EXTERNAL,1
-31.4,-53.2,REGIONAL,1
-2.5,-42.8,REGIONAL,1
-6.7,-39.4,REGIONAL,1
-25.2,-53.9,REGIONAL,1
-21.2,-42.5,EXTERNAL,1
-16.0,-56.6,REGIONAL,1
-9.6,-62.1,REGIONAL,1
-6.3,-30.9,EXTERNAL,1
-18.9,-45.5,EXTERNAL,1
-11.8,-39.0,EXTERNAL,1
-15.8,-45.2,EXTERNAL,1
-2.5,-44.6,REGIONAL,1
-7.3,-35.5,EXTERNAL,1
-29.1,-55.0,EXTERNAL,1
-11.7,-61.6,EXTERNAL,1
-3.1,-41.4,EXTERNAL,1
-25.1,-50.3,EXTERNAL,1
-3.2,-60.6,EXTERNAL,1
-14.3,-47.8,EXTERNAL,1
-18.6,-44.2,EXTERNAL,1
-31.1,-51.5,EXTERNAL,1
-27.8,-54.5,EXTERNAL,1
-21.8,-46.8,EXTERNAL,1
-14.4,-39.6,EXTERNAL,1
-24.6,-53.3,EXTERNAL,1
-24.6,-47.6,EXTERNAL,1
-19.1,-48.3,EXTERNAL,1
-30.0,-52.2,EXTERNAL,1
-19.5,-46.2,EXTERNAL,1
-27.2,-53.0,EXTERNAL,1
-5.7,-36.7,EXTERNAL,1
-21.4,-42.5,EXTERNAL,1
-28.9,-53.6,EXTERNAL,1
-18.8,-40.2,REGIONAL,1
-17.2,-40.1,EXTERNAL,1
-11.4,-39.8,EXTERNAL,1
-28.1,-50.1,EXTERNAL,1
-8.9,-42.5,EXTERNAL,1
-8.5,-41.5,EXTERNAL,1
-7.5,-35.2,EXTERNAL,1
-5.8,-35.9,EXTERNAL,1
-18.5,-41.8,REGIONAL,1
-21.4,-44.6,REGIONAL,1
-2.0,-51.8,REGIONAL,1
-15.3,-48.9,EXTERNAL,1
-28.3,-51.7,EXTERNAL,1
-5.3,-67.4,REGIONAL,1
-9.1,-64.6,REGIONAL,1
1.5,-61.0,EXTERNAL,1
-9.7,-37.1,EXTERNAL,1
-27.6,-51.0,EXTERNAL,1
-22.4,-50.2,EXTERNAL,1
-2.9,-68.0,REGIONAL,1
-27.3,-50.7,REGIONAL,1
-4.1,-40.4,REGIONAL,1
-2.1,-54.7,REGIONAL,1
-2.9,-65.2,REGIONAL,1
-14.8,-59.6,REGIONAL,1
-9.8,-40.5,REGIONAL,1
-9.0,-71.0,REGIONAL,1
-19.7,-50.6,REGIONAL,1
-25.0,-47.7,REGIONAL,1
-5.1,-36.7,EXTERNAL,1
0.5,-42.5,REGIONAL,1
-6.4,-36.1,EXTERNAL,1
0.6,-64.7,REGIONAL,1
-12.9,-39.4,REGIONAL,1
-10.7,-50.0,REGIONAL,1
-30.8,-50.6,REGIONAL,1
-12.3,-47.0,REGIONAL,1
-32.8,-52.6,REGIONAL,1
-25.5,-43.5,REGIONAL,1
-22.5,-39.5,REGIONAL,1
-25.3,-50.7,EXTERNAL,1
-10.5,-47.0,REGIONAL,1
-28.4,-4.5,REGIONAL,1
-2.5,-53.5,REGIONAL,1
-4.5,-48.5,REGIONAL,1
-2.5,-35.5,REGIONAL,1
-13.0,-40.7,REGIONAL,1
-10.1,-38.3,INTERNAL,1
-22.8,-49.5,REGIONAL,1
-6.0,-44.4,REGIONAL,1
-6.8,-62.0,REGIONAL,1
-22.1,-47.6,REGIONAL,1
-21.6,-41.3,REGIONAL,1
-6.9,-39.2,EXTERNAL,1
-9.5,-67.4,REGIONAL,1
-6.6,-50.2,REGIONAL,1
-31.3,-52.3,REGIONAL,1
-26.8,-53.7,REGIONAL,1
-20.3,-54.9,REGIONAL,1
2.6,-60.9,REGIONAL,1
-10.8,-68.5,REGIONAL,1
1.1,-51.8,REGIONAL,1
-3.2,-39.5,REGIONAL,1
0.6,-50.2,REGIONAL,1
-22.1,-49.8,REGIONAL,1
-28.0,-49.3,EXTERNAL,1
-30.1,-47.7,REGIONAL,1
-19.4,-56.7,EXTERNAL,1
-20.8,-51.6,REGIONAL,1
-22.4,-53.5,REGIONAL,1
-28.5,-62.4,REGIONAL,1
-1.5,-47.0,REGIONAL,1
-16.8,-48.1,REGIONAL,1
3.4,-60.7,REGIONAL,1
-12.5,-45.2,EXTERNAL,1
-6.7,-62.0,REGIONAL,1
-9.8,-68.4,REGIONAL,1
-16.9,-48.3,REGIONAL,1
-3.2,-55.0,REGIONAL,1
-5.4,-47.2,REGIONAL,1
-18.3,-45.0,REGIONAL,1
-25.4,-51.7,EXTERNAL,1
-28.5,-47.3,REGIONAL,1
-14.3,-43.0,EXTERNAL,1
-15.3,-47.9,REGIONAL,1
-31.6,-53.9,EXTERNAL,1
-15.3,-58.9,REGIONAL,1
-3.3,-64.6,EXTERNAL,1
-18.9,-43.2,EXTERNAL,1
-21.6,-40.9,REGIONAL,1
-2.0,-55.5,REGIONAL,1
-4.5,-38.4,REGIONAL,1
-21.9,-46.0,REGIONAL,1
-12.6,-40.9,EXTERNAL,1
-22.3,-43.8,REGIONAL,1
-5.5,-29.9,REGIONAL,1
-25.7,-5.5,REGIONAL,1
-26.1,-51.3,REGIONAL,1
-18.5,-52.2,REGIONAL,1
-8.7,-58.4,REGIONAL,1
-11.2,-47.3,REGIONAL,1
-31.0,-53.7,REGIONAL,1
-15.1,-38.8,REGIONAL,1
-21.1,-43.5,REGIONAL,1
-11.8,-63.9,REGIONAL,1
-21.6,-44.7,REGIONAL,1
-21.0,-47.4,EXTERNAL,1
-32.1,-53.1,REGIONAL,1
-21.5,-46.9,REGIONAL,1
-5.9,-67.7,REGIONAL,1
-2.6,-57.1,REGIONAL,1
-18.2,-42.7,REGIONAL,1
-12.8,-41.0,REGIONAL,1
-18.5,-43.6,EXTERNAL,1
-28.9,-50.9,REGIONAL,1
-29.6,-54.5,EXTERNAL,1
-23.4,-52.6,EXTERNAL,1
-23.3,-49.7,EXTERNAL,1
-3.5,-40.3,EXTERNAL,1
-4.2,-56.0,EXTERNAL,1
-27.4,-49.2,EXTERNAL,1
-26.4,-49.0,EXTERNAL,1
-25.3,-50.6,EXTERNAL,1
-7.6,-46.0,EXTERNAL,1
-21.3,-42.4,EXTERNAL,1
-22.5,-46.7,EXTERNAL,1
-31.4,-52.6,EXTERNAL,1
-10.2,-55.0,EXTERNAL,1
-22.6,-51.7,EXTERNAL,1
-12.4,-51.4,EXTERNAL,1
-10.4,-62.1,EXTERNAL,1
-22.6,-50.1,EXTERNAL,1
-20.2,-39.5,REGIONAL,1
-20.7,-47.4,REGIONAL,1
-7.0,-35.1,EXTERNAL,1
-28.7,-51.7,EXTERNAL,1
-16.5,-38.0,REGIONAL,1
-22.3,-40.8,REGIONAL,1
-17.4,-38.7,REGIONAL,1
-17.1,-49.8,EXTERNAL,1
-20.0,-39.7,REGIONAL,1
-7.4,-48.8,REGIONAL,1
-31.2,-51.0,EXTERNAL,1
-15.1,-49.2,EXTERNAL,1
-19.0,-57.3,REGIONAL,1
-23.5,-44.0,EXTERNAL,1
-20.5,-46.5,EXTERNAL,1
-26.0,-46.4,EXTERNAL,1
-19.7,-38.4,EXTERNAL,1
-7.1,-47.3,REGIONAL,1
-11.8,-37.6,INTERNAL,1
-4.1,-63.1,INTERNAL,1
-4.4,-39.3,INTERNAL,1
-18.9,-44.7,REGIONAL,1
-10.7,-44.0,INTERNAL,1
-23.7,-50.8,EXTERNAL,1
-20.3,-43.3,EXTERNAL,1
-25.1,-48.1,EXTERNAL,1
-5.5,-36.9,EXTERNAL,1
-8.6,-36.4,EXTERNAL,1
-15.1,-55.8,REGIONAL,1
-13.4,-61.1,REGIONAL,1
-0.6,-51.5,REGIONAL,1
-19.7,-58.1,REGIONAL,1
-1.0,-51.9,REGIONAL,1
-25.9,-49.6,REGIONAL,1
-0.7,-38.4,REGIONAL,1
-20.2,-46.3,REGIONAL,1
-24.2,-48.2,EXTERNAL,1
-30.8,-53.6,EXTERNAL,1
-13.3,-54.1,REGIONAL,1
-29.5,-55.8,EXTERNAL,1
-21.2,-55.6,REGIONAL,1
-31.8,-46.6,REGIONAL,1
-22.9,-48.7,REGIONAL,1
-9.0,-55.2,REGIONAL,1
-15.5,-39.0,REGIONAL,1
-2.5,-65.5,REGIONAL,1
-7.3,-47.1,REGIONAL,1
-15.1,-48.0,REGIONAL,1
-9.0,-70.0,REGIONAL,1
-7.0,-35.3,EXTERNAL,1
-16.0,-50.7,EXTERNAL,1
-4.7,-37.7,REGIONAL,1
-1.8,-60.2,EXTERNAL,1
-20.4,-50.1,REGIONAL,1
-12.7,-48.6,REGIONAL,1
-15.9,-43.1,EXTERNAL,1
-21.6,-43.0,REGIONAL,1
-3.3,-41.9,EXTERNAL,1
-16.1,-41.7,REGIONAL,1
-18.4,-42.6,REGIONAL,1
-21.4,-41.9,EXTERNAL,1
-10.3,-63.4,REGIONAL,1
-25.4,-53.4,REGIONAL,1
-26.4,-51.9,REGIONAL,1
-2.7,-60.2,REGIONAL,1
-24.7,-52.1,REGIONAL,1
-23.3,-52.3,REGIONAL,1
-21.0,-49.4,REGIONAL,1
-8.7,-68.1,REGIONAL,1
-16.8,-44.5,REGIONAL,1
-27.4,-51.3,REGIONAL,1
-24.3,-52.3,REGIONAL,1
-19.3,-42.1,REGIONAL,1
-23.6,-49.3,REGIONAL,1
-24.3,-53.0,REGIONAL,1
-23.3,-49.5,REGIONAL,1
-14.8,-41.6,REGIONAL,1
-3.1,-41.1,REGIONAL,1
-19.9,-44.5,REGIONAL,1
-20.4,-41.3,REGIONAL,1
-29.7,-48.9,REGIONAL,1
-21.0,-46.7,REGIONAL,1
-11.6,-41.6,REGIONAL,1
-23.5,-52.2,REGIONAL,1
-23.9,-48.9,REGIONAL,1
-18.1,-48.0,EXTERNAL,1
-30.1,-53.2,REGIONAL,1
-18.2,-52.5,REGIONAL,1
-17.9,-45.6,REGIONAL,1
-21.0,-49.9,EXTERNAL,1
-4.8,-37.6,REGIONAL,1
-4.7,-71.5,REGIONAL,1
-6.3,-54.6,REGIONAL,1
-15.0,-47.9,REGIONAL,1
-24.9,-51.6,REGIONAL,1
-18.0,-45.2,REGIONAL,1
-20.9,-49.0,REGIONAL,1
0.5,-67.9,REGIONAL,1
-1.4,-56.1,REGIONAL,1
-18.4,-56.2,REGIONAL,1
-30.2,-50.3,REGIONAL,1
-5.8,-49.4,REGIONAL,1
-16.2,-44.5,EXTERNAL,1
-15.4,-38.4,REGIONAL,1
-8.5,-61.7,REGIONAL,1
-11.1,-55.3,REGIONAL,1
-9.8,-68.6,REGIONAL,1
-20.2,-38.1,REGIONAL,1
-0.7,-48.7,REGIONAL,1
-7.0,-55.5,REGIONAL,1
-21.0,0.0,EXTERNAL,1
-6.0,-55.0,EXTERNAL,1
-1.9,-47.1,REGIONAL,1
-16.5,-42.1,EXTERNAL,1
-4.9,-59.4,REGIONAL,1
-8.7,-59.5,REGIONAL,1
-22.7,-48.2,EXTERNAL,1
-9.3,-40.4,EXTERNAL,1
-6.6,-39.0,REGIONAL,1
-16.0,0.0,EXTERNAL,1
-8.2,-32.1,REGIONAL,1
-9.5,-33.4,REGIONAL,1
-6.0,-55.1,REGIONAL,1
-25.8,-50.1,REGIONAL,1
-7.5,-32.9,REGIONAL,1
-12.8,-47.9,REGIONAL,1
-19.9,-41.9,EXTERNAL,1
-16.1,-58.8,EXTERNAL,1
-18.3,-48.9,EXTERNAL,1
-11.8,-63.0,REGIONAL,1
-23.0,-50.6,EXTERNAL,1
-18.6,-39.3,EXTERNAL,1
-21.0,-50.4,EXTERNAL,1
-19.3,-57.4,EXTERNAL,1
-26.6,-48.9,EXTERNAL,1
-20.9,-43.2,EXTERNAL,1
-14.6,-42.9,EXTERNAL,1
-22.4,-45.2,REGIONAL,1
-19.5,-50.6,EXTERNAL,1
-9.2,-48.0,REGIONAL,1
-31.3,-53.5,REGIONAL,1
-2.4,-48.1,EXTERNAL,1
-3.3,-48.2,REGIONAL,1
-19.6,-49.5,REGIONAL,1
-16.8,-49.0,EXTERNAL,1
-29.6,-55.0,REGIONAL,1
-7.0,-60.5,REGIONAL,1
-7.7,-37.6,EXTERNAL,1
-7.6,-35.8,EXTERNAL,1
-16.8,-48.0,EXTERNAL,1
-10.5,-68.4,REGIONAL,1
-18.9,-45.2,REGIONAL,1
-13.9,-42.8,EXTERNAL,1
-20.9,-40.7,EXTERNAL,1
-23.4,-52.2,EXTERNAL,1
-26.7,-52.6,EXTERNAL,1
-3.2,-39.2,EXTERNAL,1
-22.0,-51.1,EXTERNAL,1
-6.6,-38.7,EXTERNAL,1
-3.8,-43.4,EXTERNAL,1
-6.8,-39.4,EXTERNAL,1
-23.3,-49.4,REGIONAL,1
-25.0,-48.6,EXTERNAL,1
-11.8,-46.7,EXTERNAL,1
-13.9,-49.3,EXTERNAL,1
-27.7,-51.8,EXTERNAL,1
-21.1,-44.6,REGIONAL,1
-28.9,-54.8,REGIONAL,1
-20.5,-44.8,EXTERNAL,1
-6.4,-50.4,EXTERNAL,1
-6.3,-50.4,EXTERNAL,1
-19.4,-39.7,REGIONAL,1
-24.7,-49.8,REGIONAL,1
-1.4,-48.8,REGIONAL,1
-7.0,-36.2,REGIONAL,1
-2.9,-60.3,REGIONAL,1
-31.8,-53.3,REGIONAL,1
-9.5,-67.6,REGIONAL,1
-12.8,-47.0,REGIONAL,1
-7.3,-55.2,REGIONAL,1
-11.0,-69.7,REGIONAL,1
-28.0,-52.2,REGIONAL,1
-20.8,-49.1,REGIONAL,1
-20.0,-43.3,REGIONAL,1
-8.9,-55.5,REGIONAL,1
-3.8,-48.1,REGIONAL,1
-7.8,-37.0,REGIONAL,1
-28.4,-51.4,EXTERNAL,1
-4.2,-40.9,EXTERNAL,1
-3.7,-40.6,EXTERNAL,1
-28.1,-52.1,EXTERNAL,1
-14.4,-57.0,EXTERNAL,1
-12.7,-39.6,EXTERNAL,1
-13.3,-39.2,EXTERNAL,1
-24.9,-53.9,EXTERNAL,1
-23.8,-52.9,REGIONAL,1
-15.7,-44.0,EXTERNAL,1
-5.7,-36.8,REGIONAL,1
-22.2,-51.9,EXTERNAL,1
-6.6,-38.1,EXTERNAL,1
-18.4,-48.9,EXTERNAL,1
-26.4,-49.6,REGIONAL,1
-15.0,-59.3,EXTERNAL,1
-29.2,-50.8,EXTERNAL,1
36.5,48.3,REGIONAL,1
0.9,-61.3,REGIONAL,1
-17.6,-44.1,REGIONAL,1
0.0,-52.9,REGIONAL,1
-0.7,-47.2,REGIONAL,1
-1.0,-48.5,REGIONAL,1
-9.2,-46.7,REGIONAL,1
-13.5,-60.8,REGIONAL,1
-30.2,-54.8,REGIONAL,1
-11.0,-50.4,REGIONAL,1
-7.4,-46.9,EXTERNAL,1
-15.7,-56.3,EXTERNAL,1
-3.5,13.3,REGIONAL,1
-14.4,-59.6,EXTERNAL,1
-2.1,-31.9,EXTERNAL,1
-16.0,-50.8,REGIONAL,1
-21.2,-43.6,EXTERNAL,1
-17.8,-57.7,EXTERNAL,1
-6.1,-47.4,EXTERNAL,1
-14.8,-45.6,REGIONAL,1
-19.2,-57.6,EXTERNAL,1
-17.6,-55.0,EXTERNAL,1
-8.5,-55.2,REGIONAL,1
4.1,-49.7,EXTERNAL,1
4.8,-50.2,EXTERNAL,1
-26.8,-47.9,REGIONAL,1
-8.2,-37.3,REGIONAL,1
-31.0,-49.8,REGIONAL,1
-25.4,-52.3,REGIONAL,1
6.3,-49.0,EXTERNAL,1
2.3,-61.5,EXTERNAL,1
-10.3,-48.9,EXTERNAL,1
-33.3,-48.8,REGIONAL,1
-33.6,-48.4,REGIONAL,1
-23.7,-43.3,REGIONAL,1
-33.6,-51.4,REGIONAL,1
-2.1,-34.8,REGIONAL,1
-33.4,-51.9,REGIONAL,1
-33.1,-49.9,REGIONAL,1
-11.3,-33.7,REGIONAL,1
-12.0,-33.7,REGIONAL,1
-4.4,-29.9,REGIONAL,1
-4.4,-31.3,REGIONAL,1
-7.9,-33.5,REGIONAL,1
-29.4,-46.1,REGIONAL,1
-29.4,-45.4,REGIONAL,1
-15.4,-35.8,REGIONAL,1
-21.9,-28.6,REGIONAL,1
-4.2,-38.7,INTERNAL,1
-22.8,-48.6,REGIONAL,1
-13.3,-46.2,REGIONAL,1
-20.3,-46.4,INTERNAL,1
-9.3,-64.0,REGIONAL,1
-9.7,-46.4,REGIONAL,1
-7.7,-47.9,REGIONAL,1
-30.3,-48.2,REGIONAL,1
-16.8,-35.5,REGIONAL,1
-31.1,-48.9,REGIONAL,1
-31.3,-46.9,REGIONAL,1
-35.3,-50.3,REGIONAL,1
-34.1,-50.5,REGIONAL,1
-5.9,-63.3,REGIONAL,1
-18.2,-49.5,REGIONAL,1
-13.9,-59.5,REGIONAL,1
-14.4,-49.1,REGIONAL,1
-12.1,-39.0,REGIONAL,1
-23.2,-48.4,REGIONAL,1
-3.1,-58.7,REGIONAL,1
-10.0,-63.3,REGIONAL,1
4.3,-61.1,REGIONAL,1
-2.7,-54.7,REGIONAL,1
-17.7,-56.9,REGIONAL,1
-24.1,-13.0,REGIONAL,1
3.0,-60.6,REGIONAL,1
-19.6,-55.6,REGIONAL,1
-11.6,-42.6,REGIONAL,1
-1.6,-61.6,REGIONAL,1
-21.7,-51.8,REGIONAL,1
-17.0,-42.6,REGIONAL,1
-22.6,-53.2,REGIONAL,1
-14.7,-51.3,REGIONAL,1
-28.4,-50.3,REGIONAL,1
-7.8,-62.5,REGIONAL,1
-18.5,-43.2,REGIONAL,1
-10.8,-55.1,REGIONAL,1
-7.9,-60.3,REGIONAL,1
-0.2,-67.5,REGIONAL,1
-20.7,-46.1,REGIONAL,1
-10.6,-48.3,REGIONAL,1
-4.1,-45.1,EXTERNAL,1
-16.5,-42.2,REGIONAL,1
-13.4,-57.9,EXTERNAL,1
-19.3,-56.4,REGIONAL,1
-21.8,-50.9,REGIONAL,1
-19.1,-41.6,REGIONAL,1
1.2,-50.9,REGIONAL,1
-10.3,-36.7,REGIONAL,1
-28.6,-56.0,REGIONAL,1
-16.0,-58.2,REGIONAL,1
-19.9,-56.7,REGIONAL,1
-10.0,-38.2,REGIONAL,1
-19.2,-56.3,REGIONAL,1
-15.5,-52.3,REGIONAL,1
-8.7,-42.4,REGIONAL,1
-20.2,-42.1,REGIONAL,1
-20.5,-44.4,REGIONAL,1
-13.4,-40.3,REGIONAL,1
-3.4,-59.4,REGIONAL,1
-16.7,-46.4,REGIONAL,1
-4.8,-43.8,REGIONAL,1
-10.3,-49.9,REGIONAL,1
-14.6,-46.5,REGIONAL,1
-10.3,-48.6,REGIONAL,1
-21.9,-54.1,REGIONAL,1
-19.5,-54.0,EXTERNAL,1
-23.9,-51.4,EXTERNAL,1
-10.9,-38.7,REGIONAL,1
-27.8,-52.9,EXTERNAL,1
-11.0,-58.4,REGIONAL,1
-5.8,-36.0,EXTERNAL,1
-29.5,-50.0,EXTERNAL,1
-18.0,-46.4,EXTERNAL,1
-27.2,-53.6,EXTERNAL,1
-24.1,-53.9,EXTERNAL,1
-17.0,-53.5,EXTERNAL,1
-14.8,-55.8,EXTERNAL,1
-22.3,-50.3,EXTERNAL,1
-19.8,-48.3,EXTERNAL,1
-24.1,-48.5,EXTERNAL,1
-19.0,-42.8,REGIONAL,1
-11.3,-39.0,EXTERNAL,1
-27.5,-54.4,EXTERNAL,1
-19.7,-40.0,EXTERNAL,1
-20.6,-45.8,EXTERNAL,1
-2.7,-65.2,REGIONAL,1
-10.3,-59.2,REGIONAL,1
-16.6,-40.0,EXTERNAL,1
-20.2,-54.1,EXTERNAL,1
-6.6,-63.0,EXTERNAL,1
-29.4,-49.2,EXTERNAL,1
-25.5,-45.0,EXTERNAL,1
-21.0,-53.1,EXTERNAL,1
-22.7,-44.3,INTERNAL,1
-22.8,-51.3,EXTERNAL,1
-11.4,-63.5,REGIONAL,1
-9.3,-41.4,INTERNAL,1
-3.4,-50.3,INTERNAL,1
-23.6,-44.3,INTERNAL,1
-21.7,-47.9,EXTERNAL,1
-7.0,-51.2,EXTERNAL,1
-20.9,-48.2,INTERNAL,1
-30.9,-53.5,EXTERNAL,1
-2.0,-37.8,INTERNAL,1
-9.9,-67.0,INTERNAL,1
-21.8,-41.9,EXTERNAL,1
3.9,-51.7,REGIONAL,1
-1.6,-60.2,INTERNAL,1
-7.6,-60.8,INTERNAL,1
-22.4,-51.9,INTERNAL,1
-21.3,-46.7,INTERNAL,1
-26.7,-49.8,REGIONAL,1
-24.4,-46.7,REGIONAL,1
-0.3,-50.5,REGIONAL,1
-18.2,-50.9,REGIONAL,1
2.3,-61.0,REGIONAL,1
-15.9,-43.4,REGIONAL,1
-20.8,-46.0,REGIONAL,1
-17.6,-55.9,REGIONAL,1
-31.6,-52.7,REGIONAL,1
-6.5,-41.6,EXTERNAL,1
-16.6,-48.7,EXTERNAL,1
-22.1,-56.4,REGIONAL,1
-17.7,-49.5,EXTERNAL,1
-32.3,-52.0,INTERNAL,1
-10.9,-36.8,INTERNAL,1
-14.3,-54.1,REGIONAL,1
-24.8,-50.1,EXTERNAL,1
-8.8,-40.8,REGIONAL,1
-7.0,-34.9,INTERNAL,1
-31.5,-52.0,EXTERNAL,1
-23.3,-43.2,INTERNAL,1
-18.9,-55.2,REGIONAL,1
-28.6,-52.7,EXTERNAL,1
-20.8,-55.6,EXTERNAL,1
-23.1,-45.2,EXTERNAL,1
-29.1,-50.9,EXTERNAL,1
-27.4,-47.9,INTERNAL,1
-25.2,-46.1,INTERNAL,1
-30.7,-50.7,EXTERNAL,1
-19.4,-38.0,INTERNAL,1
-16.9,-38.7,INTERNAL,1
-17.9,-37.8,INTERNAL,1
-22.4,-40.2,INTERNAL,1
-21.0,-51.5,EXTERNAL,1
-29.7,-55.3,REGIONAL,1
-25.6,-51.1,EXTERNAL,1
-17.1,-36.9,REGIONAL,1
-9.3,-35.2,INTERNAL,1
-12.8,-38.7,INTERNAL,1
-25.8,-48.9,INTERNAL,1
-2.5,-44.2,INTERNAL,1
-23.2,-43.0,INTERNAL,1
-23.1,-50.6,REGIONAL,1
-18.5,-39.4,INTERNAL,1
-24.3,-44.9,INTERNAL,1
-23.5,-49.9,EXTERNAL,1
-20.6,-38.1,INTERNAL,1
-19.5,-38.8,INTERNAL,1
-21.8,-39.8,INTERNAL,1
-26.8,-46.9,INTERNAL,1
-18.0,-37.4,INTERNAL,1
-22.4,-48.2,EXTERNAL,1
-13.3,-50.7,EXTERNAL,1
-16.5,-44.4,EXTERNAL,1
-5.3,-42.7,EXTERNAL,1
-22.4,-41.3,INTERNAL,1
-13.9,-57.4,EXTERNAL,1
-9.8,-35.4,INTERNAL,1
-1.5,-56.1,REGIONAL,1
-9.7,-49.9,REGIONAL,1
-17.1,-51.8,EXTERNAL,1
-10.9,-50.2,EXTERNAL,1
-15.3,-52.2,EXTERNAL,1
-15.3,-56.7,REGIONAL,1
-29.6,-53.9,EXTERNAL,1
-9.1,-72.2,REGIONAL,1
-19.8,-57.6,REGIONAL,1
-19.5,-53.7,REGIONAL,1
-7.9,-72.8,REGIONAL,1
-13.8,-42.6,REGIONAL,1
-23.0,-49.4,REGIONAL,1
-3.0,-69.4,REGIONAL,1
-15.5,-51.0,REGIONAL,1
-22.3,-55.8,REGIONAL,1
-22.5,-48.4,REGIONAL,1
-12.9,-4.2,REGIONAL,1
-15.9,-46.0,REGIONAL,1
-9.2,-73.7,REGIONAL,1
-7.8,-40.5,REGIONAL,1
-3.5,-55.1,REGIONAL,1
-0.6,-49.7,REGIONAL,1
-5.8,-36.7,REGIONAL,1
-14.4,-56.8,REGIONAL,1
-17.3,-44.0,EXTERNAL,1
-18.4,-40.3,REGIONAL,1
-5.4,-54.5,EXTERNAL,1
-21.0,-44.7,EXTERNAL,1
-3.1,-41.9,REGIONAL,1
-17.4,-50.6,EXTERNAL,1
-15.6,-46.8,REGIONAL,1
-25.2,-50.7,EXTERNAL,1
5.2,-60.6,REGIONAL,1
-22.3,-53.3,EXTERNAL,1
-4.3,-40.4,EXTERNAL,1
-21.8,-54.6,EXTERNAL,1
-0.9,-50.4,REGIONAL,1
-6.8,-46.5,REGIONAL,1
-19.3,-42.4,EXTERNAL,1
-4.9,-49.1,EXTERNAL,1
-10.0,-49.6,REGIONAL,1
-8.9,-45.2,REGIONAL,1
-15.1,-58.4,EXTERNAL,1
-24.9,-53.2,EXTERNAL,1
-0.2,-65.0,REGIONAL,1
-18.6,-53.1,EXTERNAL,1
-7.9,-41.6,EXTERNAL,1
-23.3,-50.8,EXTERNAL,1
-3.5,-69.0,EXTERNAL,1
-15.7,-49.7,EXTERNAL,1
-14.5,-51.2,REGIONAL,1
-9.1,-40.7,REGIONAL,1
-17.7,-41.2,EXTERNAL,1
-27.5,-49.5,EXTERNAL,1
-22.3,-51.9,EXTERNAL,1
-19.6,-45.1,REGIONAL,1
-29.8,-54.0,REGIONAL,1
-21.7,-41.7,EXTERNAL,1
-3.4,-51.9,REGIONAL,1
-19.1,-42.2,EXTERNAL,1
-29.7,-51.6,REGIONAL,1
-25.0,-49.5,EXTERNAL,1
-22.3,-53.5,REGIONAL,1
-10.2,-36.9,EXTERNAL,1
-16.0,-45.1,REGIONAL,1
-24.6,-47.8,EXTERNAL,1
-12.9,-56.4,EXTERNAL,1
-5.6,-57.2,REGIONAL,1
-21.6,-47.2,EXTERNAL,1
-16.8,-54.8,EXTERNAL,1
-25.3,-44.5,REGIONAL,1
-3.5,-59.2,REGIONAL,1
-25.5,-49.9,EXTERNAL,1
-2.3,-58.3,REGIONAL,1
-20.8,-55.3,REGIONAL,1
1.4,-68.6,REGIONAL,1
-13.4,-43.8,REGIONAL,1
-9.2,-35.4,EXTERNAL,1
-29.3,-50.7,EXTERNAL,1
-24.5,-50.8,EXTERNAL,1
-10.2,-58.5,EXTERNAL,1
-11.2,-42.2,EXTERNAL,1
-11.2,-42.9,REGIONAL,1
0.0,-31.0,EXTERNAL,1
3.5,-29.5,EXTERNAL,1
-13.1,-39.3,EXTERNAL,1
-14.6,-43.7,REGIONAL,1
-20.6,-48.3,REGIONAL,1
3.0,-60.3,REGIONAL,1
-1.6,-67.7,REGIONAL,1
-11.8,-62.9,REGIONAL,1
-26.3,-50.8,EXTERNAL,1
-26.1,-50.4,EXTERNAL,1
-14.4,-47.2,EXTERNAL,1
-21.1,-45.9,EXTERNAL,1
-9.9,-37.4,EXTERNAL,1
-12.7,-42.8,EXTERNAL,1
-23.9,-52.3,EXTERNAL,1
-3.0,-57.6,EXTERNAL,1
-15.0,-42.3,EXTERNAL,1
-11.8,-38.6,EXTERNAL,1
-22.7,-49.1,EXTERNAL,1
-2.8,-45.7,EXTERNAL,1
-10.9,-63.8,REGIONAL,1
-30.2,-55.0,EXTERNAL,1
-16.6,-48.4,EXTERNAL,1
-9.9,-37.6,EXTERNAL,1
-25.4,-50.6,EXTERNAL,1
-9.9,-39.2,EXTERNAL,1
-3.8,-33.8,EXTERNAL,1
-20.3,-46.8,EXTERNAL,1
-8.4,-40.4,EXTERNAL,1
-8.9,-40.3,EXTERNAL,1
-14.2,-48.9,REGIONAL,1
-21.3,-56.3,EXTERNAL,1
-20.4,-56.5,EXTERNAL,1
-8.7,-37.4,REGIONAL,1
-23.9,-50.5,REGIONAL,1
-8.4,-38.2,REGIONAL,1
-14.1,-52.9,REGIONAL,1
-4.1,-59.1,REGIONAL,1
-10.2,-50.3,REGIONAL,1
-28.0,-55.3,REGIONAL,1
-7.9,-40.7,REGIONAL,1
-9.8,-66.6,REGIONAL,1
-12.9,-42.7,EXTERNAL,1
-21.6,-49.5,EXTERNAL,1
-9.4,-43.2,REGIONAL,1
-11.5,-61.8,REGIONAL,1
-21.5,-41.7,REGIONAL,1
-24.6,-50.0,REGIONAL,1
-18.8,-56.6,REGIONAL,1
-22.1,-48.2,REGIONAL,1
-15.6,-54.4,REGIONAL,1
3.6,-49.5,EXTERNAL,1
-20.6,-46.7,REGIONAL,1
-24.2,-49.9,REGIONAL,1
-21.2,-49.7,EXTERNAL,1
-14.9,-57.7,REGIONAL,1
-18.5,-52.0,REGIONAL,1
-5.1,-60.8,EXTERNAL,1
-4.5,-31.5,REGIONAL,1
-10.5,-69.5,REGIONAL,1
-22.5,-41.5,REGIONAL,1
-1.5,-38.5,REGIONAL,1
-0.5,-49.5,REGIONAL,1
-2.5,-63.5,REGIONAL,1
-9.5,-68.5,REGIONAL,1
-8.5,-63.5,REGIONAL,1
-10.5,-43.5,REGIONAL,1
-3.5,-37.5,REGIONAL,1
-7.5,-54.5,REGIONAL,1
-25.5,-46.5,REGIONAL,1
-14.8,-48.0,REGIONAL,1
-10.7,-39.8,INTERNAL,1
-11.5,-48.1,REGIONAL,1
-14.9,-30.0,INTERNAL,1
-20.6,-30.4,REGIONAL,1
-20.5,-41.7,INTERNAL,1
-20.2,-49.5,EXTERNAL,1
-16.1,-47.0,EXTERNAL,1
-30.1,-53.8,EXTERNAL,1
-10.8,-62.5,REGIONAL,1
-20.3,-43.4,EXTERNAL,1
-5.5,-37.1,REGIONAL,1
-14.7,-57.3,REGIONAL,1
-9.0,-41.2,REGIONAL,1
-9.5,-56.3,REGIONAL,1
-1.9,-52.2,REGIONAL,1
-12.4,-56.9,REGIONAL,1
-6.1,-48.6,REGIONAL,1
-3.4,-56.4,REGIONAL,1
-2.7,-67.8,REGIONAL,1
-28.5,-51.8,REGIONAL,1
-18.7,-45.4,REGIONAL,1
-22.2,-50.8,REGIONAL,1
-18.9,-43.9,REGIONAL,1
-9.3,-70.4,REGIONAL,1
-16.5,-51.3,REGIONAL,1
-24.2,-53.5,EXTERNAL,1
-17.0,-53.2,REGIONAL,1
2.4,-61.2,REGIONAL,1
-9.4,-62.8,REGIONAL,1
-21.7,-42.2,REGIONAL,1
-25.7,-53.2,REGIONAL,1
-18.6,-43.0,REGIONAL,1
-5.5,-38.4,REGIONAL,1
-25.4,-47.6,REGIONAL,1
-7.1,-55.6,REGIONAL,1
-30.7,-51.7,REGIONAL,1
-1.9,-56.4,REGIONAL,1
-11.8,-39.7,REGIONAL,1
-21.6,-54.3,REGIONAL,1
-16.8,-56.5,REGIONAL,1
-25.4,-54.1,REGIONAL,1
-9.4,-62.9,REGIONAL,1
-20.7,-40.8,REGIONAL,1
-11.0,-39.3,REGIONAL,1
-14.4,-43.1,REGIONAL,1
-23.8,-54.3,REGIONAL,1
-13.1,-52.4,EXTERNAL,1
-33.3,-50.5,REGIONAL,1
-28.0,-48.9,REGIONAL,1
-30.8,-50.4,REGIONAL,1
-30.9,-50.4,REGIONAL,1
-21.5,-31.5,REGIONAL,1
-14.6,-42.7,EXTERNAL,1
-17.0,-45.0,EXTERNAL,1
-3.0,-54.0,REGIONAL,1
-1.5,-50.6,REGIONAL,1
-25.9,-50.3,REGIONAL,1
-17.3,-48.4,EXTERNAL,1
-2.7,-46.8,REGIONAL,1
-19.8,-41.8,REGIONAL,1
-4.5,-56.4,REGIONAL,1
-23.1,-55.5,REGIONAL,1
-2.4,-45.3,REGIONAL,1
-7.7,-33.2,REGIONAL,1
-25.7,-53.7,EXTERNAL,1
-5.0,-58.4,REGIONAL,1
-5.1,-37.2,EXTERNAL,1
-9.2,-55.9,REGIONAL,1
-20.5,-45.9,EXTERNAL,1
-24.7,-47.8,EXTERNAL,1
-6.6,-36.3,EXTERNAL,1
-6.9,-36.3,EXTERNAL,1
-12.8,-37.9,REGIONAL,1
-26.4,-46.8,REGIONAL,1
-18.2,-38.2,REGIONAL,1
-20.4,-39.8,REGIONAL,1
-4.9,-42.3,REGIONAL,1
-12.5,-41.9,REGIONAL,1
-17.1,-39.0,REGIONAL,1
-33.6,-53.1,REGIONAL,1
-15.3,-55.9,EXTERNAL,1
-24.1,-45.9,EXTERNAL,1
-24.3,-44.6,EXTERNAL,1
-19.8,-37.8,EXTERNAL,1
-3.3,-47.5,REGIONAL,1
-18.7,-37.9,EXTERNAL,1
-26.0,-45.6,EXTERNAL,1
-12.1,-38.4,INTERNAL,1
-12.6,-41.4,INTERNAL,1
-17.1,-43.4,REGIONAL,1
-20.8,-55.7,REGIONAL,1
-30.6,-55.8,REGIONAL,1
-8.8,-38.2,REGIONAL,1
-4.4,-41.8,REGIONAL,1
-1.6,-50.4,REGIONAL,1
-9.9,-48.2,REGIONAL,1
-27.5,-45.5,REGIONAL,1
-0.9,-47.0,EXTERNAL,1
-3.8,-41.8,REGIONAL,1
-4.1,-49.6,REGIONAL,1
-25.4,-53.8,REGIONAL,1
-12.3,-42.6,REGIONAL,1
-7.5,-38.3,REGIONAL,1
-6.8,-52.7,REGIONAL,1
-21.4,-49.6,REGIONAL,1
-9.5,-60.4,REGIONAL,1
-30.0,-53.8,REGIONAL,1
-11.7,-55.1,REGIONAL,1
-21.5,-48.6,REGIONAL,1
-3.3,-41.4,REGIONAL,1
-15.8,-42.1,REGIONAL,1
-22.5,-56.0,REGIONAL,1
-21.3,-57.2,REGIONAL,1
-2.7,-64.5,REGIONAL,1
-15.1,-50.2,REGIONAL,1
-22.0,-4.0,REGIONAL,1
-16.0,-59.0,REGIONAL,1
-8.5,-70.6,REGIONAL,1
-1.0,-46.3,REGIONAL,1
-8.6,-48.9,REGIONAL,1
-20.6,-44.7,REGIONAL,1
-14.3,-47.1,REGIONAL,1
-15.8,-52.0,REGIONAL,1
-4.1,-47.5,REGIONAL,1
-11.8,-62.0,REGIONAL,1
-4.8,-40.8,REGIONAL,1
-20.6,-55.6,REGIONAL,1
-11.8,-48.9,EXTERNAL,1
-1.0,-30.9,EXTERNAL,1
-20.0,-41.6,REGIONAL,1
-6.3,-36.4,REGIONAL,1
-19.9,-57.0,REGIONAL,1
-28.7,-55.6,REGIONAL,1
-15.3,-50.1,REGIONAL,1
-7.4,-35.8,REGIONAL,1
-24.2,-52.8,REGIONAL,1
-10.0,-68.2,EXTERNAL,1
-12.1,-58.0,EXTERNAL,1
-18.2,-41.7,REGIONAL,1
-20.7,-42.2,REGIONAL,1
-20.4,-49.4,REGIONAL,1
-20.3,-50.0,REGIONAL,1
-20.6,-47.5,EXTERNAL,1
-21.7,-49.1,EXTERNAL,1
-6.2,-42.0,EXTERNAL,1
-10.7,-62.6,EXTERNAL,1
-21.6,-51.2,REGIONAL,1
-18.8,-45.5,REGIONAL,1
-8.5,-42.8,REGIONAL,1
-14.9,-50.5,REGIONAL,1
-17.3,-49.9,REGIONAL,1
-10.8,-45.0,REGIONAL,1
-13.7,-48.9,REGIONAL,1
-23.1,-50.9,REGIONAL,1
-20.9,-46.7,REGIONAL,1
-17.0,-49.6,REGIONAL,1
-3.4,-42.5,REGIONAL,1
-2.7,-66.8,REGIONAL,1
-16.1,-44.1,REGIONAL,1
-14.4,-42.1,REGIONAL,1
-21.9,-43.8,EXTERNAL,1
-22.8,-51.7,EXTERNAL,1
-6.9,-51.9,REGIONAL,1
-2.7,-58.1,REGIONAL,1
-24.2,-52.0,EXTERNAL,1
-18.5,-51.2,EXTERNAL,1
-22.7,-48.3,REGIONAL,1
-28.7,-55.2,REGIONAL,1
-21.7,-49.4,EXTERNAL,1
-26.6,-49.8,EXTERNAL,1
-20.5,-43.4,REGIONAL,1
-19.7,-45.8,EXTERNAL,1
-9.1,-58.7,REGIONAL,1
-25.8,-52.5,REGIONAL,1
-14.3,-47.3,REGIONAL,1
-18.0,-38.6,REGIONAL,1
2.9,-27.4,REGIONAL,1
-19.0,-41.2,EXTERNAL,1
-17.6,-39.8,EXTERNAL,1
-8.6,-39.2,EXTERNAL,1
-18.0,-51.0,EXTERNAL,1
-9.0,-38.0,EXTERNAL,1
-8.5,-48.3,EXTERNAL,1
-4.3,-38.5,EXTERNAL,1
-3.6,-64.4,EXTERNAL,1
-21.9,-45.1,EXTERNAL,1
-18.7,-41.1,EXTERNAL,1
-9.9,-37.2,REGIONAL,1
-32.3,-52.4,EXTERNAL,1
-15.2,-45.6,REGIONAL,1
-9.2,-56.9,REGIONAL,1
-20.8,-51.9,REGIONAL,1
-8.7,-67.3,REGIONAL,1
-15.9,-40.2,REGIONAL,1
-18.3,-39.6,REGIONAL,1
-8.4,-59.6,REGIONAL,1
-3.1,-52.2,REGIONAL,1
-4.4,-39.1,EXTERNAL,1
-13.2,-60.1,EXTERNAL,1
-7.3,-71.7,REGIONAL,1
-17.0,-56.9,EXTERNAL,1
-11.4,-37.8,EXTERNAL,1
-13.9,-47.5,EXTERNAL,1
-6.9,-38.4,EXTERNAL,1
-14.3,-47.0,EXTERNAL,1
-13.0,-46.4,EXTERNAL,1
-9.0,-36.1,EXTERNAL,1
-26.2,-49.1,EXTERNAL,1
-30.1,-53.9,EXTERNAL,1
12.0,0.0,EXTERNAL,1
-5.4,-42.3,EXTERNAL,1
-16.4,-44.1,EXTERNAL,1
-15.5,-44.6,EXTERNAL,1
-20.2,-42.5,EXTERNAL,1
-6.9,-49.7,EXTERNAL,1
-11.1,-62.5,EXTERNAL,1
-8.8,-39.7,EXTERNAL,1
-23.1,-47.6,EXTERNAL,1
-21.0,-44.5,EXTERNAL,1
-20.0,-43.0,REGIONAL,1
-18.8,-43.5,REGIONAL,1
-7.0,-57.0,EXTERNAL,1
-23.6,-50.5,EXTERNAL,1
-15.6,-48.3,EXTERNAL,1
-16.7,-47.0,EXTERNAL,1
-18.8,-43.6,EXTERNAL,1
-4.8,-45.0,EXTERNAL,1
-27.9,-52.3,EXTERNAL,1
-20.6,-45.9,REGIONAL,1
-20.9,-55.8,REGIONAL,1
-23.1,-51.8,EXTERNAL,1
-20.0,-46.8,REGIONAL,1
-10.1,-59.3,EXTERNAL,1
-5.6,-39.3,EXTERNAL,1
-1.7,-55.8,EXTERNAL,1
-22.4,-47.1,REGIONAL,1
-17.9,-41.6,REGIONAL,1
-9.2,-68.6,REGIONAL,1
-10.5,-61.8,REGIONAL,1
-2.4,-60.2,REGIONAL,1
-8.1,-63.4,REGIONAL,1
-8.7,-49.5,REGIONAL,1
-19.4,-44.8,REGIONAL,1
-1.3,-61.6,REGIONAL,1
-15.8,-49.1,REGIONAL,1
4.4,-60.2,REGIONAL,1
-31.2,-51.2,REGIONAL,1
-10.1,-56.4,REGIONAL,1
-23.0,-49.8,REGIONAL,1
-11.9,-55.3,REGIONAL,1
-28.5,-52.5,REGIONAL,1
-9.9,-45.9,REGIONAL,1
-15.3,-40.5,REGIONAL,1
-11.5,-42.5,REGIONAL,1
-4.4,-58.7,REGIONAL,1
-27.5,-52.0,EXTERNAL,1
-14.7,-39.2,EXTERNAL,1
-27.0,-49.3,EXTERNAL,1
-21.7,-48.3,EXTERNAL,1
-30.1,-50.5,EXTERNAL,1
-17.7,-46.5,REGIONAL,1
-21.8,-46.3,EXTERNAL,1
-9.5,-36.9,EXTERNAL,1
-9.8,-66.3,EXTERNAL,1
-21.9,-50.6,EXTERNAL,1
-5.5,-67.3,REGIONAL,1
-18.8,-50.1,EXTERNAL,1
-4.2,-40.5,EXTERNAL,1
-25.8,-52.6,EXTERNAL,1
-22.2,-55.0,EXTERNAL,1
-16.1,-39.6,EXTERNAL,1
-16.9,-50.2,REGIONAL,1
-18.0,-44.1,EXTERNAL,1
-17.0,-41.8,EXTERNAL,1
-30.4,-51.5,REGIONAL,1
-21.6,-50.5,EXTERNAL,1
-20.2,-54.9,EXTERNAL,1
-2.4,-41.2,REGIONAL,1
-6.0,-36.0,REGIONAL,1
-17.6,-51.3,REGIONAL,1
-27.7,-50.5,REGIONAL,1
-12.9,-46.3,REGIONAL,1
-11.6,-37.5,REGIONAL,1
-8.1,-33.8,REGIONAL,1
-10.3,-32.4,REGIONAL,1
-7.9,-32.4,REGIONAL,1
-2.3,-65.8,REGIONAL,1
-1.3,-51.3,REGIONAL,1
-25.6,-53.6,REGIONAL,1
4.0,-61.0,REGIONAL,1
-18.5,-52.6,REGIONAL,1
-9.3,-32.2,REGIONAL,1
-13.4,-44.8,REGIONAL,1
-15.0,-58.1,REGIONAL,1
-1.9,-50.2,REGIONAL,1
-11.9,-40.5,EXTERNAL,1
-22.1,-47.5,REGIONAL,1
-7.7,-31.6,REGIONAL,1
-22.0,-48.2,EXTERNAL,1
-21.1,-46.2,EXTERNAL,1
-25.8,-53.3,EXTERNAL,1
-27.3,-53.6,EXTERNAL,1
-20.7,-41.8,EXTERNAL,1
-20.6,-40.9,EXTERNAL,1
-16.2,-49.9,EXTERNAL,1
-21.7,-45.6,EXTERNAL,1
-19.0,-41.6,EXTERNAL,1
-4.7,-39.0,EXTERNAL,1
-25.7,-52.3,EXTERNAL,1
-19.4,-47.4,EXTERNAL,1
-22.6,-48.5,EXTERNAL,1
-13.0,-55.9,EXTERNAL,1
-6.6,-49.9,EXTERNAL,1
-20.7,-51.4,EXTERNAL,1
-29.9,-54.2,EXTERNAL,1
-21.7,-50.2,EXTERNAL,1
-30.2,-50.4,EXTERNAL,1
-17.9,-42.1,EXTERNAL,1
-10.0,-55.8,EXTERNAL,1
-20.5,-42.9,EXTERNAL,1
-22.6,-46.2,EXTERNAL,1
-15.1,-49.5,REGIONAL,1
-8.0,-47.8,REGIONAL,1
-7.9,-48.0,REGIONAL,1
-10.0,-41.9,REGIONAL,1
-26.6,-51.3,EXTERNAL,1
-15.8,-50.6,EXTERNAL,1
-29.6,-55.3,REGIONAL,1
-12.5,-38.2,EXTERNAL,1
-15.2,-49.0,REGIONAL,1
-9.2,-42.8,REGIONAL,1
-8.8,-39.9,EXTERNAL,1
-9.8,-37.8,REGIONAL,1
-26.5,-49.5,EXTERNAL,1
-23.4,-49.8,REGIONAL,1
-21.1,-52.0,REGIONAL,1
-28.7,-50.0,REGIONAL,1
-9.5,-68.9,REGIONAL,1
-5.8,-61.4,REGIONAL,1
-9.2,-57.0,REGIONAL,1
-8.0,-33.3,REGIONAL,1
-6.8,-46.7,REGIONAL,1
-24.6,-57.0,REGIONAL,1
-16.3,-46.0,REGIONAL,1
-13.6,-48.3,REGIONAL,1
-10.6,-50.0,REGIONAL,1
-8.5,-47.0,REGIONAL,1
-13.9,-41.6,REGIONAL,1
-3.6,-60.3,REGIONAL,1
-4.0,-52.6,REGIONAL,1
-18.4,-46.7,REGIONAL,1
-11.1,-42.0,REGIONAL,1
-12.8,-46.1,EXTERNAL,1
-0.5,-46.4,REGIONAL,1
-9.3,-68.6,EXTERNAL,1
-22.6,-49.1,EXTERNAL,1
-2.9,-32.0,REGIONAL,1
-25.4,-39.7,REGIONAL,1
-15.3,-37.4,REGIONAL,1
-17.6,-30.7,REGIONAL,1
-22.8,-28.7,REGIONAL,1
0.3,-60.4,REGIONAL,1
-20.2,-36.8,REGIONAL,1
-21.2,-30.8,REGIONAL,1
-6.1,-42.8,EXTERNAL,1
-32.0,-48.2,REGIONAL,1
-32.5,-50.2,REGIONAL,1
-11.2,-34.2,REGIONAL,1
-4.6,-34.9,REGIONAL,1
-18.6,-36.9,REGIONAL,1
-19.9,-37.2,REGIONAL,1
-5.7,-48.1,INTERNAL,1
-20.3,-46.3,INTERNAL,1
-31.0,-47.2,REGIONAL,1
-32.2,-49.5,REGIONAL,1
-32.6,-47.4,REGIONAL,1
-32.6,-47.9,REGIONAL,1
-9.9,-33.8,REGIONAL,1
-25.7,-40.1,REGIONAL,1
-26.6,-47.0,REGIONAL,1
-31.7,-49.6,REGIONAL,1
-35.1,-49.7,REGIONAL,1
-35.0,-50.7,REGIONAL,1
-6.7,-47.7,EXTERNAL,1
-28.8,-50.5,REGIONAL,1
-3.8,-47.6,EXTERNAL,1
-15.6,-49.3,EXTERNAL,1
1.3,-63.3,REGIONAL,1
-8.3,-43.8,EXTERNAL,1
-18.3,-44.1,EXTERNAL,1
-6.3,-37.1,REGIONAL,1
-10.2,-56.3,REGIONAL,1
-9.2,-67.4,EXTERNAL,1
-8.7,-67.2,REGIONAL,1
-25.1,-53.7,REGIONAL,1
-20.8,-44.2,REGIONAL,1
-9.6,-58.3,REGIONAL,1
-2.2,-47.6,REGIONAL,1
-20.0,-39.0,EXTERNAL,1
-28.1,-45.6,EXTERNAL,1
-3.3,-39.6,EXTERNAL,1
-15.8,-45.9,REGIONAL,1
-22.6,-50.5,REGIONAL,1
-2.9,-45.6,REGIONAL,1
-20.2,-47.9,EXTERNAL,1
-11.2,-40.9,REGIONAL,1
0.8,-49.8,REGIONAL,1
-1.4,-47.6,REGIONAL,1
-5.0,-61.2,REGIONAL,1
-1.8,-50.3,REGIONAL,1
-19.4,-43.9,REGIONAL,1
-2.6,-57.7,REGIONAL,1
-9.9,-51.9,REGIONAL,1
-27.6,-50.8,REGIONAL,1
-6.8,-48.0,EXTERNAL,1
-15.1,-39.6,REGIONAL,1
-12.4,-47.5,REGIONAL,1
-5.5,-48.2,REGIONAL,1
-11.9,-45.8,REGIONAL,1
-22.2,-43.4,REGIONAL,1
-1.8,-55.1,REGIONAL,1
-11.4,-57.3,REGIONAL,1
-8.7,-38.1,REGIONAL,1
-7.2,-47.1,REGIONAL,1
-2.1,-65.0,REGIONAL,1
-2.3,-66.5,EXTERNAL,1
-21.2,-41.1,REGIONAL,1
-4.7,-43.2,REGIONAL,1
-13.5,-44.4,REGIONAL,1
-8.0,-40.2,EXTERNAL,1
-8.3,-37.4,REGIONAL,1
-27.8,-54.7,EXTERNAL,1
-23.4,-53.9,REGIONAL,1
-20.1,-48.1,EXTERNAL,1
-15.6,-57.5,REGIONAL,1
-19.9,-47.0,EXTERNAL,1
-15.5,-60.2,REGIONAL,1
-9.5,-36.1,EXTERNAL,1
-9.7,-38.0,REGIONAL,1
-8.4,-47.6,REGIONAL,1
-3.7,-41.2,EXTERNAL,1
-18.5,-46.0,EXTERNAL,1
-10.5,-38.6,EXTERNAL,1
-5.9,-49.7,EXTERNAL,1
-29.4,-50.5,EXTERNAL,1
-29.3,-49.9,EXTERNAL,1
-10.1,-67.3,EXTERNAL,1
-32.2,-50.9,EXTERNAL,1
-8.4,-70.8,REGIONAL,1
-24.0,-49.1,REGIONAL,1
-4.1,-46.5,REGIONAL,1
-0.1,-47.5,EXTERNAL,1
-23.5,-52.0,INTERNAL,1
-11.5,-42.6,REGIONAL,1
-10.0,-47.6,REGIONAL,1
-0.9,-57.0,REGIONAL,1
-2.7,-52.6,REGIONAL,1
-23.3,-46.3,INTERNAL,1
-17.2,-55.6,REGIONAL,1
-21.5,-47.6,INTERNAL,1
-8.9,-41.6,REGIONAL,1
-27.8,-49.8,REGIONAL,1
-7.7,-37.0,REGIONAL,1
-1.3,-46.1,REGIONAL,1
-9.4,-45.4,REGIONAL,1
-22.9,-49.8,INTERNAL,1
-22.5,-46.9,INTERNAL,1
-28.9,-49.2,REGIONAL,1
-10.7,-64.9,REGIONAL,1
-8.9,-63.8,REGIONAL,1
-1.8,-56.7,REGIONAL,1
-3.4,-59.7,REGIONAL,1
-20.5,-56.7,EXTERNAL,1
-15.0,-51.3,EXTERNAL,1
-21.8,-45.8,EXTERNAL,1
-17.2,-48.5,EXTERNAL,1
-18.1,-44.4,REGIONAL,1
-10.1,-62.1,EXTERNAL,1
-20.3,-49.9,EXTERNAL,1
-30.3,-54.0,EXTERNAL,1
-8.3,-34.8,EXTERNAL,1
-29.5,-47.5,REGIONAL,1
-21.4,-57.0,REGIONAL,1
-7.7,-36.5,REGIONAL,1
-20.0,-40.9,REGIONAL,1
-1.1,-56.0,EXTERNAL,1
-11.7,-55.4,EXTERNAL,1
-23.0,-42.6,EXTERNAL,1
-31.1,-53.8,EXTERNAL,1
-11.6,-38.3,EXTERNAL,1
-15.9,-47.4,EXTERNAL,1
-9.7,-65.3,REGIONAL,1
-14.2,-45.8,REGIONAL,1
-19.9,-56.5,REGIONAL,1
-18.2,-44.3,EXTERNAL,1
-15.2,-36.3,REGIONAL,1
-7.2,-48.3,EXTERNAL,1
-17.2,-55.3,REGIONAL,1
-13.0,-46.0,REGIONAL,1
-21.9,-47.0,INTERNAL,1
-1.2,-48.2,REGIONAL,1
-12.0,-37.5,REGIONAL,1
-18.4,-52.4,REGIONAL,1
-3.4,-60.0,REGIONAL,1
-10.2,-55.0,REGIONAL,1
-24.1,-46.2,REGIONAL,1
-19.7,-40.0,REGIONAL,1
-2.1,-61.4,REGIONAL,1
-15.3,-51.0,REGIONAL,1
-1.2,-45.7,REGIONAL,1
-5.4,-40.6,REGIONAL,1
-14.9,-47.7,REGIONAL,1
-16.5,-57.3,REGIONAL,1
-18.0,-40.5,REGIONAL,1
-12.4,-39.4,REGIONAL,1
-1.8,-56.1,REGIONAL,1
0.6,-63.4,REGIONAL,1
-16.3,-49.4,EXTERNAL,1
-23.0,-50.5,EXTERNAL,1
-14.8,-40.2,EXTERNAL,1
-10.5,-49.3,REGIONAL,1
-21.8,-51.5,EXTERNAL,1
-17.4,-50.2,REGIONAL,1
-29.5,-56.3,EXTERNAL,1
-15.5,-49.7,EXTERNAL,1
-11.5,-49.7,REGIONAL,1
-29.1,-50.0,EXTERNAL,1
-12.8,-39.1,EXTERNAL,1
-4.1,-46.9,REGIONAL,1
-5.2,-48.1,EXTERNAL,1
-17.6,-40.1,EXTERNAL,1
-21.3,-48.1,EXTERNAL,1
-10.2,-38.4,REGIONAL,1
-18.0,-46.8,EXTERNAL,1
-22.3,-45.5,EXTERNAL,1
-12.9,-39.4,EXTERNAL,1
-23.0,-52.5,EXTERNAL,1
-6.6,-69.6,REGIONAL,1
-6.6,-39.0,EXTERNAL,1
-19.2,-42.6,EXTERNAL,1
-2.9,-50.2,REGIONAL,1
-2.1,-59.1,REGIONAL,1
-29.7,-50.4,REGIONAL,1
-7.6,-38.9,EXTERNAL,1
-19.0,-52.3,REGIONAL,1
-6.1,-42.7,EXTERNAL,1
-11.7,-49.9,REGIONAL,1
-12.0,-49.7,REGIONAL,1
-6.2,-37.5,EXTERNAL,1
-31.1,-50.9,EXTERNAL,1
-20.5,-47.0,EXTERNAL,1
-18.0,-46.4,REGIONAL,1
-4.6,-43.5,EXTERNAL,1
-19.1,-53.0,REGIONAL,1
-9.9,-36.0,REGIONAL,1
-9.3,-37.2,EXTERNAL,1
-23.6,-52.5,EXTERNAL,1
-12.0,-41.9,REGIONAL,1
-20.7,-47.2,EXTERNAL,1
74.0,74.0,INTERNAL,1
-16.7,-39.1,INTERNAL,1
-21.0,-50.7,INTERNAL,1
4.7,-50.7,INTERNAL,1
-16.7,-48.6,EXTERNAL,1
-14.0,-39.6,EXTERNAL,1
-4.8,-45.4,EXTERNAL,1
-14.3,-43.8,INTERNAL,1
-23.1,-49.4,INTERNAL,1
-21.7,-52.0,INTERNAL,1
-21.3,-47.7,INTERNAL,1
-21.8,-50.2,INTERNAL,1
-21.6,-50.6,INTERNAL,1
-20.6,-40.6,EXTERNAL,1
-12.6,-39.2,EXTERNAL,1
2.8,-60.7,INTERNAL,1
-9.5,-40.3,INTERNAL,1
-19.8,-50.2,INTERNAL,1
-11.7,-63.1,EXTERNAL,1
-20.2,-46.5,INTERNAL,1
-15.8,-52.6,EXTERNAL,1
-19.1,-41.9,EXTERNAL,1
-21.2,-42.6,INTERNAL,1
-21.1,-42.2,INTERNAL,1
-21.2,-45.2,EXTERNAL,1
-21.0,-42.2,EXTERNAL,1
0.2,-60.6,REGIONAL,1
-10.5,-63.1,EXTERNAL,1
-10.3,-63.4,EXTERNAL,1
-22.1,-51.1,REGIONAL,1
-28.9,-55.8,REGIONAL,1
-18.7,-43.1,EXTERNAL,1
-26.8,-53.3,EXTERNAL,1
-7.3,-73.7,REGIONAL,1
-31.4,-54.4,EXTERNAL,1
-4.9,-37.2,EXTERNAL,1
-18.9,-44.7,EXTERNAL,1
-6.8,-35.4,EXTERNAL,1
-29.9,-52.8,EXTERNAL,1
-6.5,-35.3,EXTERNAL,1
-8.1,-38.8,REGIONAL,1
-16.7,-39.7,EXTERNAL,1
-27.6,-49.7,EXTERNAL,1
-23.3,-51.9,EXTERNAL,1
-7.0,-55.5,EXTERNAL,1
-13.7,-41.9,EXTERNAL,1
-22.4,-44.9,EXTERNAL,1
-15.4,-53.0,REGIONAL,1
-22.6,-48.6,EXTERNAL,1
-25.3,-51.2,EXTERNAL,1
-3.2,-39.7,EXTERNAL,1
-23.4,-45.4,EXTERNAL,1
-8.8,-63.4,REGIONAL,1
-23.6,-50.3,EXTERNAL,1
-7.5,-39.7,EXTERNAL,1
-14.3,-47.4,EXTERNAL,1
-9.6,-70.6,REGIONAL,1
-9.7,-35.6,REGIONAL,1
-15.9,-44.7,REGIONAL,1
-25.4,-53.4,EXTERNAL,1
-10.0,-67.3,REGIONAL,1
-1.9,-53.4,REGIONAL,1
-20.0,-53.4,EXTERNAL,1
-2.5,-61.6,REGIONAL,1
-12.7,-45.9,REGIONAL,1
-2.3,-47.6,REGIONAL,1
-15.4,-40.4,REGIONAL,1
-28.0,-54.4,EXTERNAL,1
-19.9,-41.8,REGIONAL,1
-11.4,-64.7,REGIONAL,1
-18.5,-51.1,REGIONAL,1
-24.5,-54.0,REGIONAL,1
-13.4,-52.5,REGIONAL,1
-8.0,-39.6,REGIONAL,1
-10.0,-5.4,REGIONAL,1
-14.4,-49.1,EXTERNAL,1
-8.1,-38.6,REGIONAL,1
-27.1,-49.9,REGIONAL,1
-8.8,-32.3,REGIONAL,1
-0.8,-60.1,EXTERNAL,1
-22.2,-53.8,REGIONAL,1
-32.0,-53.0,REGIONAL,1
-10.4,-33.4,REGIONAL,1
-30.8,-56.2,REGIONAL,1
-8.5,-71.3,REGIONAL,1
-7.4,-73.9,REGIONAL,1
-10.7,-33.9,REGIONAL,1
-8.4,-32.1,REGIONAL,1
-1.7,-61.7,REGIONAL,1
-1.8,-53.2,REGIONAL,1
-9.7,-54.1,REGIONAL,1
-17.1,-56.2,REGIONAL,1
-24.4,-48.1,REGIONAL,1
-22.0,-50.8,REGIONAL,1
-13.6,-47.8,EXTERNAL,1
-10.6,-61.9,REGIONAL,1
-10.9,-50.2,REGIONAL,1
-20.4,-29.3,REGIONAL,1
-24.2,-49.3,REGIONAL,1
-2.6,-42.9,REGIONAL,1
-9.4,-44.5,REGIONAL,1
-14.0,-52.0,REGIONAL,1
4.1,-50.5,REGIONAL,1
-4.1,-57.6,EXTERNAL,1
-8.6,-48.1,EXTERNAL,1
-10.5,-62.9,EXTERNAL,1
-20.3,-57.0,REGIONAL,1
-34.3,-49.3,REGIONAL,1
-34.1,-49.7,REGIONAL,1
-32.2,-47.8,REGIONAL,1
-14.8,-37.2,REGIONAL,1
-12.2,-34.7,REGIONAL,1
-32.2,-49.2,REGIONAL,1
-22.8,-31.1,REGIONAL,1
-2.6,-48.0,REGIONAL,1
2.7,-60.6,REGIONAL,1
-27.0,-48.7,INTERNAL,1
-30.0,-51.1,INTERNAL,1
-17.3,-36.4,REGIONAL,1
-4.4,-29.4,REGIONAL,1
-11.1,-33.1,REGIONAL,1
-2.2,-31.6,REGIONAL,1
-32.2,-48.5,REGIONAL,1
-34.8,-51.4,REGIONAL,1
-2.4,-33.9,REGIONAL,1
-34.7,-51.1,REGIONAL,1
-25.0,-41.2,REGIONAL,1
-25.8,-40.8,REGIONAL,1
-8.8,-47.9,REGIONAL,1
-15.1,-52.3,REGIONAL,1
-8.7,-33.5,REGIONAL,1
-7.3,-62.6,EXTERNAL,1
-29.0,-52.9,EXTERNAL,1
-3.8,-46.3,REGIONAL,1
-25.2,-53.9,EXTERNAL,1
-30.0,-47.7,REGIONAL,1
-0.3,-46.8,REGIONAL,1
41.8,12.9,REGIONAL,1
3.8,-49.7,EXTERNAL,1
-15.3,-3.9,REGIONAL,1
-32.4,-52.2,REGIONAL,1
-9.3,-50.1,REGIONAL,1
-11.9,-41.0,REGIONAL,1
-21.0,-44.7,REGIONAL,1
2.5,-60.2,REGIONAL,1
-11.7,-42.6,REGIONAL,1
-14.4,-51.7,REGIONAL,1
-30.0,-47.0,REGIONAL,1
-14.2,-52.9,REGIONAL,1
-15.9,-52.8,REGIONAL,1
-8.4,-48.6,REGIONAL,1
-0.6,-29.4,EXTERNAL,1
-12.0,-41.5,REGIONAL,1
-7.3,-32.1,REGIONAL,1
-21.2,-42.5,REGIONAL,1
-11.6,-41.9,REGIONAL,1
-8.6,-31.6,REGIONAL,1
-0.4,-63.9,REGIONAL,1
-28.3,-51.7,REGIONAL,1
-20.4,-53.2,REGIONAL,1
-10.2,-35.9,REGIONAL,1
-21.4,-54.7,REGIONAL,1
-15.0,-50.7,EXTERNAL,1
-27.0,-53.7,REGIONAL,1
-14.6,-50.5,EXTERNAL,1
-15.5,-51.2,EXTERNAL,1
-5.2,-38.6,REGIONAL,1
-15.8,-43.5,REGIONAL,1
-15.8,-38.5,INTERNAL,1
-27.4,-49.2,REGIONAL,1
-10.0,-42.4,REGIONAL,1
-13.3,-40.7,REGIONAL,1
-14.1,-48.6,REGIONAL,1
-28.6,-52.7,REGIONAL,1
-16.7,-46.2,REGIONAL,1
-6.5,-37.7,REGIONAL,1
-5.4,-59.6,REGIONAL,1
-22.4,-42.1,EXTERNAL,1
-6.1,-35.9,EXTERNAL,1
-21.9,-46.0,EXTERNAL,1
-6.3,-40.8,EXTERNAL,1
-3.2,-38.5,INTERNAL,1
-17.8,-41.8,EXTERNAL,1
-20.2,-48.3,EXTERNAL,1
-16.8,-49.8,EXTERNAL,1
-18.7,-50.2,EXTERNAL,1
-28.5,-52.9,EXTERNAL,1
-24.6,-50.9,EXTERNAL,1
-15.8,-49.3,EXTERNAL,1
-16.7,-51.8,EXTERNAL,1
-21.5,-44.3,EXTERNAL,1
-20.3,-56.1,EXTERNAL,1
-24.4,-52.8,EXTERNAL,1
-26.2,-49.7,REGIONAL,1
-3.4,-39.5,EXTERNAL,1
-3.9,-38.3,INTERNAL,1
-21.5,-51.7,EXTERNAL,1
-14.5,-42.3,REGIONAL,1
-2.4,-65.3,REGIONAL,1
-14.5,-47.9,REGIONAL,1
-19.4,-45.1,REGIONAL,1
-3.9,-52.7,REGIONAL,1
-30.4,-55.0,INTERNAL,1
-14.4,-45.0,REGIONAL,1
-12.5,-39.6,REGIONAL,1
1.0,-61.7,REGIONAL,1
-20.2,-46.2,REGIONAL,1
-9.8,-55.5,REGIONAL,1
-19.9,-41.7,REGIONAL,1
-14.7,-41.1,REGIONAL,1
-13.0,-52.1,REGIONAL,1
-10.4,-56.7,REGIONAL,1
-30.4,-54.0,INTERNAL,1
-18.0,-52.7,REGIONAL,1
-13.0,-38.4,INTERNAL,1
-34.4,-51.8,INTERNAL,1
-6.6,-50.6,EXTERNAL,1
-24.2,-50.7,REGIONAL,1
-18.6,-39.2,INTERNAL,1
-13.7,-50.8,EXTERNAL,1
-20.6,-38.7,INTERNAL,1
-20.1,-47.9,EXTERNAL,1
-21.9,-43.4,REGIONAL,1
-16.3,-49.7,EXTERNAL,1
-5.5,-42.9,EXTERNAL,1
-7.7,-38.2,EXTERNAL,1
-26.7,-52.2,EXTERNAL,1
-10.4,-35.1,REGIONAL,1
-11.2,-39.4,EXTERNAL,1
0.1,-59.5,REGIONAL,1
-1.8,-51.8,REGIONAL,1
-20.9,-38.4,INTERNAL,1
-8.2,-32.4,REGIONAL,1
-30.1,-55.8,INTERNAL,1
-11.9,-45.4,REGIONAL,1
-19.9,-40.0,INTERNAL,1
-22.0,-40.0,INTERNAL,1
-28.6,-54.9,REGIONAL,1
-1.1,-61.8,REGIONAL,1
-15.3,-59.4,REGIONAL,1
-2.2,-50.8,REGIONAL,1
-7.2,-48.6,REGIONAL,1
-9.4,-32.9,REGIONAL,1
-25.5,-49.1,INTERNAL,1
-29.2,-50.8,REGIONAL,1
-21.3,-54.7,REGIONAL,1
-21.0,-44.1,EXTERNAL,1
-9.7,-35.8,INTERNAL,1
-11.2,-54.6,REGIONAL,1
-8.4,-34.8,INTERNAL,1
-16.7,-50.6,EXTERNAL,1
-3.3,-58.3,REGIONAL,1
-23.1,-49.5,EXTERNAL,1
-9.4,-55.0,REGIONAL,1
-27.7,-51.8,REGIONAL,1
-30.1,-50.0,REGIONAL,1
-19.2,-41.3,EXTERNAL,1
-21.9,-48.1,EXTERNAL,1
-16.1,-41.7,EXTERNAL,1
-26.6,-48.9,REGIONAL,1
-8.8,-38.3,REGIONAL,1
-13.0,-41.1,EXTERNAL,1
-20.8,-41.6,EXTERNAL,1
-3.0,-41.8,INTERNAL,1
-20.3,-42.4,REGIONAL,1
-22.7,-50.8,EXTERNAL,1
-17.9,-39.3,INTERNAL,1
-19.3,-57.3,EXTERNAL,1
-25.0,-54.0,REGIONAL,1
-13.2,-46.5,EXTERNAL,1
-13.2,-46.4,EXTERNAL,1
-18.2,-47.5,EXTERNAL,1
-19.0,-50.0,EXTERNAL,1
-17.4,-36.9,INTERNAL,1
-3.1,-60.5,EXTERNAL,1
-5.8,-34.9,REGIONAL,1
-10.2,-55.7,REGIONAL,1
-14.9,-49.0,REGIONAL,1
-3.7,-52.3,REGIONAL,1
-25.7,-49.0,EXTERNAL,1
-19.1,-48.3,REGIONAL,1
-3.0,-51.0,EXTERNAL,1
-18.6,-56.3,EXTERNAL,1
-19.6,-55.3,EXTERNAL,1
-15.6,-44.5,EXTERNAL,1
-12.8,-38.8,INTERNAL,1
-14.3,-40.0,REGIONAL,1
-5.1,-42.6,EXTERNAL,1
-24.2,-48.8,EXTERNAL,1
-25.0,-55.0,EXTERNAL,1
-19.0,-56.4,EXTERNAL,1
-2.0,-55.0,EXTERNAL,1
-14.5,-43.6,EXTERNAL,1
-20.3,-53.5,EXTERNAL,1
-13.3,-45.8,REGIONAL,1
-8.3,-59.7,REGIONAL,1
-19.3,-44.2,REGIONAL,1
-21.9,-51.0,REGIONAL,1
-7.4,-37.3,REGIONAL,1
-29.9,-47.5,REGIONAL,1
-29.7,-55.5,EXTERNAL,1
-15.4,-45.5,REGIONAL,1
-22.0,-42.6,EXTERNAL,1
-15.5,-51.1,REGIONAL,1
-15.8,-41.2,REGIONAL,1
-0.6,-47.5,REGIONAL,1
-16.0,-39.2,REGIONAL,1
-10.2,-48.7,REGIONAL,1
-3.2,-42.2,REGIONAL,1
-20.1,-48.4,REGIONAL,1
-12.3,-59.9,EXTERNAL,1
-3.0,-68.9,REGIONAL,1
-15.3,-56.7,EXTERNAL,1
-6.5,-68.8,REGIONAL,1
-2.4,-48.6,REGIONAL,1
-21.9,-54.0,EXTERNAL,1
-22.1,-42.9,EXTERNAL,1
-28.1,-48.9,EXTERNAL,1
-21.2,-40.9,INTERNAL,1
-23.9,-51.9,EXTERNAL,1
-22.3,-41.9,EXTERNAL,1
-12.3,-44.5,REGIONAL,1
-28.6,-51.7,REGIONAL,1
-10.3,-48.2,INTERNAL,1
-20.1,-40.4,EXTERNAL,1
-14.1,-50.3,REGIONAL,1
-21.8,-41.9,REGIONAL,1
-20.4,-43.2,REGIONAL,1
-11.6,-56.1,REGIONAL,1
-15.8,-46.6,REGIONAL,1
-14.3,-54.0,REGIONAL,1
-18.5,-42.7,EXTERNAL,1
-15.5,-54.6,REGIONAL,1
-20.8,-45.7,REGIONAL,1
-13.6,-47.6,REGIONAL,1
-7.9,-49.6,REGIONAL,1
-26.0,-53.6,REGIONAL,1
-20.1,-50.8,REGIONAL,1
-22.2,-48.6,EXTERNAL,1
-4.8,-38.0,REGIONAL,1
-12.6,-46.3,REGIONAL,1
-7.2,-36.6,REGIONAL,1
-18.2,-47.6,REGIONAL,1
-7.8,-42.2,REGIONAL,1
-8.0,-45.2,REGIONAL,1
-27.7,-51.3,REGIONAL,1
-16.2,-44.9,REGIONAL,1
-20.0,-50.3,REGIONAL,1
-1.9,-48.7,REGIONAL,1
-1.0,-49.1,REGIONAL,1
-25.8,-50.1,EXTERNAL,1
-15.1,-42.8,REGIONAL,1
-24.0,-53.7,REGIONAL,1
-20.8,-46.0,EXTERNAL,1
-19.9,-47.6,REGIONAL,1
-21.0,-49.9,REGIONAL,1
-20.9,-50.4,EXTERNAL,1
-20.8,-49.6,REGIONAL,1
-21.0,-49.7,REGIONAL,1
-9.9,-53.6,EXTERNAL,1
-30.9,-53.5,REGIONAL,1
-25.6,-51.1,REGIONAL,1
-20.9,-43.1,EXTERNAL,1
-27.8,-54.5,REGIONAL,1
-19.5,-46.0,REGIONAL,1
-11.7,-41.1,REGIONAL,1
-22.2,-49.8,REGIONAL,1
-18.6,-50.6,REGIONAL,1
-14.8,-55.8,REGIONAL,1
-0.4,-52.1,REGIONAL,1
-15.5,-44.2,REGIONAL,1
-9.4,-48.7,REGIONAL,1
-10.0,-35.9,REGIONAL,1
-31.2,-57.6,REGIONAL,1
-4.1,-40.7,EXTERNAL,1
-22.5,-50.9,REGIONAL,1
-19.3,-57.7,REGIONAL,1
-20.1,-43.0,REGIONAL,1
-10.3,-59.1,REGIONAL,1
-17.9,-50.8,REGIONAL,1
3.6,-60.5,REGIONAL,1
-15.0,-52.4,REGIONAL,1
-16.9,-42.5,REGIONAL,1
-24.8,-53.0,REGIONAL,1
-20.2,-57.0,REGIONAL,1
-21.7,-55.7,REGIONAL,1
-7.5,-53.2,REGIONAL,1
-15.2,-3.2,REGIONAL,1
-12.2,-56.1,REGIONAL,1
-8.6,-41.2,REGIONAL,1
-6.2,-36.8,REGIONAL,1
-11.4,-39.8,REGIONAL,1
-15.4,-38.0,REGIONAL,1
-22.6,-41.6,REGIONAL,1
-22.7,-53.1,EXTERNAL,1
-25.3,-50.7,REGIONAL,1
-13.1,-38.9,REGIONAL,1
-7.0,-45.8,REGIONAL,1
-7.9,-63.2,REGIONAL,1
-14.2,-48.1,EXTERNAL,1
-8.5,-39.3,EXTERNAL,1
-18.7,-57.6,REGIONAL,1
-30.4,-52.5,EXTERNAL,1
-10.5,-62.6,REGIONAL,1
-12.0,-40.1,REGIONAL,1
-13.2,-47.0,REGIONAL,1
-12.2,-41.8,REGIONAL,1
-24.6,-47.6,REGIONAL,1
-7.7,-48.4,EXTERNAL,1
-9.1,-38.0,REGIONAL,1
-22.9,-43.5,INTERNAL,1
-13.7,-39.6,EXTERNAL,1
-3.8,-49.7,INTERNAL,1
-20.6,-41.2,INTERNAL,1
2.4,-55.9,REGIONAL,1
-31.5,-53.1,EXTERNAL,1
-31.5,-47.5,REGIONAL,1
-2.6,-54.9,INTERNAL,1
-19.3,-46.2,EXTERNAL,1
-23.9,-52.7,EXTERNAL,1
-22.3,-40.8,EXTERNAL,1
-11.2,-40.8,EXTERNAL,1
-16.4,-51.5,EXTERNAL,1
-3.9,-55.0,EXTERNAL,1
-24.9,-41.2,REGIONAL,1
-25.7,-45.2,REGIONAL,1
-6.8,-44.8,EXTERNAL,1
-18.3,-39.1,REGIONAL,1
-25.7,-46.2,REGIONAL,1
-25.2,-46.4,REGIONAL,1
-13.5,-38.7,REGIONAL,1
-20.7,-39.9,REGIONAL,1
-20.6,-39.6,REGIONAL,1
-21.8,-44.9,EXTERNAL,1
-28.3,-49.4,EXTERNAL,1
-9.3,-50.3,EXTERNAL,1
-10.8,-40.4,EXTERNAL,1
-28.0,-52.8,EXTERNAL,1
-9.7,-48.7,EXTERNAL,1
-18.6,-49.5,EXTERNAL,1
-7.9,-38.9,EXTERNAL,1
-18.9,-43.1,EXTERNAL,1
-1.2,-47.9,EXTERNAL,1
-24.4,-50.9,EXTERNAL,1
-14.5,-49.3,EXTERNAL,1
-4.9,-42.9,EXTERNAL,1
-24.3,-49.1,EXTERNAL,1
-22.4,-55.9,REGIONAL,1
-18.5,-53.9,EXTERNAL,1
-23.0,-50.4,EXTERNAL,1
-15.1,-51.0,REGIONAL,1
-9.7,-48.3,REGIONAL,1
-0.5,-64.9,REGIONAL,1
-2.4,-48.1,REGIONAL,1
-22.5,-50.4,REGIONAL,1
-15.8,-58.1,EXTERNAL,1
-18.0,-43.1,REGIONAL,1
-5.6,-45.2,REGIONAL,1
-20.1,-40.0,REGIONAL,1
-1.0,-48.3,REGIONAL,1
-16.1,-50.3,EXTERNAL,1
-16.1,-52.8,REGIONAL,1
4.5,-60.1,REGIONAL,1
-25.3,-50.6,REGIONAL,1
-16.5,-57.8,REGIONAL,1
-12.1,-64.7,REGIONAL,1
-24.9,-51.6,EXTERNAL,1
-16.5,-42.2,EXTERNAL,1
-8.8,-40.8,EXTERNAL,1
-29.1,-51.8,EXTERNAL,1
-28.6,-54.3,EXTERNAL,1
-1.8,-52.2,EXTERNAL,1
-15.2,-57.5,REGIONAL,1
-19.8,-54.5,EXTERNAL,1
-14.4,-39.6,REGIONAL,1
-21.9,-41.3,EXTERNAL,1
-31.9,-51.8,REGIONAL,1
-18.9,-51.9,EXTERNAL,1
-28.6,-52.9,REGIONAL,1
-19.0,-48.1,EXTERNAL,1
-29.2,-51.8,EXTERNAL,1
-12.5,-56.9,REGIONAL,1
-2.0,-54.4,REGIONAL,1
-5.6,-52.9,REGIONAL,1
-17.4,-39.1,REGIONAL,1
-4.0,-59.2,REGIONAL,1
-8.0,-70.0,REGIONAL,1
-2.2,-54.0,REGIONAL,1
-3.3,-47.9,REGIONAL,1
-4.8,-38.9,REGIONAL,1
-7.5,-35.2,REGIONAL,1
-17.4,-48.8,REGIONAL,1
-24.6,-43.3,REGIONAL,1
-15.2,-57.7,REGIONAL,1
-14.0,-41.4,REGIONAL,1
-0.0,-67.0,REGIONAL,1
-22.7,-56.5,REGIONAL,1
-4.3,-56.8,REGIONAL,1
-17.9,-38.6,REGIONAL,1
-15.8,-47.2,REGIONAL,1
-20.3,-55.6,REGIONAL,1
-3.3,-41.9,REGIONAL,1
-18.5,-52.5,REGIONAL,1
0.7,-63.4,REGIONAL,1
-1.6,-51.8,REGIONAL,1
-1.8,-60.2,REGIONAL,1
-5.8,-37.5,REGIONAL,1
-2.7,-47.7,REGIONAL,1
-21.9,-46.5,REGIONAL,1
-12.9,-56.0,EXTERNAL,1
-14.0,-35.8,EXTERNAL,1
-14.9,-39.0,INTERNAL,1
-12.3,-44.8,REGIONAL,1
-18.5,-37.5,REGIONAL,1
-16.7,-45.1,EXTERNAL,1
1.5,-60.5,REGIONAL,1
-18.5,-35.5,REGIONAL,1
-11.8,-39.0,REGIONAL,1
-20.8,-54.3,EXTERNAL,1
0.5,-54.5,REGIONAL,1
-20.5,-52.5,REGIONAL,1
3.0,-29.3,EXTERNAL,1
-12.6,-35.8,EXTERNAL,1
-9.3,-55.0,INTERNAL,1
-19.2,-45.1,EXTERNAL,1
-16.8,-49.7,REGIONAL,1
-12.1,-45.0,INTERNAL,1
-3.0,-50.0,REGIONAL,1
-8.8,-60.8,REGIONAL,1
-12.2,-41.4,INTERNAL,1
2.8,-60.6,INTERNAL,1
-22.0,-53.2,EXTERNAL,1
-21.0,-53.7,REGIONAL,1
-6.3,-62.5,REGIONAL,1
-2.0,-59.3,REGIONAL,1
-8.6,-37.5,EXTERNAL,1
-24.1,-54.1,REGIONAL,1
-18.1,-51.9,REGIONAL,1
-1.1,-62.5,REGIONAL,1
-3.5,-68.8,REGIONAL,1
-31.1,-51.5,REGIONAL,1
-10.4,-62.8,REGIONAL,1
-24.2,-51.2,EXTERNAL,1
-4.1,-38.6,EXTERNAL,1
-30.7,-55.7,REGIONAL,1
-17.8,-56.3,REGIONAL,1
-1.3,-29.3,EXTERNAL,1
-10.0,-38.7,REGIONAL,1
-20.6,-49.3,REGIONAL,1
-25.6,-51.5,REGIONAL,1
-23.4,-52.9,REGIONAL,1
-8.2,-41.1,EXTERNAL,1
-9.7,-37.9,EXTERNAL,1
-13.2,-40.5,EXTERNAL,1
-12.4,-45.1,REGIONAL,1
-11.0,-37.6,REGIONAL,1
-15.7,-50.1,REGIONAL,1
-7.2,-64.6,REGIONAL,1
-5.4,-40.7,REGIONAL,1
-21.4,-56.0,EXTERNAL,1
-18.9,-47.8,EXTERNAL,1
-9.3,-42.9,REGIONAL,1
-11.8,-41.6,REGIONAL,1
-26.8,-47.9,EXTERNAL,1
-10.0,-49.1,REGIONAL,1
-30.1,-47.7,EXTERNAL,1
-9.0,-36.9,EXTERNAL,1
-24.5,-54.1,EXTERNAL,1
-28.4,-54.3,EXTERNAL,1
-11.6,-61.1,EXTERNAL,1
-30.3,-52.0,EXTERNAL,1
-16.5,-46.7,EXTERNAL,1
-31.6,-52.7,EXTERNAL,1
-17.2,-44.0,EXTERNAL,1
-11.1,-61.6,EXTERNAL,1
-26.0,-49.5,EXTERNAL,1
-23.3,-55.1,EXTERNAL,1
-25.2,-54.2,EXTERNAL,1
-2.7,-58.0,EXTERNAL,1
-8.9,-42.5,REGIONAL,1
-32.3,-52.2,REGIONAL,1
-2.7,-55.1,REGIONAL,1
-6.2,-39.9,REGIONAL,1
-10.0,-45.2,REGIONAL,1
-21.3,-44.8,REGIONAL,1
4.0,-28.0,EXTERNAL,1
-22.9,-45.1,INTERNAL,1
-2.9,-60.6,EXTERNAL,1
-23.2,-48.8,REGIONAL,1
-20.0,-53.5,REGIONAL,1
-9.5,-39.7,REGIONAL,1
-19.2,-55.4,REGIONAL,1
-15.6,-54.6,REGIONAL,1
0.2,-50.9,REGIONAL,1
0.5,-65.3,REGIONAL,1
-4.5,-38.6,REGIONAL,1
-4.2,-70.1,REGIONAL,1
-4.6,-44.6,REGIONAL,1
-7.3,-50.4,REGIONAL,1
-19.6,-44.5,REGIONAL,1
-15.9,-55.4,REGIONAL,1
-15.9,-49.6,REGIONAL,1
-5.3,-48.0,REGIONAL,1
-18.1,-43.3,EXTERNAL,1
-6.2,-38.7,REGIONAL,1
-6.9,-43.5,REGIONAL,1
-10.0,-57.1,REGIONAL,1
-3.1,-67.0,REGIONAL,1
0.5,-53.1,REGIONAL,1
0.6,-65.0,REGIONAL,1
-4.4,-40.2,REGIONAL,1
-8.6,-38.0,REGIONAL,1
-3.1,-41.1,EXTERNAL,1
-14.3,-56.2,REGIONAL,1
-9.5,-70.6,REGIONAL,1
-16.5,-36.5,REGIONAL,1
-14.7,-55.9,REGIONAL,1
-25.3,-49.6,EXTERNAL,1
-24.4,-47.5,INTERNAL,1
-23.1,-28.0,REGIONAL,1
-20.4,-40.1,INTERNAL,1
-24.2,-50.5,REGIONAL,1
-22.5,-44.3,REGIONAL,1
-19.2,-45.6,REGIONAL,1
-15.6,-45.9,REGIONAL,1
-22.1,-43.3,REGIONAL,1
-23.3,-48.0,REGIONAL,1
-14.2,-43.0,REGIONAL,1
-23.3,-45.6,REGIONAL,1
1.6,-51.0,REGIONAL,1
-33.2,-52.7,INTERNAL,1
-17.2,-39.6,REGIONAL,1
-17.1,-49.9,REGIONAL,1
-9.6,-67.7,REGIONAL,1
-12.8,-41.8,REGIONAL,1
-22.2,-47.2,REGIONAL,1
-12.7,-38.9,REGIONAL,1
-8.3,-69.0,REGIONAL,1
-7.7,-49.1,EXTERNAL,1
-4.7,-39.4,EXTERNAL,1
-9.7,-67.8,EXTERNAL,1
-23.7,-50.0,EXTERNAL,1
-23.8,-49.3,EXTERNAL,1
-6.2,-38.3,EXTERNAL,1
-34.0,-51.8,INTERNAL,1
-10.8,-47.3,REGIONAL,1
-10.9,-35.7,INTERNAL,1
-5.3,-47.4,REGIONAL,1
-21.7,-40.9,INTERNAL,1
-7.8,-34.9,INTERNAL,1
-13.4,-36.3,INTERNAL,1
-18.9,-36.8,INTERNAL,1
-18.9,-37.9,INTERNAL,1
-18.4,-38.4,INTERNAL,1
-15.8,-49.2,REGIONAL,1
-7.6,-58.2,REGIONAL,1
-26.3,-46.0,INTERNAL,1
-9.6,-35.2,INTERNAL,1
-11.3,-46.7,REGIONAL,1
-1.5,-58.2,REGIONAL,1
-18.3,-40.4,EXTERNAL,1
-9.5,-35.6,INTERNAL,1
-6.2,-35.0,INTERNAL,1
-7.2,-50.0,EXTERNAL,1
-26.9,-46.2,INTERNAL,1
-30.6,-54.4,EXTERNAL,1
-2.3,-54.6,REGIONAL,1
-15.3,-47.0,REGIONAL,1
-5.5,-43.2,REGIONAL,1
-3.8,-33.9,INTERNAL,1
-29.8,-48.0,INTERNAL,1
-13.8,-39.1,INTERNAL,1
-23.9,-52.9,REGIONAL,1
-30.4,-54.9,REGIONAL,1
-10.0,-35.8,REGIONAL,1
-8.3,-58.0,REGIONAL,1
-0.7,-60.7,REGIONAL,1
-30.0,-49.0,INTERNAL,1
-13.8,-40.1,REGIONAL,1
-20.0,-50.5,EXTERNAL,1
-24.6,-51.4,REGIONAL,1
-23.2,-51.4,REGIONAL,1
-9.4,-65.0,REGIONAL,1
-24.0,-44.9,INTERNAL,1
-24.3,-52.9,REGIONAL,1
-2.5,-55.0,INTERNAL,1
-10.2,-36.1,REGIONAL,1
-29.9,-55.6,REGIONAL,1
-14.1,-51.7,EXTERNAL,1
-13.2,-54.0,REGIONAL,1
-13.5,-47.0,REGIONAL,1
-15.2,-51.2,EXTERNAL,1
-9.8,-42.3,REGIONAL,1
-14.1,-40.0,EXTERNAL,1
-2.6,-48.7,REGIONAL,1
-20.8,-56.9,REGIONAL,1
-15.4,-52.5,REGIONAL,1
-10.6,-37.0,EXTERNAL,1
-16.8,-43.8,EXTERNAL,1
-6.9,-48.4,EXTERNAL,1
-25.8,-51.5,EXTERNAL,1
-23.2,-50.5,REGIONAL,1
-29.2,-48.0,INTERNAL,1
-15.5,-58.9,REGIONAL,1
-26.9,-51.4,REGIONAL,1
-22.6,-45.1,EXTERNAL,1
-3.3,-43.8,EXTERNAL,1
-29.6,-50.4,EXTERNAL,1
-16.7,-49.9,REGIONAL,1
-16.2,-43.7,REGIONAL,1
-9.6,-38.0,REGIONAL,1
23.6,120.7,REGIONAL,1
-5.5,-40.8,EXTERNAL,1
-21.4,-44.7,EXTERNAL,1
-27.6,-49.4,EXTERNAL,1
-13.3,-60.6,REGIONAL,1
-12.3,-56.1,REGIONAL,1
-15.5,-48.1,EXTERNAL,1
-11.6,-61.8,EXTERNAL,1
-22.1,-43.8,EXTERNAL,1
-12.9,-41.8,REGIONAL,1
-23.9,-48.8,EXTERNAL,1
-19.8,-39.9,REGIONAL,1
-8.8,-63.7,EXTERNAL,1
-11.4,-42.4,REGIONAL,1
-18.2,-54.7,REGIONAL,1
-22.9,-45.0,REGIONAL,1
-8.2,-45.8,REGIONAL,1
0.1,-51.2,REGIONAL,1
-12.1,-43.4,REGIONAL,1
-5.9,-61.4,REGIONAL,1
-15.2,-38.5,REGIONAL,1
-7.6,-46.1,REGIONAL,1
-27.5,-53.9,REGIONAL,1
-33.4,-53.2,REGIONAL,1
-13.1,-41.8,EXTERNAL,1
-14.5,-58.5,REGIONAL,1
-2.5,-49.0,REGIONAL,1
-20.3,-49.8,REGIONAL,1
-7.0,-48.1,EXTERNAL,1
-21.6,-51.9,EXTERNAL,1
-17.8,-47.8,EXTERNAL,1
-29.8,-51.5,REGIONAL,1
-15.0,-59.9,EXTERNAL,1
-11.6,-46.6,EXTERNAL,1
-11.2,-64.7,REGIONAL,1
-16.2,-42.9,REGIONAL,1
-2.2,-47.3,REGIONAL,1
-2.5,-32.2,EXTERNAL,1
-5.5,-33.0,EXTERNAL,1
-19.5,-30.5,REGIONAL,1
-10.9,-56.0,REGIONAL,1
-12.8,-48.4,REGIONAL,1
-10.9,-46.7,REGIONAL,1
-3.0,-43.0,REGIONAL,1
-28.0,-52.6,REGIONAL,1
-17.6,-39.9,REGIONAL,1
-13.5,-40.4,EXTERNAL,1
-16.7,-49.8,REGIONAL,1
-10.5,-48.3,REGIONAL,1
-6.2,-37.9,EXTERNAL,1
-20.9,-45.0,REGIONAL,1
-9.8,-49.4,REGIONAL,1
-19.6,-41.6,REGIONAL,1
-28.9,-53.4,REGIONAL,1
-8.4,-36.3,REGIONAL,1
-10.0,-45.5,REGIONAL,1
-21.5,-30.5,REGIONAL,1
-4.4,-47.5,EXTERNAL,1
-3.1,-60.7,EXTERNAL,1
-0.4,-66.8,REGIONAL,1
3.3,-61.6,REGIONAL,1
-3.1,-64.8,EXTERNAL,1
-5.7,-36.0,EXTERNAL,1
-27.0,-50.0,INTERNAL,1
3.0,-28.0,EXTERNAL,1
-9.3,-36.4,EXTERNAL,1
-16.8,-57.1,REGIONAL,1
-22.0,-49.5,REGIONAL,1
-8.8,-69.0,REGIONAL,1
-15.7,-39.3,REGIONAL,1
-8.1,-48.7,REGIONAL,1
-24.2,-49.4,REGIONAL,1
-1.8,-47.2,REGIONAL,1
-11.7,-37.4,REGIONAL,1
-9.3,-62.8,REGIONAL,1
-17.7,-46.8,REGIONAL,1
-3.4,-44.0,REGIONAL,1
-10.2,-67.6,REGIONAL,1
-6.3,-54.4,REGIONAL,1
-24.1,-47.0,EXTERNAL,1
-26.0,-50.0,EXTERNAL,1
-23.0,-50.9,EXTERNAL,1
-15.8,-38.9,EXTERNAL,1
-10.7,-38.2,EXTERNAL,1
-4.3,-38.6,EXTERNAL,1
-28.1,-48.8,EXTERNAL,1
-27.1,-50.8,EXTERNAL,1
-24.2,-51.4,EXTERNAL,1
-29.6,-53.7,EXTERNAL,1
-28.2,-52.0,EXTERNAL,1
-19.3,-40.4,EXTERNAL,1
-15.8,-38.8,EXTERNAL,1
-10.2,-35.2,EXTERNAL,1
-11.5,-38.2,EXTERNAL,1
-8.3,-45.6,REGIONAL,1
-18.5,-48.2,EXTERNAL,1
-20.4,-42.7,EXTERNAL,1
-5.4,-37.2,EXTERNAL,1
-30.6,-55.1,EXTERNAL,1
-19.4,-57.5,EXTERNAL,1
-18.1,-42.8,REGIONAL,1
-20.7,-48.8,REGIONAL,1
-4.6,-62.1,REGIONAL,1
-25.6,-50.8,EXTERNAL,1
-17.5,-39.1,REGIONAL,1
-28.9,-50.4,EXTERNAL,1
3.6,-51.8,REGIONAL,1
-25.9,-52.9,EXTERNAL,1
-8.0,-59.0,REGIONAL,1
-19.1,-49.9,EXTERNAL,1
-3.4,-59.3,REGIONAL,1
-17.1,-55.7,REGIONAL,1
-24.0,-49.2,REGIONAL,1
-18.5,-46.1,EXTERNAL,1
-2.2,-56.7,EXTERNAL,1
-5.8,-50.5,EXTERNAL,1
-23.9,-49.2,EXTERNAL,1
-4.6,-38.0,REGIONAL,1
-27.7,-54.5,REGIONAL,1
-12.4,-40.7,REGIONAL,1
-10.8,-39.1,REGIONAL,1
-19.7,-56.5,REGIONAL,1
-22.9,-52.0,REGIONAL,1
-2.5,-58.5,REGIONAL,1
-13.3,-56.1,REGIONAL,1
-27.9,-53.6,REGIONAL,1
-8.7,-69.3,REGIONAL,1
-16.6,-48.2,REGIONAL,1
-13.5,-49.2,REGIONAL,1
-30.3,-51.5,REGIONAL,1
-19.0,-56.7,INTERNAL,1
-12.8,-56.4,REGIONAL,1
-4.3,-44.7,REGIONAL,1
-20.0,-40.3,EXTERNAL,1
-19.2,-43.5,INTERNAL,1
-29.5,-52.2,EXTERNAL,1
-10.4,-42.5,REGIONAL,1
-27.6,-52.2,EXTERNAL,1
-0.5,-27.5,REGIONAL,1
-7.5,-59.5,REGIONAL,1
-1.5,-36.5,REGIONAL,1
-5.5,-41.5,REGIONAL,1
-9.5,-54.5,REGIONAL,1
1.5,-43.5,REGIONAL,1
-21.5,-39.5,REGIONAL,1
-16.5,-57.5,REGIONAL,1
-8.5,-51.5,REGIONAL,1
-19.5,-51.5,REGIONAL,1
-4.5,-29.5,REGIONAL,1
-8.5,-61.5,REGIONAL,1
-20.6,-51.5,EXTERNAL,1
-31.2,-53.9,EXTERNAL,1
-25.2,-50.3,REGIONAL,1
-7.9,-35.0,INTERNAL,1
-12.9,-39.5,INTERNAL,1
-9.2,-36.4,INTERNAL,1
-7.3,-39.4,INTERNAL,1
-21.6,-43.3,EXTERNAL,1
-29.1,-54.9,EXTERNAL,1
-29.9,-53.7,REGIONAL,1
-9.2,-40.2,REGIONAL,1
-13.3,-38.8,REGIONAL,1
-20.5,-42.2,REGIONAL,1
-16.3,-54.4,REGIONAL,1
-11.7,-51.3,REGIONAL,1
-12.6,-38.5,REGIONAL,1
-30.3,-50.4,REGIONAL,1
-8.5,-60.8,REGIONAL,1
-7.9,-41.8,REGIONAL,1
-2.8,-39.8,REGIONAL,1
-2.6,-60.1,EXTERNAL,1
-10.1,-43.5,REGIONAL,1
-11.0,-38.7,REGIONAL,1
-7.8,-71.6,REGIONAL,1
-15.6,-46.0,REGIONAL,1
-2.8,-65.0,EXTERNAL,1
1.4,-68.5,REGIONAL,1
-3.5,-68.7,REGIONAL,1
-4.1,-38.3,REGIONAL,1
-24.3,-49.5,REGIONAL,1
-5.2,-33.2,REGIONAL,1
-11.6,-44.9,REGIONAL,1
-17.4,-46.8,REGIONAL,1
-12.3,-42.2,REGIONAL,1
-24.4,-45.8,REGIONAL,1
-18.5,-53.8,REGIONAL,1
-2.9,-39.8,REGIONAL,1
-2.7,-61.0,EXTERNAL,1
-14.3,-41.7,EXTERNAL,1
-5.9,-44.4,REGIONAL,1
-5.4,-53.1,EXTERNAL,1
-21.7,-40.7,REGIONAL,1
-22.2,-40.5,REGIONAL,1
-33.4,-53.1,REGIONAL,1
-16.0,-38.5,REGIONAL,1
-12.6,-39.1,REGIONAL,1
-4.8,-39.2,REGIONAL,1
-16.5,-40.3,EXTERNAL,1
-21.0,-27.3,EXTERNAL,1
-26.8,-50.0,EXTERNAL,1
-24.2,-49.6,REGIONAL,1
-25.9,-50.0,REGIONAL,1
-25.5,-4.9,REGIONAL,1
-1.5,-59.4,REGIONAL,1
-3.1,-47.2,REGIONAL,1
-31.0,-50.9,REGIONAL,1
-10.1,-48.1,REGIONAL,1
-4.8,-56.6,REGIONAL,1
-3.2,-68.0,REGIONAL,1
-24.6,-49.3,REGIONAL,1
-15.6,-57.9,REGIONAL,1
-8.0,-55.3,REGIONAL,1
-5.7,-60.3,REGIONAL,1
-2.6,-60.6,REGIONAL,1
-16.5,-46.4,REGIONAL,1
-21.4,-48.2,EXTERNAL,1
-19.1,-48.4,EXTERNAL,1
-20.5,-41.9,EXTERNAL,1
-30.0,-56.2,EXTERNAL,1
-25.6,-53.9,EXTERNAL,1
-4.8,-41.8,EXTERNAL,1
-4.0,-42.1,EXTERNAL,1
-19.6,-41.7,EXTERNAL,1
-19.5,-52.5,REGIONAL,1
-15.0,-49.6,EXTERNAL,1
-16.1,-47.5,EXTERNAL,1
-22.6,-50.2,EXTERNAL,1
-9.5,-37.2,EXTERNAL,1
-16.0,-44.8,EXTERNAL,1
-23.2,-50.9,EXTERNAL,1
-7.3,-35.3,EXTERNAL,1
-10.7,-38.6,EXTERNAL,1
-24.1,-46.0,REGIONAL,1
-8.1,-70.8,EXTERNAL,1
-4.9,-37.9,REGIONAL,1
-3.7,-61.5,REGIONAL,1
-28.9,-52.0,EXTERNAL,1
-23.7,-51.7,EXTERNAL,1
-13.6,-38.1,REGIONAL,1
-1.3,-58.6,REGIONAL,1
-20.2,-40.4,EXTERNAL,1
-15.1,-40.2,EXTERNAL,1
-17.6,-39.0,REGIONAL,1
-18.2,-39.9,REGIONAL,1
-36.9,-60.1,EXTERNAL,1
-9.5,-33.6,REGIONAL,1
-16.3,-39.6,REGIONAL,1
-21.7,-56.1,EXTERNAL,1
-18.7,-40.4,INTERNAL,1
-19.7,-40.7,INTERNAL,1
-13.0,-46.8,INTERNAL,1
-3.3,-54.7,INTERNAL,1
-12.6,-41.0,REGIONAL,1
-15.9,-50.1,INTERNAL,1
-21.1,-55.8,INTERNAL,1
-9.6,-50.2,REGIONAL,1
-24.2,-53.7,REGIONAL,1
-18.5,-47.3,REGIONAL,1
-23.9,-45.8,REGIONAL,1
-4.3,-56.4,REGIONAL,1
-20.3,-42.7,REGIONAL,1
-12.9,-52.9,REGIONAL,1
-17.0,-41.3,REGIONAL,1
-25.7,-52.6,EXTERNAL,1
-3.5,-57.7,REGIONAL,1
-9.8,-59.5,REGIONAL,1
-8.9,-36.0,REGIONAL,1
-14.3,-50.9,REGIONAL,1
-8.6,-38.5,REGIONAL,1
-21.5,-46.8,EXTERNAL,1
-16.7,-52.0,EXTERNAL,1
-9.3,-69.2,REGIONAL,1
-19.7,-56.6,REGIONAL,1
-11.4,-34.0,REGIONAL,1
-26.3,-49.6,EXTERNAL,1
-14.7,-45.5,REGIONAL,1
-11.6,-56.3,REGIONAL,1
-15.4,-43.9,REGIONAL,1
-6.8,-66.9,REGIONAL,1
-1.4,-66.6,REGIONAL,1
-11.6,-42.4,REGIONAL,1
-22.2,-49.3,REGIONAL,1
-16.9,-53.4,REGIONAL,1
-15.7,-48.0,EXTERNAL,1
-10.5,-68.1,REGIONAL,1
-27.2,-51.3,REGIONAL,1
47.4,-19.9,REGIONAL,1
-18.4,-44.2,REGIONAL,1
-0.8,-49.8,REGIONAL,1
-14.6,-39.7,REGIONAL,1
-7.1,-47.6,REGIONAL,1
-6.7,-46.7,REGIONAL,1
-9.4,-55.1,REGIONAL,1
-29.9,-53.8,REGIONAL,1
-21.8,-51.3,REGIONAL,1
-19.4,-49.1,REGIONAL,1
-29.5,-53.8,REGIONAL,1
-13.8,-39.6,EXTERNAL,1
-15.5,-43.0,REGIONAL,1
-11.3,-42.3,REGIONAL,1
-9.9,-49.1,REGIONAL,1
-12.8,-49.6,REGIONAL,1
-3.9,-42.4,REGIONAL,1
-22.1,-48.8,EXTERNAL,1
-29.3,-51.8,EXTERNAL,1
-1.9,-60.6,EXTERNAL,1
-20.2,-50.6,REGIONAL,1
-27.9,-55.0,REGIONAL,1
-31.2,-52.9,REGIONAL,1
-2.7,-64.9,REGIONAL,1
-30.8,-55.1,REGIONAL,1
-19.2,-42.7,EXTERNAL,1
-20.7,-45.0,REGIONAL,1
-27.4,-52.6,EXTERNAL,1
-27.7,-53.7,REGIONAL,1
-29.6,-55.5,REGIONAL,1
-9.9,-35.6,REGIONAL,1
-22.7,-50.7,REGIONAL,1
-20.0,-50.1,REGIONAL,1
-22.9,-52.7,REGIONAL,1
-3.2,-51.7,REGIONAL,1
-19.9,-55.4,REGIONAL,1
-23.4,-50.6,REGIONAL,1
-24.4,-52.1,REGIONAL,1
-23.3,-50.9,REGIONAL,1
-21.3,-50.0,REGIONAL,1
-21.6,-50.2,REGIONAL,1
-20.3,-49.7,REGIONAL,1
-23.6,-52.3,EXTERNAL,1
-20.4,-48.0,REGIONAL,1
-18.8,-45.4,REGIONAL,1
-16.9,-49.5,REGIONAL,1
-8.1,-45.3,REGIONAL,1
-17.4,-49.7,REGIONAL,1
-24.3,-51.2,REGIONAL,1
-19.5,-45.8,REGIONAL,1
-17.4,-39.2,EXTERNAL,1
-20.5,-43.2,REGIONAL,1
-8.6,-35.5,REGIONAL,1
-5.6,-46.8,REGIONAL,1
-5.7,-48.2,REGIONAL,1
-16.3,-54.2,REGIONAL,1
-17.7,-45.3,REGIONAL,1
-21.0,-45.4,REGIONAL,1
-10.4,-34.8,REGIONAL,1
-29.2,-52.0,EXTERNAL,1
-16.8,-50.4,REGIONAL,1
-18.5,-42.2,REGIONAL,1
-22.3,-50.0,REGIONAL,1
-8.0,-34.2,REGIONAL,1
-3.7,-59.9,EXTERNAL,1
-25.6,-53.4,EXTERNAL,1
-28.3,-52.2,EXTERNAL,1
-18.3,-45.1,EXTERNAL,1
-7.9,-37.2,EXTERNAL,1
-13.7,-41.6,EXTERNAL,1
-11.3,-42.2,REGIONAL,1
-2.9,-54.8,REGIONAL,1
-15.0,-60.1,REGIONAL,1
-6.5,-68.2,REGIONAL,1
-6.6,-37.8,EXTERNAL,1
-10.4,-54.6,REGIONAL,1
-19.7,-47.6,EXTERNAL,1
-5.7,-49.9,REGIONAL,1
1.5,-61.3,REGIONAL,1
-10.7,-36.7,REGIONAL,1
-13.4,-51.0,REGIONAL,1
-12.6,-39.6,REGIONAL,1
-17.5,-53.2,REGIONAL,1
-3.8,-46.6,REGIONAL,1
-6.0,-61.7,REGIONAL,1
-8.4,-34.9,REGIONAL,1
-8.7,-32.4,REGIONAL,1
-26.2,-50.9,REGIONAL,1
-8.6,-34.2,REGIONAL,1
-1.4,-51.9,REGIONAL,1
-30.8,-51.4,REGIONAL,1
4.8,-60.4,REGIONAL,1
-4.9,-67.0,REGIONAL,1
-24.8,-47.9,REGIONAL,1
-21.3,-51.4,REGIONAL,1
-3.1,-38.8,REGIONAL,1
-10.5,-36.3,REGIONAL,1
1.8,-52.6,REGIONAL,1
-14.3,-44.7,REGIONAL,1
-2.5,-46.6,REGIONAL,1
3.2,-52.2,REGIONAL,1
-14.1,-43.9,EXTERNAL,1
-7.2,-47.3,EXTERNAL,1
-5.3,-29.4,REGIONAL,1
-22.0,-56.3,EXTERNAL,1
-8.0,-43.0,EXTERNAL,1
-10.3,-36.9,EXTERNAL,1
-3.6,-63.0,EXTERNAL,1
0.6,-60.5,REGIONAL,1
-21.2,-54.8,REGIONAL,1
-21.6,-54.5,EXTERNAL,1
-14.5,-56.0,REGIONAL,1
-14.6,-50.0,REGIONAL,1
-1.0,-67.8,EXTERNAL,1
-19.1,-47.0,REGIONAL,1
-22.0,-47.7,REGIONAL,1
-17.0,-42.1,EXTERNAL,1
-15.6,-42.2,REGIONAL,1
-21.0,-43.2,EXTERNAL,1
-13.7,-59.3,EXTERNAL,1
-10.9,-62.2,EXTERNAL,1
-14.8,-57.4,REGIONAL,1
2.1,-48.6,REGIONAL,1
-14.5,-56.1,EXTERNAL,1
-19.7,-51.3,EXTERNAL,1
-16.7,-39.2,REGIONAL,1
-19.3,-55.1,EXTERNAL,1
-9.3,-56.2,REGIONAL,1
-14.4,-56.2,EXTERNAL,1
-13.8,-44.9,REGIONAL,1
-12.4,-46.3,EXTERNAL,1
-22.6,-52.0,EXTERNAL,1
-30.4,-53.6,EXTERNAL,1
-14.1,-41.4,REGIONAL,1
-8.1,-43.7,EXTERNAL,1
-20.6,-54.9,REGIONAL,1
-17.6,-43.2,REGIONAL,1
-8.7,-38.8,REGIONAL,1
-20.1,-40.1,REGIONAL,1
4.6,-49.4,REGIONAL,1
-25.3,-52.1,REGIONAL,1
-24.4,-48.0,EXTERNAL,1
-9.3,-63.0,REGIONAL,1
-2.4,-50.3,REGIONAL,1
-5.7,-35.7,REGIONAL,1
-3.0,-57.8,REGIONAL,1
-20.5,-50.2,REGIONAL,1
-15.7,-49.9,REGIONAL,1
-21.6,-43.8,REGIONAL,1
-30.1,-54.8,EXTERNAL,1
-24.9,-54.1,EXTERNAL,1
-10.0,-62.5,EXTERNAL,1
-22.7,-47.9,EXTERNAL,1
-22.5,-52.5,EXTERNAL,1
-10.8,-40.7,REGIONAL,1
-23.9,-53.4,REGIONAL,1
-11.1,-46.0,REGIONAL,1
-23.3,-52.0,EXTERNAL,1
-0.3,-63.5,REGIONAL,1
-29.0,-53.2,REGIONAL,1
-25.9,-52.4,REGIONAL,1
-19.7,-47.8,EXTERNAL,1
-7.0,-38.7,REGIONAL,1
-16.7,-48.9,EXTERNAL,1
-1.1,-48.3,EXTERNAL,1
-6.9,-49.1,REGIONAL,1
-2.5,-55.2,REGIONAL,1
-3.3,-44.5,REGIONAL,1
-7.4,-73.3,REGIONAL,1
-26.8,-53.4,REGIONAL,1
-16.2,-54.9,REGIONAL,1
-10.8,-61.6,REGIONAL,1
-2.6,-56.9,REGIONAL,1
-7.5,-38.9,REGIONAL,1
-24.1,-52.6,EXTERNAL,1
-1.9,-53.0,REGIONAL,1
-4.7,-63.6,REGIONAL,1
-15.8,-49.6,EXTERNAL,1
-6.3,-35.2,EXTERNAL,1
-12.9,-58.9,REGIONAL,1
0.7,-63.5,REGIONAL,1
-11.5,-56.0,REGIONAL,1
-18.5,-43.7,EXTERNAL,1
-26.6,-50.8,EXTERNAL,1
-2.0,-48.5,REGIONAL,1
-19.7,-42.5,EXTERNAL,1
-8.2,-39.9,EXTERNAL,1
-30.9,-54.8,EXTERNAL,1
-29.1,-53.1,EXTERNAL,1
-23.1,-48.8,EXTERNAL,1
-7.3,-35.6,EXTERNAL,1
-1.5,-45.1,EXTERNAL,1
-9.9,-37.3,EXTERNAL,1
-21.3,-54.3,EXTERNAL,1
-20.1,-57.1,REGIONAL,1
-13.5,-44.2,REGIONAL,1
-8.5,-39.4,REGIONAL,1
-17.8,-52.8,REGIONAL,1
-15.7,-56.8,REGIONAL,1
-10.4,-59.5,REGIONAL,1
-11.1,-65.3,REGIONAL,1
-20.7,-52.5,EXTERNAL,1
-15.3,-41.2,REGIONAL,1
-6.1,-42.2,REGIONAL,1
-30.3,-47.3,REGIONAL,1
-14.1,-59.5,REGIONAL,1
-15.7,-42.2,REGIONAL,1
-14.8,-55.1,REGIONAL,1
-14.5,-56.4,REGIONAL,1
-23.3,-38.6,REGIONAL,1
0.0,-61.7,REGIONAL,1
-3.6,-41.3,REGIONAL,1
41.3,12.9,REGIONAL,1
-5.6,-36.7,REGIONAL,1
-24.3,-43.8,REGIONAL,1
-24.5,-43.7,REGIONAL,1
-8.7,-70.6,REGIONAL,1
-27.9,-53.9,EXTERNAL,1
-2.4,-32.4,REGIONAL,1
-2.1,-31.4,REGIONAL,1
-5.3,-32.1,REGIONAL,1
-17.9,-30.1,REGIONAL,1
-9.8,-35.5,INTERNAL,1
-35.2,-50.2,REGIONAL,1
-18.6,-38.1,REGIONAL,1
-17.1,-35.9,REGIONAL,1
-30.4,-45.8,REGIONAL,1
-33.8,-49.0,REGIONAL,1
-18.8,-37.7,REGIONAL,1
-23.3,-26.8,REGIONAL,1
-5.4,-34.5,REGIONAL,1
-29.2,-46.6,REGIONAL,1
-30.2,-46.2,REGIONAL,1
-30.8,-46.8,REGIONAL,1
-19.6,-38.6,REGIONAL,1
-7.5,-49.2,REGIONAL,1
-20.1,-50.2,EXTERNAL,1
-7.5,-46.5,REGIONAL,1
-16.3,-54.6,EXTERNAL,1
-23.6,-55.0,EXTERNAL,1
-25.8,-40.5,REGIONAL,1
-30.9,-48.2,REGIONAL,1
-20.8,-29.5,REGIONAL,1
-32.2,-47.3,REGIONAL,1
-20.0,-42.2,EXTERNAL,1
-18.7,-31.9,REGIONAL,1
-34.2,-50.2,REGIONAL,1
-24.5,-49.9,EXTERNAL,1
-21.5,-43.4,EXTERNAL,1
-23.1,-42.7,EXTERNAL,1
-23.3,-48.6,EXTERNAL,1
-16.2,-49.6,EXTERNAL,1
-19.7,-47.4,EXTERNAL,1
-8.2,-36.1,REGIONAL,1
-17.1,-45.8,REGIONAL,1
-19.8,-49.3,REGIONAL,1
-17.2,-54.7,REGIONAL,1
-8.8,-42.7,REGIONAL,1
2.2,-53.8,REGIONAL,1
-1.2,-50.6,REGIONAL,1
2.1,-50.6,REGIONAL,1
-11.7,-46.7,EXTERNAL,1
-16.6,-54.3,EXTERNAL,1
-19.1,-57.2,REGIONAL,1
-17.2,-54.6,REGIONAL,1
-19.0,-53.2,REGIONAL,1
-11.9,-63.8,REGIONAL,1
-13.6,-39.0,REGIONAL,1
-5.0,-39.7,REGIONAL,1
-21.5,-46.3,EXTERNAL,1
-11.5,-37.2,INTERNAL,1
-10.1,-40.9,REGIONAL,1
-6.8,-42.3,EXTERNAL,1
-16.8,-45.5,REGIONAL,1
-5.3,-36.2,REGIONAL,1
-22.0,-41.4,REGIONAL,1
-27.9,-50.3,EXTERNAL,1
-24.8,-52.0,REGIONAL,1
-13.3,-51.8,REGIONAL,1
-17.7,-56.7,EXTERNAL,1
-21.0,-41.1,REGIONAL,1
-24.5,-51.9,REGIONAL,1
-10.7,-41.0,REGIONAL,1
-21.2,-43.9,EXTERNAL,1
-8.2,-70.7,EXTERNAL,1
-17.4,-49.3,REGIONAL,1
-29.3,-46.2,INTERNAL,1
-13.9,-44.4,REGIONAL,1
-8.6,-35.1,INTERNAL,1
-5.4,-57.4,REGIONAL,1
-31.5,-51.2,REGIONAL,1
-15.2,-38.1,REGIONAL,1
-25.9,-48.5,INTERNAL,1
-24.0,-52.6,REGIONAL,1
-8.9,-71.1,REGIONAL,1
-12.2,-38.3,REGIONAL,1
-1.4,-56.9,REGIONAL,1
-2.0,-50.5,REGIONAL,1
-21.0,-41.8,REGIONAL,1
-8.6,-67.3,REGIONAL,1
-22.4,-46.2,REGIONAL,1
-15.4,-38.8,INTERNAL,1
-13.4,-38.2,INTERNAL,1
-20.4,-49.7,REGIONAL,1
-19.8,-57.0,REGIONAL,1
-22.7,-40.1,INTERNAL,1
-21.5,-51.3,REGIONAL,1
-12.7,-63.1,REGIONAL,1
-7.9,-68.9,REGIONAL,1
-28.8,-52.3,REGIONAL,1
-16.4,-45.0,REGIONAL,1
-20.4,-44.9,EXTERNAL,1
-9.4,-59.7,REGIONAL,1
-22.8,-45.4,EXTERNAL,1
-27.9,-50.5,REGIONAL,1
-22.7,-39.0,INTERNAL,1
-20.7,-49.2,EXTERNAL,1
-22.8,-44.7,EXTERNAL,1
-20.0,-48.1,EXTERNAL,1
-13.6,-57.9,EXTERNAL,1
-1.4,-47.3,EXTERNAL,1
-3.4,-52.4,REGIONAL,1
3.9,-60.9,REGIONAL,1
-0.0,-50.8,REGIONAL,1
-32.9,-50.6,INTERNAL,1
-22.5,-46.2,EXTERNAL,1
-12.1,-41.2,EXTERNAL,1
-7.5,-34.5,INTERNAL,1
-19.6,-46.7,EXTERNAL,1
-6.6,-37.6,EXTERNAL,1
-26.1,-46.2,INTERNAL,1
-23.6,-49.8,EXTERNAL,1
-25.4,-48.0,INTERNAL,1
-20.7,-47.1,REGIONAL,1
-5.3,-58.2,REGIONAL,1
-20.1,-45.8,EXTERNAL,1
-10.3,-36.0,INTERNAL,1
-14.0,-46.2,INTERNAL,1
-6.9,-44.0,REGIONAL,1
-25.6,-45.4,INTERNAL,1
-22.9,-53.6,REGIONAL,1
-13.6,-56.8,REGIONAL,1
-20.6,-40.2,INTERNAL,1
-4.8,-43.1,REGIONAL,1
-22.5,-48.6,INTERNAL,1
12.2,-70.0,INTERNAL,1
-23.1,-42.5,INTERNAL,1
-29.3,-53.1,INTERNAL,1
-10.6,-26.3,INTERNAL,1
-33.1,-52.0,INTERNAL,1
-14.7,-50.5,REGIONAL,1
-10.8,-38.7,INTERNAL,1
-4.3,-33.2,INTERNAL,1
-17.6,-45.3,REGIONAL,1
-29.3,-50.6,INTERNAL,1
-22.4,-50.6,INTERNAL,1
-10.5,-36.2,INTERNAL,1
-30.6,-53.6,REGIONAL,1
-24.0,-44.8,REGIONAL,1
-15.5,-52.2,EXTERNAL,1
-24.6,-47.3,INTERNAL,1
-15.6,-53.0,REGIONAL,1
-2.0,-67.0,REGIONAL,1
-8.1,-35.7,REGIONAL,1
-10.4,-50.2,REGIONAL,1
-22.8,-49.4,INTERNAL,1
-23.5,-46.3,INTERNAL,1
-5.4,-39.7,REGIONAL,1
-10.0,-55.2,INTERNAL,1
-6.7,-42.5,REGIONAL,1
-12.2,-38.1,REGIONAL,1
0.7,-50.4,REGIONAL,1
-7.0,-42.4,REGIONAL,1
-9.8,-54.9,REGIONAL,1
-4.5,-41.9,REGIONAL,1
-2.4,-65.2,REGIONAL,1
-13.8,-56.3,REGIONAL,1
-7.3,-48.0,REGIONAL,1
-16.4,-48.1,REGIONAL,1
-20.4,-48.5,INTERNAL,1
-23.2,-47.2,INTERNAL,1
-8.1,-49.1,REGIONAL,1
-8.6,-48.7,REGIONAL,1
-3.4,-60.5,REGIONAL,1
-5.6,-48.1,REGIONAL,1
-30.1,-51.5,REGIONAL,1
0.0,-65.5,REGIONAL,1
-10.7,-39.5,REGIONAL,1
-7.2,-37.6,REGIONAL,1
-11.8,-39.1,EXTERNAL,1
-21.6,-42.8,EXTERNAL,1
-0.2,-50.1,REGIONAL,1
-3.0,-51.9,REGIONAL,1
-15.8,-47.0,REGIONAL,1
-6.0,-36.7,REGIONAL,1
-15.3,-49.7,EXTERNAL,1
-7.4,-46.6,EXTERNAL,1
-21.7,-51.4,EXTERNAL,1
-8.7,-36.5,REGIONAL,1
-9.0,-37.6,REGIONAL,1
-23.0,-51.0,REGIONAL,1
-21.1,-50.6,EXTERNAL,1
-21.5,-39.9,REGIONAL,1
-16.9,-47.1,EXTERNAL,1
-14.4,-42.7,EXTERNAL,1
-28.4,-53.1,EXTERNAL,1
-13.0,-58.6,EXTERNAL,1
-9.9,-52.5,EXTERNAL,1
-21.4,-43.0,EXTERNAL,1
-20.4,-41.6,EXTERNAL,1
-28.5,-51.9,EXTERNAL,1
-20.3,-42.1,EXTERNAL,1
-23.5,-49.8,EXTERNAL,1
-20.0,-49.7,INTERNAL,1
-1.4,-48.1,REGIONAL,1
-14.1,-47.7,EXTERNAL,1
-17.2,-44.8,EXTERNAL,1
-28.1,-51.9,EXTERNAL,1
-21.6,-51.0,EXTERNAL,1
-16.3,-48.5,EXTERNAL,1
-21.0,-45.5,EXTERNAL,1
-21.7,-50.0,INTERNAL,1
-2.1,-61.2,REGIONAL,1
-16.0,-46.7,REGIONAL,1
-13.5,-61.0,REGIONAL,1
-23.1,-48.6,REGIONAL,1
-22.2,-47.3,EXTERNAL,1
-18.8,-55.0,EXTERNAL,1
0.9,-60.4,EXTERNAL,1
-23.1,-46.2,EXTERNAL,1
-19.2,-46.6,EXTERNAL,1
-6.9,-40.0,EXTERNAL,1
-2.4,-56.0,EXTERNAL,1
-11.8,-42.6,EXTERNAL,1
-16.5,-40.0,EXTERNAL,1
-23.3,-51.5,EXTERNAL,1
-8.9,-61.6,REGIONAL,1
-30.1,-52.2,EXTERNAL,1
-16.0,-41.0,REGIONAL,1
-12.1,-55.6,REGIONAL,1
-13.1,-42.3,EXTERNAL,1
-12.4,-47.0,REGIONAL,1
-9.3,-37.8,REGIONAL,1
-6.6,-49.8,EXTERNAL,1
-21.2,-56.8,REGIONAL,1
-10.2,-37.1,EXTERNAL,1
-17.9,-41.1,REGIONAL,1
-5.3,-47.7,REGIONAL,1
-4.2,-38.2,REGIONAL,1
-24.2,-44.9,REGIONAL,1
-10.9,-39.6,EXTERNAL,1
-22.3,-48.7,REGIONAL,1
-18.7,-46.5,REGIONAL,1
-22.3,-49.8,REGIONAL,1
-2.7,-57.8,REGIONAL,1
-26.5,-50.6,REGIONAL,1
-19.4,-45.2,REGIONAL,1
-4.9,-53.5,REGIONAL,1
-17.0,-48.3,EXTERNAL,1
-12.7,-41.0,REGIONAL,1
-18.3,-53.0,EXTERNAL,1
-3.5,-44.3,EXTERNAL,1
-3.9,-59.6,REGIONAL,1
-1.6,-56.0,EXTERNAL,1
-0.2,-62.3,REGIONAL,1
-5.3,-35.5,EXTERNAL,1
-4.3,-47.7,EXTERNAL,1
-8.0,-37.8,REGIONAL,1
-6.3,-36.0,EXTERNAL,1
-2.8,-59.9,EXTERNAL,1
-3.6,-44.1,EXTERNAL,1
-8.6,-36.9,EXTERNAL,1
-18.5,-44.2,EXTERNAL,1
0.1,-60.4,REGIONAL,1
-20.2,-48.0,EXTERNAL,1
-15.5,-48.9,EXTERNAL,1
-5.0,-42.6,EXTERNAL,1
-29.7,-57.1,EXTERNAL,1
-9.0,-34.6,EXTERNAL,1
-20.4,-45.3,EXTERNAL,1
-28.0,-49.2,EXTERNAL,1
-14.8,-50.6,EXTERNAL,1
-10.4,-35.0,EXTERNAL,1
-21.0,-43.4,REGIONAL,1
-0.9,-62.0,REGIONAL,1
-2.2,-55.7,REGIONAL,1
-4.2,-40.4,EXTERNAL,1
-16.8,-39.4,REGIONAL,1
-3.0,-40.6,REGIONAL,1
-19.1,-45.7,EXTERNAL,1
-11.1,-55.9,REGIONAL,1
4.1,-29.1,EXTERNAL,1
-7.5,-39.2,EXTERNAL,1
-21.6,-56.3,REGIONAL,1
-12.2,-44.3,EXTERNAL,1
-29.4,-54.4,EXTERNAL,1
-10.3,-41.6,REGIONAL,1
-20.6,-44.4,REGIONAL,1
-3.4,-60.7,REGIONAL,1
-4.7,-56.0,REGIONAL,1
-19.2,-48.6,REGIONAL,1
-11.1,-64.3,REGIONAL,1
-3.5,-47.6,REGIONAL,1
-21.5,-49.3,EXTERNAL,1
-9.9,-62.2,EXTERNAL,1
-27.7,-51.6,EXTERNAL,1
-11.5,-37.5,EXTERNAL,1
-17.5,-47.5,EXTERNAL,1
-27.3,-52.1,EXTERNAL,1
-7.1,-35.7,EXTERNAL,1
-31.6,-53.7,EXTERNAL,1
-21.1,-56.4,EXTERNAL,1
-28.8,-49.9,EXTERNAL,1
-17.7,-43.5,EXTERNAL,1
-18.9,-40.3,EXTERNAL,1
-24.9,-49.2,EXTERNAL,1
-2.4,-47.5,EXTERNAL,1
-19.5,-43.8,EXTERNAL,1
-7.6,-49.3,EXTERNAL,1
-18.4,-50.1,EXTERNAL,1
-23.4,-52.5,EXTERNAL,1
-17.2,-39.3,EXTERNAL,1
-19.5,-27.5,REGIONAL,1
-15.8,-50.1,EXTERNAL,1
-5.1,-36.6,REGIONAL,1
-9.9,-53.2,REGIONAL,1
-11.5,-51.7,EXTERNAL,1
-7.5,-49.0,REGIONAL,1
-9.9,-67.6,EXTERNAL,1
-13.8,-41.6,REGIONAL,1
-19.4,-47.7,REGIONAL,1
1.3,-61.1,EXTERNAL,1
-26.7,-51.3,EXTERNAL,1
-8.5,-41.2,EXTERNAL,1
-27.7,-50.2,EXTERNAL,1
-27.3,-50.9,REGIONAL,1
-20.4,-42.1,REGIONAL,1
-10.1,-48.2,REGIONAL,1
-11.9,-46.5,EXTERNAL,1
-21.6,-43.9,EXTERNAL,1
-6.2,-36.4,EXTERNAL,1
-13.0,-60.5,REGIONAL,1
-12.9,-39.6,REGIONAL,1
-31.9,-52.1,EXTERNAL,1
-24.0,-47.8,EXTERNAL,1
-3.8,-60.9,REGIONAL,1
-6.2,-56.5,REGIONAL,1
-9.4,-57.1,REGIONAL,1
-1.9,-51.4,REGIONAL,1
-11.4,-47.9,REGIONAL,1
-31.3,-52.7,REGIONAL,1
-16.2,-45.3,REGIONAL,1
-3.5,-68.1,REGIONAL,1
-3.1,-47.8,REGIONAL,1
-15.9,-50.0,REGIONAL,1
-21.7,-47.4,REGIONAL,1
-21.2,-51.4,REGIONAL,1
-32.6,-53.2,REGIONAL,1
-20.2,-58.1,EXTERNAL,1
-16.5,-39.7,REGIONAL,1
2.3,-60.5,REGIONAL,1
1.0,-52.0,EXTERNAL,1
-11.1,-41.3,REGIONAL,1
-14.0,-46.0,REGIONAL,1
-29.1,-50.4,INTERNAL,1
-3.9,-53.4,REGIONAL,1
-1.3,-47.7,REGIONAL,1
-2.0,-61.7,REGIONAL,1
-28.4,-50.9,EXTERNAL,1
-3.5,-34.5,REGIONAL,1
1.5,-62.5,REGIONAL,1
-3.5,-41.5,REGIONAL,1
1.5,-51.0,EXTERNAL,1
-1.5,-37.5,REGIONAL,1
-23.5,-42.5,REGIONAL,1
-7.5,-58.5,REGIONAL,1
-14.8,-46.8,REGIONAL,1
0.5,-32.5,REGIONAL,1
-15.9,-38.2,REGIONAL,1
-10.2,-56.6,REGIONAL,1
-19.1,-46.8,REGIONAL,1
-21.5,-45.2,REGIONAL,1
-3.1,-47.5,EXTERNAL,1
-22.3,-42.3,INTERNAL,1
0.8,-52.0,INTERNAL,1
-8.8,-67.3,EXTERNAL,1
-29.7,-55.9,EXTERNAL,1
-20.3,-48.4,REGIONAL,1
-4.6,-66.9,REGIONAL,1
-10.5,-63.7,REGIONAL,1
-15.1,-40.0,REGIONAL,1
-19.7,-56.9,REGIONAL,1
-0.2,-49.2,REGIONAL,1
5.3,-49.0,REGIONAL,1
-19.2,-55.6,REGIONAL,1
-14.1,-59.7,REGIONAL,1
-29.2,-55.5,REGIONAL,1
-5.0,-57.3,REGIONAL,1
-11.0,-55.4,REGIONAL,1
3.6,-62.5,REGIONAL,1
-21.4,-52.2,REGIONAL,1
-13.1,-39.7,REGIONAL,1
-10.2,-65.3,REGIONAL,1
-28.8,-55.7,REGIONAL,1
-30.1,-57.6,REGIONAL,1
-8.3,-61.3,REGIONAL,1
-2.9,-59.5,EXTERNAL,1
-15.6,-50.9,REGIONAL,1
-21.3,-56.7,REGIONAL,1
-9.8,-58.5,REGIONAL,1
-5.8,-49.6,REGIONAL,1
-23.1,-51.5,REGIONAL,1
-2.4,-57.5,REGIONAL,1
-12.6,-55.5,REGIONAL,1
-1.0,-52.8,REGIONAL,1
-30.3,-53.4,REGIONAL,1
-4.2,-52.7,REGIONAL,1
-30.0,-57.3,REGIONAL,1
-27.3,-49.4,EXTERNAL,1
-15.2,-47.5,REGIONAL,1
-31.8,-51.7,REGIONAL,1
-33.8,-53.9,REGIONAL,1
-21.0,-46.8,EXTERNAL,1
-3.5,-44.6,REGIONAL,1
-12.4,-40.9,REGIONAL,1
-9.6,-63.3,EXTERNAL,1
-18.6,-51.9,REGIONAL,1
-16.1,-39.0,EXTERNAL,1
-6.7,-42.8,EXTERNAL,1
-10.3,-36.8,EXTERNAL,1
-27.3,-4.8,REGIONAL,1
-28.4,-4.1,REGIONAL,1
-26.2,-5.1,REGIONAL,1
42.0,-93.0,REGIONAL,1
-4.9,-29.2,REGIONAL,1
-5.1,-30.0,REGIONAL,1
-16.6,-54.6,REGIONAL,1
-1.4,-50.7,REGIONAL,1
-15.7,-49.3,REGIONAL,1
-4.8,-55.0,REGIONAL,1
-19.9,-49.1,REGIONAL,1
-12.6,-41.9,REGIONAL,1
-15.0,-42.5,REGIONAL,1
1.3,-60.8,REGIONAL,1
-20.5,-49.7,REGIONAL,1
-1.0,-67.7,REGIONAL,1
-19.7,-57.2,REGIONAL,1
-18.3,-45.2,REGIONAL,1
-12.5,-41.1,REGIONAL,1
-12.6,-52.9,REGIONAL,1
-7.5,-73.3,REGIONAL,1
-11.4,-39.2,REGIONAL,1
1.7,-67.2,REGIONAL,1
-19.5,-41.5,REGIONAL,1
-3.6,-60.8,REGIONAL,1
-19.4,-45.8,EXTERNAL,1
-11.6,-46.3,REGIONAL,1
-6.8,-40.8,EXTERNAL,1
-22.9,-47.4,EXTERNAL,1
-4.6,-38.3,EXTERNAL,1
-22.1,-53.8,EXTERNAL,1
-10.2,-36.6,EXTERNAL,1
-21.1,-42.6,EXTERNAL,1
-8.9,-35.1,EXTERNAL,1
-8.3,-49.8,REGIONAL,1
-6.9,-41.5,EXTERNAL,1
-28.7,-52.8,EXTERNAL,1
-28.6,-53.1,EXTERNAL,1
-12.1,-38.5,EXTERNAL,1
-20.4,-47.1,EXTERNAL,1
-17.0,-39.7,REGIONAL,1
-5.8,-52.7,REGIONAL,1
-3.0,-66.8,REGIONAL,1
-6.3,-35.5,EXTERNAL,1
-27.9,-53.1,EXTERNAL,1
-11.7,-61.7,EXTERNAL,1
-4.4,-39.0,EXTERNAL,1
0.3,-50.1,REGIONAL,1
-22.6,-43.9,INTERNAL,1
-17.1,-53.6,REGIONAL,1
-20.7,-39.6,REGIONAL,1
-20.3,-39.7,REGIONAL,1
-9.2,-45.0,REGIONAL,1
-28.1,-50.0,REGIONAL,1
-8.5,-59.6,REGIONAL,1
-24.2,-44.7,REGIONAL,1
-13.7,-38.5,REGIONAL,1
-2.1,-48.8,REGIONAL,1
-5.9,-67.9,REGIONAL,1
-25.2,-46.2,REGIONAL,1
-6.2,-36.2,EXTERNAL,1
-12.9,-41.1,EXTERNAL,1
-9.6,-64.0,EXTERNAL,1
3.0,-51.4,REGIONAL,1
-21.2,-44.3,EXTERNAL,1
-14.8,-58.1,REGIONAL,1
-8.4,-64.1,REGIONAL,1
-8.8,-39.8,INTERNAL,1
-7.0,-46.2,INTERNAL,1
-4.6,-38.2,REGIONAL,1
-23.7,-47.7,REGIONAL,1
-20.0,-49.0,REGIONAL,1
-10.9,-55.6,REGIONAL,1
-18.4,-53.4,REGIONAL,1
-5.8,-35.0,REGIONAL,1
-2.6,-44.4,REGIONAL,1
-26.4,-52.2,REGIONAL,1
-15.8,-43.9,REGIONAL,1
-5.6,-47.2,REGIONAL,1
-26.1,-52.9,EXTERNAL,1
-28.2,-52.8,REGIONAL,1
-9.8,-37.2,REGIONAL,1
-17.9,-54.6,REGIONAL,1
-11.4,-61.9,REGIONAL,1
5.2,-60.4,REGIONAL,1
-27.3,-51.1,REGIONAL,1
-28.6,-51.6,EXTERNAL,1
-29.5,-53.5,EXTERNAL,1
-1.6,-52.7,REGIONAL,1
-18.4,-48.1,REGIONAL,1
-3.4,-54.2,EXTERNAL,1
-11.9,-55.9,EXTERNAL,1
-20.7,-54.0,REGIONAL,1
-2.4,-43.2,REGIONAL,1
-7.0,-40.0,REGIONAL,1
-12.5,-46.6,REGIONAL,1
-26.8,-52.0,REGIONAL,1
-14.6,-47.5,REGIONAL,1
-29.9,-52.4,EXTERNAL,1
0.0,-59.6,REGIONAL,1
-25.3,-52.5,EXTERNAL,1
-13.2,-58.0,REGIONAL,1
-12.1,-39.5,EXTERNAL,1
-9.4,-56.7,REGIONAL,1
-28.4,-51.5,EXTERNAL,1
-30.6,-56.1,REGIONAL,1
-16.6,-40.8,EXTERNAL,1
-16.0,-56.3,REGIONAL,1
-23.9,-50.4,REGIONAL,1
-3.9,-41.7,EXTERNAL,1
-18.9,-47.6,REGIONAL,1
-18.7,-46.0,EXTERNAL,1
-28.6,-52.5,REGIONAL,1
-27.5,-53.7,REGIONAL,1
-28.5,-52.4,REGIONAL,1
-21.0,-50.2,REGIONAL,1
-20.7,-45.2,REGIONAL,1
-24.2,-51.9,REGIONAL,1
-24.0,-53.6,REGIONAL,1
-21.5,-49.8,REGIONAL,1
-18.4,-43.2,REGIONAL,1
-21.5,-50.3,REGIONAL,1
-6.6,-47.4,EXTERNAL,1
-6.7,-39.1,EXTERNAL,1
-21.4,-50.3,REGIONAL,1
-31.7,-52.6,EXTERNAL,1
-20.6,-50.6,EXTERNAL,1
-16.7,-54.8,EXTERNAL,1
-18.1,-50.2,REGIONAL,1
-23.0,-53.5,REGIONAL,1
-15.1,-49.6,EXTERNAL,1
-23.5,-49.4,REGIONAL,1
-23.2,-50.8,REGIONAL,1
-16.3,-53.8,EXTERNAL,1
-21.1,-51.2,EXTERNAL,1
-4.1,-43.3,REGIONAL,1
-16.2,-49.1,EXTERNAL,1
-22.6,-44.7,EXTERNAL,1
-9.4,-37.6,REGIONAL,1
-14.1,-40.2,EXTERNAL,1
-18.8,-42.4,EXTERNAL,1
-17.5,-52.1,REGIONAL,1
-16.1,-49.3,REGIONAL,1
-14.4,-49.7,EXTERNAL,1
-12.2,-40.4,REGIONAL,1
-14.7,-49.4,REGIONAL,1
-12.7,-39.2,REGIONAL,1
-13.1,-39.0,REGIONAL,1
-11.6,-39.5,REGIONAL,1
-6.9,-34.4,REGIONAL,1
-26.3,-50.2,EXTERNAL,1
-9.6,-50.4,EXTERNAL,1
-20.4,-43.6,EXTERNAL,1
-28.9,-51.7,EXTERNAL,1
-11.6,-43.3,EXTERNAL,1
-10.3,-64.6,REGIONAL,1
-4.1,-51.7,REGIONAL,1
-7.5,-32.6,REGIONAL,1
-19.5,-42.4,REGIONAL,1
-8.4,-70.9,REGIONAL,1
-20.1,-45.5,REGIONAL,1
-19.7,-45.2,REGIONAL,1
-12.6,-56.5,EXTERNAL,1
-4.3,-56.2,EXTERNAL,1
-0.6,-52.6,REGIONAL,1
-9.8,-39.2,EXTERNAL,1
-5.3,-41.5,REGIONAL,1
-27.8,-45.2,REGIONAL,1
-16.0,-46.1,REGIONAL,1
-21.0,-53.9,EXTERNAL,1
-12.4,-59.6,EXTERNAL,1
-16.0,-52.0,EXTERNAL,1
-10.2,-32.2,REGIONAL,1
-1.1,-54.2,REGIONAL,1
-14.5,-47.3,EXTERNAL,1
3.0,-51.0,EXTERNAL,1
-8.9,-32.0,REGIONAL,1
-1.3,-61.8,EXTERNAL,1
-7.1,-38.7,REGIONAL,1
-10.8,-37.8,REGIONAL,1
-14.6,-43.5,EXTERNAL,1
-31.2,-54.3,REGIONAL,1
-7.7,-44.7,REGIONAL,1
-21.7,-46.0,REGIONAL,1
-11.9,-63.9,REGIONAL,1
-8.9,-31.7,REGIONAL,1
-27.1,-51.9,EXTERNAL,1
-7.9,-33.3,REGIONAL,1
-3.4,-38.9,REGIONAL,1
-23.7,-45.0,REGIONAL,1
-5.1,-50.1,REGIONAL,1
-26.1,-53.2,REGIONAL,1
-18.6,-40.0,REGIONAL,1
-7.3,-32.2,REGIONAL,1
-8.0,-43.9,REGIONAL,1
-14.4,-43.3,EXTERNAL,1
-7.1,-31.7,REGIONAL,1
-16.4,-46.3,EXTERNAL,1
-16.1,-57.5,EXTERNAL,1
-18.0,-56.0,EXTERNAL,1
-12.0,-43.4,REGIONAL,1
-7.1,-31.8,REGIONAL,1
-7.8,-36.5,REGIONAL,1
-5.5,-36.0,REGIONAL,1
-6.8,-40.7,REGIONAL,1
-13.2,-60.8,EXTERNAL,1
-18.3,-48.2,EXTERNAL,1
-14.1,-39.8,EXTERNAL,1
-11.7,-63.8,REGIONAL,1
-13.4,-51.1,REGIONAL,1
-1.7,-56.4,REGIONAL,1
-9.5,-58.4,REGIONAL,1
-28.2,-49.6,EXTERNAL,1
-5.9,-50.1,REGIONAL,1
-15.2,-44.7,REGIONAL,1
-22.0,-44.5,REGIONAL,1
-2.8,-56.7,REGIONAL,1
-30.1,-52.8,REGIONAL,1
-8.3,-32.3,REGIONAL,1
-16.8,-43.3,REGIONAL,1
-21.9,-43.7,REGIONAL,1
-10.5,-61.6,REGIONAL,1
-13.4,-51.3,REGIONAL,1
-3.7,-58.3,REGIONAL,1
-5.1,-37.1,REGIONAL,1
-29.9,-57.1,REGIONAL,1
-16.8,-57.5,REGIONAL,1
-14.2,-51.8,REGIONAL,1
-20.1,-42.4,EXTERNAL,1
-25.2,-52.7,EXTERNAL,1
-14.2,-42.2,EXTERNAL,1
3.9,-61.2,REGIONAL,1
-27.9,-54.1,EXTERNAL,1
-22.9,-52.2,EXTERNAL,1
-17.7,-39.4,REGIONAL,1
-17.5,-40.1,EXTERNAL,1
-19.6,-53.0,REGIONAL,1
-1.4,-46.5,EXTERNAL,1
-29.0,-53.7,REGIONAL,1
-5.6,-36.8,REGIONAL,1
-7.1,-43.2,REGIONAL,1
-13.3,-39.9,REGIONAL,1
-2.4,-65.7,REGIONAL,1
-28.3,-50.8,REGIONAL,1
-17.1,-43.7,REGIONAL,1
4.4,-61.0,REGIONAL,1
-20.8,-32.8,INTERNAL,1
-23.1,-49.8,REGIONAL,1
-16.0,-54.8,REGIONAL,1
-20.0,-42.4,EXTERNAL,1
-14.9,-39.2,REGIONAL,1
-15.0,-56.8,REGIONAL,1
-14.3,-51.8,REGIONAL,1
-20.0,-51.1,REGIONAL,1
-7.2,-55.6,REGIONAL,1
-13.3,-39.6,REGIONAL,1
-20.2,-47.2,EXTERNAL,1
-17.8,-46.2,EXTERNAL,1
-5.9,-38.6,EXTERNAL,1
-20.5,-48.1,EXTERNAL,1
-20.4,-56.8,REGIONAL,1
-26.8,-47.6,INTERNAL,1
-16.7,-46.8,EXTERNAL,1
-20.8,-43.3,EXTERNAL,1
-20.0,-47.5,EXTERNAL,1
-10.2,-36.8,EXTERNAL,1
-29.1,-49.5,EXTERNAL,1
-23.1,-52.0,EXTERNAL,1
-30.0,-47.8,INTERNAL,1
-21.8,-42.6,REGIONAL,1
-2.4,-45.8,EXTERNAL,1
-19.2,-44.0,EXTERNAL,1
-21.5,-48.8,EXTERNAL,1
-0.8,-48.0,EXTERNAL,1
-16.9,-36.9,INTERNAL,1
-5.3,-36.7,EXTERNAL,1
-23.4,-49.4,REGIONAL,1
-18.9,-37.7,INTERNAL,1
-5.6,-39.5,REGIONAL,1
-18.4,-43.5,EXTERNAL,1
-19.3,-49.7,REGIONAL,1
-7.9,-48.1,REGIONAL,1
-29.8,-55.9,REGIONAL,1
-18.9,-49.4,REGIONAL,1
-26.9,-51.3,REGIONAL,1
-8.3,-37.9,REGIONAL,1
-24.2,-43.0,REGIONAL,1
-12.2,-39.4,REGIONAL,1
-14.2,-44.0,REGIONAL,1
-17.9,-37.0,INTERNAL,1
-11.3,-50.6,REGIONAL,1
-14.5,-40.5,REGIONAL,1
-10.8,-38.2,REGIONAL,1
-13.4,-37.1,INTERNAL,1
-15.2,-58.1,REGIONAL,1
-30.4,-47.9,REGIONAL,1
-9.8,-37.0,REGIONAL,1
-23.9,-38.8,INTERNAL,1
-10.5,-40.5,EXTERNAL,1
-6.8,-50.5,EXTERNAL,1
-13.2,-56.9,REGIONAL,1
-11.4,-48.7,REGIONAL,1
3.1,-48.6,EXTERNAL,1
-17.7,-39.0,REGIONAL,1
-19.4,-47.5,EXTERNAL,1
-21.1,-46.5,REGIONAL,1
-18.6,-38.0,REGIONAL,1
-35.1,-50.9,REGIONAL,1
-35.3,-50.8,REGIONAL,1
-2.4,-32.8,REGIONAL,1
-2.5,-31.7,REGIONAL,1
-5.5,-31.1,REGIONAL,1
-21.0,-37.0,REGIONAL,1
-20.6,-38.2,REGIONAL,1
-18.4,-27.5,REGIONAL,1
-23.4,-38.2,REGIONAL,1
-33.3,-51.7,REGIONAL,1
-34.8,-50.0,REGIONAL,1
-35.1,-49.6,REGIONAL,1
-18.4,-37.7,REGIONAL,1
-3.5,-34.9,REGIONAL,1
-31.0,-48.3,REGIONAL,1
-8.5,-32.8,REGIONAL,1
-11.6,-34.8,REGIONAL,1
-29.0,-45.6,REGIONAL,1
-16.9,-36.5,REGIONAL,1
-3.1,-59.9,INTERNAL,1
-26.7,-53.0,EXTERNAL,1
-20.9,-47.8,EXTERNAL,1
-16.5,-46.0,REGIONAL,1
-22.0,-42.1,INTERNAL,1
-16.3,-48.2,INTERNAL,1
-2.9,-44.0,EXTERNAL,1
-31.9,-49.2,REGIONAL,1
-6.3,-30.0,REGIONAL,1
-16.9,-36.0,REGIONAL,1
-19.0,-30.2,REGIONAL,1
-21.3,-32.6,REGIONAL,1
-34.7,-49.8,REGIONAL,1
-28.4,-52.8,EXTERNAL,1
-1.6,-60.0,REGIONAL,1
-20.8,-46.3,EXTERNAL,1
-12.8,-39.8,EXTERNAL,1
-22.5,-55.2,REGIONAL,1
-17.3,-43.9,REGIONAL,1
-18.9,-36.0,INTERNAL,1
-15.1,-50.5,REGIONAL,1
-25.5,-53.7,REGIONAL,1
-28.6,-50.6,EXTERNAL,1
-12.2,-48.5,REGIONAL,1
-9.9,-59.6,REGIONAL,1
-12.7,-41.8,EXTERNAL,1
-13.6,-40.5,REGIONAL,1
-22.0,-48.3,REGIONAL,1
-31.0,-50.5,INTERNAL,1
-20.4,-46.2,REGIONAL,1
-18.2,-49.1,EXTERNAL,1
-20.2,-41.9,REGIONAL,1
-3.5,-55.0,REGIONAL,1
-9.6,-36.2,EXTERNAL,1
4.5,-50.0,INTERNAL,1
-2.7,-59.3,EXTERNAL,1
-17.6,-38.4,INTERNAL,1
-24.9,-45.8,INTERNAL,1
-25.7,-50.7,EXTERNAL,1
-1.3,-51.7,REGIONAL,1
-23.7,-44.3,INTERNAL,1
0.7,-51.8,REGIONAL,1
-22.5,-50.1,REGIONAL,1
-31.3,-50.5,INTERNAL,1
-31.4,-50.4,INTERNAL,1
6.2,-49.7,REGIONAL,1
-30.9,-50.0,INTERNAL,1
-10.3,-39.8,REGIONAL,1
-2.9,-38.8,INTERNAL,1
-17.6,-56.6,REGIONAL,1
-24.3,-49.4,REGIONAL,1
-20.6,-48.5,REGIONAL,1
-29.5,-55.1,REGIONAL,1
-20.7,-49.5,REGIONAL,1
-7.5,-36.2,REGIONAL,1
-16.2,-42.4,REGIONAL,1
-5.0,-50.0,INTERNAL,1
-21.0,-41.9,EXTERNAL,1
-1.5,-60.0,REGIONAL,1
-20.4,-36.6,INTERNAL,1
-2.5,-45.8,REGIONAL,1
-23.8,-53.8,EXTERNAL,1
-16.2,-47.8,REGIONAL,1
-25.2,-50.9,EXTERNAL,1
-17.9,-46.4,REGIONAL,1
-11.0,-45.2,EXTERNAL,1
-16.2,-56.3,REGIONAL,1
-8.9,-45.0,REGIONAL,1
-25.1,-50.7,EXTERNAL,1
-11.7,-54.4,EXTERNAL,1
-11.6,-51.0,EXTERNAL,1
-7.7,-37.9,EXTERNAL,1
-17.6,-41.8,EXTERNAL,1
-27.2,-52.3,EXTERNAL,1
-15.1,-51.1,EXTERNAL,1
-22.0,-45.6,REGIONAL,1
-11.7,-62.0,EXTERNAL,1
-17.3,-44.2,EXTERNAL,1
-1.9,-55.1,EXTERNAL,1
-15.1,-41.3,EXTERNAL,1
-22.8,-54.2,EXTERNAL,1
-20.9,-54.6,EXTERNAL,1
-9.8,-67.2,EXTERNAL,1
-15.2,-56.5,EXTERNAL,1
-19.6,-40.1,EXTERNAL,1
-19.2,-48.1,EXTERNAL,1
-14.3,-43.7,REGIONAL,1
-7.9,-34.2,EXTERNAL,1
-7.1,-36.0,EXTERNAL,1
-12.5,-43.1,REGIONAL,1
-22.6,-45.6,EXTERNAL,1
-18.1,-54.5,EXTERNAL,1
-17.2,-50.9,EXTERNAL,1
-6.7,-35.5,REGIONAL,1
-30.9,-52.6,EXTERNAL,1
-26.9,-49.5,EXTERNAL,1
-20.1,-47.5,EXTERNAL,1
-1.1,-47.8,EXTERNAL,1
-10.8,-39.4,EXTERNAL,1
-21.1,-50.5,EXTERNAL,1
-11.6,-42.5,REGIONAL,1
-17.3,-39.9,EXTERNAL,1
-19.7,-50.3,REGIONAL,1
-23.3,-42.7,REGIONAL,1
-6.2,-43.8,EXTERNAL,1
-9.9,-56.3,INTERNAL,1
-20.7,-48.1,INTERNAL,1
-17.6,-57.7,REGIONAL,1
-23.1,-49.1,INTERNAL,1
-20.3,-40.6,INTERNAL,1
-18.0,-49.0,REGIONAL,1
-21.4,-50.5,INTERNAL,1
-24.9,-43.1,INTERNAL,1
-3.9,-37.7,INTERNAL,1
-12.5,-60.2,REGIONAL,1
-12.5,-40.0,EXTERNAL,1
-22.7,-47.5,INTERNAL,1
-7.6,-48.9,REGIONAL,1
-23.2,-47.1,INTERNAL,1
-21.8,-48.4,REGIONAL,1
-14.2,-44.4,INTERNAL,1
-12.1,-39.9,REGIONAL,1
4.4,-60.4,REGIONAL,1
-20.7,-56.4,REGIONAL,1
-24.7,-44.1,INTERNAL,1
-23.3,-48.5,REGIONAL,1
-10.9,-62.4,EXTERNAL,1
-1.1,-47.1,REGIONAL,1
-7.6,-42.6,REGIONAL,1
-23.4,-47.1,INTERNAL,1
-21.2,-49.4,EXTERNAL,1
-3.7,-38.4,INTERNAL,1
-10.8,-68.3,INTERNAL,1
-7.2,-42.5,REGIONAL,1
-12.9,-39.1,REGIONAL,1
-6.2,-35.4,REGIONAL,1
-14.3,-44.3,REGIONAL,1
-12.5,-60.4,REGIONAL,1
-20.5,-56.1,REGIONAL,1
-13.5,-39.9,REGIONAL,1
-13.0,-51.8,REGIONAL,1
-6.4,-47.7,EXTERNAL,1
-4.8,-48.0,EXTERNAL,1
-13.7,-39.4,REGIONAL,1
-5.0,-48.6,EXTERNAL,1
-3.5,-60.7,REGIONAL,1
-11.4,-38.6,EXTERNAL,1
-16.9,-56.9,EXTERNAL,1
-8.8,-48.9,REGIONAL,1
-7.7,-34.9,REGIONAL,1
-22.5,-49.3,INTERNAL,1
-14.6,-40.5,EXTERNAL,1
-31.1,-54.6,REGIONAL,1
-25.3,-51.0,EXTERNAL,1
-3.6,-61.4,REGIONAL,1
-21.8,-45.6,REGIONAL,1
-7.4,-40.2,REGIONAL,1
-7.4,-37.4,EXTERNAL,1
-7.4,-38.3,REGIONAL,1
-18.0,-27.8,EXTERNAL,1
-3.6,-38.9,EXTERNAL,1
-23.0,-51.1,EXTERNAL,1
-1.6,-49.6,EXTERNAL,1
-7.9,-48.9,REGIONAL,1
-13.1,-48.6,REGIONAL,1
-16.3,-55.0,EXTERNAL,1
-9.7,-37.8,EXTERNAL,1
-11.9,-39.0,EXTERNAL,1
-16.8,-53.8,EXTERNAL,1
-25.0,-50.4,EXTERNAL,1
-27.6,-54.0,EXTERNAL,1
-13.4,-39.0,EXTERNAL,1
-11.6,-39.0,EXTERNAL,1
-21.3,-48.6,EXTERNAL,1
-4.0,-39.6,EXTERNAL,1
-28.4,-51.8,EXTERNAL,1
-3.7,-42.8,EXTERNAL,1
-20.3,-44.3,EXTERNAL,1
-20.4,-43.0,EXTERNAL,1
-3.1,-55.1,REGIONAL,1
-16.4,-40.3,REGIONAL,1
-1.0,-46.2,REGIONAL,1
-3.4,-44.3,REGIONAL,1
-13.7,-40.0,EXTERNAL,1
-24.9,-53.8,REGIONAL,1
-26.1,-49.5,REGIONAL,1
-20.6,-44.6,EXTERNAL,1
2.7,-60.4,EXTERNAL,1
-20.6,-51.0,REGIONAL,1
-10.1,-36.7,REGIONAL,1
-2.9,-47.2,REGIONAL,1
-10.0,-68.3,REGIONAL,1
-3.7,-54.9,EXTERNAL,1
-20.5,-53.0,REGIONAL,1
-25.1,-52.0,REGIONAL,1
-28.4,-53.6,EXTERNAL,1
-8.3,-69.1,REGIONAL,1
-15.9,-41.5,REGIONAL,1
-10.6,-49.9,REGIONAL,1
-19.5,-41.3,REGIONAL,1
-2.4,-42.9,REGIONAL,1
-25.1,-49.1,REGIONAL,1
-0.3,-52.5,REGIONAL,1
-18.4,-53.7,REGIONAL,1
-22.8,-49.7,REGIONAL,1
-23.1,-48.1,REGIONAL,1
-24.0,-45.8,REGIONAL,1
-25.5,-50.5,REGIONAL,1
-5.7,-50.5,REGIONAL,1
-19.4,-50.4,REGIONAL,1
-30.8,-55.3,EXTERNAL,1
-5.7,-67.9,REGIONAL,1
-14.6,-44.2,EXTERNAL,1
-11.5,-41.4,EXTERNAL,1
-10.0,-33.1,REGIONAL,1
-9.8,-62.2,EXTERNAL,1
-12.1,-45.9,EXTERNAL,1
-15.2,-51.6,REGIONAL,1
-21.4,-45.6,REGIONAL,1
-24.9,-50.2,EXTERNAL,1
-6.4,-44.5,EXTERNAL,1
-20.6,-40.7,EXTERNAL,1
-11.7,-41.9,EXTERNAL,1
-18.4,-46.0,EXTERNAL,1
-15.3,-47.5,EXTERNAL,1
-12.3,-38.0,EXTERNAL,1
-1.8,-60.1,EXTERNAL,1
-25.2,-54.3,EXTERNAL,1
-4.9,-42.2,EXTERNAL,1
-23.9,-49.0,EXTERNAL,1
-28.7,-54.9,EXTERNAL,1
-22.7,-49.8,EXTERNAL,1
-5.6,-35.7,EXTERNAL,1
-7.4,-63.2,REGIONAL,1
-24.1,-49.7,REGIONAL,1
-7.4,-37.2,EXTERNAL,1
-22.3,-44.2,EXTERNAL,1
-17.5,-50.7,EXTERNAL,1
-26.0,-52.3,REGIONAL,1
-15.1,-40.8,EXTERNAL,1
-15.7,-49.0,EXTERNAL,1
-1.9,-59.8,REGIONAL,1
-6.7,-37.4,EXTERNAL,1
-22.4,-45.0,INTERNAL,1
-21.3,-45.9,EXTERNAL,1
-11.0,-65.2,REGIONAL,1
-8.0,-63.6,REGIONAL,1
1.1,-53.6,INTERNAL,1
-17.1,-45.4,REGIONAL,1
-22.6,-52.6,EXTERNAL,1
-7.3,-40.6,EXTERNAL,1
-12.3,-42.0,REGIONAL,1
-11.4,-61.9,EXTERNAL,1
-25.8,-52.8,EXTERNAL,1
-18.0,-54.9,REGIONAL,1
-26.3,-52.7,EXTERNAL,1
-19.3,-42.7,EXTERNAL,1
-24.0,-52.3,EXTERNAL,1
-20.5,-25.5,REGIONAL,1
-7.6,-38.7,REGIONAL,1
-24.5,-41.5,REGIONAL,1
-24.5,-40.5,REGIONAL,1
-27.1,-53.2,EXTERNAL,1
-12.9,-39.7,REGIONAL,1
-21.5,-48.1,EXTERNAL,1
-22.5,-45.9,EXTERNAL,1
-13.1,-60.9,EXTERNAL,1
-7.0,-41.4,EXTERNAL,1
-16.4,-46.3,REGIONAL,1
-11.5,-50.3,REGIONAL,1
-17.9,-49.0,REGIONAL,1
-4.8,-49.2,REGIONAL,1
-10.8,-62.3,REGIONAL,1
-21.7,-47.4,EXTERNAL,1
-3.3,-52.5,EXTERNAL,1
-18.5,-46.7,REGIONAL,1
-26.1,-52.9,REGIONAL,1
-14.8,-52.0,REGIONAL,1
-15.6,-54.0,REGIONAL,1
-8.1,-34.0,REGIONAL,1
-2.0,-52.0,REGIONAL,1
-19.6,-42.2,EXTERNAL,1
-16.1,-49.3,EXTERNAL,1
-17.0,-49.4,EXTERNAL,1
-13.7,-61.2,REGIONAL,1
-3.2,-59.3,REGIONAL,1
-19.9,-46.0,EXTERNAL,1
-23.1,-46.9,INTERNAL,1
-7.3,-70.0,REGIONAL,1
-19.4,-45.4,REGIONAL,1
-14.4,-43.3,REGIONAL,1
-16.1,-46.4,EXTERNAL,1
-21.9,-43.9,EXTERNAL,1
-21.4,-48.5,INTERNAL,1
-14.5,-39.0,INTERNAL,1
-10.6,-49.9,EXTERNAL,1
-6.7,-51.2,REGIONAL,1
-21.1,-50.9,INTERNAL,1
-5.1,-35.5,INTERNAL,1
-9.4,-58.9,EXTERNAL,1
-19.2,-44.6,REGIONAL,1
-23.0,-46.6,INTERNAL,1
-24.0,-48.9,INTERNAL,1
-21.3,-48.7,INTERNAL,1
-21.5,-46.7,INTERNAL,1
-20.7,-35.4,INTERNAL,1
-9.1,-39.9,INTERNAL,1
-5.2,-55.6,REGIONAL,1
-23.5,-45.7,EXTERNAL,1
-6.2,-35.4,EXTERNAL,1
-22.1,-52.0,INTERNAL,1
-21.8,-46.9,INTERNAL,1
-24.3,-46.9,INTERNAL,1
-7.7,-35.4,EXTERNAL,1
-9.9,-34.2,REGIONAL,1
-21.0,-43.4,EXTERNAL,1
-20.8,-56.7,INTERNAL,1
-2.5,-57.2,REGIONAL,1
-10.4,-35.0,REGIONAL,1
-29.8,-49.9,EXTERNAL,1
-7.5,-33.0,REGIONAL,1
-11.9,-41.5,EXTERNAL,1
-23.1,-51.5,EXTERNAL,1
-12.3,-37.6,REGIONAL,1
-11.9,-41.6,EXTERNAL,1
-25.4,-51.0,EXTERNAL,1
-22.4,-50.4,EXTERNAL,1
1.8,-47.5,REGIONAL,1
-7.1,-37.7,EXTERNAL,1
-30.3,-53.3,EXTERNAL,1
-7.1,-40.6,EXTERNAL,1
-30.6,-51.8,EXTERNAL,1
-4.6,-38.2,EXTERNAL,1
-21.4,-49.3,EXTERNAL,1
-8.1,-34.1,REGIONAL,1
-23.7,-48.9,EXTERNAL,1
-21.6,-51.6,EXTERNAL,1
-21.8,-42.6,EXTERNAL,1
-17.6,-40.3,EXTERNAL,1
-16.7,-42.0,REGIONAL,1
-10.1,-36.1,EXTERNAL,1
-20.7,-43.2,EXTERNAL,1
-23.1,-49.8,EXTERNAL,1
-4.7,-65.0,REGIONAL,1
-1.0,-49.9,EXTERNAL,1
-5.6,-44.3,EXTERNAL,1
-13.4,-44.2,EXTERNAL,1
-16.9,-44.9,EXTERNAL,1
-22.3,-54.7,EXTERNAL,1
-29.7,-55.9,REGIONAL,1
-2.5,-43.0,REGIONAL,1
-11.0,-38.5,REGIONAL,1
-7.8,-33.0,REGIONAL,1
-15.2,-59.1,REGIONAL,1
-31.0,-55.8,REGIONAL,1
-8.2,-63.4,REGIONAL,1
-20.6,-54.1,REGIONAL,1
-19.5,-47.7,REGIONAL,1
-16.1,-57.5,REGIONAL,1
-30.9,-51.7,REGIONAL,1
-26.3,-50.2,REGIONAL,1
-9.2,-55.0,REGIONAL,1
-5.2,-43.4,REGIONAL,1
-8.1,-31.7,REGIONAL,1
-2.3,-47.0,REGIONAL,1
-21.6,-47.4,REGIONAL,1
-10.3,-38.8,REGIONAL,1
-30.1,-52.8,EXTERNAL,1
-21.2,-46.0,EXTERNAL,1
-7.4,-45.9,EXTERNAL,1
-5.2,-39.7,REGIONAL,1
-19.9,-42.9,EXTERNAL,1
-29.7,-52.0,REGIONAL,1
-20.3,-44.8,EXTERNAL,1
-14.5,-47.3,REGIONAL,1
-3.3,-60.1,EXTERNAL,1
-8.1,-34.2,REGIONAL,1
-3.2,-65.9,REGIONAL,1
-3.6,-60.6,REGIONAL,1
-21.7,-52.1,REGIONAL,1
-6.5,-48.2,REGIONAL,1
-18.3,-45.2,EXTERNAL,1
-11.0,-46.8,REGIONAL,1
-7.5,-48.0,REGIONAL,1
-22.0,-48.5,REGIONAL,1
-3.5,-47.4,REGIONAL,1
-2.0,-48.1,REGIONAL,1
-7.9,-32.7,REGIONAL,1
-21.8,-43.6,REGIONAL,1
-9.0,-57.1,REGIONAL,1
-1.5,-51.9,REGIONAL,1
-2.6,-61.2,REGIONAL,1
-15.2,-57.6,REGIONAL,1
-12.9,-50.6,REGIONAL,1
-11.6,-49.9,REGIONAL,1
-13.4,-40.9,REGIONAL,1
-1.9,-48.0,REGIONAL,1
-24.1,-51.8,REGIONAL,1
0.1,-27.8,EXTERNAL,1
-22.0,-45.2,REGIONAL,1
-14.0,-60.3,REGIONAL,1
-8.9,-35.4,EXTERNAL,1
-20.1,-52.9,REGIONAL,1
-19.5,-45.0,REGIONAL,1
-4.5,-56.3,EXTERNAL,1
-13.7,-41.4,EXTERNAL,1
-6.8,-34.6,INTERNAL,1
-2.2,-57.0,REGIONAL,1
-32.1,-48.0,REGIONAL,1
-23.1,-37.9,REGIONAL,1
-31.2,-48.4,REGIONAL,1
-30.5,-47.0,REGIONAL,1
-18.9,-36.3,REGIONAL,1
-15.6,-38.9,INTERNAL,1
-16.3,-38.2,INTERNAL,1
-6.5,-31.1,REGIONAL,1
-32.1,-49.8,REGIONAL,1
-23.8,-44.8,INTERNAL,1
-7.3,-70.2,REGIONAL,1
-22.0,-42.7,INTERNAL,1
-1.7,-54.2,INTERNAL,1
-21.1,-29.4,REGIONAL,1
-31.0,-46.4,REGIONAL,1
-4.6,-34.2,REGIONAL,1
-4.5,-30.4,REGIONAL,1
-12.5,-33.7,REGIONAL,1
-4.0,-34.4,REGIONAL,1
-33.7,-48.5,REGIONAL,1
-3.2,-34.0,REGIONAL,1
-2.4,-29.8,REGIONAL,1
-2.4,-29.4,REGIONAL,1
-24.7,-41.3,REGIONAL,1
-18.4,-35.6,REGIONAL,1
-18.0,-31.2,REGIONAL,1
-17.5,-31.0,REGIONAL,1
-9.7,-32.2,REGIONAL,1
-11.8,-56.1,REGIONAL,1
-29.3,-47.9,REGIONAL,1
-4.0,-33.8,INTERNAL,1
-24.4,-44.3,REGIONAL,1
-30.2,-50.1,INTERNAL,1
-5.8,-50.4,REGIONAL,1
-21.2,-40.3,REGIONAL,1
-18.7,-39.5,INTERNAL,1
-6.4,-47.7,REGIONAL,1
-19.6,-39.8,INTERNAL,1
-14.7,-42.8,REGIONAL,1
-16.4,-39.8,REGIONAL,1
-25.5,-54.4,EXTERNAL,1
-21.0,-38.5,INTERNAL,1
-0.8,-39.3,REGIONAL,1
-14.0,-17.7,REGIONAL,1
-23.9,-48.7,REGIONAL,1
-15.7,-48.6,REGIONAL,1
-11.5,-51.6,REGIONAL,1
-30.9,-55.4,EXTERNAL,1
-17.7,-42.6,REGIONAL,1
-9.6,-64.0,REGIONAL,1
-20.7,-48.7,REGIONAL,1
-23.2,-55.0,REGIONAL,1
-3.5,-42.6,REGIONAL,1
-25.8,-46.7,INTERNAL,1
-4.8,-44.5,REGIONAL,1
-7.2,-34.4,INTERNAL,1
-15.6,-39.9,REGIONAL,1
-29.2,-49.6,INTERNAL,1
-27.0,-47.1,INTERNAL,1
-29.4,-53.1,EXTERNAL,1
-1.7,-49.4,REGIONAL,1
-29.3,-50.0,EXTERNAL,1
-26.6,-52.1,REGIONAL,1
-16.0,-56.8,EXTERNAL,1
-18.9,-48.4,EXTERNAL,1
-0.1,-27.8,INTERNAL,1
-13.3,-39.6,EXTERNAL,1
-6.4,-35.8,EXTERNAL,1
-23.0,-53.5,EXTERNAL,1
-21.7,-44.6,EXTERNAL,1
-16.4,-39.3,EXTERNAL,1
-9.5,-36.3,EXTERNAL,1
-1.5,-47.1,EXTERNAL,1
-20.5,-47.1,EXTERNAL,1
-3.6,-39.8,EXTERNAL,1
-19.0,-43.8,EXTERNAL,1
-16.2,-47.8,EXTERNAL,1
-24.4,-50.2,REGIONAL,1
-8.7,-42.2,REGIONAL,1
-26.0,-50.7,REGIONAL,1
-3.8,-53.5,REGIONAL,1
-11.2,-37.1,REGIONAL,1
-22.0,-44.5,EXTERNAL,1
-3.2,-41.8,REGIONAL,1
-8.0,-63.8,REGIONAL,1
-16.2,-39.9,EXTERNAL,1
-12.7,-50.5,REGIONAL,1
-15.4,-37.4,INTERNAL,1
-26.2,-51.2,REGIONAL,1
-16.0,-52.3,REGIONAL,1
-23.9,-46.0,REGIONAL,1
-13.4,-38.3,INTERNAL,1
-14.5,-57.5,REGIONAL,1
-8.8,-70.9,REGIONAL,1
0.7,-51.9,REGIONAL,1
-8.2,-72.7,REGIONAL,1
-22.9,-49.0,REGIONAL,1
-17.7,-36.1,INTERNAL,1
-4.7,-44.7,REGIONAL,1
-17.3,-43.0,REGIONAL,1
-7.3,-39.6,EXTERNAL,1
-18.0,-41.2,REGIONAL,1
-29.8,-55.9,EXTERNAL,1
-17.9,-43.1,EXTERNAL,1
-22.6,-53.1,EXTERNAL,1
0.8,-52.1,REGIONAL,1
-7.9,-48.9,EXTERNAL,1
-16.0,-44.9,EXTERNAL,1
-9.4,-40.4,EXTERNAL,1
-0.7,-57.9,REGIONAL,1
-8.9,-69.3,REGIONAL,1
-10.7,-47.4,REGIONAL,1
-16.2,-50.0,EXTERNAL,1
-2.8,-58.6,REGIONAL,1
-18.6,-47.7,REGIONAL,1
-9.3,-56.7,REGIONAL,1
-20.3,-29.4,INTERNAL,1
-20.7,-29.1,INTERNAL,1
-10.8,-47.2,REGIONAL,1
-10.8,-37.8,EXTERNAL,1
-3.1,-41.2,REGIONAL,1
-21.6,-51.5,REGIONAL,1
-26.4,-52.1,REGIONAL,1
-26.1,-50.3,EXTERNAL,1
0.9,-51.0,REGIONAL,1
-24.4,-47.8,EXTERNAL,1
-30.5,-51.3,REGIONAL,1
-11.2,-61.5,REGIONAL,1
-9.5,-68.7,REGIONAL,1
-7.8,-41.6,REGIONAL,1
-21.8,-40.9,REGIONAL,1
-3.0,-40.3,EXTERNAL,1
-1.9,-60.2,REGIONAL,1
-21.8,-45.2,REGIONAL,1
-8.7,-56.4,REGIONAL,1
-16.4,-58.3,REGIONAL,1
-12.4,-50.2,REGIONAL,1
-25.6,-48.9,EXTERNAL,1
-13.5,-39.4,REGIONAL,1
-12.0,-49.6,REGIONAL,1
-5.3,-49.2,REGIONAL,1
-10.8,-40.2,REGIONAL,1
-13.5,-46.5,EXTERNAL,1
-21.3,-49.3,EXTERNAL,1
-4.0,-44.5,REGIONAL,1
-3.6,-38.8,INTERNAL,1
-21.7,-46.1,EXTERNAL,1
-27.0,-42.0,EXTERNAL,1
-7.6,-51.3,REGIONAL,1
-9.5,-62.0,INTERNAL,1
-26.6,-50.2,REGIONAL,1
-5.1,-59.3,REGIONAL,1
-18.0,-56.0,REGIONAL,1
-3.8,-33.4,INTERNAL,1
-17.3,-41.2,REGIONAL,1
-7.3,-39.7,REGIONAL,1
-19.0,0.0,EXTERNAL,1
-22.0,-41.7,REGIONAL,1
-6.2,-36.2,REGIONAL,1
-15.2,-48.7,EXTERNAL,1
-12.5,-43.1,EXTERNAL,1
-0.5,-59.8,REGIONAL,1
-5.0,-35.5,INTERNAL,1
-9.4,-41.4,REGIONAL,1
-1.1,-62.7,EXTERNAL,1
-20.6,-44.4,EXTERNAL,1
-9.0,-43.0,REGIONAL,1
-27.7,-52.3,EXTERNAL,1
-9.0,-62.1,REGIONAL,1
-11.0,-47.3,REGIONAL,1
-28.4,-50.9,REGIONAL,1
-18.5,-39.7,EXTERNAL,1
-8.5,-62.7,EXTERNAL,1
-15.0,-59.0,EXTERNAL,1
-9.3,-41.1,REGIONAL,1
-14.2,-39.9,EXTERNAL,1
-33.0,-52.0,REGIONAL,1
-28.1,-46.3,EXTERNAL,1
-8.8,-49.5,REGIONAL,1
-21.0,-47.0,REGIONAL,1
-5.2,-36.1,REGIONAL,1
-13.6,-49.9,REGIONAL,1
-1.9,-64.9,REGIONAL,1
-24.0,-45.0,REGIONAL,1
-10.2,-58.4,REGIONAL,1
-11.1,-64.1,REGIONAL,1
-21.2,-49.4,REGIONAL,1
-19.5,-43.2,REGIONAL,1
-9.1,-40.5,EXTERNAL,1
-28.6,-49.7,EXTERNAL,1
-5.5,-48.7,REGIONAL,1
-33.5,-53.0,REGIONAL,1
-4.2,12.6,REGIONAL,1
-23.0,-50.3,REGIONAL,1
-2.7,-46.5,REGIONAL,1
-13.7,-51.0,REGIONAL,1
-10.8,-62.2,REGIONAL,1
-21.8,-47.8,REGIONAL,1
-18.5,-44.2,REGIONAL,1
-5.1,-43.4,REGIONAL,1
-6.6,-61.9,REGIONAL,1
-19.0,-39.7,EXTERNAL,1
-11.8,-41.9,REGIONAL,1
-13.4,-42.2,REGIONAL,1
-7.2,-45.9,EXTERNAL,1
-28.9,-51.7,REGIONAL,1
-16.1,-49.5,REGIONAL,1
-17.7,-42.3,REGIONAL,1
-17.1,-41.0,REGIONAL,1
-9.2,-35.7,REGIONAL,1
-16.1,-45.1,REGIONAL,1
-21.2,-46.8,REGIONAL,1
-18.0,-39.8,REGIONAL,1
-9.3,-58.2,REGIONAL,1
-13.4,-39.6,EXTERNAL,1
-18.4,-50.1,REGIONAL,1
-14.7,-49.7,REGIONAL,1
-10.9,-62.4,REGIONAL,1
-19.0,-56.5,EXTERNAL,1
-15.7,-40.7,REGIONAL,1
-9.7,-42.3,REGIONAL,1
-3.0,-40.5,REGIONAL,1
-24.0,-48.4,REGIONAL,1
-21.8,-50.5,REGIONAL,1
-5.8,-49.7,REGIONAL,1
-17.0,-44.3,REGIONAL,1
-19.1,-45.7,REGIONAL,1
-12.2,-58.5,REGIONAL,1
-20.8,-50.3,REGIONAL,1
-20.0,-50.4,REGIONAL,1
-28.4,-54.6,REGIONAL,1
-32.4,-53.2,REGIONAL,1
-28.4,-53.8,REGIONAL,1
-8.3,-67.4,REGIONAL,1
-29.5,-51.3,REGIONAL,1
-30.4,-53.0,EXTERNAL,1
-3.6,-40.9,REGIONAL,1
-20.9,-45.1,REGIONAL,1
-4.0,-59.1,EXTERNAL,1
-13.8,-41.8,REGIONAL,1
-2.4,-38.0,EXTERNAL,1
-3.6,-34.9,EXTERNAL,1
-13.2,-61.0,EXTERNAL,1
-19.8,-39.8,REGIONAL,1
-20.5,-48.6,REGIONAL,1
-14.9,-39.3,REGIONAL,1
-11.6,-47.8,REGIONAL,1
-12.4,-59.6,REGIONAL,1
-20.4,-48.8,REGIONAL,1
-8.8,-38.9,REGIONAL,1
1.0,-52.0,REGIONAL,1
-18.3,-50.4,EXTERNAL,1
-9.1,-63.9,REGIONAL,1
-26.3,-50.5,REGIONAL,1
-7.9,-45.8,REGIONAL,1
-14.2,-5.4,REGIONAL,1
-19.6,-49.3,REGIONAL,1
-20.2,-58.1,REGIONAL,1
-14.6,-40.5,REGIONAL,1
-21.0,-53.9,REGIONAL,1
-29.5,-53.3,EXTERNAL,1
-18.4,-43.2,EXTERNAL,1
-15.3,-44.4,EXTERNAL,1
-16.8,-57.4,REGIONAL,1
-1.6,-65.9,REGIONAL,1
-27.4,-52.4,REGIONAL,1
-1.6,-60.1,REGIONAL,1
-23.7,-53.6,REGIONAL,1
-7.7,-35.1,REGIONAL,1
-17.8,-39.5,REGIONAL,1
-22.1,-57.8,REGIONAL,1
-14.8,-57.1,REGIONAL,1
-19.0,-41.8,REGIONAL,1
-17.9,-52.7,REGIONAL,1
-2.9,-59.5,REGIONAL,1
-4.3,-41.5,REGIONAL,1
-25.5,-53.1,REGIONAL,1
-9.8,-48.2,REGIONAL,1
-21.5,-48.8,REGIONAL,1
-12.0,-61.2,REGIONAL,1
-17.6,-43.7,REGIONAL,1
-18.6,-41.1,REGIONAL,1
-29.5,-54.5,EXTERNAL,1
-19.8,-47.7,REGIONAL,1
-4.2,-38.9,INTERNAL,1
-4.4,-70.1,EXTERNAL,1
-13.1,-39.8,INTERNAL,1
-8.1,-67.3,EXTERNAL,1
-1.9,-54.7,INTERNAL,1
-13.8,-44.5,INTERNAL,1
-3.9,-49.1,EXTERNAL,1
-13.7,-44.2,EXTERNAL,1
1.9,-46.8,REGIONAL,1
-24.6,-47.7,REGIONAL,1
-19.8,-41.9,EXTERNAL,1
-14.9,-38.8,REGIONAL,1
-20.0,-44.9,EXTERNAL,1
-15.7,-46.2,REGIONAL,1
-25.1,-54.3,EXTERNAL,1
-5.7,-34.7,REGIONAL,1
-16.3,-38.7,REGIONAL,1
-8.6,-70.0,REGIONAL,1
-2.0,-51.7,REGIONAL,1
-10.8,-69.2,INTERNAL,1
-2.9,-55.2,REGIONAL,1
-21.7,-51.9,REGIONAL,1
-29.0,-51.8,EXTERNAL,1
-7.2,-50.3,EXTERNAL,1
-27.5,-52.9,EXTERNAL,1
-6.8,-38.3,EXTERNAL,1
-3.7,-53.8,EXTERNAL,1
-1.4,-59.6,REGIONAL,1
-20.3,-47.1,EXTERNAL,1
-5.6,-36.8,EXTERNAL,1
-18.4,-46.4,EXTERNAL,1
-8.6,-41.4,EXTERNAL,1
-2.4,-46.0,EXTERNAL,1
-26.3,-49.1,EXTERNAL,1
-18.9,-48.5,EXTERNAL,1
-27.0,-53.0,REGIONAL,1
-25.5,-53.3,EXTERNAL,1
-26.2,-50.2,EXTERNAL,1
-16.9,-44.0,EXTERNAL,1
-13.3,-49.3,EXTERNAL,1
-21.3,-57.9,REGIONAL,1
-2.5,-43.6,REGIONAL,1
-17.2,-56.3,REGIONAL,1
-30.6,-56.0,REGIONAL,1
-3.2,-51.8,REGIONAL,1
-1.9,-45.2,REGIONAL,1
-15.9,-50.3,EXTERNAL,1
-24.4,-46.6,EXTERNAL,1
-10.0,-67.6,EXTERNAL,1
-4.0,-40.5,REGIONAL,1
-20.4,-47.6,REGIONAL,1
-24.1,-53.7,REGIONAL,1
-22.0,-47.2,REGIONAL,1
-5.8,-50.0,REGIONAL,1
-6.9,-41.1,REGIONAL,1
-31.1,-50.5,REGIONAL,1
-6.4,-50.1,EXTERNAL,1
-18.1,-45.7,REGIONAL,1
1.5,-30.3,EXTERNAL,1
2.2,-29.8,EXTERNAL,1
-28.6,-50.6,REGIONAL,1
-26.4,-48.5,REGIONAL,1
-22.3,-53.0,EXTERNAL,1
-15.8,-54.3,REGIONAL,1
-8.8,-55.0,EXTERNAL,1
-1.6,-52.3,REGIONAL,1
-23.0,-53.6,REGIONAL,1
-22.2,-46.4,REGIONAL,1
-16.9,-41.4,REGIONAL,1
-23.8,-48.2,REGIONAL,1
-17.3,-47.5,REGIONAL,1
-17.0,-44.1,REGIONAL,1
-10.2,-68.1,REGIONAL,1
-15.0,-44.7,REGIONAL,1
-28.4,-54.8,REGIONAL,1
-5.3,-39.3,REGIONAL,1
-9.4,-68.3,REGIONAL,1
-14.6,-39.5,REGIONAL,1
-8.2,-70.9,REGIONAL,1
-20.0,-45.4,REGIONAL,1
0.9,-52.1,REGIONAL,1
-28.5,-49.9,REGIONAL,1
-5.0,-38.8,REGIONAL,1
-7.6,-63.2,REGIONAL,1
-4.0,-63.1,REGIONAL,1
-15.8,-46.3,REGIONAL,1
-20.7,-52.1,REGIONAL,1
-23.8,-48.4,REGIONAL,1
-12.4,-41.1,REGIONAL,1
3.1,-60.4,REGIONAL,1
-20.8,-48.9,REGIONAL,1
-17.0,-57.2,REGIONAL,1
-18.7,-42.3,REGIONAL,1
-28.4,-51.5,REGIONAL,1
-7.1,-38.7,EXTERNAL,1
-11.5,-54.0,EXTERNAL,1
-2.6,-44.4,EXTERNAL,1
-3.7,-51.7,EXTERNAL,1
-19.3,-48.0,INTERNAL,1
-25.6,-53.5,REGIONAL,1
-6.2,-50.3,INTERNAL,1
-27.0,-49.1,INTERNAL,1
-2.0,-59.9,EXTERNAL,1
-7.6,-48.9,EXTERNAL,1
-15.3,-39.5,EXTERNAL,1
-27.0,-52.0,REGIONAL,1
-10.3,-55.8,REGIONAL,1
-6.5,-32.5,REGIONAL,1
-9.2,-44.4,REGIONAL,1
-17.5,-47.5,REGIONAL,1
-14.5,-35.5,REGIONAL,1
-20.9,-56.0,REGIONAL,1
-14.5,-55.5,REGIONAL,1
-4.5,-34.5,REGIONAL,1
-12.4,-51.0,REGIONAL,1
-2.5,-37.5,REGIONAL,1
-1.8,-43.7,REGIONAL,1
-32.3,-53.5,REGIONAL,1
-5.7,-49.4,REGIONAL,1
-16.8,-41.9,INTERNAL,1
-9.6,-48.6,EXTERNAL,1
-15.4,-59.1,REGIONAL,1
-5.7,-36.9,EXTERNAL,1
-7.6,-62.8,REGIONAL,1
-22.0,-41.3,REGIONAL,1
-15.3,-41.1,REGIONAL,1
-26.2,-53.6,REGIONAL,1
-26.0,-49.3,REGIONAL,1
-6.6,-46.7,REGIONAL,1
-22.6,-53.8,REGIONAL,1
-8.7,-46.9,REGIONAL,1
-16.3,-57.7,REGIONAL,1
-2.6,-43.2,REGIONAL,1
-6.9,-49.3,REGIONAL,1
-8.7,-67.6,REGIONAL,1
3.5,-61.5,REGIONAL,1
-10.9,-58.6,REGIONAL,1
-12.5,-62.2,REGIONAL,1
-22.4,-47.9,EXTERNAL,1
-23.5,-49.0,REGIONAL,1
-25.6,-53.8,EXTERNAL,1
-13.7,-39.5,EXTERNAL,1
-13.2,-61.3,REGIONAL,1
-8.4,-39.3,REGIONAL,1
-4.9,-30.4,REGIONAL,1
-17.2,-45.6,REGIONAL,1
-6.2,-47.1,EXTERNAL,1
-10.9,-39.2,REGIONAL,1
-26.7,-51.9,EXTERNAL,1
-27.3,-51.5,EXTERNAL,1
-21.7,-46.0,EXTERNAL,1
-19.3,-50.8,REGIONAL,1
-16.6,-53.4,REGIONAL,1
-22.3,-53.7,REGIONAL,1
-6.7,-38.2,REGIONAL,1
-17.5,-51.2,EXTERNAL,1
-12.5,-42.7,REGIONAL,1
-26.6,-51.9,EXTERNAL,1
-12.1,-38.9,EXTERNAL,1
-10.8,-40.1,EXTERNAL,1
-16.1,-57.9,EXTERNAL,1
-19.9,-43.1,REGIONAL,1
-5.0,-35.9,REGIONAL,1
-23.7,-45.8,EXTERNAL,1
-23.5,-30.5,REGIONAL,1
-11.3,-42.1,EXTERNAL,1
-31.5,-53.9,EXTERNAL,1
-10.8,-38.2,EXTERNAL,1
-21.1,-42.1,EXTERNAL,1
-19.2,-47.7,EXTERNAL,1
-9.1,-68.7,EXTERNAL,1
-22.8,-49.7,EXTERNAL,1
-28.2,-49.0,EXTERNAL,1
-27.0,-51.3,EXTERNAL,1
-3.4,-44.3,EXTERNAL,1
-10.4,-37.1,EXTERNAL,1
-13.4,-58.5,EXTERNAL,1
-18.8,-48.5,EXTERNAL,1
-29.5,-55.1,EXTERNAL,1
-18.0,-45.6,EXTERNAL,1
-25.7,-49.6,EXTERNAL,1
-4.3,-56.2,REGIONAL,1
-27.3,-54.0,REGIONAL,1
-25.3,-51.6,REGIONAL,1
-21.8,-40.8,REGIONAL,1
-6.7,-48.1,REGIONAL,1
-15.2,-57.2,REGIONAL,1
-13.1,-40.8,REGIONAL,1
-11.6,-61.4,REGIONAL,1
-7.8,-40.1,REGIONAL,1
-8.8,-60.0,REGIONAL,1
-29.2,-53.2,REGIONAL,1
-4.4,-61.9,REGIONAL,1
-11.7,-49.7,REGIONAL,1
-31.1,-55.9,REGIONAL,1
-18.0,-51.1,REGIONAL,1
-1.7,-53.7,REGIONAL,1
0.5,-32.5,EXTERNAL,1
-16.6,-38.3,REGIONAL,1
-32.0,-52.4,EXTERNAL,1
-27.3,-52.7,REGIONAL,1
-16.7,-56.1,REGIONAL,1
-3.9,-53.5,REGIONAL,1
-16.8,-57.3,REGIONAL,1
-5.5,-66.7,REGIONAL,1
-7.0,-38.2,REGIONAL,1
-12.2,-38.2,EXTERNAL,1
-11.3,-35.2,EXTERNAL,1
-24.5,-50.2,REGIONAL,1
-6.4,-37.3,EXTERNAL,1
-17.6,-40.6,REGIONAL,1
-20.7,-49.5,EXTERNAL,1
-21.0,-57.1,REGIONAL,1
-24.9,-49.2,REGIONAL,1
-21.1,-51.2,REGIONAL,1
-14.8,-56.6,REGIONAL,1
-10.7,-37.6,REGIONAL,1
-13.6,-48.8,EXTERNAL,1
-2.6,-34.3,REGIONAL,1
-24.2,-54.2,REGIONAL,1
-28.6,-55.5,EXTERNAL,1
-3.3,-39.4,REGIONAL,1
-3.7,-65.8,REGIONAL,1
-23.8,-48.0,REGIONAL,1
-11.5,-41.0,REGIONAL,1
-17.0,-57.3,REGIONAL,1
-23.0,-58.2,REGIONAL,1
-7.6,-72.8,EXTERNAL,1
-12.9,-39.1,EXTERNAL,1
-19.1,-36.9,REGIONAL,1
-5.8,-47.3,EXTERNAL,1
