iso3c,iso2c,country_code,country_name,eu27,un_region_name,un_sub_region_name,un_intermediate_region_name,un_region_clean,un_sub_region_clean,un_intermediate_region_clean,un_developed_or_developing_countries,kingdom,internal_count,regional_count,external_count,unknown_count,total_count,internal_percentage,regional_percentage,external_percentage,is_cbd_party,wb_income_group,is_cbd_party_1,wb_income_group_1,is_ldc,is_sids
USA,US,US,United States,FALSE,Americas,Northern America,,Americas,Northern-America,,Developed,Animalia,1042626977,831810,1905560,102,1045364449,99.74,0.08,0.18,False,High income,False,High income,False,False
CAN,CA,CA,Canada,FALSE,Americas,Northern America,,Americas,Northern-America,,Developed,Animalia,14141928,153150360,4660517,10,171952815,8.22,89.07,2.71,True,High income,True,High income,False,False
GBR,GB,GB,United Kingdom,FALSE,Europe,Northern Europe,,Europe,Northern-Europe,,Developed,Animalia,96727270,2515195,36280654,1,135523120,71.37,1.86,26.77,True,High income,True,High income,False,False
SWE,SE,SE,Sweden,TRUE,Europe,Northern Europe,,Europe,Northern-Europe,,Developed,Animalia,109463245,546082,3202999,0,113212326,96.69,0.48,2.83,True,High income,True,High income,False,False
FRA,FR,FR,France,TRUE,Europe,Western Europe,,Europe,Western-Europe,,Developed,Animalia,95730734,4845638,7082236,143,107658751,88.92,4.5,6.58,True,High income,True,High income,False,False
AUS,AU,AU,Australia,FALSE,Oceania,Australia and New Zealand,,Oceania,Australia-and-New-Zealand,,Developed,Animalia,55091497,70715,52305337,23,107467572,51.26,0.07,48.67,True,High income,True,High income,False,False
FRA,FR,FR,France,TRUE,Europe,Western Europe,,Europe,Western-Europe,,Developed,Plantae,92153071,1419033,900629,0,94472733,97.54,1.5,0.95,True,High income,True,High income,False,False
NLD,NL,NL,Netherlands,TRUE,Europe,Western Europe,,Europe,Western-Europe,,Developed,Animalia,87415492,2609132,2633666,0,92658290,94.34,2.82,2.84,True,High income,True,High income,False,False
ESP,ES,ES,Spain,TRUE,Europe,Southern Europe,,Europe,Southern-Europe,,Developed,Animalia,18500246,5322368,29716289,22,53538925,34.55,9.94,55.5,True,High income,True,High income,False,False
IND,IN,IN,India,FALSE,Asia,Southern Asia,,Asia,Southern-Asia,,Developing,Animalia,225190,20212,49815098,14,50060514,0.45,0.04,99.51,True,Lower middle income,True,Lower middle income,False,False
USA,US,US,United States,FALSE,Americas,Northern America,,Americas,Northern-America,,Developed,Plantae,44783824,781053,1944219,67,47509163,94.26,1.64,4.09,False,High income,False,High income,False,False
NOR,NO,NO,Norway,FALSE,Europe,Northern Europe,,Europe,Northern-Europe,,Developed,Animalia,40106991,624549,1695021,0,42426561,94.53,1.47,4.0,True,High income,True,High income,False,False
DNK,DK,DK,Denmark,TRUE,Europe,Northern Europe,,Europe,Northern-Europe,,Developed,Animalia,40166176,549964,1289727,0,42005867,95.62,1.31,3.07,True,High income,True,High income,False,False
GBR,GB,GB,United Kingdom,FALSE,Europe,Northern Europe,,Europe,Northern-Europe,,Developed,Plantae,36301331,982551,1675477,18,38959377,93.18,2.52,4.3,True,High income,True,High income,False,False
ZAF,ZA,ZA,South Africa,FALSE,Africa,Sub-Saharan Africa,Southern Africa,Africa,Sub-Saharan-Africa,Southern-Africa,Developing,Animalia,30179125,3920,8719124,2,38902171,77.58,0.01,22.41,True,Upper middle income,True,Upper middle income,False,False
SWE,SE,SE,Sweden,TRUE,Europe,Northern Europe,,Europe,Northern-Europe,,Developed,Plantae,37774339,437212,242834,158,38454543,98.23,1.14,0.63,True,High income,True,High income,False,False
FIN,FI,FI,Finland,TRUE,Europe,Northern Europe,,Europe,Northern-Europe,,Developed,Animalia,33525829,245355,2194387,0,35965571,93.22,0.68,6.1,True,High income,True,High income,False,False
DEU,DE,DE,Germany,TRUE,Europe,Western Europe,,Europe,Western-Europe,,Developed,Plantae,28702552,3148975,1129298,17,32980842,87.03,9.55,3.42,True,High income,True,High income,False,False
NLD,NL,NL,Netherlands,TRUE,Europe,Western Europe,,Europe,Western-Europe,,Developed,Plantae,30592844,645634,144810,11,31383299,97.48,2.06,0.46,True,High income,True,High income,False,False
CRI,CR,CR,Costa Rica,FALSE,Americas,Latin America and the Caribbean,Central America,Americas,Latin-America-and-the-Caribbean,Central-America,Developing,Animalia,3471282,21971039,5361751,16,30804088,11.27,71.33,17.41,True,High income,True,High income,False,False
DEU,DE,DE,Germany,TRUE,Europe,Western Europe,,Europe,Western-Europe,,Developed,Animalia,15899169,5567661,7408450,50,28875330,55.06,19.28,25.66,True,High income,True,High income,False,False
BEL,BE,BE,Belgium,TRUE,Europe,Western Europe,,Europe,Western-Europe,,Developed,Animalia,26018251,224929,1171886,0,27415066,94.9,0.82,4.27,True,High income,True,High income,False,False
MEX,MX,MX,Mexico,FALSE,Americas,Latin America and the Caribbean,Central America,Americas,Latin-America-and-the-Caribbean,Central-America,Developing,Animalia,4000111,22804385,422046,3,27226545,14.69,83.76,1.55,True,Upper middle income,True,Upper middle income,False,False
COL,CO,CO,Colombia,FALSE,Americas,Latin America and the Caribbean,South America,Americas,Latin-America-and-the-Caribbean,South-America,Developing,Animalia,7037017,19781423,185722,2,27004164,26.06,73.25,0.69,True,Upper middle income,True,Upper middle income,False,False
AUS,AU,AU,Australia,FALSE,Oceania,Australia and New Zealand,,Oceania,Australia-and-New-Zealand,,Developed,Plantae,23669315,22375,2860880,0,26552570,89.14,0.08,10.77,True,High income,True,High income,False,False
BRA,BR,BR,Brazil,FALSE,Americas,Latin America and the Caribbean,South America,Americas,Latin-America-and-the-Caribbean,South-America,Developing,Animalia,3846064,18865494,590882,34,23302474,16.5,80.96,2.54,True,Upper middle income,True,Upper middle income,False,False
ESP,ES,ES,Spain,TRUE,Europe,Southern Europe,,Europe,Southern-Europe,,Developed,Plantae,17837042,1893668,1080834,2,20811546,85.71,9.1,5.19,True,High income,True,High income,False,False
TWN,TW,TW,"Taiwan, Province of China",FALSE,,,,,,,,Animalia,5797426,0,14180192,4,19977622,29.02,0.0,70.98,,,,,,
,,,,,,,,,,,,Animalia,0,0,18024137,41,18024178,0.0,0.0,100.0,,,,,,
,,,,,,,,,,,,Plantae,0,0,16619611,2897,16622508,0.0,0.0,99.98,,,,,,
PRT,PT,PT,Portugal,TRUE,Europe,Southern Europe,,Europe,Southern-Europe,,Developed,Animalia,3581603,1244671,11067527,6,15893807,22.53,7.83,69.63,True,High income,True,High income,False,False
DNK,DK,DK,Denmark,TRUE,Europe,Northern Europe,,Europe,Northern-Europe,,Developed,Plantae,15167584,194789,258343,61,15620777,97.1,1.25,1.65,True,High income,True,High income,False,False
CHE,CH,CH,Switzerland,FALSE,Europe,Western Europe,,Europe,Western-Europe,,Developed,Plantae,13177452,910377,248218,0,14336047,91.92,6.35,1.73,True,High income,True,High income,False,False
ARG,AR,AR,Argentina,FALSE,Americas,Latin America and the Caribbean,South America,Americas,Latin-America-and-the-Caribbean,South-America,Developing,Animalia,686680,12871980,305987,39,13864686,4.95,92.84,2.21,True,Upper middle income,True,Upper middle income,False,False
BEL,BE,BE,Belgium,TRUE,Europe,Western Europe,,Europe,Western-Europe,,Developed,Plantae,12840684,485862,121009,0,13447555,95.49,3.61,0.9,True,High income,True,High income,False,False
CHE,CH,CH,Switzerland,FALSE,Europe,Western Europe,,Europe,Western-Europe,,Developed,Animalia,10533279,410013,1822271,6191,12771754,82.47,3.21,14.27,True,High income,True,High income,False,False
BRA,BR,BR,Brazil,FALSE,Americas,Latin America and the Caribbean,South America,Americas,Latin-America-and-the-Caribbean,South-America,Developing,Plantae,9442544,1471767,1122962,0,12037273,78.44,12.23,9.33,True,Upper middle income,True,Upper middle income,False,False
ECU,EC,EC,Ecuador,FALSE,Americas,Latin America and the Caribbean,South America,Americas,Latin-America-and-the-Caribbean,South-America,Developing,Animalia,288728,9969510,355234,13,10613485,2.72,93.93,3.35,True,Upper middle income,True,Upper middle income,False,False
CHL,CL,CL,Chile,FALSE,Americas,Latin America and the Caribbean,South America,Americas,Latin-America-and-the-Caribbean,South-America,Developing,Animalia,3823587,6368847,163061,301,10355796,36.92,61.5,1.57,True,High income,True,High income,False,False
FIN,FI,FI,Finland,TRUE,Europe,Northern Europe,,Europe,Northern-Europe,,Developed,Plantae,9801305,239429,215494,920,10257148,95.56,2.33,2.1,True,High income,True,High income,False,False
NZL,NZ,NZ,New Zealand,FALSE,Oceania,Australia and New Zealand,,Oceania,Australia-and-New-Zealand,,Developed,Animalia,2809424,97145,7330683,15,10237267,27.44,0.95,71.61,True,High income,True,High income,False,False
NOR,NO,NO,Norway,FALSE,Europe,Northern Europe,,Europe,Northern-Europe,,Developed,Plantae,8994156,343851,127123,482,9465612,95.02,3.63,1.34,True,High income,True,High income,False,False
JPN,JP,JP,Japan,FALSE,Asia,Eastern Asia,,Asia,Eastern-Asia,,Developed,Animalia,6530502,1592,2925777,20,9457891,69.05,0.02,30.93,True,High income,True,High income,False,False
POL,PL,PL,Poland,TRUE,Europe,Eastern Europe,,Europe,Eastern-Europe,,Developed,Animalia,5790307,392057,2473826,11249,8667439,66.81,4.52,28.54,True,High income,True,High income,False,False
RUS,RU,RU,Russian Federation,FALSE,Europe,Eastern Europe,,Europe,Eastern-Europe,,Developed,Plantae,3486044,523468,4103249,2,8112763,42.97,6.45,50.58,True,High income,True,High income,False,False
PER,PE,PE,Peru,FALSE,Americas,Latin America and the Caribbean,South America,Americas,Latin-America-and-the-Caribbean,South-America,Developing,Animalia,6265,7527896,293260,17,7827438,0.08,96.17,3.75,True,Upper middle income,True,Upper middle income,False,False
PAN,PA,PA,Panama,FALSE,Americas,Latin America and the Caribbean,Central America,Americas,Latin-America-and-the-Caribbean,Central-America,Developing,Animalia,19,7576195,161954,11,7738179,0.0,97.91,2.09,True,High income,True,High income,False,False
RUS,RU,RU,Russian Federation,FALSE,Europe,Eastern Europe,,Europe,Eastern-Europe,,Developed,Animalia,2374719,606332,4260088,1,7241140,32.79,8.37,58.83,True,High income,True,High income,False,False
MEX,MX,MX,Mexico,FALSE,Americas,Latin America and the Caribbean,Central America,Americas,Latin-America-and-the-Caribbean,Central-America,Developing,Plantae,3513322,3029724,563625,0,7106671,49.44,42.63,7.93,True,Upper middle income,True,Upper middle income,False,False
AUT,AT,AT,Austria,TRUE,Europe,Western Europe,,Europe,Western-Europe,,Developed,Animalia,4397540,794420,1563291,13,6755264,65.1,11.76,23.14,True,High income,True,High income,False,False
CAN,CA,CA,Canada,FALSE,Americas,Northern America,,Americas,Northern-America,,Developed,Plantae,1772962,4515194,431025,0,6719181,26.39,67.2,6.41,True,High income,True,High income,False,False
POL,PL,PL,Poland,TRUE,Europe,Eastern Europe,,Europe,Eastern-Europe,,Developed,Plantae,5972233,292104,357041,36086,6657464,89.71,4.39,5.36,True,High income,True,High income,False,False
BLZ,BZ,BZ,Belize,FALSE,Americas,Latin America and the Caribbean,Central America,Americas,Latin-America-and-the-Caribbean,Central-America,Developing,Animalia,31524,6527008,26684,0,6585216,0.48,99.12,0.41,True,Upper middle income,True,Upper middle income,False,True
USA,US,US,United States,FALSE,Americas,Northern America,,Americas,Northern-America,,Developed,Bacteria,454667,523,5700082,0,6155272,7.39,0.01,92.6,False,High income,False,High income,False,False
SWE,SE,SE,Sweden,TRUE,Europe,Northern Europe,,Europe,Northern-Europe,,Developed,Fungi,5749914,287039,100295,104,6137352,93.69,4.68,1.63,True,High income,True,High income,False,False
ISR,IL,IL,Israel,FALSE,Asia,Western Asia,,Asia,Western-Asia,,Developing,Animalia,954090,424,5155384,13,6109911,15.62,0.01,84.38,True,High income,True,High income,False,False
THA,TH,TH,Thailand,FALSE,Asia,South-eastern Asia,,Asia,South-eastern-Asia,,Developing,Animalia,30734,148439,5888466,13,6067652,0.51,2.45,97.05,True,Upper middle income,True,Upper middle income,False,False
PRT,PT,PT,Portugal,TRUE,Europe,Southern Europe,,Europe,Southern-Europe,,Developed,Plantae,5174595,406855,480424,0,6061874,85.36,6.71,7.93,True,High income,True,High income,False,False
COL,CO,CO,Colombia,FALSE,Americas,Latin America and the Caribbean,South America,Americas,Latin-America-and-the-Caribbean,South-America,Developing,Plantae,4653792,722445,343953,0,5720190,81.36,12.63,6.01,True,Upper middle income,True,Upper middle income,False,False
CHN,CN,CN,China,FALSE,Asia,Eastern Asia,,Asia,Eastern-Asia,,Developing,Plantae,4235899,12390,1428556,17,5676862,74.62,0.22,25.16,True,Upper middle income,True,Upper middle income,False,False
AUT,AT,AT,Austria,TRUE,Europe,Western Europe,,Europe,Western-Europe,,Developed,Plantae,3709104,1218894,697369,0,5625367,65.94,21.67,12.4,True,High income,True,High income,False,False
USA,US,US,United States,FALSE,Americas,Northern America,,Americas,Northern-America,,Developed,Fungi,4785654,68447,730575,8,5584684,85.69,1.23,13.08,False,High income,False,High income,False,False
GBR,GB,GB,United Kingdom,FALSE,Europe,Northern Europe,,Europe,Northern-Europe,,Developed,Fungi,4849940,49888,270575,5,5170408,93.8,0.96,5.23,True,High income,True,High income,False,False
JPN,JP,JP,Japan,FALSE,Asia,Eastern Asia,,Asia,Eastern-Asia,,Developed,Plantae,4337575,145218,607199,0,5089992,85.22,2.85,11.93,True,High income,True,High income,False,False
KOR,KR,KR,"Korea, Republic of",FALSE,Asia,Eastern Asia,,Asia,Eastern-Asia,,Developed,Animalia,3995389,19957,991703,0,5007049,79.8,0.4,19.81,True,High income,True,High income,False,False
GTM,GT,GT,Guatemala,FALSE,Americas,Latin America and the Caribbean,Central America,Americas,Latin-America-and-the-Caribbean,Central-America,Developing,Animalia,37485,4470814,35378,1,4543678,0.82,98.4,0.78,True,Upper middle income,True,Upper middle income,False,False
EST,EE,EE,Estonia,TRUE,Europe,Northern Europe,,Europe,Northern-Europe,,Developed,Animalia,4085027,216507,217363,0,4518897,90.4,4.79,4.81,True,High income,True,High income,False,False
KEN,KE,KE,Kenya,FALSE,Africa,Sub-Saharan Africa,Eastern Africa,Africa,Sub-Saharan-Africa,Eastern-Africa,Developing,Animalia,359394,755802,3184049,0,4299245,8.36,17.58,74.06,True,Lower middle income,True,Lower middle income,False,False
CHN,CN,CN,China,FALSE,Asia,Eastern Asia,,Asia,Eastern-Asia,,Developing,Animalia,22172,72813,4058129,24,4153138,0.53,1.75,97.71,True,Upper middle income,True,Upper middle income,False,False
ITA,IT,IT,Italy,TRUE,Europe,Southern Europe,,Europe,Southern-Europe,,Developed,Animalia,143955,1015291,2854646,18,4013910,3.59,25.29,71.12,True,High income,True,High income,False,False
VEN,VE,VE,"Venezuela, Bolivarian Republic of",FALSE,Americas,Latin America and the Caribbean,South America,Americas,Latin-America-and-the-Caribbean,South-America,Developing,Animalia,157152,3741738,83672,2,3982564,3.95,93.95,2.1,True,Lower middle income,True,Lower middle income,False,False
IRL,IE,IE,Ireland,TRUE,Europe,Northern Europe,,Europe,Northern-Europe,,Developed,Animalia,1599348,664813,1603293,0,3867454,41.35,17.19,41.46,True,High income,True,High income,False,False
PRI,PR,PR,Puerto Rico,FALSE,Americas,Latin America and the Caribbean,Caribbean,Americas,Latin-America-and-the-Caribbean,Caribbean,Developing,Animalia,6207,3754903,35092,0,3796202,0.16,98.91,0.92,,,,,,
NZL,NZ,NZ,New Zealand,FALSE,Oceania,Australia and New Zealand,,Oceania,Australia-and-New-Zealand,,Developed,Plantae,2391130,67160,1162316,0,3620606,66.04,1.85,32.1,True,High income,True,High income,False,False
ZAF,ZA,ZA,South Africa,FALSE,Africa,Sub-Saharan Africa,Southern Africa,Africa,Sub-Saharan-Africa,Southern-Africa,Developing,Plantae,1194493,1087,2406033,0,3601613,33.17,0.03,66.8,True,Upper middle income,True,Upper middle income,False,False
HND,HN,HN,Honduras,FALSE,Americas,Latin America and the Caribbean,Central America,Americas,Latin-America-and-the-Caribbean,Central-America,Developing,Animalia,0,3329341,74528,0,3403869,0.0,97.81,2.19,True,Lower middle income,True,Lower middle income,False,False
ITA,IT,IT,Italy,TRUE,Europe,Southern Europe,,Europe,Southern-Europe,,Developed,Plantae,858336,1657330,737335,2,3253003,26.39,50.95,22.67,True,High income,True,High income,False,False
CZE,CZ,CZ,Czech Republic,TRUE,Europe,Eastern Europe,,Europe,Eastern-Europe,,Developed,Animalia,2987,135971,3101410,173,3240541,0.09,4.2,95.71,True,High income,True,High income,False,False
MYS,MY,MY,Malaysia,FALSE,Asia,South-eastern Asia,,Asia,South-eastern-Asia,,Developing,Animalia,3640,71999,3145856,20,3221515,0.11,2.23,97.65,True,Upper middle income,True,Upper middle income,False,False
TUR,TR,TR,Turkey,FALSE,Asia,Western Asia,,Asia,Western-Asia,,Developing,Animalia,0,2988,3162855,18,3165861,0.0,0.09,99.91,True,Upper middle income,True,Upper middle income,False,False
IDN,ID,ID,Indonesia,FALSE,Asia,South-eastern Asia,,Asia,South-eastern-Asia,,Developing,Animalia,34219,93629,2978821,14,3106683,1.1,3.01,95.88,True,Upper middle income,True,Upper middle income,False,False
AUS,AU,AU,Australia,FALSE,Oceania,Australia and New Zealand,,Oceania,Australia-and-New-Zealand,,Developed,Bacteria,83730,391,2948160,0,3032281,2.76,0.01,97.23,True,High income,True,High income,False,False
NLD,NL,NL,Netherlands,TRUE,Europe,Western Europe,,Europe,Western-Europe,,Developed,Fungi,2878491,34559,39780,0,2952830,97.48,1.17,1.35,True,High income,True,High income,False,False
,,,,,,,,,,,,Chromista,0,0,2685486,1,2685487,0.0,0.0,100.0,,,,,,
GRC,GR,GR,Greece,TRUE,Europe,Southern Europe,,Europe,Southern-Europe,,Developed,Animalia,18274,719055,1817078,39,2554446,0.72,28.15,71.13,True,High income,True,High income,False,False
ATA,AQ,AQ,Antarctica,FALSE,,,,,,,,Animalia,23714,0,2517001,0,2540715,0.93,0.0,99.07,,,,,,
,,,,,,,,,,,,incertae sedis,0,0,2365528,8,2365536,0.0,0.0,100.0,,,,,,
PHL,PH,PH,Philippines,FALSE,Asia,South-eastern Asia,,Asia,South-eastern-Asia,,Developing,Animalia,14866,64845,2230593,0,2310304,0.64,2.81,96.55,True,Lower middle income,True,Lower middle income,False,False
,,,,,,,,,,,,Bacteria,0,0,2291328,0,2291328,0.0,0.0,100.0,,,,,,
TZA,TZ,TZ,"Tanzania, United Republic of",FALSE,Africa,Sub-Saharan Africa,Eastern Africa,Africa,Sub-Saharan-Africa,Eastern-Africa,Developing,Animalia,35729,28951,2223699,0,2288379,1.56,1.27,97.17,True,Lower middle income,True,Lower middle income,True,False
UGA,UG,UG,Uganda,FALSE,Africa,Sub-Saharan Africa,Eastern Africa,Africa,Sub-Saharan-Africa,Eastern-Africa,Developing,Animalia,152019,29849,2051214,1,2233083,6.81,1.34,91.86,True,Low income,True,Low income,True,False
NOR,NO,NO,Norway,FALSE,Europe,Northern Europe,,Europe,Northern-Europe,,Developed,Fungi,1869438,255505,43960,46,2168949,86.19,11.78,2.03,True,High income,True,High income,False,False
LUX,LU,LU,Luxembourg,TRUE,Europe,Western Europe,,Europe,Western-Europe,,Developed,Animalia,1891787,85776,171821,0,2149384,88.02,3.99,7.99,True,High income,True,High income,False,False
LKA,LK,LK,Sri Lanka,FALSE,Asia,Southern Asia,,Asia,Southern-Asia,,Developing,Animalia,0,2690,2139036,1,2141727,0.0,0.13,99.87,True,Lower middle income,True,Lower middle income,False,False
AUS,AU,AU,Australia,FALSE,Oceania,Australia and New Zealand,,Oceania,Australia-and-New-Zealand,,Developed,Fungi,1590344,4435,515909,0,2110688,75.35,0.21,24.44,True,High income,True,High income,False,False
KOR,KR,KR,"Korea, Republic of",FALSE,Asia,Eastern Asia,,Asia,Eastern-Asia,,Developed,Plantae,1859465,5399,126133,0,1990997,93.39,0.27,6.34,True,High income,True,High income,False,False
USA,US,US,United States,FALSE,Americas,Northern America,,Americas,Northern-America,,Developed,Chromista,899381,19211,1065944,0,1984536,45.32,0.97,53.71,False,High income,False,High income,False,False
ARE,AE,AE,United Arab Emirates,FALSE,Asia,Western Asia,,Asia,Western-Asia,,Developing,Animalia,0,47,1963874,0,1963921,0.0,0.0,100.0,True,High income,True,High income,False,False
MDG,MG,MG,Madagascar,FALSE,Africa,Sub-Saharan Africa,Eastern Africa,Africa,Sub-Saharan-Africa,Eastern-Africa,Developing,Animalia,21794,13164,1864520,4309,1903787,1.14,0.69,97.94,True,Low income,True,Low income,True,False
UKR,UA,UA,Ukraine,FALSE,Europe,Eastern Europe,,Europe,Eastern-Europe,,Developed,Animalia,726428,219983,926960,2,1873373,38.78,11.74,49.48,True,Upper middle income,True,Upper middle income,False,False
AUS,AU,AU,Australia,FALSE,Oceania,Australia and New Zealand,,Oceania,Australia-and-New-Zealand,,Developed,Chromista,1055035,776,802256,0,1858067,56.78,0.04,43.18,True,High income,True,High income,False,False
DNK,DK,DK,Denmark,TRUE,Europe,Northern Europe,,Europe,Northern-Europe,,Developed,Bacteria,1741897,99776,248,0,1841921,94.57,5.42,0.01,True,High income,True,High income,False,False
NIC,NI,NI,Nicaragua,FALSE,Americas,Latin America and the Caribbean,Central America,Americas,Latin-America-and-the-Caribbean,Central-America,Developing,Animalia,111278,1685162,20547,2,1816989,6.12,92.74,1.13,True,Lower middle income,True,Lower middle income,False,False
TWN,TW,TW,"Taiwan, Province of China",FALSE,,,,,,,,Plantae,692482,0,1097412,0,1789894,38.69,0.0,61.31,,,,,,
BGR,BG,BG,Bulgaria,TRUE,Europe,Eastern Europe,,Europe,Eastern-Europe,,Developed,Animalia,476313,237144,1043124,2,1756583,27.12,13.5,59.38,True,High income,True,High income,False,False
CUB,CU,CU,Cuba,FALSE,Americas,Latin America and the Caribbean,Caribbean,Americas,Latin-America-and-the-Caribbean,Caribbean,Developing,Animalia,4802,1698678,49118,0,1752598,0.27,96.92,2.8,True,Upper middle income,True,Upper middle income,False,True
PER,PE,PE,Peru,FALSE,Americas,Latin America and the Caribbean,South America,Americas,Latin-America-and-the-Caribbean,South-America,Developing,Plantae,15793,1170949,563651,0,1750393,0.9,66.9,32.2,True,Upper middle income,True,Upper middle income,False,False
EST,EE,EE,Estonia,TRUE,Europe,Northern Europe,,Europe,Northern-Europe,,Developed,Fungi,1691079,28236,5883,0,1725198,98.02,1.64,0.34,True,High income,True,High income,False,False
HKG,HK,HK,Hong Kong,FALSE,Asia,Eastern Asia,,Asia,Eastern-Asia,,Developing,Animalia,707,887,1700422,0,1702016,0.04,0.05,99.91,,,,,,
HUN,HU,HU,Hungary,TRUE,Europe,Eastern Europe,,Europe,Eastern-Europe,,Developed,Animalia,405868,321370,969533,1,1696772,23.92,18.94,57.14,True,High income,True,High income,False,False
EST,EE,EE,Estonia,TRUE,Europe,Northern Europe,,Europe,Northern-Europe,,Developed,Plantae,1619109,33403,19790,35,1672337,96.82,2.0,1.18,True,High income,True,High income,False,False
SGP,SG,SG,Singapore,FALSE,Asia,South-eastern Asia,,Asia,South-eastern-Asia,,Developing,Animalia,479,2158,1650938,2,1653577,0.03,0.13,99.84,True,High income,True,High income,False,True
URY,UY,UY,Uruguay,FALSE,Americas,Latin America and the Caribbean,South America,Americas,Latin-America-and-the-Caribbean,South-America,Developing,Animalia,15043,1610818,17421,0,1643282,0.92,98.02,1.06,True,High income,True,High income,False,False
ECU,EC,EC,Ecuador,FALSE,Americas,Latin America and the Caribbean,South America,Americas,Latin-America-and-the-Caribbean,South-America,Developing,Plantae,135722,1103438,377583,0,1616743,8.39,68.25,23.35,True,Upper middle income,True,Upper middle income,False,False
UKR,UA,UA,Ukraine,FALSE,Europe,Eastern Europe,,Europe,Eastern-Europe,,Developed,Plantae,733208,194733,674973,212,1603126,45.74,12.15,42.1,True,Upper middle income,True,Upper middle income,False,False
ISL,IS,IS,Iceland,FALSE,Europe,Northern Europe,,Europe,Northern-Europe,,Developed,Animalia,11339,222606,1317834,0,1551779,0.73,14.35,84.92,True,High income,True,High income,False,False
DNK,DK,DK,Denmark,TRUE,Europe,Northern Europe,,Europe,Northern-Europe,,Developed,Fungi,1446522,67893,36170,1,1550586,93.29,4.38,2.33,True,High income,True,High income,False,False
IND,IN,IN,India,FALSE,Asia,Southern Asia,,Asia,Southern-Asia,,Developing,Plantae,475266,8631,1064125,2,1548024,30.7,0.56,68.74,True,Lower middle income,True,Lower middle income,False,False
BOL,BO,BO,"Bolivia, Plurinational State of",FALSE,Americas,Latin America and the Caribbean,South America,Americas,Latin-America-and-the-Caribbean,South-America,Developing,Animalia,4292,1435986,73584,15,1513877,0.28,94.85,4.86,True,Lower middle income,True,Lower middle income,False,False
PNG,PG,PG,Papua New Guinea,FALSE,Oceania,Melanesia,,Oceania,Melanesia,,Developing,Animalia,177511,180795,1027631,3,1385940,12.81,13.04,74.15,True,Lower middle income,True,Lower middle income,False,True
NAM,NA,,Namibia,FALSE,Africa,Sub-Saharan Africa,Southern Africa,Africa,Sub-Saharan-Africa,Southern-Africa,Developing,Animalia,9732,234541,1087325,0,1331598,0.73,17.61,81.66,True,Lower middle income,True,Lower middle income,False,False
ALA,AX,AX,Aland Islands,FALSE,Europe,Northern Europe,,Europe,Northern-Europe,,Developed,Animalia,0,1293788,31049,0,1324837,0.0,97.66,2.34,,,,,,
CRI,CR,CR,Costa Rica,FALSE,Americas,Latin America and the Caribbean,Central America,Americas,Latin-America-and-the-Caribbean,Central-America,Developing,Plantae,535345,631726,144050,0,1311121,40.83,48.18,10.99,True,High income,True,High income,False,False
MAR,MA,MA,Morocco,FALSE,Africa,Northern Africa,,Africa,Northern-Africa,,Developing,Animalia,0,147,1300557,0,1300704,0.0,0.01,99.99,True,Lower middle income,True,Lower middle income,False,False
SVK,SK,SK,Slovakia,TRUE,Europe,Eastern Europe,,Europe,Eastern-Europe,,Developed,Plantae,1016256,172270,80944,3,1269473,80.05,13.57,6.38,True,High income,True,High income,False,False
ARG,AR,AR,Argentina,FALSE,Americas,Latin America and the Caribbean,South America,Americas,Latin-America-and-the-Caribbean,South-America,Developing,Plantae,484126,570761,198474,0,1253361,38.63,45.54,15.84,True,Upper middle income,True,Upper middle income,False,False
NPL,NP,NP,Nepal,FALSE,Asia,Southern Asia,,Asia,Southern-Asia,,Developing,Animalia,6138,11593,1212439,141,1230311,0.5,0.94,98.55,True,Lower middle income,True,Lower middle income,True,False
PRY,PY,PY,Paraguay,FALSE,Americas,Latin America and the Caribbean,South America,Americas,Latin-America-and-the-Caribbean,South-America,Developing,Animalia,0,1177882,47796,2,1225680,0.0,96.1,3.9,True,Upper middle income,True,Upper middle income,False,False
,,,,,,,,,,,,Fungi,0,0,1224397,932,1225329,0.0,0.0,99.92,,,,,,
FIN,FI,FI,Finland,TRUE,Europe,Northern Europe,,Europe,Northern-Europe,,Developed,Fungi,699404,346644,178514,97,1224659,57.11,28.31,14.58,True,High income,True,High income,False,False
USA,US,US,United States,FALSE,Americas,Northern America,,Americas,Northern-America,,Developed,incertae sedis,928620,4563,276199,0,1209382,76.78,0.38,22.84,False,High income,False,High income,False,False
CHN,CN,CN,China,FALSE,Asia,Eastern Asia,,Asia,Eastern-Asia,,Developing,Bacteria,0,142,1206409,0,1206551,0.0,0.01,99.99,True,Upper middle income,True,Upper middle income,False,False
FRA,FR,FR,France,TRUE,Europe,Western Europe,,Europe,Western-Europe,,Developed,Chromista,1004462,163886,13071,0,1181419,85.02,13.87,1.11,True,High income,True,High income,False,False
LUX,LU,LU,Luxembourg,TRUE,Europe,Western Europe,,Europe,Western-Europe,,Developed,Plantae,1036159,59966,79688,0,1175813,88.12,5.1,6.78,True,High income,True,High income,False,False
FRA,FR,FR,France,TRUE,Europe,Western Europe,,Europe,Western-Europe,,Developed,Fungi,936160,124195,114070,8,1174433,79.71,10.57,9.71,True,High income,True,High income,False,False
IDN,ID,ID,Indonesia,FALSE,Asia,South-eastern Asia,,Asia,South-eastern-Asia,,Developing,Plantae,49543,20115,1093107,0,1162765,4.26,1.73,94.01,True,Upper middle income,True,Upper middle income,False,False
CHE,CH,CH,Switzerland,FALSE,Europe,Western Europe,,Europe,Western-Europe,,Developed,Fungi,1058494,46794,54764,32,1160084,91.24,4.03,4.72,True,High income,True,High income,False,False
CAN,CA,CA,Canada,FALSE,Americas,Northern America,,Americas,Northern-America,,Developed,Fungi,351333,529847,272583,26,1153789,30.45,45.92,23.63,True,High income,True,High income,False,False
TTO,TT,TT,Trinidad and Tobago,FALSE,Americas,Latin America and the Caribbean,Caribbean,Americas,Latin-America-and-the-Caribbean,Caribbean,Developing,Animalia,36038,1082318,22026,0,1140382,3.16,94.91,1.93,True,High income,True,High income,False,True
ISR,IL,IL,Israel,FALSE,Asia,Western Asia,,Asia,Western-Asia,,Developing,Plantae,927931,13,211226,0,1139170,81.46,0.0,18.54,True,High income,True,High income,False,False
DEU,DE,DE,Germany,TRUE,Europe,Western Europe,,Europe,Western-Europe,,Developed,Fungi,548848,311548,276761,204,1137361,48.26,27.39,24.33,True,High income,True,High income,False,False
IMN,IM,IM,Isle of Man,FALSE,Europe,Northern Europe,,Europe,Northern-Europe,,Developed,Animalia,561519,222419,352494,0,1136432,49.41,19.57,31.02,,,,,,
SLV,SV,SV,El Salvador,FALSE,Americas,Latin America and the Caribbean,Central America,Americas,Latin-America-and-the-Caribbean,Central-America,Developing,Animalia,0,1114780,15648,0,1130428,0.0,98.62,1.38,True,Upper middle income,True,Upper middle income,False,False
PRT,PT,PT,Portugal,TRUE,Europe,Southern Europe,,Europe,Southern-Europe,,Developed,Chromista,999927,116068,10732,0,1126727,88.75,10.3,0.95,True,High income,True,High income,False,False
NZL,NZ,NZ,New Zealand,FALSE,Oceania,Australia and New Zealand,,Oceania,Australia-and-New-Zealand,,Developed,Bacteria,4872,163,1108913,0,1113948,0.44,0.01,99.55,True,High income,True,High income,False,False
MDG,MG,MG,Madagascar,FALSE,Africa,Sub-Saharan Africa,Eastern Africa,Africa,Sub-Saharan-Africa,Eastern-Africa,Developing,Plantae,49201,1051,1058866,0,1109118,4.44,0.09,95.47,True,Low income,True,Low income,True,False
BOL,BO,BO,"Bolivia, Plurinational State of",FALSE,Americas,Latin America and the Caribbean,South America,Americas,Latin-America-and-the-Caribbean,South-America,Developing,Plantae,0,864774,213139,0,1077913,0.0,80.23,19.77,True,Lower middle income,True,Lower middle income,False,False
ESP,ES,ES,Spain,TRUE,Europe,Southern Europe,,Europe,Southern-Europe,,Developed,Fungi,738490,257588,67566,2,1063646,69.43,24.22,6.35,True,High income,True,High income,False,False
ESP,ES,ES,Spain,TRUE,Europe,Southern Europe,,Europe,Southern-Europe,,Developed,Bacteria,927642,103341,10172,0,1041155,89.1,9.93,0.98,True,High income,True,High income,False,False
BHS,BS,BS,Bahamas,FALSE,Americas,Latin America and the Caribbean,Caribbean,Americas,Latin-America-and-the-Caribbean,Caribbean,Developing,Animalia,0,1005682,25367,0,1031049,0.0,97.54,2.46,True,High income,True,High income,False,True
,,,,,,,,,,,,Plantae,3572,0,1001089,15,1004676,0.36,0.0,99.64,,,,,,
GEO,GE,GE,Georgia,FALSE,Asia,Western Asia,,Asia,Western-Asia,,Developing,Animalia,6016,86,991856,5,997963,0.6,0.01,99.39,True,Upper middle income,True,Upper middle income,False,False
AUT,AT,AT,Austria,TRUE,Europe,Western Europe,,Europe,Western-Europe,,Developed,Fungi,820461,84787,84080,10,989338,82.93,8.57,8.5,True,High income,True,High income,False,False
CZE,CZ,CZ,Czech Republic,TRUE,Europe,Eastern Europe,,Europe,Eastern-Europe,,Developed,Plantae,152214,507954,319914,141,980223,15.53,51.82,32.64,True,High income,True,High income,False,False
LTU,LT,LT,Lithuania,TRUE,Europe,Northern Europe,,Europe,Northern-Europe,,Developed,Animalia,8078,523997,431637,0,963712,0.84,54.37,44.79,True,High income,True,High income,False,False
KHM,KH,KH,Cambodia,FALSE,Asia,South-eastern Asia,,Asia,South-eastern-Asia,,Developing,Animalia,26844,6636,912582,0,946062,2.84,0.7,96.46,True,Lower middle income,True,Lower middle income,True,False
HRV,HR,HR,Croatia,TRUE,Europe,Southern Europe,,Europe,Southern-Europe,,Developed,Animalia,64749,294404,555205,16,914374,7.08,32.2,60.72,True,High income,True,High income,False,False
SWE,SE,SE,Sweden,TRUE,Europe,Northern Europe,,Europe,Northern-Europe,,Developed,Chromista,868842,37015,4583,0,910440,95.43,4.07,0.5,True,High income,True,High income,False,False
ROU,RO,RO,Romania,TRUE,Europe,Eastern Europe,,Europe,Eastern-Europe,,Developed,Animalia,0,459450,422372,8,881830,0.0,52.1,47.9,True,High income,True,High income,False,False
NGA,NG,NG,Nigeria,FALSE,Africa,Sub-Saharan Africa,Western Africa,Africa,Sub-Saharan-Africa,Western-Africa,Developing,Animalia,591351,6409,277825,2,875587,67.54,0.73,31.73,True,Lower middle income,True,Lower middle income,False,False
IRL,IE,IE,Ireland,TRUE,Europe,Northern Europe,,Europe,Northern-Europe,,Developed,Plantae,503359,279425,59091,0,841875,59.79,33.19,7.02,True,High income,True,High income,False,False
SRB,RS,RS,Serbia,FALSE,Europe,Southern Europe,,Europe,Southern-Europe,,Developed,Animalia,2153,79510,754281,0,835944,0.26,9.51,90.23,True,Upper middle income,True,Upper middle income,False,False
BWA,BW,BW,Botswana,FALSE,Africa,Sub-Saharan Africa,Southern Africa,Africa,Sub-Saharan-Africa,Southern-Africa,Developing,Animalia,6747,95471,727469,0,829687,0.81,11.51,87.68,True,Upper middle income,True,Upper middle income,False,False
GRC,GR,GR,Greece,TRUE,Europe,Southern Europe,,Europe,Southern-Europe,,Developed,Plantae,339,647727,175810,64,823940,0.04,78.61,21.34,True,High income,True,High income,False,False
GHA,GH,GH,Ghana,FALSE,Africa,Sub-Saharan Africa,Western Africa,Africa,Sub-Saharan-Africa,Western-Africa,Developing,Animalia,8369,9581,798530,0,816480,1.03,1.17,97.8,True,Lower middle income,True,Lower middle income,False,False
DEU,DE,DE,Germany,TRUE,Europe,Western Europe,,Europe,Western-Europe,,Developed,Bacteria,8890,737748,52968,0,799606,1.11,92.26,6.62,True,High income,True,High income,False,False
ZWE,ZW,ZW,Zimbabwe,FALSE,Africa,Sub-Saharan Africa,Eastern Africa,Africa,Sub-Saharan-Africa,Eastern-Africa,Developing,Animalia,49135,150504,592862,0,792501,6.2,18.99,74.81,True,Lower middle income,True,Lower middle income,False,False
PNG,PG,PG,Papua New Guinea,FALSE,Oceania,Melanesia,,Oceania,Melanesia,,Developing,Plantae,1100,288658,492840,0,782598,0.14,36.88,62.97,True,Lower middle income,True,Lower middle income,False,True
BEN,BJ,BJ,Benin,FALSE,Africa,Sub-Saharan Africa,Western Africa,Africa,Sub-Saharan-Africa,Western-Africa,Developing,Plantae,640781,25891,109512,0,776184,82.56,3.34,14.11,True,Lower middle income,True,Lower middle income,True,False
ETH,ET,ET,Ethiopia,FALSE,Africa,Sub-Saharan Africa,Eastern Africa,Africa,Sub-Saharan-Africa,Eastern-Africa,Developing,Animalia,735,4410,762292,0,767437,0.1,0.57,99.33,True,Low income,True,Low income,True,False
ZMB,ZM,ZM,Zambia,FALSE,Africa,Sub-Saharan Africa,Eastern Africa,Africa,Sub-Saharan-Africa,Eastern-Africa,Developing,Animalia,2315,39786,722473,0,764574,0.3,5.2,94.49,True,Lower middle income,True,Lower middle income,True,False
DOM,DO,DO,Dominican Republic,FALSE,Americas,Latin America and the Caribbean,Caribbean,Americas,Latin-America-and-the-Caribbean,Caribbean,Developing,Animalia,12371,721739,24460,0,758570,1.63,95.14,3.22,True,Upper middle income,True,Upper middle income,False,True
VNM,VN,VN,Viet Nam,FALSE,Asia,South-eastern Asia,,Asia,South-eastern-Asia,,Developing,Animalia,3530,24946,721520,2,749998,0.47,3.33,96.2,True,Lower middle income,True,Lower middle income,False,False
MYS,MY,MY,Malaysia,FALSE,Asia,South-eastern Asia,,Asia,South-eastern-Asia,,Developing,Plantae,497,32291,713700,0,746488,0.07,4.33,95.61,True,Upper middle income,True,Upper middle income,False,False
VIR,VI,VI,"Virgin Islands, U.S.",FALSE,Americas,Latin America and the Caribbean,Caribbean,Americas,Latin-America-and-the-Caribbean,Caribbean,Developing,Animalia,0,734645,7997,0,742642,0.0,98.92,1.08,,,,,,
GUF,GF,GF,French Guiana,FALSE,Americas,Latin America and the Caribbean,South America,Americas,Latin-America-and-the-Caribbean,South-America,Developing,Animalia,3852,304769,423714,2,732337,0.53,41.62,57.86,,,,,,
IRN,IR,IR,"Iran, Islamic Republic of",FALSE,Asia,Southern Asia,,Asia,Southern-Asia,,Developing,Animalia,2216,1326,719658,17,723217,0.31,0.18,99.51,True,Upper middle income,True,Upper middle income,False,False
GMB,GM,GM,Gambia,FALSE,Africa,Sub-Saharan Africa,Western Africa,Africa,Sub-Saharan-Africa,Western-Africa,Developing,Animalia,0,406,715713,0,716119,0.0,0.06,99.94,True,Low income,True,Low income,True,False
GBR,GB,GB,United Kingdom,FALSE,Europe,Northern Europe,,Europe,Northern-Europe,,Developed,Chromista,671651,26628,15976,0,714255,94.04,3.73,2.24,True,High income,True,High income,False,False
RUS,RU,RU,Russian Federation,FALSE,Europe,Eastern Europe,,Europe,Eastern-Europe,,Developed,Fungi,172259,335737,203771,2,711769,24.2,47.17,28.63,True,High income,True,High income,False,False
JAM,JM,JM,Jamaica,FALSE,Americas,Latin America and the Caribbean,Caribbean,Americas,Latin-America-and-the-Caribbean,Caribbean,Developing,Animalia,4263,681529,23357,2,709151,0.6,96.1,3.29,True,Upper middle income,True,Upper middle income,False,True
GUY,GY,GY,Guyana,FALSE,Americas,Latin America and the Caribbean,South America,Americas,Latin-America-and-the-Caribbean,South-America,Developing,Animalia,6787,649517,42625,0,698929,0.97,92.93,6.1,True,High income,True,High income,False,True
NLD,NL,NL,Netherlands,TRUE,Europe,Western Europe,,Europe,Western-Europe,,Developed,Chromista,613286,77060,1509,0,691855,88.64,11.14,0.22,True,High income,True,High income,False,False
AUS,AU,AU,Australia,FALSE,Oceania,Australia and New Zealand,,Oceania,Australia-and-New-Zealand,,Developed,incertae sedis,497109,220,192143,0,689472,72.1,0.03,27.87,True,High income,True,High income,False,False
VEN,VE,VE,"Venezuela, Bolivarian Republic of",FALSE,Americas,Latin America and the Caribbean,South America,Americas,Latin-America-and-the-Caribbean,South-America,Developing,Plantae,88862,468199,124692,0,681753,13.03,68.68,18.29,True,Lower middle income,True,Lower middle income,False,False
COD,CD,CD,"Congo, the Democratic Republic of the",FALSE,Africa,Sub-Saharan Africa,Middle Africa,Africa,Sub-Saharan-Africa,Middle-Africa,Developing,Plantae,6782,1443,663352,0,671577,1.01,0.21,98.78,True,Low income,True,Low income,True,False
BGD,BD,BD,Bangladesh,FALSE,Asia,Southern Asia,,Asia,Southern-Asia,,Developing,Animalia,133,263,641863,0,642259,0.02,0.04,99.94,True,Lower middle income,True,Lower middle income,True,False
MOZ,MZ,MZ,Mozambique,FALSE,Africa,Sub-Saharan Africa,Eastern Africa,Africa,Sub-Saharan-Africa,Eastern-Africa,Developing,Animalia,176933,49519,410996,0,637448,27.76,7.77,64.48,True,Low income,True,Low income,True,False
TZA,TZ,TZ,"Tanzania, United Republic of",FALSE,Africa,Sub-Saharan Africa,Eastern Africa,Africa,Sub-Saharan-Africa,Eastern-Africa,Developing,Plantae,58464,7686,568823,0,634973,9.21,1.21,89.58,True,Lower middle income,True,Lower middle income,True,False
CAN,CA,CA,Canada,FALSE,Americas,Northern America,,Americas,Northern-America,,Developed,Bacteria,829,7059,626879,0,634767,0.13,1.11,98.76,True,High income,True,High income,False,False
,,,,,,,,,,,,Animalia,3585,0,629318,6,632909,0.57,0.0,99.43,,,,,,
GLP,GP,GP,Guadeloupe,FALSE,Americas,Latin America and the Caribbean,Caribbean,Americas,Latin-America-and-the-Caribbean,Caribbean,Developing,Animalia,0,351759,280759,0,632518,0.0,55.61,44.39,,,,,,
MNG,MN,MN,Mongolia,FALSE,Asia,Eastern Asia,,Asia,Eastern-Asia,,Developing,Animalia,0,109477,519426,2,628905,0.0,17.41,82.59,True,Upper middle income,True,Upper middle income,False,False
COD,CD,CD,"Congo, the Democratic Republic of the",FALSE,Africa,Sub-Saharan Africa,Middle Africa,Africa,Sub-Saharan-Africa,Middle-Africa,Developing,Animalia,20410,11917,591331,0,623658,3.27,1.91,94.82,True,Low income,True,Low income,True,False
BRA,BR,BR,Brazil,FALSE,Americas,Latin America and the Caribbean,South America,Americas,Latin-America-and-the-Caribbean,South-America,Developing,Fungi,238442,64227,316736,1,619406,38.5,10.37,51.14,True,Upper middle income,True,Upper middle income,False,False
PHL,PH,PH,Philippines,FALSE,Asia,South-eastern Asia,,Asia,South-eastern-Asia,,Developing,Plantae,3410,11658,600701,0,615769,0.55,1.89,97.55,True,Lower middle income,True,Lower middle income,False,False
SEN,SN,SN,Senegal,FALSE,Africa,Sub-Saharan Africa,Western Africa,Africa,Sub-Saharan-Africa,Western-Africa,Developing,Animalia,12180,4326,598971,1,615478,1.98,0.7,97.32,True,Lower middle income,True,Lower middle income,False,False
SWE,SE,SE,Sweden,TRUE,Europe,Northern Europe,,Europe,Northern-Europe,,Developed,Bacteria,344206,264620,4262,0,613088,56.14,43.16,0.7,True,High income,True,High income,False,False
CHL,CL,CL,Chile,FALSE,Americas,Latin America and the Caribbean,South America,Americas,Latin-America-and-the-Caribbean,South-America,Developing,Plantae,112555,326560,168906,15,608036,18.51,53.71,27.78,True,High income,True,High income,False,False
SJM,SJ,SJ,Svalbard and Jan Mayen,FALSE,Europe,Northern Europe,,Europe,Northern-Europe,,Developed,Bacteria,0,582645,17,19402,602064,0.0,96.77,0.0,,,,,,
CMR,CM,CM,Cameroon,FALSE,Africa,Sub-Saharan Africa,Middle Africa,Africa,Sub-Saharan-Africa,Middle-Africa,Developing,Plantae,66399,73515,460450,0,600364,11.06,12.25,76.7,True,Lower middle income,True,Lower middle income,False,False
NCL,NC,NC,New Caledonia,FALSE,Oceania,Melanesia,,Oceania,Melanesia,,Developing,Animalia,22531,45894,518347,3,586775,3.84,7.82,88.34,,,,,,
SVK,SK,SK,Slovakia,TRUE,Europe,Eastern Europe,,Europe,Eastern-Europe,,Developed,Animalia,4593,62683,509022,2,576300,0.8,10.88,88.33,True,High income,True,High income,False,False
CAN,CA,CA,Canada,FALSE,Americas,Northern America,,Americas,Northern-America,,Developed,Chromista,302756,49936,221041,0,573733,52.77,8.7,38.53,True,High income,True,High income,False,False
BMU,BM,BM,Bermuda,FALSE,Americas,Northern America,,Americas,Northern-America,,Developed,Animalia,0,551847,9353,0,561200,0.0,98.33,1.67,,,,,,
EGY,EG,EG,Egypt,FALSE,Africa,Northern Africa,,Africa,Northern-Africa,,Developing,Animalia,0,495,560326,2,560823,0.0,0.09,99.91,True,Lower middle income,True,Lower middle income,False,False
GAB,GA,GA,Gabon,FALSE,Africa,Sub-Saharan Africa,Middle Africa,Africa,Sub-Saharan-Africa,Middle-Africa,Developing,Plantae,73379,40277,429558,0,543214,13.51,7.41,79.08,True,Upper middle income,True,Upper middle income,False,False
TUR,TR,TR,Turkey,FALSE,Asia,Western Asia,,Asia,Western-Asia,,Developing,Plantae,0,1854,539454,145,541453,0.0,0.34,99.63,True,Upper middle income,True,Upper middle income,False,False
GBR,GB,GB,United Kingdom,FALSE,Europe,Northern Europe,,Europe,Northern-Europe,,Developed,Bacteria,487211,6233,45025,0,538469,90.48,1.16,8.36,True,High income,True,High income,False,False
AFG,AF,AF,Afghanistan,FALSE,Asia,Southern Asia,,Asia,Southern-Asia,,Developing,Plantae,0,149,533905,0,534054,0.0,0.03,99.97,True,Low income,True,Low income,True,False
CHE,CH,CH,Switzerland,FALSE,Europe,Western Europe,,Europe,Western-Europe,,Developed,Bacteria,1,531969,466,0,532436,0.0,99.91,0.09,True,High income,True,High income,False,False
BTN,BT,BT,Bhutan,FALSE,Asia,Southern Asia,,Asia,Southern-Asia,,Developing,Animalia,2322,376,525741,0,528439,0.44,0.07,99.49,True,Lower middle income,True,Lower middle income,False,False
ITA,IT,IT,Italy,TRUE,Europe,Southern Europe,,Europe,Southern-Europe,,Developed,Fungi,105090,347397,72560,12,525059,20.01,66.16,13.82,True,High income,True,High income,False,False
ISL,IS,IS,Iceland,FALSE,Europe,Northern Europe,,Europe,Northern-Europe,,Developed,Plantae,417108,58958,33901,0,509967,81.79,11.56,6.65,True,High income,True,High income,False,False
SUR,SR,SR,Suriname,FALSE,Americas,Latin America and the Caribbean,South America,Americas,Latin-America-and-the-Caribbean,South-America,Developing,Animalia,23922,262475,213646,0,500043,4.78,52.49,42.73,True,Upper middle income,True,Upper middle income,False,True
REU,RE,RE,Reunion,FALSE,Africa,Sub-Saharan Africa,Eastern Africa,Africa,Sub-Saharan-Africa,Eastern-Africa,Developing,Plantae,0,2414,496302,0,498716,0.0,0.48,99.52,,,,,,
JPN,JP,JP,Japan,FALSE,Asia,Eastern Asia,,Asia,Eastern-Asia,,Developed,Chromista,365604,14,125757,0,491375,74.4,0.0,25.59,True,High income,True,High income,False,False
BEL,BE,BE,Belgium,TRUE,Europe,Western Europe,,Europe,Western-Europe,,Developed,Chromista,393382,95536,477,0,489395,80.38,19.52,0.1,True,High income,True,High income,False,False
PAN,PA,PA,Panama,FALSE,Americas,Latin America and the Caribbean,Central America,Americas,Latin-America-and-the-Caribbean,Central-America,Developing,Plantae,20,433885,49039,0,482944,0.0,89.84,10.15,True,High income,True,High income,False,False
CYP,CY,CY,Cyprus,TRUE,Asia,Western Asia,,Asia,Western-Asia,,Developing,Animalia,0,603,476881,3,477487,0.0,0.13,99.87,True,High income,True,High income,False,False
IMN,IM,IM,Isle of Man,FALSE,Europe,Northern Europe,,Europe,Northern-Europe,,Developed,Plantae,451372,14149,3302,0,468823,96.28,3.02,0.7,,,,,,
OMN,OM,OM,Oman,FALSE,Asia,Western Asia,,Asia,Western-Asia,,Developing,Animalia,0,454,461261,0,461715,0.0,0.1,99.9,True,High income,True,High income,False,False
PAK,PK,PK,Pakistan,FALSE,Asia,Southern Asia,,Asia,Southern-Asia,,Developing,Animalia,176,2177,457467,1,459821,0.04,0.47,99.49,True,Lower middle income,True,Lower middle income,False,False
GBR,GB,GB,United Kingdom,FALSE,Europe,Northern Europe,,Europe,Northern-Europe,,Developed,incertae sedis,436848,9433,8822,0,455103,95.99,2.07,1.94,True,High income,True,High income,False,False
SVN,SI,SI,Slovenia,TRUE,Europe,Southern Europe,,Europe,Southern-Europe,,Developed,Animalia,10449,104040,337212,6,451707,2.31,23.03,74.65,True,High income,True,High income,False,False
KOR,KR,KR,"Korea, Republic of",FALSE,Asia,Eastern Asia,,Asia,Eastern-Asia,,Developed,incertae sedis,442017,247,9166,0,451430,97.91,0.05,2.03,True,High income,True,High income,False,False
SJM,SJ,SJ,Svalbard and Jan Mayen,FALSE,Europe,Northern Europe,,Europe,Northern-Europe,,Developed,Animalia,1339,360330,84372,0,446041,0.3,80.78,18.92,,,,,,
KOR,KR,KR,"Korea, Republic of",FALSE,Asia,Eastern Asia,,Asia,Eastern-Asia,,Developed,Bacteria,9332,52,435970,0,445354,2.1,0.01,97.89,True,High income,True,High income,False,False
CAN,CA,CA,Canada,FALSE,Americas,Northern America,,Americas,Northern-America,,Developed,incertae sedis,337884,26603,74580,0,439067,76.95,6.06,16.99,True,High income,True,High income,False,False
PYF,PF,PF,French Polynesia,FALSE,Oceania,Polynesia,,Oceania,Polynesia,,Developing,Animalia,0,32748,404864,2,437614,0.0,7.48,92.52,,,,,,
COL,CO,CO,Colombia,FALSE,Americas,Latin America and the Caribbean,South America,Americas,Latin-America-and-the-Caribbean,South-America,Developing,Fungi,219335,20011,197574,0,436920,50.2,4.58,45.22,True,Upper middle income,True,Upper middle income,False,False
NOR,NO,NO,Norway,FALSE,Europe,Northern Europe,,Europe,Northern-Europe,,Developed,Chromista,267708,141662,7729,19670,436769,61.29,32.43,1.77,True,High income,True,High income,False,False
SAU,SA,SA,Saudi Arabia,FALSE,Asia,Western Asia,,Asia,Western-Asia,,Developing,Plantae,0,52,435399,0,435451,0.0,0.01,99.99,True,High income,True,High income,False,False
PSE,PS,PS,"Palestine, State of",FALSE,Asia,Western Asia,,Asia,Western-Asia,,Developing,Animalia,0,130925,304454,3,435382,0.0,30.07,69.93,True,Lower middle income,True,Lower middle income,False,False
MEX,MX,MX,Mexico,FALSE,Americas,Latin America and the Caribbean,Central America,Americas,Latin-America-and-the-Caribbean,Central-America,Developing,Fungi,86318,119203,211306,0,416827,20.71,28.6,50.69,True,Upper middle income,True,Upper middle income,False,False
PRY,PY,PY,Paraguay,FALSE,Americas,Latin America and the Caribbean,South America,Americas,Latin-America-and-the-Caribbean,South-America,Developing,Plantae,0,294376,120515,0,414891,0.0,70.95,29.05,True,Upper middle income,True,Upper middle income,False,False
NCL,NC,NC,New Caledonia,FALSE,Oceania,Melanesia,,Oceania,Melanesia,,Developing,Plantae,0,17673,389011,0,406684,0.0,4.35,95.65,,,,,,
BLR,BY,BY,Belarus,FALSE,Europe,Eastern Europe,,Europe,Eastern-Europe,,Developed,Animalia,434,82304,322226,0,404964,0.11,20.32,79.57,True,Upper middle income,True,Upper middle income,False,False
THA,TH,TH,Thailand,FALSE,Asia,South-eastern Asia,,Asia,South-eastern-Asia,,Developing,Plantae,800,11899,373130,0,385829,0.21,3.08,96.71,True,Upper middle income,True,Upper middle income,False,False
POL,PL,PL,Poland,TRUE,Europe,Eastern Europe,,Europe,Eastern-Europe,,Developed,Fungi,290700,37863,43011,12999,384573,75.59,9.85,11.18,True,High income,True,High income,False,False
ALA,AX,AX,Aland Islands,FALSE,Europe,Northern Europe,,Europe,Northern-Europe,,Developed,Plantae,0,372315,2639,20,374974,0.0,99.29,0.7,,,,,,
ITA,IT,IT,Italy,TRUE,Europe,Southern Europe,,Europe,Southern-Europe,,Developed,Chromista,264261,100207,7556,0,372024,71.03,26.94,2.03,True,High income,True,High income,False,False
CMR,CM,CM,Cameroon,FALSE,Africa,Sub-Saharan Africa,Middle Africa,Africa,Sub-Saharan-Africa,Middle-Africa,Developing,Animalia,11511,8603,351211,40,371365,3.1,2.32,94.57,True,Lower middle income,True,Lower middle income,False,False
ETH,ET,ET,Ethiopia,FALSE,Africa,Sub-Saharan Africa,Eastern Africa,Africa,Sub-Saharan-Africa,Eastern-Africa,Developing,Plantae,1035,1253,367820,0,370108,0.28,0.34,99.38,True,Low income,True,Low income,True,False
KAZ,KZ,KZ,Kazakhstan,FALSE,Asia,Central Asia,,Asia,Central-Asia,,Developing,Animalia,1522,43521,323206,1,368250,0.41,11.82,87.77,True,Upper middle income,True,Upper middle income,False,False
NZL,NZ,NZ,New Zealand,FALSE,Oceania,Australia and New Zealand,,Oceania,Australia-and-New-Zealand,,Developed,Fungi,145934,11707,208261,0,365902,39.88,3.2,56.92,True,High income,True,High income,False,False
USA,US,US,United States,FALSE,Americas,Northern America,,Americas,Northern-America,,Developed,Protozoa,242181,1460,120005,0,363646,66.6,0.4,33.0,False,High income,False,High income,False,False
UMI,UM,UM,United States Minor Outlying Islands,FALSE,Oceania,Micronesia,,Oceania,Micronesia,,Developing,Animalia,0,26948,333193,0,360141,0.0,7.48,92.52,,,,,,
CYM,KY,KY,Cayman Islands,FALSE,Americas,Latin America and the Caribbean,Caribbean,Americas,Latin-America-and-the-Caribbean,Caribbean,Developing,Animalia,0,354974,3853,0,358827,0.0,98.93,1.07,,,,,,
MMR,MM,MM,Myanmar,FALSE,Asia,South-eastern Asia,,Asia,South-eastern-Asia,,Developing,Animalia,0,2105,351659,0,353764,0.0,0.6,99.4,True,Lower middle income,True,Lower middle income,True,False
SGS,GS,GS,South Georgia and the South Sandwich Islands,FALSE,Americas,Latin America and the Caribbean,South America,Americas,Latin-America-and-the-Caribbean,South-America,Developing,Animalia,0,95743,257368,0,353111,0.0,27.11,72.89,,,,,,
CIV,CI,CI,Cote d'Ivoire,FALSE,Africa,Sub-Saharan Africa,Western Africa,Africa,Sub-Saharan-Africa,Western-Africa,Developing,Animalia,19802,3163,328087,0,351052,5.64,0.9,93.46,True,Lower middle income,True,Lower middle income,False,False
RWA,RW,RW,Rwanda,FALSE,Africa,Sub-Saharan Africa,Eastern Africa,Africa,Sub-Saharan-Africa,Eastern-Africa,Developing,Animalia,169,2184,330010,0,332363,0.05,0.66,99.29,True,Low income,True,Low income,True,False
LVA,LV,LV,Latvia,TRUE,Europe,Northern Europe,,Europe,Northern-Europe,,Developed,Animalia,16576,138369,174902,0,329847,5.03,41.95,53.03,True,High income,True,High income,False,False
KEN,KE,KE,Kenya,FALSE,Africa,Sub-Saharan Africa,Eastern Africa,Africa,Sub-Saharan-Africa,Eastern-Africa,Developing,Plantae,18153,5361,303351,0,326865,5.55,1.64,92.81,True,Lower middle income,True,Lower middle income,False,False
ROU,RO,RO,Romania,TRUE,Europe,Eastern Europe,,Europe,Eastern-Europe,,Developed,Plantae,0,236745,85941,8,322694,0.0,73.37,26.63,True,High income,True,High income,False,False
POL,PL,PL,Poland,TRUE,Europe,Eastern Europe,,Europe,Eastern-Europe,,Developed,incertae sedis,301058,3739,2537,14767,322101,93.47,1.16,0.79,True,High income,True,High income,False,False
CUW,CW,CW,Curacao,FALSE,Americas,Latin America and the Caribbean,Caribbean,Americas,Latin-America-and-the-Caribbean,Caribbean,Developing,Animalia,0,287452,34504,0,321956,0.0,89.28,10.72,,,,,,
NIC,NI,NI,Nicaragua,FALSE,Americas,Latin America and the Caribbean,Central America,Americas,Latin-America-and-the-Caribbean,Central-America,Developing,Plantae,0,305319,15367,0,320686,0.0,95.21,4.79,True,Lower middle income,True,Lower middle income,False,False
HUN,HU,HU,Hungary,TRUE,Europe,Eastern Europe,,Europe,Eastern-Europe,,Developed,Plantae,0,159159,160619,10,319788,0.0,49.77,50.23,True,High income,True,High income,False,False
CUB,CU,CU,Cuba,FALSE,Americas,Latin America and the Caribbean,Caribbean,Americas,Latin-America-and-the-Caribbean,Caribbean,Developing,Plantae,53556,170055,92882,0,316493,16.92,53.73,29.35,True,Upper middle income,True,Upper middle income,False,True
REU,RE,RE,Reunion,FALSE,Africa,Sub-Saharan Africa,Eastern Africa,Africa,Sub-Saharan-Africa,Eastern-Africa,Developing,Animalia,0,85,311362,0,311447,0.0,0.03,99.97,,,,,,
KWT,KW,KW,Kuwait,FALSE,Asia,Western Asia,,Asia,Western-Asia,,Developing,Animalia,0,37,309202,0,309239,0.0,0.01,99.99,True,High income,True,High income,False,False
FRA,FR,FR,France,TRUE,Europe,Western Europe,,Europe,Western-Europe,,Developed,incertae sedis,252458,48224,7584,0,308266,81.9,15.64,2.46,True,High income,True,High income,False,False
ASM,AS,AS,American Samoa,FALSE,Oceania,Polynesia,,Oceania,Polynesia,,Developing,Animalia,0,32909,274242,0,307151,0.0,10.71,89.29,,,,,,
JPN,JP,JP,Japan,FALSE,Asia,Eastern Asia,,Asia,Eastern-Asia,,Developed,Fungi,176713,196,129435,0,306344,57.68,0.06,42.25,True,High income,True,High income,False,False
CZE,CZ,CZ,Czech Republic,TRUE,Europe,Eastern Europe,,Europe,Eastern-Europe,,Developed,Fungi,6258,259345,37724,1144,304471,2.06,85.18,12.39,True,High income,True,High income,False,False
GTM,GT,GT,Guatemala,FALSE,Americas,Latin America and the Caribbean,Central America,Americas,Latin-America-and-the-Caribbean,Central-America,Developing,Plantae,17080,241138,42456,0,300674,5.68,80.2,14.12,True,Upper middle income,True,Upper middle income,False,False
FJI,FJ,FJ,Fiji,FALSE,Oceania,Melanesia,,Oceania,Melanesia,,Developing,Animalia,29961,27264,243083,6,300314,9.98,9.08,80.94,True,Upper middle income,True,Upper middle income,False,True
IRL,IE,IE,Ireland,TRUE,Europe,Northern Europe,,Europe,Northern-Europe,,Developed,Chromista,168956,127695,2982,0,299633,56.39,42.62,1.0,True,High income,True,High income,False,False
PRI,PR,PR,Puerto Rico,FALSE,Americas,Latin America and the Caribbean,Caribbean,Americas,Latin-America-and-the-Caribbean,Caribbean,Developing,Plantae,0,263264,35664,0,298928,0.0,88.07,11.93,,,,,,
BES,BQ,BQ,"Bonaire, Sint Eustatius and Saba",FALSE,Americas,Latin America and the Caribbean,Caribbean,Americas,Latin-America-and-the-Caribbean,Caribbean,Developing,Animalia,0,228858,69876,0,298734,0.0,76.61,23.39,,,,,,
ATA,AQ,AQ,Antarctica,FALSE,,,,,,,,Chromista,1326,0,295049,0,296375,0.45,0.0,99.55,,,,,,
SAU,SA,SA,Saudi Arabia,FALSE,Asia,Western Asia,,Asia,Western-Asia,,Developing,Animalia,0,677,293742,0,294419,0.0,0.23,99.77,True,High income,True,High income,False,False
MAR,MA,MA,Morocco,FALSE,Africa,Northern Africa,,Africa,Northern-Africa,,Developing,Plantae,3678,90,289096,0,292864,1.26,0.03,98.71,True,Lower middle income,True,Lower middle income,False,False
GGY,GG,GG,Guernsey,FALSE,Europe,Northern Europe,Channel Islands,Europe,Northern-Europe,Channel-Islands,Developed,Animalia,0,270730,21577,0,292307,0.0,92.62,7.38,,,,,,
FIN,FI,FI,Finland,TRUE,Europe,Northern Europe,,Europe,Northern-Europe,,Developed,Bacteria,4767,285347,181,0,290295,1.64,98.3,0.06,True,High income,True,High income,False,False
MWI,MW,MW,Malawi,FALSE,Africa,Sub-Saharan Africa,Eastern Africa,Africa,Sub-Saharan-Africa,Eastern-Africa,Developing,Animalia,16231,43736,227006,0,286973,5.66,15.24,79.1,True,Low income,True,Low income,True,False
ABW,AW,AW,Aruba,FALSE,Americas,Latin America and the Caribbean,Caribbean,Americas,Latin-America-and-the-Caribbean,Caribbean,Developing,Animalia,0,267086,9310,0,276396,0.0,96.63,3.37,,,,,,
PAK,PK,PK,Pakistan,FALSE,Asia,Southern Asia,,Asia,Southern-Asia,,Developing,Plantae,123050,1531,147149,0,271730,45.28,0.56,54.15,True,Lower middle income,True,Lower middle income,False,False
DZA,DZ,DZ,Algeria,FALSE,Africa,Northern Africa,,Africa,Northern-Africa,,Developing,Animalia,0,95,270558,4,270657,0.0,0.04,99.96,True,Upper middle income,True,Upper middle income,False,False
GRL,GL,GL,Greenland,FALSE,Americas,Northern America,,Americas,Northern-America,,Developed,Plantae,9530,47189,213733,0,270452,3.52,17.45,79.03,,,,,,
COL,CO,CO,Colombia,FALSE,Americas,Latin America and the Caribbean,South America,Americas,Latin-America-and-the-Caribbean,South-America,Developing,Bacteria,258027,79,10983,0,269089,95.89,0.03,4.08,True,Upper middle income,True,Upper middle income,False,False
BEL,BE,BE,Belgium,TRUE,Europe,Western Europe,,Europe,Western-Europe,,Developed,incertae sedis,248308,18707,1937,0,268952,92.32,6.96,0.72,True,High income,True,High income,False,False
GUF,GF,GF,French Guiana,FALSE,Americas,Latin America and the Caribbean,South America,Americas,Latin-America-and-the-Caribbean,South-America,Developing,Plantae,0,133966,134581,0,268547,0.0,49.89,50.11,,,,,,
BEN,BJ,BJ,Benin,FALSE,Africa,Sub-Saharan Africa,Western Africa,Africa,Sub-Saharan-Africa,Western-Africa,Developing,Animalia,199994,112,67322,0,267428,74.78,0.04,25.17,True,Lower middle income,True,Lower middle income,True,False
GUY,GY,GY,Guyana,FALSE,Americas,Latin America and the Caribbean,South America,Americas,Latin-America-and-the-Caribbean,South-America,Developing,Plantae,0,165197,101176,0,266373,0.0,62.02,37.98,True,High income,True,High income,False,True
SVN,SI,SI,Slovenia,TRUE,Europe,Southern Europe,,Europe,Southern-Europe,,Developed,Plantae,116523,90213,57784,0,264520,44.05,34.1,21.84,True,High income,True,High income,False,False
MEX,MX,MX,Mexico,FALSE,Americas,Latin America and the Caribbean,Central America,Americas,Latin-America-and-the-Caribbean,Central-America,Developing,Chromista,167505,57786,38267,0,263558,63.56,21.93,14.52,True,Upper middle income,True,Upper middle income,False,False
IRN,IR,IR,"Iran, Islamic Republic of",FALSE,Asia,Southern Asia,,Asia,Southern-Asia,,Developing,Plantae,222,399,261749,251,262621,0.08,0.15,99.67,True,Upper middle income,True,Upper middle income,False,False
GRL,GL,GL,Greenland,FALSE,Americas,Northern America,,Americas,Northern-America,,Developed,Animalia,0,76434,178625,0,255059,0.0,29.97,70.03,,,,,,
NOR,NO,NO,Norway,FALSE,Europe,Northern Europe,,Europe,Northern-Europe,,Developed,incertae sedis,175906,69349,7895,44,253194,69.47,27.39,3.12,True,High income,True,High income,False,False
COL,CO,CO,Colombia,FALSE,Americas,Latin America and the Caribbean,South America,Americas,Latin-America-and-the-Caribbean,South-America,Developing,Chromista,229371,1142,21858,0,252371,90.89,0.45,8.66,True,Upper middle income,True,Upper middle income,False,False
GAB,GA,GA,Gabon,FALSE,Africa,Sub-Saharan Africa,Middle Africa,Africa,Sub-Saharan-Africa,Middle-Africa,Developing,Animalia,5259,4935,239902,0,250096,2.1,1.97,95.92,True,Upper middle income,True,Upper middle income,False,False
CHN,CN,CN,China,FALSE,Asia,Eastern Asia,,Asia,Eastern-Asia,,Developing,Fungi,5315,1349,238107,0,244771,2.17,0.55,97.28,True,Upper middle income,True,Upper middle income,False,False
ESP,ES,ES,Spain,TRUE,Europe,Southern Europe,,Europe,Southern-Europe,,Developed,Chromista,131182,102633,5976,0,239791,54.71,42.8,2.49,True,High income,True,High income,False,False
IND,IN,IN,India,FALSE,Asia,Southern Asia,,Asia,Southern-Asia,,Developing,Fungi,356,388,238698,0,239442,0.15,0.16,99.69,True,Lower middle income,True,Lower middle income,False,False
HRV,HR,HR,Croatia,TRUE,Europe,Southern Europe,,Europe,Southern-Europe,,Developed,Plantae,439,139465,97844,94,237842,0.18,58.64,41.14,True,High income,True,High income,False,False
NPL,NP,NP,Nepal,FALSE,Asia,Southern Asia,,Asia,Southern-Asia,,Developing,Plantae,28674,27279,180445,0,236398,12.13,11.54,76.33,True,Lower middle income,True,Lower middle income,True,False
LAO,LA,LA,Lao People's Democratic Republic,FALSE,Asia,South-eastern Asia,,Asia,South-eastern-Asia,,Developing,Animalia,0,2342,233325,0,235667,0.0,0.99,99.01,True,Lower middle income,True,Lower middle income,True,False
VNM,VN,VN,Viet Nam,FALSE,Asia,South-eastern Asia,,Asia,South-eastern-Asia,,Developing,Plantae,5926,17303,211812,0,235041,2.52,7.36,90.12,True,Lower middle income,True,Lower middle income,False,False
AIA,AI,AI,Anguilla,FALSE,Americas,Latin America and the Caribbean,Caribbean,Americas,Latin-America-and-the-Caribbean,Caribbean,Developing,Animalia,0,231029,1397,0,232426,0.0,99.4,0.6,,,,,,
FLK,FK,FK,Falkland Islands (Malvinas),FALSE,Americas,Latin America and the Caribbean,South America,Americas,Latin-America-and-the-Caribbean,South-America,Developing,Animalia,0,196086,36027,0,232113,0.0,84.48,15.52,,,,,,
SVN,SI,SI,Slovenia,TRUE,Europe,Southern Europe,,Europe,Southern-Europe,,Developed,Fungi,222536,5164,3950,0,231650,96.07,2.23,1.71,True,High income,True,High income,False,False
USA,US,US,United States,FALSE,Americas,Northern America,,Americas,Northern-America,,Developed,Viruses,4415,0,227058,0,231473,1.91,0.0,98.09,False,High income,False,High income,False,False
MNP,MP,MP,Northern Mariana Islands,FALSE,Oceania,Micronesia,,Oceania,Micronesia,,Developing,Animalia,0,395,230387,0,230782,0.0,0.17,99.83,,,,,,
CIV,CI,CI,Cote d'Ivoire,FALSE,Africa,Sub-Saharan Africa,Western Africa,Africa,Sub-Saharan-Africa,Western-Africa,Developing,Plantae,43214,18741,168162,0,230117,18.78,8.14,73.08,True,Lower middle income,True,Lower middle income,False,False
ATA,AQ,AQ,Antarctica,FALSE,,,,,,,,Bacteria,1637,0,227104,0,228741,0.72,0.0,99.28,,,,,,
NGA,NG,NG,Nigeria,FALSE,Africa,Sub-Saharan Africa,Western Africa,Africa,Sub-Saharan-Africa,Western-Africa,Developing,Plantae,55432,1762,170608,0,227802,24.33,0.77,74.89,True,Lower middle income,True,Lower middle income,False,False
JEY,JE,JE,Jersey,FALSE,Europe,Northern Europe,Channel Islands,Europe,Northern-Europe,Channel-Islands,Developed,Animalia,0,160456,64903,0,225359,0.0,71.2,28.8,,,,,,
FRO,FO,FO,Faroe Islands,FALSE,Europe,Northern Europe,,Europe,Northern-Europe,,Developed,Animalia,456,132953,90469,0,223878,0.2,59.39,40.41,,,,,,
JAM,JM,JM,Jamaica,FALSE,Americas,Latin America and the Caribbean,Caribbean,Americas,Latin-America-and-the-Caribbean,Caribbean,Developing,Plantae,8897,170731,42737,0,222365,4.0,76.78,19.22,True,Upper middle income,True,Upper middle income,False,True
SWZ,SZ,SZ,Swaziland,FALSE,Africa,Sub-Saharan Africa,Southern Africa,Africa,Sub-Saharan-Africa,Southern-Africa,Developing,Animalia,0,145281,75503,0,220784,0.0,65.8,34.2,True,Lower middle income,True,Lower middle income,False,False
SYR,SY,SY,Syrian Arab Republic,FALSE,Asia,Western Asia,,Asia,Western-Asia,,Developing,Plantae,0,117428,99404,0,216832,0.0,54.16,45.84,True,Low income,True,Low income,False,False
JPN,JP,JP,Japan,FALSE,Asia,Eastern Asia,,Asia,Eastern-Asia,,Developed,Bacteria,11452,2,205244,0,216698,5.28,0.0,94.71,True,High income,True,High income,False,False
PLW,PW,PW,Palau,FALSE,Oceania,Micronesia,,Oceania,Micronesia,,Developing,Animalia,15,17600,196382,0,213997,0.01,8.22,91.77,True,High income,True,High income,False,True
IND,IN,IN,India,FALSE,Asia,Southern Asia,,Asia,Southern-Asia,,Developing,Bacteria,39,995,212804,0,213838,0.02,0.47,99.52,True,Lower middle income,True,Lower middle income,False,False
AGO,AO,AO,Angola,FALSE,Africa,Sub-Saharan Africa,Middle Africa,Africa,Sub-Saharan-Africa,Middle-Africa,Developing,Animalia,22355,9361,178585,0,210301,10.63,4.45,84.92,True,Lower middle income,True,Lower middle income,True,False
SLB,SB,SB,Solomon Islands,FALSE,Oceania,Melanesia,,Oceania,Melanesia,,Developing,Animalia,2319,55075,151683,0,209077,1.11,26.34,72.55,True,Lower middle income,True,Lower middle income,True,True
GHA,GH,GH,Ghana,FALSE,Africa,Sub-Saharan Africa,Western Africa,Africa,Sub-Saharan-Africa,Western-Africa,Developing,Plantae,126972,2689,77627,0,207288,61.25,1.3,37.45,True,Lower middle income,True,Lower middle income,False,False
HTI,HT,HT,Haiti,FALSE,Americas,Latin America and the Caribbean,Caribbean,Americas,Latin-America-and-the-Caribbean,Caribbean,Developing,Animalia,0,201735,5473,0,207208,0.0,97.36,2.64,True,Lower middle income,True,Lower middle income,True,True
ATF,TF,TF,French Southern Territories,FALSE,Africa,Sub-Saharan Africa,Eastern Africa,Africa,Sub-Saharan-Africa,Eastern-Africa,Developing,Animalia,0,340,205057,0,205397,0.0,0.17,99.83,,,,,,
AZE,AZ,AZ,Azerbaijan,FALSE,Asia,Western Asia,,Asia,Western-Asia,,Developing,Animalia,0,65,202608,1,202674,0.0,0.03,99.97,True,Upper middle income,True,Upper middle income,False,False
ESH,EH,EH,Western Sahara,FALSE,Africa,Northern Africa,,Africa,Northern-Africa,,Developing,Animalia,0,4,196130,0,196134,0.0,0.0,100.0,,,,,,
EST,EE,EE,Estonia,TRUE,Europe,Northern Europe,,Europe,Northern-Europe,,Developed,incertae sedis,192298,1892,209,0,194399,98.92,0.97,0.11,True,High income,True,High income,False,False
KAZ,KZ,KZ,Kazakhstan,FALSE,Asia,Central Asia,,Asia,Central-Asia,,Developing,Plantae,22832,1394,169507,0,193733,11.79,0.72,87.5,True,Upper middle income,True,Upper middle income,False,False
NZL,NZ,NZ,New Zealand,FALSE,Oceania,Australia and New Zealand,,Oceania,Australia-and-New-Zealand,,Developed,Chromista,49241,3189,134765,0,187195,26.3,1.7,71.99,True,High income,True,High income,False,False
LKA,LK,LK,Sri Lanka,FALSE,Asia,Southern Asia,,Asia,Southern-Asia,,Developing,Plantae,1,2027,184417,0,186445,0.0,1.09,98.91,True,Lower middle income,True,Lower middle income,False,False
ARG,AR,AR,Argentina,FALSE,Americas,Latin America and the Caribbean,South America,Americas,Latin-America-and-the-Caribbean,South-America,Developing,Fungi,24545,29303,132416,5,186269,13.18,15.73,71.09,True,Upper middle income,True,Upper middle income,False,False
FRA,FR,FR,France,TRUE,Europe,Western Europe,,Europe,Western-Europe,,Developed,Bacteria,10044,172958,2508,0,185510,5.41,93.23,1.35,True,High income,True,High income,False,False
NAM,NA,,Namibia,FALSE,Africa,Sub-Saharan Africa,Southern Africa,Africa,Sub-Saharan-Africa,Southern-Africa,Developing,Plantae,0,69908,114982,0,184890,0.0,37.81,62.19,True,Lower middle income,True,Lower middle income,False,False
DOM,DO,DO,Dominican Republic,FALSE,Americas,Latin America and the Caribbean,Caribbean,Americas,Latin-America-and-the-Caribbean,Caribbean,Developing,Plantae,2518,148853,32686,0,184057,1.37,80.87,17.76,True,Upper middle income,True,Upper middle income,False,True
HND,HN,HN,Honduras,FALSE,Americas,Latin America and the Caribbean,Central America,Americas,Latin-America-and-the-Caribbean,Central-America,Developing,Plantae,0,155783,20969,0,176752,0.0,88.14,11.86,True,Lower middle income,True,Lower middle income,False,False
LTU,LT,LT,Lithuania,TRUE,Europe,Northern Europe,,Europe,Northern-Europe,,Developed,Fungi,0,144813,29340,7,174160,0.0,83.15,16.85,True,High income,True,High income,False,False
SLV,SV,SV,El Salvador,FALSE,Americas,Latin America and the Caribbean,Central America,Americas,Latin-America-and-the-Caribbean,Central-America,Developing,Plantae,0,89624,82812,0,172436,0.0,51.98,48.02,True,Upper middle income,True,Upper middle income,False,False
BGR,BG,BG,Bulgaria,TRUE,Europe,Eastern Europe,,Europe,Eastern-Europe,,Developed,Plantae,4236,98211,68480,24,170951,2.48,57.45,40.06,True,High income,True,High income,False,False
ZWE,ZW,ZW,Zimbabwe,FALSE,Africa,Sub-Saharan Africa,Eastern Africa,Africa,Sub-Saharan-Africa,Eastern-Africa,Developing,Plantae,7450,15113,147467,0,170030,4.38,8.89,86.73,True,Lower middle income,True,Lower middle income,False,False
ZMB,ZM,ZM,Zambia,FALSE,Africa,Sub-Saharan Africa,Eastern Africa,Africa,Sub-Saharan-Africa,Eastern-Africa,Developing,Plantae,709,3850,165297,0,169856,0.42,2.27,97.32,True,Lower middle income,True,Lower middle income,True,False
SYC,SC,SC,Seychelles,FALSE,Africa,Sub-Saharan Africa,Eastern Africa,Africa,Sub-Saharan-Africa,Eastern-Africa,Developing,Animalia,304,5585,163147,4,169040,0.18,3.3,96.51,True,High income,True,High income,False,True
HMD,HM,HM,Heard Island and McDonald Islands,FALSE,Oceania,Australia and New Zealand,,Oceania,Australia-and-New-Zealand,,Developed,Animalia,0,99408,68577,0,167985,0.0,59.18,40.82,,,,,,
MRT,MR,MR,Mauritania,FALSE,Africa,Sub-Saharan Africa,Western Africa,Africa,Sub-Saharan-Africa,Western-Africa,Developing,Animalia,60,34,165813,0,165907,0.04,0.02,99.94,True,Lower middle income,True,Lower middle income,True,False
AGO,AO,AO,Angola,FALSE,Africa,Sub-Saharan Africa,Middle Africa,Africa,Sub-Saharan-Africa,Middle-Africa,Developing,Plantae,21127,5405,138628,0,165160,12.79,3.27,83.94,True,Lower middle income,True,Lower middle income,True,False
BRB,BB,BB,Barbados,FALSE,Americas,Latin America and the Caribbean,Caribbean,Americas,Latin-America-and-the-Caribbean,Caribbean,Developing,Animalia,2724,156233,4809,0,163766,1.66,95.4,2.94,True,High income,True,High income,False,True
MTQ,MQ,MQ,Martinique,FALSE,Americas,Latin America and the Caribbean,Caribbean,Americas,Latin-America-and-the-Caribbean,Caribbean,Developing,Animalia,0,56904,105942,0,162846,0.0,34.94,65.06,,,,,,
BRA,BR,BR,Brazil,FALSE,Americas,Latin America and the Caribbean,South America,Americas,Latin-America-and-the-Caribbean,South-America,Developing,Chromista,112207,3450,47143,0,162800,68.92,2.12,28.96,True,Upper middle income,True,Upper middle income,False,False
DZA,DZ,DZ,Algeria,FALSE,Africa,Northern Africa,,Africa,Northern-Africa,,Developing,Plantae,0,128,162499,0,162627,0.0,0.08,99.92,True,Upper middle income,True,Upper middle income,False,False
BEL,BE,BE,Belgium,TRUE,Europe,Western Europe,,Europe,Western-Europe,,Developed,Fungi,130749,12847,18223,3,161822,80.8,7.94,11.26,True,High income,True,High income,False,False
PSE,PS,PS,"Palestine, State of",FALSE,Asia,Western Asia,,Asia,Western-Asia,,Developing,Plantae,0,134772,26092,0,160864,0.0,83.78,16.22,True,Lower middle income,True,Lower middle income,False,False
TUN,TN,TN,Tunisia,FALSE,Africa,Northern Africa,,Africa,Northern-Africa,,Developing,Animalia,0,136,160295,0,160431,0.0,0.08,99.92,True,Lower middle income,True,Lower middle income,False,False
IDN,ID,ID,Indonesia,FALSE,Asia,South-eastern Asia,,Asia,South-eastern-Asia,,Developing,Bacteria,258,160,159233,0,159651,0.16,0.1,99.74,True,Upper middle income,True,Upper middle income,False,False
BFA,BF,BF,Burkina Faso,FALSE,Africa,Sub-Saharan Africa,Western Africa,Africa,Sub-Saharan-Africa,Western-Africa,Developing,Plantae,6967,1876,150128,0,158971,4.38,1.18,94.44,True,Low income,True,Low income,True,False
MWI,MW,MW,Malawi,FALSE,Africa,Sub-Saharan Africa,Eastern Africa,Africa,Sub-Saharan-Africa,Eastern-Africa,Developing,Plantae,15981,4619,134343,0,154943,10.31,2.98,86.7,True,Low income,True,Low income,True,False
,,,,,,,,,,,,Protozoa,0,0,154037,0,154037,0.0,0.0,100.0,,,,,,
BEL,BE,BE,Belgium,TRUE,Europe,Western Europe,,Europe,Western-Europe,,Developed,Bacteria,71805,81069,161,0,153035,46.92,52.97,0.11,True,High income,True,High income,False,False
JPN,JP,JP,Japan,FALSE,Asia,Eastern Asia,,Asia,Eastern-Asia,,Developed,incertae sedis,120460,29,32330,0,152819,78.83,0.02,21.16,True,High income,True,High income,False,False
CHN,CN,CN,China,FALSE,Asia,Eastern Asia,,Asia,Eastern-Asia,,Developing,Viruses,0,0,152246,0,152246,0.0,0.0,100.0,True,Upper middle income,True,Upper middle income,False,False
SYR,SY,SY,Syrian Arab Republic,FALSE,Asia,Western Asia,,Asia,Western-Asia,,Developing,Animalia,0,120400,30943,1,151344,0.0,79.55,20.45,True,Low income,True,Low income,False,False
SUR,SR,SR,Suriname,FALSE,Americas,Latin America and the Caribbean,South America,Americas,Latin-America-and-the-Caribbean,South-America,Developing,Plantae,6485,63307,79605,0,149397,4.34,42.38,53.28,True,Upper middle income,True,Upper middle income,False,True
LVA,LV,LV,Latvia,TRUE,Europe,Northern Europe,,Europe,Northern-Europe,,Developed,Fungi,1892,141876,5599,18,149385,1.27,94.97,3.75,True,High income,True,High income,False,False
DNK,DK,DK,Denmark,TRUE,Europe,Northern Europe,,Europe,Northern-Europe,,Developed,Chromista,55894,91075,2063,0,149032,37.5,61.11,1.38,True,High income,True,High income,False,False
BLZ,BZ,BZ,Belize,FALSE,Americas,Latin America and the Caribbean,Central America,Americas,Latin-America-and-the-Caribbean,Central-America,Developing,Plantae,0,123967,24636,0,148603,0.0,83.42,16.58,True,Upper middle income,True,Upper middle income,False,True
GRD,GD,GD,Grenada,FALSE,Americas,Latin America and the Caribbean,Caribbean,Americas,Latin-America-and-the-Caribbean,Caribbean,Developing,Animalia,0,146099,2393,0,148492,0.0,98.39,1.61,True,Upper middle income,True,Upper middle income,False,True
FSM,FM,FM,"Micronesia, Federated States of",FALSE,Oceania,Micronesia,,Oceania,Micronesia,,Developing,Animalia,4,10020,137154,2,147180,0.0,6.81,93.19,True,Lower middle income,True,Lower middle income,False,True
FIN,FI,FI,Finland,TRUE,Europe,Northern Europe,,Europe,Northern-Europe,,Developed,incertae sedis,130614,14857,510,0,145981,89.47,10.18,0.35,True,High income,True,High income,False,False
BLR,BY,BY,Belarus,FALSE,Europe,Eastern Europe,,Europe,Eastern-Europe,,Developed,Plantae,1985,33733,109969,0,145687,1.36,23.15,75.48,True,Upper middle income,True,Upper middle income,False,False
DEU,DE,DE,Germany,TRUE,Europe,Western Europe,,Europe,Western-Europe,,Developed,Chromista,71095,60975,13192,0,145262,48.94,41.98,9.08,True,High income,True,High income,False,False
KGZ,KG,KG,Kyrgyzstan,FALSE,Asia,Central Asia,,Asia,Central-Asia,,Developing,Animalia,0,3316,141056,0,144372,0.0,2.3,97.7,True,Lower middle income,True,Lower middle income,False,False
GEO,GE,GE,Georgia,FALSE,Asia,Western Asia,,Asia,Western-Asia,,Developing,Plantae,11184,219,132782,0,144185,7.76,0.15,92.09,True,Upper middle income,True,Upper middle income,False,False
LVA,LV,LV,Latvia,TRUE,Europe,Northern Europe,,Europe,Northern-Europe,,Developed,Plantae,81231,48405,14509,3,144148,56.35,33.58,10.07,True,High income,True,High income,False,False
PRT,PT,PT,Portugal,TRUE,Europe,Southern Europe,,Europe,Southern-Europe,,Developed,Fungi,45411,66849,31741,1,144002,31.53,46.42,22.04,True,High income,True,High income,False,False
RUS,RU,RU,Russian Federation,FALSE,Europe,Eastern Europe,,Europe,Eastern-Europe,,Developed,Chromista,20603,50963,72112,0,143678,14.34,35.47,50.19,True,High income,True,High income,False,False
GIN,GN,GN,Guinea,FALSE,Africa,Sub-Saharan Africa,Western Africa,Africa,Sub-Saharan-Africa,Western-Africa,Developing,Plantae,43168,6558,92782,0,142508,30.29,4.6,65.11,True,Lower middle income,True,Lower middle income,True,False
DEU,DE,DE,Germany,TRUE,Europe,Western Europe,,Europe,Western-Europe,,Developed,incertae sedis,92719,38182,10599,0,141500,65.53,26.98,7.49,True,High income,True,High income,False,False
UGA,UG,UG,Uganda,FALSE,Africa,Sub-Saharan Africa,Eastern Africa,Africa,Sub-Saharan-Africa,Eastern-Africa,Developing,Plantae,6890,2106,132125,0,141121,4.88,1.49,93.63,True,Low income,True,Low income,True,False
SEN,SN,SN,Senegal,FALSE,Africa,Sub-Saharan Africa,Western Africa,Africa,Sub-Saharan-Africa,Western-Africa,Developing,Plantae,17022,790,122895,0,140707,12.1,0.56,87.34,True,Lower middle income,True,Lower middle income,False,False
MEX,MX,MX,Mexico,FALSE,Americas,Latin America and the Caribbean,Central America,Americas,Latin-America-and-the-Caribbean,Central-America,Developing,Bacteria,13611,53766,72742,0,140119,9.71,38.37,51.91,True,Upper middle income,True,Upper middle income,False,False
VUT,VU,VU,Vanuatu,FALSE,Oceania,Melanesia,,Oceania,Melanesia,,Developing,Animalia,909,22874,115366,0,139149,0.65,16.44,82.91,True,Lower middle income,True,Lower middle income,False,True
EST,EE,EE,Estonia,TRUE,Europe,Northern Europe,,Europe,Northern-Europe,,Developed,Chromista,136563,1570,74,0,138207,98.81,1.14,0.05,True,High income,True,High income,False,False
ZAF,ZA,ZA,South Africa,FALSE,Africa,Sub-Saharan Africa,Southern Africa,Africa,Sub-Saharan-Africa,Southern-Africa,Developing,Fungi,15227,0,122510,1,137738,11.06,0.0,88.94,True,Upper middle income,True,Upper middle income,False,False
AUS,AU,AU,Australia,FALSE,Oceania,Australia and New Zealand,,Oceania,Australia-and-New-Zealand,,Developed,Protozoa,21809,35,114470,0,136314,16.0,0.03,83.98,True,High income,True,High income,False,False
TON,TO,TO,Tonga,FALSE,Oceania,Polynesia,,Oceania,Polynesia,,Developing,Animalia,774,93434,39635,0,133843,0.58,69.81,29.61,True,Upper middle income,True,Upper middle income,False,True
MOZ,MZ,MZ,Mozambique,FALSE,Africa,Sub-Saharan Africa,Eastern Africa,Africa,Sub-Saharan-Africa,Eastern-Africa,Developing,Plantae,7734,7939,116984,0,132657,5.83,5.98,88.19,True,Low income,True,Low income,True,False
ARM,AM,AM,Armenia,FALSE,Asia,Western Asia,,Asia,Western-Asia,,Developing,Plantae,23517,1864,103871,0,129252,18.19,1.44,80.36,True,Upper middle income,True,Upper middle income,False,False
GUM,GU,GU,Guam,FALSE,Oceania,Micronesia,,Oceania,Micronesia,,Developing,Animalia,0,1571,126669,0,128240,0.0,1.23,98.77,,,,,,
ARM,AM,AM,Armenia,FALSE,Asia,Western Asia,,Asia,Western-Asia,,Developing,Animalia,226,223,127681,0,128130,0.18,0.17,99.65,True,Upper middle income,True,Upper middle income,False,False
SJM,SJ,SJ,Svalbard and Jan Mayen,FALSE,Europe,Northern Europe,,Europe,Northern-Europe,,Developed,Plantae,2958,118948,4747,1,126654,2.34,93.92,3.75,,,,,,
JOR,JO,JO,Jordan,FALSE,Asia,Western Asia,,Asia,Western-Asia,,Developing,Animalia,0,1358,125243,0,126601,0.0,1.07,98.93,True,Lower middle income,True,Lower middle income,False,False
LBN,LB,LB,Lebanon,FALSE,Asia,Western Asia,,Asia,Western-Asia,,Developing,Animalia,0,1095,125009,53,126157,0.0,0.87,99.09,True,Lower middle income,True,Lower middle income,False,False
CRI,CR,CR,Costa Rica,FALSE,Americas,Latin America and the Caribbean,Central America,Americas,Latin-America-and-the-Caribbean,Central-America,Developing,Fungi,50143,34555,41415,0,126113,39.76,27.4,32.84,True,High income,True,High income,False,False
NLD,NL,NL,Netherlands,TRUE,Europe,Western Europe,,Europe,Western-Europe,,Developed,Protozoa,111428,12538,1638,0,125604,88.71,9.98,1.3,True,High income,True,High income,False,False
BRA,BR,BR,Brazil,FALSE,Americas,Latin America and the Caribbean,South America,Americas,Latin-America-and-the-Caribbean,South-America,Developing,Bacteria,17190,1275,106958,0,125423,13.71,1.02,85.28,True,Upper middle income,True,Upper middle income,False,False
NLD,NL,NL,Netherlands,TRUE,Europe,Western Europe,,Europe,Western-Europe,,Developed,Bacteria,63847,44154,16657,0,124658,51.22,35.42,13.36,True,High income,True,High income,False,False
MDA,MD,MD,"Moldova, Republic of",FALSE,Europe,Eastern Europe,,Europe,Eastern-Europe,,Developed,Animalia,0,16769,106870,0,123639,0.0,13.56,86.44,True,Upper middle income,True,Upper middle income,False,False
LTU,LT,LT,Lithuania,TRUE,Europe,Northern Europe,,Europe,Northern-Europe,,Developed,Plantae,0,33750,89872,5,123627,0.0,27.3,72.7,True,High income,True,High income,False,False
LBR,LR,LR,Liberia,FALSE,Africa,Sub-Saharan Africa,Western Africa,Africa,Sub-Saharan-Africa,Western-Africa,Developing,Animalia,7665,1498,113904,0,123067,6.23,1.22,92.55,True,Low income,True,Low income,True,False
PNG,PG,PG,Papua New Guinea,FALSE,Oceania,Melanesia,,Oceania,Melanesia,,Developing,Fungi,2,13902,109152,0,123056,0.0,11.3,88.7,True,Lower middle income,True,Lower middle income,False,True
ITA,IT,IT,Italy,TRUE,Europe,Southern Europe,,Europe,Southern-Europe,,Developed,Bacteria,6848,114401,1334,0,122583,5.59,93.33,1.09,True,High income,True,High income,False,False
MKD,MK,MK,"Macedonia, the former Yugoslav Republic of",FALSE,Europe,Southern Europe,,Europe,Southern-Europe,,Developed,Animalia,1358,50334,69247,2,120941,1.12,41.62,57.26,True,Upper middle income,True,Upper middle income,False,False
MHL,MH,MH,Marshall Islands,FALSE,Oceania,Micronesia,,Oceania,Micronesia,,Developing,Animalia,0,17357,103096,0,120453,0.0,14.41,85.59,True,Upper middle income,True,Upper middle income,False,True
DNK,DK,DK,Denmark,TRUE,Europe,Northern Europe,,Europe,Northern-Europe,,Developed,incertae sedis,92203,26117,618,0,118938,77.52,21.96,0.52,True,High income,True,High income,False,False
GIN,GN,GN,Guinea,FALSE,Africa,Sub-Saharan Africa,Western Africa,Africa,Sub-Saharan-Africa,Western-Africa,Developing,Animalia,2153,924,114357,4,117438,1.83,0.79,97.38,True,Lower middle income,True,Lower middle income,True,False
FIN,FI,FI,Finland,TRUE,Europe,Northern Europe,,Europe,Northern-Europe,,Developed,Chromista,87939,26527,2204,0,116670,75.37,22.74,1.89,True,High income,True,High income,False,False
GEO,GE,GE,Georgia,FALSE,Asia,Western Asia,,Asia,Western-Asia,,Developing,Fungi,0,3,115621,0,115624,0.0,0.0,100.0,True,Upper middle income,True,Upper middle income,False,False
SWE,SE,SE,Sweden,TRUE,Europe,Northern Europe,,Europe,Northern-Europe,,Developed,incertae sedis,90128,22813,2337,0,115278,78.18,19.79,2.03,True,High income,True,High income,False,False
COG,CG,CG,Congo,FALSE,Africa,Sub-Saharan Africa,Middle Africa,Africa,Sub-Saharan-Africa,Middle-Africa,Developing,Animalia,0,2881,111052,0,113933,0.0,2.53,97.47,True,Lower middle income,True,Lower middle income,False,False
CHL,CL,CL,Chile,FALSE,Americas,Latin America and the Caribbean,South America,Americas,Latin-America-and-the-Caribbean,South-America,Developing,Fungi,4731,31530,76382,3,112646,4.2,27.99,67.81,True,High income,True,High income,False,False
CHL,CL,CL,Chile,FALSE,Americas,Latin America and the Caribbean,South America,Americas,Latin-America-and-the-Caribbean,South-America,Developing,Bacteria,538,42323,69631,0,112492,0.48,37.62,61.9,True,High income,True,High income,False,False
MNE,ME,ME,Montenegro,FALSE,Europe,Southern Europe,,Europe,Southern-Europe,,Developed,Animalia,1682,37066,73742,1,112491,1.5,32.95,65.55,True,Upper middle income,True,Upper middle income,False,False
GLP,GP,GP,Guadeloupe,FALSE,Americas,Latin America and the Caribbean,Caribbean,Americas,Latin-America-and-the-Caribbean,Caribbean,Developing,Plantae,0,29216,83171,0,112387,0.0,26.0,74.0,,,,,,
MLI,ML,ML,Mali,FALSE,Africa,Sub-Saharan Africa,Western Africa,Africa,Sub-Saharan-Africa,Western-Africa,Developing,Animalia,0,387,111257,0,111644,0.0,0.35,99.65,True,Low income,True,Low income,True,False
URY,UY,UY,Uruguay,FALSE,Americas,Latin America and the Caribbean,South America,Americas,Latin-America-and-the-Caribbean,South-America,Developing,Plantae,2387,74957,32522,0,109866,2.17,68.23,29.6,True,High income,True,High income,False,False
PYF,PF,PF,French Polynesia,FALSE,Oceania,Polynesia,,Oceania,Polynesia,,Developing,Plantae,0,3237,105270,0,108507,0.0,2.98,97.02,,,,,,
ATA,AQ,AQ,Antarctica,FALSE,,,,,,,,Fungi,14913,0,91783,0,106696,13.98,0.0,86.02,,,,,,
CPV,CV,CV,Cabo Verde,FALSE,Africa,Sub-Saharan Africa,Western Africa,Africa,Sub-Saharan-Africa,Western-Africa,Developing,Animalia,0,46,106008,0,106054,0.0,0.04,99.96,True,Upper middle income,True,Upper middle income,False,True
MUS,MU,MU,Mauritius,FALSE,Africa,Sub-Saharan Africa,Eastern Africa,Africa,Sub-Saharan-Africa,Eastern-Africa,Developing,Animalia,0,8445,97435,3,105883,0.0,7.98,92.02,True,Upper middle income,True,Upper middle income,False,True
LSO,LS,LS,Lesotho,FALSE,Africa,Sub-Saharan Africa,Southern Africa,Africa,Sub-Saharan-Africa,Southern-Africa,Developing,Animalia,0,80554,24600,0,105154,0.0,76.61,23.39,True,Lower middle income,True,Lower middle income,True,False
BFA,BF,BF,Burkina Faso,FALSE,Africa,Sub-Saharan Africa,Western Africa,Africa,Sub-Saharan-Africa,Western-Africa,Developing,Animalia,0,41641,63429,0,105070,0.0,39.63,60.37,True,Low income,True,Low income,True,False
SDN,SD,SD,Sudan,FALSE,Africa,Northern Africa,,Africa,Northern-Africa,,Developing,Animalia,0,248,104435,0,104683,0.0,0.24,99.76,True,Low income,True,Low income,True,False
SYC,SC,SC,Seychelles,FALSE,Africa,Sub-Saharan Africa,Eastern Africa,Africa,Sub-Saharan-Africa,Eastern-Africa,Developing,Plantae,77854,712,25542,0,104108,74.78,0.68,24.53,True,High income,True,High income,False,True
THA,TH,TH,Thailand,FALSE,Asia,South-eastern Asia,,Asia,South-eastern-Asia,,Developing,Fungi,0,269,100371,0,100640,0.0,0.27,99.73,True,Upper middle income,True,Upper middle income,False,False
AFG,AF,AF,Afghanistan,FALSE,Asia,Southern Asia,,Asia,Southern-Asia,,Developing,Bacteria,0,1,98916,0,98917,0.0,0.0,100.0,True,Low income,True,Low income,True,False
BRA,BR,BR,Brazil,FALSE,Americas,Latin America and the Caribbean,South America,Americas,Latin-America-and-the-Caribbean,South-America,Developing,incertae sedis,66939,3854,28082,0,98875,67.7,3.9,28.4,True,Upper middle income,True,Upper middle income,False,False
FJI,FJ,FJ,Fiji,FALSE,Oceania,Melanesia,,Oceania,Melanesia,,Developing,Plantae,5939,8033,84857,0,98829,6.01,8.13,85.86,True,Upper middle income,True,Upper middle income,False,True
ALB,AL,AL,Albania,FALSE,Europe,Southern Europe,,Europe,Southern-Europe,,Developed,Animalia,1246,30477,64979,0,96702,1.29,31.52,67.2,True,Upper middle income,True,Upper middle income,False,False
STP,ST,ST,Sao Tome and Principe,FALSE,Africa,Sub-Saharan Africa,Middle Africa,Africa,Sub-Saharan-Africa,Middle-Africa,Developing,Animalia,0,1521,94614,0,96135,0.0,1.58,98.42,True,Lower middle income,True,Lower middle income,True,True
HKG,HK,HK,Hong Kong,FALSE,Asia,Eastern Asia,,Asia,Eastern-Asia,,Developing,Plantae,10,12,95863,0,95885,0.01,0.01,99.98,,,,,,
IRL,IE,IE,Ireland,TRUE,Europe,Northern Europe,,Europe,Northern-Europe,,Developed,Fungi,8932,80331,6384,1,95648,9.34,83.99,6.67,True,High income,True,High income,False,False
NLD,NL,NL,Netherlands,TRUE,Europe,Western Europe,,Europe,Western-Europe,,Developed,incertae sedis,69515,24894,1177,0,95586,72.73,26.04,1.23,True,High income,True,High income,False,False
SAU,SA,SA,Saudi Arabia,FALSE,Asia,Western Asia,,Asia,Western-Asia,,Developing,Bacteria,0,6,94877,0,94883,0.0,0.01,99.99,True,High income,True,High income,False,False
TZA,TZ,TZ,"Tanzania, United Republic of",FALSE,Africa,Sub-Saharan Africa,Eastern Africa,Africa,Sub-Saharan-Africa,Eastern-Africa,Developing,Fungi,0,66,94573,0,94639,0.0,0.07,99.93,True,Lower middle income,True,Lower middle income,True,False
MNG,MN,MN,Mongolia,FALSE,Asia,Eastern Asia,,Asia,Eastern-Asia,,Developing,Plantae,1169,2639,90775,0,94583,1.24,2.79,95.97,True,Upper middle income,True,Upper middle income,False,False
GRL,GL,GL,Greenland,FALSE,Americas,Northern America,,Americas,Northern-America,,Developed,Fungi,0,9232,84587,154,93973,0.0,9.82,90.01,,,,,,
LBR,LR,LR,Liberia,FALSE,Africa,Sub-Saharan Africa,Western Africa,Africa,Sub-Saharan-Africa,Western-Africa,Developing,Plantae,666,6500,86438,0,93604,0.71,6.94,92.34,True,Low income,True,Low income,True,False
USA,US,US,United States,FALSE,Americas,Northern America,,Americas,Northern-America,,Developed,Archaea,9522,0,83649,0,93171,10.22,0.0,89.78,False,High income,False,High income,False,False
NOR,NO,NO,Norway,FALSE,Europe,Northern Europe,,Europe,Northern-Europe,,Developed,Bacteria,15248,73845,3783,89,92965,16.4,79.43,4.07,True,High income,True,High income,False,False
LCA,LC,LC,Saint Lucia,FALSE,Americas,Latin America and the Caribbean,Caribbean,Americas,Latin-America-and-the-Caribbean,Caribbean,Developing,Animalia,0,90844,2059,0,92903,0.0,97.78,2.22,True,Upper middle income,True,Upper middle income,False,False
TGO,TG,TG,Togo,FALSE,Africa,Sub-Saharan Africa,Western Africa,Africa,Sub-Saharan-Africa,Western-Africa,Developing,Plantae,48303,6597,35746,0,90646,53.29,7.28,39.43,True,Low income,True,Low income,True,False
UKR,UA,UA,Ukraine,FALSE,Europe,Eastern Europe,,Europe,Eastern-Europe,,Developed,Fungi,34145,22058,33780,0,89983,37.95,24.51,37.54,True,Upper middle income,True,Upper middle income,False,False
MMR,MM,MM,Myanmar,FALSE,Asia,South-eastern Asia,,Asia,South-eastern-Asia,,Developing,Plantae,0,2817,85865,0,88682,0.0,3.18,96.82,True,Lower middle income,True,Lower middle income,True,False
IRN,IR,IR,"Iran, Islamic Republic of",FALSE,Asia,Southern Asia,,Asia,Southern-Asia,,Developing,Fungi,0,37,88496,123,88656,0.0,0.04,99.82,True,Upper middle income,True,Upper middle income,False,False
UZB,UZ,UZ,Uzbekistan,FALSE,Asia,Central Asia,,Asia,Central-Asia,,Developing,Animalia,2087,617,85322,0,88026,2.37,0.7,96.93,True,Lower middle income,True,Lower middle income,False,False
AND,AD,AD,Andorra,FALSE,Europe,Southern Europe,,Europe,Southern-Europe,,Developed,Plantae,60960,23933,3089,0,87982,69.29,27.2,3.51,True,High income,True,High income,False,False
EGY,EG,EG,Egypt,FALSE,Africa,Northern Africa,,Africa,Northern-Africa,,Developing,Plantae,0,125,87672,0,87797,0.0,0.14,99.86,True,Lower middle income,True,Lower middle income,False,False
CAF,CF,CF,Central African Republic,FALSE,Africa,Sub-Saharan Africa,Middle Africa,Africa,Sub-Saharan-Africa,Middle-Africa,Developing,Animalia,0,9992,77479,2,87473,0.0,11.42,88.57,True,Low income,True,Low income,True,False
FRA,FR,FR,France,TRUE,Europe,Western Europe,,Europe,Western-Europe,,Developed,Protozoa,50772,13677,22896,0,87345,58.13,15.66,26.21,True,High income,True,High income,False,False
LAO,LA,LA,Lao People's Democratic Republic,FALSE,Asia,South-eastern Asia,,Asia,South-eastern-Asia,,Developing,Plantae,0,4365,82027,0,86392,0.0,5.05,94.95,True,Lower middle income,True,Lower middle income,True,False
ISL,IS,IS,Iceland,FALSE,Europe,Northern Europe,,Europe,Northern-Europe,,Developed,Fungi,49956,28836,6875,0,85667,58.31,33.66,8.03,True,High income,True,High income,False,False
CYP,CY,CY,Cyprus,TRUE,Asia,Western Asia,,Asia,Western-Asia,,Developing,Plantae,0,56,85558,0,85614,0.0,0.07,99.93,True,High income,True,High income,False,False
TWN,TW,TW,"Taiwan, Province of China",FALSE,,,,,,,,Chromista,21626,0,63287,0,84913,25.47,0.0,74.53,,,,,,
TTO,TT,TT,Trinidad and Tobago,FALSE,Americas,Latin America and the Caribbean,Caribbean,Americas,Latin-America-and-the-Caribbean,Caribbean,Developing,Plantae,18396,38581,27051,0,84028,21.89,45.91,32.19,True,High income,True,High income,False,True
TLS,TL,TL,Timor-Leste,FALSE,Asia,South-eastern Asia,,Asia,South-eastern-Asia,,Developing,Animalia,0,51,83753,0,83804,0.0,0.06,99.94,True,Lower middle income,True,Lower middle income,True,True
MAR,MA,MA,Morocco,FALSE,Africa,Northern Africa,,Africa,Northern-Africa,,Developing,Fungi,11,0,83360,0,83371,0.01,0.0,99.99,True,Lower middle income,True,Lower middle income,False,False
AZE,AZ,AZ,Azerbaijan,FALSE,Asia,Western Asia,,Asia,Western-Asia,,Developing,Plantae,16704,2012,64541,0,83257,20.06,2.42,77.52,True,Upper middle income,True,Upper middle income,False,False
ATG,AG,AG,Antigua and Barbuda,FALSE,Americas,Latin America and the Caribbean,Caribbean,Americas,Latin-America-and-the-Caribbean,Caribbean,Developing,Animalia,0,81312,1900,0,83212,0.0,97.72,2.28,True,High income,True,High income,False,True
SAU,SA,SA,Saudi Arabia,FALSE,Asia,Western Asia,,Asia,Western-Asia,,Developing,Chromista,0,1,83027,0,83028,0.0,0.0,100.0,True,High income,True,High income,False,False
MLI,ML,ML,Mali,FALSE,Africa,Sub-Saharan Africa,Western Africa,Africa,Sub-Saharan-Africa,Western-Africa,Developing,Plantae,0,1124,81526,0,82650,0.0,1.36,98.64,True,Low income,True,Low income,True,False
SWE,SE,SE,Sweden,TRUE,Europe,Northern Europe,,Europe,Northern-Europe,,Developed,Protozoa,76703,4839,937,0,82479,93.0,5.87,1.14,True,High income,True,High income,False,False
AND,AD,AD,Andorra,FALSE,Europe,Southern Europe,,Europe,Southern-Europe,,Developed,Animalia,54386,11322,15811,2,81521,66.71,13.89,19.4,True,High income,True,High income,False,False
KOR,KR,KR,"Korea, Republic of",FALSE,Asia,Eastern Asia,,Asia,Eastern-Asia,,Developed,Chromista,71704,1849,7749,0,81302,88.19,2.27,9.53,True,High income,True,High income,False,False
CHN,CN,CN,China,FALSE,Asia,Eastern Asia,,Asia,Eastern-Asia,,Developing,incertae sedis,0,2399,78899,0,81298,0.0,2.95,97.05,True,Upper middle income,True,Upper middle income,False,False
QAT,QA,QA,Qatar,FALSE,Asia,Western Asia,,Asia,Western-Asia,,Developing,Animalia,0,130,81110,0,81240,0.0,0.16,99.84,True,High income,True,High income,False,False
RUS,RU,RU,Russian Federation,FALSE,Europe,Eastern Europe,,Europe,Eastern-Europe,,Developed,Bacteria,12384,41566,26460,0,80410,15.4,51.69,32.91,True,High income,True,High income,False,False
,,,,,,,,,,,,Fungi,74,0,80312,0,80386,0.09,0.0,99.91,,,,,,
SLE,SL,SL,Sierra Leone,FALSE,Africa,Sub-Saharan Africa,Western Africa,Africa,Sub-Saharan-Africa,Western-Africa,Developing,Animalia,0,443,79938,0,80381,0.0,0.55,99.45,True,Low income,True,Low income,False,False
NAM,NA,,Namibia,FALSE,Africa,Sub-Saharan Africa,Southern Africa,Africa,Sub-Saharan-Africa,Southern-Africa,Developing,Bacteria,0,0,79773,0,79773,0.0,0.0,100.0,True,Lower middle income,True,Lower middle income,False,False
SLB,SB,SB,Solomon Islands,FALSE,Oceania,Melanesia,,Oceania,Melanesia,,Developing,Plantae,387,8911,69189,0,78487,0.49,11.35,88.15,True,Lower middle income,True,Lower middle income,True,True
IRQ,IQ,IQ,Iraq,FALSE,Asia,Western Asia,,Asia,Western-Asia,,Developing,Plantae,0,393,77235,0,77628,0.0,0.51,99.49,True,Upper middle income,True,Upper middle income,False,False
BIH,BA,BA,Bosnia and Herzegovina,FALSE,Europe,Southern Europe,,Europe,Southern-Europe,,Developed,Animalia,0,39263,37905,0,77168,0.0,50.88,49.12,True,Upper middle income,True,Upper middle income,False,False
UZB,UZ,UZ,Uzbekistan,FALSE,Asia,Central Asia,,Asia,Central-Asia,,Developing,Plantae,25543,930,50582,0,77055,33.15,1.21,65.64,True,Lower middle income,True,Lower middle income,False,False
CHL,CL,CL,Chile,FALSE,Americas,Latin America and the Caribbean,South America,Americas,Latin-America-and-the-Caribbean,South-America,Developing,Chromista,22094,12576,42150,0,76820,28.76,16.37,54.87,True,High income,True,High income,False,False
BDI,BI,BI,Burundi,FALSE,Africa,Sub-Saharan Africa,Eastern Africa,Africa,Sub-Saharan-Africa,Eastern-Africa,Developing,Plantae,1148,1483,73553,0,76184,1.51,1.95,96.55,True,Low income,True,Low income,True,False
GNQ,GQ,GQ,Equatorial Guinea,FALSE,Africa,Sub-Saharan Africa,Middle Africa,Africa,Sub-Saharan-Africa,Middle-Africa,Developing,Animalia,0,970,75059,0,76029,0.0,1.28,98.72,True,Upper middle income,True,Upper middle income,False,False
BWA,BW,BW,Botswana,FALSE,Africa,Sub-Saharan Africa,Southern Africa,Africa,Sub-Saharan-Africa,Southern-Africa,Developing,Plantae,13284,19300,43444,0,76028,17.47,25.39,57.14,True,Upper middle income,True,Upper middle income,False,False
ISL,IS,IS,Iceland,FALSE,Europe,Northern Europe,,Europe,Northern-Europe,,Developed,Chromista,159,70367,5256,0,75782,0.21,92.85,6.94,True,High income,True,High income,False,False
MAF,MF,MF,Saint Martin (French part),FALSE,Americas,Latin America and the Caribbean,Caribbean,Americas,Latin-America-and-the-Caribbean,Caribbean,Developing,Animalia,0,58672,16708,0,75380,0.0,77.83,22.17,,,,,,
MLT,MT,MT,Malta,TRUE,Europe,Southern Europe,,Europe,Southern-Europe,,Developed,Animalia,0,25700,49534,37,75271,0.0,34.14,65.81,True,High income,True,High income,False,False
NER,NE,NE,Niger,FALSE,Africa,Sub-Saharan Africa,Western Africa,Africa,Sub-Saharan-Africa,Western-Africa,Developing,Plantae,99,1041,73843,0,74983,0.13,1.39,98.48,True,Low income,True,Low income,True,False
CUB,CU,CU,Cuba,FALSE,Americas,Latin America and the Caribbean,Caribbean,Americas,Latin-America-and-the-Caribbean,Caribbean,Developing,Fungi,1,12939,61618,0,74558,0.0,17.35,82.64,True,Upper middle income,True,Upper middle income,False,True
ZAF,ZA,ZA,South Africa,FALSE,Africa,Sub-Saharan Africa,Southern Africa,Africa,Sub-Saharan-Africa,Southern-Africa,Developing,Chromista,32258,25,41825,0,74108,43.53,0.03,56.44,True,Upper middle income,True,Upper middle income,False,False
SDN,SD,SD,Sudan,FALSE,Africa,Northern Africa,,Africa,Northern-Africa,,Developing,Plantae,0,200,73697,0,73897,0.0,0.27,99.73,True,Low income,True,Low income,True,False
VIR,VI,VI,"Virgin Islands, U.S.",FALSE,Americas,Latin America and the Caribbean,Caribbean,Americas,Latin-America-and-the-Caribbean,Caribbean,Developing,Plantae,0,68052,5533,0,73585,0.0,92.48,7.52,,,,,,
SJM,SJ,SJ,Svalbard and Jan Mayen,FALSE,Europe,Northern Europe,,Europe,Northern-Europe,,Developed,Chromista,217,68178,4565,0,72960,0.3,93.45,6.26,,,,,,
IRQ,IQ,IQ,Iraq,FALSE,Asia,Western Asia,,Asia,Western-Asia,,Developing,Animalia,0,2050,70805,0,72855,0.0,2.81,97.19,True,Upper middle income,True,Upper middle income,False,False
YEM,YE,YE,Yemen,FALSE,Asia,Western Asia,,Asia,Western-Asia,,Developing,Plantae,0,7,72157,0,72164,0.0,0.01,99.99,True,Low income,True,Low income,True,False
GNB,GW,GW,Guinea-Bissau,FALSE,Africa,Sub-Saharan Africa,Western Africa,Africa,Sub-Saharan-Africa,Western-Africa,Developing,Animalia,0,117,71830,0,71947,0.0,0.16,99.84,True,Low income,True,Low income,True,True
TCA,TC,TC,Turks and Caicos Islands,FALSE,Americas,Latin America and the Caribbean,Caribbean,Americas,Latin-America-and-the-Caribbean,Caribbean,Developing,Animalia,0,69549,2249,0,71798,0.0,96.87,3.13,,,,,,
NFK,NF,NF,Norfolk Island,FALSE,Oceania,Australia and New Zealand,,Oceania,Australia-and-New-Zealand,,Developed,Animalia,0,22587,48180,0,70767,0.0,31.92,68.08,,,,,,
HTI,HT,HT,Haiti,FALSE,Americas,Latin America and the Caribbean,Caribbean,Americas,Latin-America-and-the-Caribbean,Caribbean,Developing,Plantae,0,57467,12745,0,70212,0.0,81.85,18.15,True,Lower middle income,True,Lower middle income,True,True
TJK,TJ,TJ,Tajikistan,FALSE,Asia,Central Asia,,Asia,Central-Asia,,Developing,Animalia,0,935,67845,0,68780,0.0,1.36,98.64,True,Lower middle income,True,Lower middle income,True,False
TUN,TN,TN,Tunisia,FALSE,Africa,Northern Africa,,Africa,Northern-Africa,,Developing,Plantae,0,89,67433,0,67522,0.0,0.13,99.87,True,Lower middle income,True,Lower middle income,False,False
TUR,TR,TR,Turkey,FALSE,Asia,Western Asia,,Asia,Western-Asia,,Developing,Fungi,0,255,66272,0,66527,0.0,0.38,99.62,True,Upper middle income,True,Upper middle income,False,False
PRI,PR,PR,Puerto Rico,FALSE,Americas,Latin America and the Caribbean,Caribbean,Americas,Latin-America-and-the-Caribbean,Caribbean,Developing,Fungi,0,34490,31851,0,66341,0.0,51.99,48.01,,,,,,
DMA,DM,DM,Dominica,FALSE,Americas,Latin America and the Caribbean,Caribbean,Americas,Latin-America-and-the-Caribbean,Caribbean,Developing,Animalia,0,59496,6346,0,65842,0.0,90.36,9.64,True,Upper middle income,True,Upper middle income,False,True
BHS,BS,BS,Bahamas,FALSE,Americas,Latin America and the Caribbean,Caribbean,Americas,Latin-America-and-the-Caribbean,Caribbean,Developing,Plantae,0,58807,6801,0,65608,0.0,89.63,10.37,True,High income,True,High income,False,True
,,,,,,,,,,,,Archaea,0,0,64937,0,64937,0.0,0.0,100.0,,,,,,
VGB,VG,VG,"Virgin Islands, British",FALSE,Americas,Latin America and the Caribbean,Caribbean,Americas,Latin-America-and-the-Caribbean,Caribbean,Developing,Animalia,0,62717,1983,0,64700,0.0,96.94,3.06,,,,,,
GBR,GB,GB,United Kingdom,FALSE,Europe,Northern Europe,,Europe,Northern-Europe,,Developed,Viruses,64390,13,113,0,64516,99.8,0.02,0.18,True,High income,True,High income,False,False
SPM,PM,PM,Saint Pierre and Miquelon,FALSE,Americas,Northern America,,Americas,Northern-America,,Developed,Animalia,0,54472,9694,0,64166,0.0,84.89,15.11,,,,,,
VCT,VC,VC,Saint Vincent and the Grenadines,FALSE,Americas,Latin America and the Caribbean,Caribbean,Americas,Latin-America-and-the-Caribbean,Caribbean,Developing,Animalia,0,61742,2220,0,63962,0.0,96.53,3.47,True,Upper middle income,True,Upper middle income,False,False
IRL,IE,IE,Ireland,TRUE,Europe,Northern Europe,,Europe,Northern-Europe,,Developed,incertae sedis,30123,30849,2360,0,63332,47.56,48.71,3.73,True,High income,True,High income,False,False
RWA,RW,RW,Rwanda,FALSE,Africa,Sub-Saharan Africa,Eastern Africa,Africa,Sub-Saharan-Africa,Eastern-Africa,Developing,Plantae,377,1937,60979,0,63293,0.6,3.06,96.34,True,Low income,True,Low income,True,False
GRL,GL,GL,Greenland,FALSE,Americas,Northern America,,Americas,Northern-America,,Developed,Chromista,0,3903,59056,0,62959,0.0,6.2,93.8,,,,,,
GNQ,GQ,GQ,Equatorial Guinea,FALSE,Africa,Sub-Saharan Africa,Middle Africa,Africa,Sub-Saharan-Africa,Middle-Africa,Developing,Plantae,0,1041,61811,0,62852,0.0,1.66,98.34,True,Upper middle income,True,Upper middle income,False,False
MDV,MV,MV,Maldives,FALSE,Asia,Southern Asia,,Asia,Southern-Asia,,Developing,Animalia,0,1314,60407,0,61721,0.0,2.13,97.87,True,Upper middle income,True,Upper middle income,False,True
ZAF,ZA,ZA,South Africa,FALSE,Africa,Sub-Saharan Africa,Southern Africa,Africa,Sub-Saharan-Africa,Southern-Africa,Developing,Bacteria,20474,0,41097,0,61571,33.25,0.0,66.75,True,Upper middle income,True,Upper middle income,False,False
PRK,KP,KP,"Korea, Democratic People's Republic of",FALSE,Asia,Eastern Asia,,Asia,Eastern-Asia,,Developing,Plantae,0,42912,17817,0,60729,0.0,70.66,29.34,True,Low income,True,Low income,False,False
ATA,AQ,AQ,Antarctica,FALSE,,,,,,,,incertae sedis,338,0,59905,0,60243,0.56,0.0,99.44,,,,,,
KOR,KR,KR,"Korea, Republic of",FALSE,Asia,Eastern Asia,,Asia,Eastern-Asia,,Developed,Fungi,33065,1303,25594,0,59962,55.14,2.17,42.68,True,High income,True,High income,False,False
TJK,TJ,TJ,Tajikistan,FALSE,Asia,Central Asia,,Asia,Central-Asia,,Developing,Plantae,9175,606,50139,0,59920,15.31,1.01,83.68,True,Lower middle income,True,Lower middle income,True,False
SGP,SG,SG,Singapore,FALSE,Asia,South-eastern Asia,,Asia,South-eastern-Asia,,Developing,Plantae,0,2399,57181,0,59580,0.0,4.03,95.97,True,High income,True,High income,False,True
PRT,PT,PT,Portugal,TRUE,Europe,Southern Europe,,Europe,Southern-Europe,,Developed,Bacteria,6532,34259,15304,0,56095,11.64,61.07,27.28,True,High income,True,High income,False,False
CAN,CA,CA,Canada,FALSE,Americas,Northern America,,Americas,Northern-America,,Developed,Protozoa,14831,18748,21890,0,55469,26.74,33.8,39.46,True,High income,True,High income,False,False
SLE,SL,SL,Sierra Leone,FALSE,Africa,Sub-Saharan Africa,Western Africa,Africa,Sub-Saharan-Africa,Western-Africa,Developing,Plantae,0,6776,47815,0,54591,0.0,12.41,87.59,True,Low income,True,Low income,False,False
KGZ,KG,KG,Kyrgyzstan,FALSE,Asia,Central Asia,,Asia,Central-Asia,,Developing,Plantae,0,1590,52951,0,54541,0.0,2.92,97.08,True,Lower middle income,True,Lower middle income,False,False
NZL,NZ,NZ,New Zealand,FALSE,Oceania,Australia and New Zealand,,Oceania,Australia-and-New-Zealand,,Developed,incertae sedis,16381,871,36836,0,54088,30.29,1.61,68.1,True,High income,True,High income,False,False
AUS,AU,AU,Australia,FALSE,Oceania,Australia and New Zealand,,Oceania,Australia-and-New-Zealand,,Developed,Archaea,3851,0,49960,0,53811,7.16,0.0,92.84,True,High income,True,High income,False,False
ARG,AR,AR,Argentina,FALSE,Americas,Latin America and the Caribbean,South America,Americas,Latin-America-and-the-Caribbean,South-America,Developing,Bacteria,820,9693,43171,0,53684,1.53,18.06,80.42,True,Upper middle income,True,Upper middle income,False,False
MTQ,MQ,MQ,Martinique,FALSE,Americas,Latin America and the Caribbean,Caribbean,Americas,Latin-America-and-the-Caribbean,Caribbean,Developing,Plantae,0,19366,34215,0,53581,0.0,36.14,63.86,,,,,,
GBR,GB,GB,United Kingdom,FALSE,Europe,Northern Europe,,Europe,Northern-Europe,,Developed,Protozoa,45873,1331,6321,0,53525,85.7,2.49,11.81,True,High income,True,High income,False,False
ATA,AQ,AQ,Antarctica,FALSE,,,,,,,,Plantae,7366,0,45874,0,53240,13.84,0.0,86.16,,,,,,
YEM,YE,YE,Yemen,FALSE,Asia,Western Asia,,Asia,Western-Asia,,Developing,Animalia,0,130,52861,32,53023,0.0,0.25,99.69,True,Low income,True,Low income,True,False
ESP,ES,ES,Spain,TRUE,Europe,Southern Europe,,Europe,Southern-Europe,,Developed,incertae sedis,22187,26121,3301,0,51609,42.99,50.61,6.4,True,High income,True,High income,False,False
PHL,PH,PH,Philippines,FALSE,Asia,South-eastern Asia,,Asia,South-eastern-Asia,,Developing,Fungi,1041,147,50187,0,51375,2.03,0.29,97.69,True,Lower middle income,True,Lower middle income,False,False
BMU,BM,BM,Bermuda,FALSE,Americas,Northern America,,Americas,Northern-America,,Developed,Bacteria,0,1167,50155,0,51322,0.0,2.27,97.73,,,,,,
COD,CD,CD,"Congo, the Democratic Republic of the",FALSE,Africa,Sub-Saharan Africa,Middle Africa,Africa,Sub-Saharan-Africa,Middle-Africa,Developing,Fungi,5,5,51026,0,51036,0.01,0.01,99.98,True,Low income,True,Low income,True,False
CAF,CF,CF,Central African Republic,FALSE,Africa,Sub-Saharan Africa,Middle Africa,Africa,Sub-Saharan-Africa,Middle-Africa,Developing,Plantae,0,176,50660,0,50836,0.0,0.35,99.65,True,Low income,True,Low income,True,False
KIR,KI,KI,Kiribati,FALSE,Oceania,Micronesia,,Oceania,Micronesia,,Developing,Chromista,0,0,50780,0,50780,0.0,0.0,100.0,True,Lower middle income,True,Lower middle income,True,True
MYS,MY,MY,Malaysia,FALSE,Asia,South-eastern Asia,,Asia,South-eastern-Asia,,Developing,Fungi,0,343,50123,0,50466,0.0,0.68,99.32,True,Upper middle income,True,Upper middle income,False,False
RUS,RU,RU,Russian Federation,FALSE,Europe,Eastern Europe,,Europe,Eastern-Europe,,Developed,incertae sedis,5050,27683,17512,0,50245,10.05,55.1,34.85,True,High income,True,High income,False,False
VUT,VU,VU,Vanuatu,FALSE,Oceania,Melanesia,,Oceania,Melanesia,,Developing,Plantae,17493,5525,27097,0,50115,34.91,11.02,54.07,True,Lower middle income,True,Lower middle income,False,True
SWZ,SZ,SZ,Swaziland,FALSE,Africa,Sub-Saharan Africa,Southern Africa,Africa,Sub-Saharan-Africa,Southern-Africa,Developing,Plantae,0,26524,23579,0,50103,0.0,52.94,47.06,True,Lower middle income,True,Lower middle income,False,False
MSR,MS,MS,Montserrat,FALSE,Americas,Latin America and the Caribbean,Caribbean,Americas,Latin-America-and-the-Caribbean,Caribbean,Developing,Animalia,0,49599,484,0,50083,0.0,99.03,0.97,,,,,,
PER,PE,PE,Peru,FALSE,Americas,Latin America and the Caribbean,South America,Americas,Latin-America-and-the-Caribbean,South-America,Developing,Chromista,0,2050,47864,0,49914,0.0,4.11,95.89,True,Upper middle income,True,Upper middle income,False,False
MYT,YT,YT,Mayotte,FALSE,Africa,Sub-Saharan Africa,Eastern Africa,Africa,Sub-Saharan-Africa,Eastern-Africa,Developing,Animalia,0,213,49519,0,49732,0.0,0.43,99.57,,,,,,
CHN,CN,CN,China,FALSE,Asia,Eastern Asia,,Asia,Eastern-Asia,,Developing,Chromista,73,2967,46585,0,49625,0.15,5.98,93.87,True,Upper middle income,True,Upper middle income,False,False
HKG,HK,HK,Hong Kong,FALSE,Asia,Eastern Asia,,Asia,Eastern-Asia,,Developing,Bacteria,0,2,48998,0,49000,0.0,0.0,100.0,,,,,,
KIR,KI,KI,Kiribati,FALSE,Oceania,Micronesia,,Oceania,Micronesia,,Developing,Animalia,0,9695,39068,0,48763,0.0,19.88,80.12,True,Lower middle income,True,Lower middle income,True,True
BRN,BN,BN,Brunei Darussalam,FALSE,Asia,South-eastern Asia,,Asia,South-eastern-Asia,,Developing,Plantae,0,84,48502,0,48586,0.0,0.17,99.83,True,High income,True,High income,False,False
TGO,TG,TG,Togo,FALSE,Africa,Sub-Saharan Africa,Western Africa,Africa,Sub-Saharan-Africa,Western-Africa,Developing,Animalia,4491,355,43672,0,48518,9.26,0.73,90.01,True,Low income,True,Low income,True,False
NAM,NA,,Namibia,FALSE,Africa,Sub-Saharan Africa,Southern Africa,Africa,Sub-Saharan-Africa,Southern-Africa,Developing,Chromista,0,2475,45670,0,48145,0.0,5.14,94.86,True,Lower middle income,True,Lower middle income,False,False
IDN,ID,ID,Indonesia,FALSE,Asia,South-eastern Asia,,Asia,South-eastern-Asia,,Developing,Chromista,1232,3609,43245,0,48086,2.56,7.51,89.93,True,Upper middle income,True,Upper middle income,False,False
COK,CK,CK,Cook Islands,FALSE,Oceania,Polynesia,,Oceania,Polynesia,,Developing,Animalia,0,17673,30260,0,47933,0.0,36.87,63.13,True,High income,True,High income,False,True
BTN,BT,BT,Bhutan,FALSE,Asia,Southern Asia,,Asia,Southern-Asia,,Developing,Plantae,5149,6847,35769,0,47765,10.78,14.33,74.89,True,Lower middle income,True,Lower middle income,False,False
MAC,MO,MO,Macao,FALSE,Asia,Eastern Asia,,Asia,Eastern-Asia,,Developing,Animalia,0,0,47667,0,47667,0.0,0.0,100.0,,,,,,
LIE,LI,LI,Liechtenstein,FALSE,Europe,Western Europe,,Europe,Western-Europe,,Developed,Plantae,0,46085,1385,0,47470,0.0,97.08,2.92,True,High income,True,High income,False,False
BGD,BD,BD,Bangladesh,FALSE,Asia,Southern Asia,,Asia,Southern-Asia,,Developing,Plantae,0,60,47281,0,47341,0.0,0.13,99.87,True,Lower middle income,True,Lower middle income,True,False
KIR,KI,KI,Kiribati,FALSE,Oceania,Micronesia,,Oceania,Micronesia,,Developing,Bacteria,0,0,47195,0,47195,0.0,0.0,100.0,True,Lower middle income,True,Lower middle income,True,True
WSM,WS,WS,Samoa,FALSE,Oceania,Polynesia,,Oceania,Polynesia,,Developing,Animalia,1693,10059,35330,0,47082,3.6,21.36,75.04,True,Upper middle income,True,Upper middle income,False,True
PAK,PK,PK,Pakistan,FALSE,Asia,Southern Asia,,Asia,Southern-Asia,,Developing,Fungi,11,96,46682,0,46789,0.02,0.21,99.77,True,Lower middle income,True,Lower middle income,False,False
SOM,SO,SO,Somalia,FALSE,Africa,Sub-Saharan Africa,Eastern Africa,Africa,Sub-Saharan-Africa,Eastern-Africa,Developing,Animalia,0,732,45925,0,46657,0.0,1.57,98.43,True,Low income,True,Low income,True,False
TWN,TW,TW,"Taiwan, Province of China",FALSE,,,,,,,,Fungi,13451,0,33199,0,46650,28.83,0.0,71.17,,,,,,
FSM,FM,FM,"Micronesia, Federated States of",FALSE,Oceania,Micronesia,,Oceania,Micronesia,,Developing,Plantae,7,439,46201,0,46647,0.02,0.94,99.04,True,Lower middle income,True,Lower middle income,False,True
TCD,TD,TD,Chad,FALSE,Africa,Sub-Saharan Africa,Middle Africa,Africa,Sub-Saharan-Africa,Middle-Africa,Developing,Plantae,0,32,46615,0,46647,0.0,0.07,99.93,True,Low income,True,Low income,True,False
MDG,MG,MG,Madagascar,FALSE,Africa,Sub-Saharan Africa,Eastern Africa,Africa,Sub-Saharan-Africa,Eastern-Africa,Developing,Fungi,0,11,46521,0,46532,0.0,0.02,99.98,True,Low income,True,Low income,True,False
LUX,LU,LU,Luxembourg,TRUE,Europe,Western Europe,,Europe,Western-Europe,,Developed,Fungi,31393,10765,4004,0,46162,68.01,23.32,8.67,True,High income,True,High income,False,False
TWN,TW,TW,"Taiwan, Province of China",FALSE,,,,,,,,Bacteria,2452,0,43664,0,46116,5.32,0.0,94.68,,,,,,
ESP,ES,ES,Spain,TRUE,Europe,Southern Europe,,Europe,Southern-Europe,,Developed,Protozoa,32613,11048,2443,0,46104,70.74,23.96,5.3,True,High income,True,High income,False,False
PER,PE,PE,Peru,FALSE,Americas,Latin America and the Caribbean,South America,Americas,Latin-America-and-the-Caribbean,South-America,Developing,Bacteria,0,5708,40238,0,45946,0.0,12.42,87.58,True,Upper middle income,True,Upper middle income,False,False
ASM,AS,AS,American Samoa,FALSE,Oceania,Polynesia,,Oceania,Polynesia,,Developing,Bacteria,0,39,45514,0,45553,0.0,0.09,99.91,,,,,,
TWN,TW,TW,"Taiwan, Province of China",FALSE,,,,,,,,incertae sedis,34286,0,11239,0,45525,75.31,0.0,24.69,,,,,,
AFG,AF,AF,Afghanistan,FALSE,Asia,Southern Asia,,Asia,Southern-Asia,,Developing,Animalia,0,1851,42956,0,44807,0.0,4.13,95.87,True,Low income,True,Low income,True,False
SOM,SO,SO,Somalia,FALSE,Africa,Sub-Saharan Africa,Eastern Africa,Africa,Sub-Saharan-Africa,Eastern-Africa,Developing,Plantae,852,619,43241,0,44712,1.91,1.38,96.71,True,Low income,True,Low income,True,False
SRB,RS,RS,Serbia,FALSE,Europe,Southern Europe,,Europe,Southern-Europe,,Developed,Plantae,0,28891,15664,0,44555,0.0,64.84,35.16,True,Upper middle income,True,Upper middle income,False,False
COG,CG,CG,Congo,FALSE,Africa,Sub-Saharan Africa,Middle Africa,Africa,Sub-Saharan-Africa,Middle-Africa,Developing,Plantae,0,988,43007,0,43995,0.0,2.25,97.75,True,Lower middle income,True,Lower middle income,False,False
LBN,LB,LB,Lebanon,FALSE,Asia,Western Asia,,Asia,Western-Asia,,Developing,Plantae,4845,336,38539,0,43720,11.08,0.77,88.15,True,Lower middle income,True,Lower middle income,False,False
OMN,OM,OM,Oman,FALSE,Asia,Western Asia,,Asia,Western-Asia,,Developing,Chromista,0,786,42199,0,42985,0.0,1.83,98.17,True,High income,True,High income,False,False
ALB,AL,AL,Albania,FALSE,Europe,Southern Europe,,Europe,Southern-Europe,,Developed,Plantae,0,24921,17787,0,42708,0.0,58.35,41.65,True,Upper middle income,True,Upper middle income,False,False
JOR,JO,JO,Jordan,FALSE,Asia,Western Asia,,Asia,Western-Asia,,Developing,Plantae,0,4051,38477,0,42528,0.0,9.53,90.47,True,Lower middle income,True,Lower middle income,False,False
MEX,MX,MX,Mexico,FALSE,Americas,Latin America and the Caribbean,Central America,Americas,Latin-America-and-the-Caribbean,Central-America,Developing,incertae sedis,0,24567,17889,0,42456,0.0,57.86,42.14,True,Upper middle income,True,Upper middle income,False,False
GRC,GR,GR,Greece,TRUE,Europe,Southern Europe,,Europe,Southern-Europe,,Developed,Fungi,0,35120,7188,9,42317,0.0,82.99,16.99,True,High income,True,High income,False,False
FRO,FO,FO,Faroe Islands,FALSE,Europe,Northern Europe,,Europe,Northern-Europe,,Developed,Chromista,0,41935,276,0,42211,0.0,99.35,0.65,,,,,,
WLF,WF,WF,Wallis and Futuna,FALSE,Oceania,Polynesia,,Oceania,Polynesia,,Developing,Animalia,77,9490,32531,0,42098,0.18,22.54,77.27,,,,,,
VEN,VE,VE,"Venezuela, Bolivarian Republic of",FALSE,Americas,Latin America and the Caribbean,South America,Americas,Latin-America-and-the-Caribbean,South-America,Developing,Chromista,27174,8354,6178,0,41706,65.16,20.03,14.81,True,Lower middle income,True,Lower middle income,False,False
VEN,VE,VE,"Venezuela, Bolivarian Republic of",FALSE,Americas,Latin America and the Caribbean,South America,Americas,Latin-America-and-the-Caribbean,South-America,Developing,Fungi,10,27766,13775,0,41551,0.02,66.82,33.15,True,Lower middle income,True,Lower middle income,False,False
RUS,RU,RU,Russian Federation,FALSE,Europe,Eastern Europe,,Europe,Eastern-Europe,,Developed,Protozoa,20673,3441,17364,0,41478,49.84,8.3,41.86,True,High income,True,High income,False,False
GIB,GI,GI,Gibraltar,FALSE,Europe,Southern Europe,,Europe,Southern-Europe,,Developed,Animalia,0,20057,21128,0,41185,0.0,48.7,51.3,,,,,,
KNA,KN,KN,Saint Kitts and Nevis,FALSE,Americas,Latin America and the Caribbean,Caribbean,Americas,Latin-America-and-the-Caribbean,Caribbean,Developing,Animalia,0,38375,2033,0,40408,0.0,94.97,5.03,True,High income,True,High income,False,False
BHS,BS,BS,Bahamas,FALSE,Americas,Latin America and the Caribbean,Caribbean,Americas,Latin-America-and-the-Caribbean,Caribbean,Developing,Chromista,0,2865,37507,0,40372,0.0,7.1,92.9,True,High income,True,High income,False,True
BEN,BJ,BJ,Benin,FALSE,Africa,Sub-Saharan Africa,Western Africa,Africa,Sub-Saharan-Africa,Western-Africa,Developing,Fungi,2145,685,37308,0,40138,5.34,1.71,92.95,True,Lower middle income,True,Lower middle income,True,False
ASM,AS,AS,American Samoa,FALSE,Oceania,Polynesia,,Oceania,Polynesia,,Developing,Chromista,0,31,39981,0,40012,0.0,0.08,99.92,,,,,,
FRO,FO,FO,Faroe Islands,FALSE,Europe,Northern Europe,,Europe,Northern-Europe,,Developed,Plantae,0,32105,7580,0,39685,0.0,80.9,19.1,,,,,,
PYF,PF,PF,French Polynesia,FALSE,Oceania,Polynesia,,Oceania,Polynesia,,Developing,Chromista,0,7,39575,0,39582,0.0,0.02,99.98,,,,,,
KHM,KH,KH,Cambodia,FALSE,Asia,South-eastern Asia,,Asia,South-eastern-Asia,,Developing,Plantae,0,912,38265,0,39177,0.0,2.33,97.67,True,Lower middle income,True,Lower middle income,True,False
CUW,CW,CW,Curacao,FALSE,Americas,Latin America and the Caribbean,Caribbean,Americas,Latin-America-and-the-Caribbean,Caribbean,Developing,Plantae,0,7393,31632,0,39025,0.0,18.94,81.06,,,,,,
GUY,GY,GY,Guyana,FALSE,Americas,Latin America and the Caribbean,South America,Americas,Latin-America-and-the-Caribbean,South-America,Developing,Fungi,0,10357,28570,0,38927,0.0,26.61,73.39,True,High income,True,High income,False,True
ECU,EC,EC,Ecuador,FALSE,Americas,Latin America and the Caribbean,South America,Americas,Latin-America-and-the-Caribbean,South-America,Developing,Fungi,3519,16106,19179,0,38804,9.07,41.51,49.43,True,Upper middle income,True,Upper middle income,False,False
BDI,BI,BI,Burundi,FALSE,Africa,Sub-Saharan Africa,Eastern Africa,Africa,Sub-Saharan-Africa,Eastern-Africa,Developing,Animalia,0,248,38207,0,38455,0.0,0.64,99.36,True,Low income,True,Low income,True,False
LIE,LI,LI,Liechtenstein,FALSE,Europe,Western Europe,,Europe,Western-Europe,,Developed,Animalia,0,32491,5881,0,38372,0.0,84.67,15.33,True,High income,True,High income,False,False
HUN,HU,HU,Hungary,TRUE,Europe,Eastern Europe,,Europe,Eastern-Europe,,Developed,Fungi,0,13930,24392,37,38359,0.0,36.31,63.59,True,High income,True,High income,False,False
CXR,CX,CX,Christmas Island,FALSE,Oceania,Australia and New Zealand,,Oceania,Australia-and-New-Zealand,,Developed,Animalia,0,15530,22746,0,38276,0.0,40.57,59.43,,,,,,
PAN,PA,PA,Panama,FALSE,Americas,Latin America and the Caribbean,Central America,Americas,Latin-America-and-the-Caribbean,Central-America,Developing,Fungi,0,11820,26435,0,38255,0.0,30.9,69.1,True,High income,True,High income,False,False
BEN,BJ,BJ,Benin,FALSE,Africa,Sub-Saharan Africa,Western Africa,Africa,Sub-Saharan-Africa,Western-Africa,Developing,Bacteria,35423,1,2719,0,38143,92.87,0.0,7.13,True,Lower middle income,True,Lower middle income,True,False
NER,NE,NE,Niger,FALSE,Africa,Sub-Saharan Africa,Western Africa,Africa,Sub-Saharan-Africa,Western-Africa,Developing,Animalia,384,140,37526,0,38050,1.01,0.37,98.62,True,Low income,True,Low income,True,False
SXM,SX,SX,Sint Maarten (Dutch part),FALSE,Americas,Latin America and the Caribbean,Caribbean,Americas,Latin-America-and-the-Caribbean,Caribbean,Developing,Animalia,0,30687,7351,0,38038,0.0,80.67,19.33,,,,,,
ZWE,ZW,ZW,Zimbabwe,FALSE,Africa,Sub-Saharan Africa,Eastern Africa,Africa,Sub-Saharan-Africa,Eastern-Africa,Developing,Fungi,0,167,37767,0,37934,0.0,0.44,99.56,True,Lower middle income,True,Lower middle income,False,False
LBY,LY,LY,Libya,FALSE,Africa,Northern Africa,,Africa,Northern-Africa,,Developing,Animalia,0,52,37648,0,37700,0.0,0.14,99.86,True,Upper middle income,True,Upper middle income,False,False
DMA,DM,DM,Dominica,FALSE,Americas,Latin America and the Caribbean,Caribbean,Americas,Latin-America-and-the-Caribbean,Caribbean,Developing,Plantae,0,29144,8480,0,37624,0.0,77.46,22.54,True,Upper middle income,True,Upper middle income,False,True
ITA,IT,IT,Italy,TRUE,Europe,Southern Europe,,Europe,Southern-Europe,,Developed,incertae sedis,13601,19792,4200,0,37593,36.18,52.65,11.17,True,High income,True,High income,False,False
SJM,SJ,SJ,Svalbard and Jan Mayen,FALSE,Europe,Northern Europe,,Europe,Northern-Europe,,Developed,Fungi,6,35601,1020,0,36627,0.02,97.2,2.78,,,,,,
MUS,MU,MU,Mauritius,FALSE,Africa,Sub-Saharan Africa,Eastern Africa,Africa,Sub-Saharan-Africa,Eastern-Africa,Developing,Plantae,1022,1016,34364,0,36402,2.81,2.79,94.4,True,Upper middle income,True,Upper middle income,False,True
DEU,DE,DE,Germany,TRUE,Europe,Western Europe,,Europe,Western-Europe,,Developed,Protozoa,23162,7584,5642,0,36388,63.65,20.84,15.51,True,High income,True,High income,False,False
TCD,TD,TD,Chad,FALSE,Africa,Sub-Saharan Africa,Middle Africa,Africa,Sub-Saharan-Africa,Middle-Africa,Developing,Animalia,0,33,36088,0,36121,0.0,0.09,99.91,True,Low income,True,Low income,True,False
NOR,NO,NO,Norway,FALSE,Europe,Northern Europe,,Europe,Northern-Europe,,Developed,Protozoa,28375,4856,533,2354,36118,78.56,13.44,1.48,True,High income,True,High income,False,False
WSM,WS,WS,Samoa,FALSE,Oceania,Polynesia,,Oceania,Polynesia,,Developing,Plantae,5093,3463,27040,0,35596,14.31,9.73,75.96,True,Upper middle income,True,Upper middle income,False,True
THA,TH,TH,Thailand,FALSE,Asia,South-eastern Asia,,Asia,South-eastern-Asia,,Developing,Bacteria,12588,454,22488,0,35530,35.43,1.28,63.29,True,Upper middle income,True,Upper middle income,False,False
GAB,GA,GA,Gabon,FALSE,Africa,Sub-Saharan Africa,Middle Africa,Africa,Sub-Saharan-Africa,Middle-Africa,Developing,Fungi,6,8,35355,0,35369,0.02,0.02,99.96,True,Upper middle income,True,Upper middle income,False,False
POL,PL,PL,Poland,TRUE,Europe,Eastern Europe,,Europe,Eastern-Europe,,Developed,Chromista,14444,8284,1470,10718,34916,41.37,23.73,4.21,True,High income,True,High income,False,False
ROU,RO,RO,Romania,TRUE,Europe,Eastern Europe,,Europe,Eastern-Europe,,Developed,Fungi,0,20238,14656,15,34909,0.0,57.97,41.98,True,High income,True,High income,False,False
SVK,SK,SK,Slovakia,TRUE,Europe,Eastern Europe,,Europe,Eastern-Europe,,Developed,Fungi,3145,15837,15764,67,34813,9.03,45.49,45.28,True,High income,True,High income,False,False
AFG,AF,AF,Afghanistan,FALSE,Asia,Southern Asia,,Asia,Southern-Asia,,Developing,Fungi,0,1,34128,0,34129,0.0,0.0,100.0,True,Low income,True,Low income,True,False
BIH,BA,BA,Bosnia and Herzegovina,FALSE,Europe,Southern Europe,,Europe,Southern-Europe,,Developed,Plantae,0,24205,9904,0,34109,0.0,70.96,29.04,True,Upper middle income,True,Upper middle income,False,False
IMN,IM,IM,Isle of Man,FALSE,Europe,Northern Europe,,Europe,Northern-Europe,,Developed,Fungi,19779,13636,634,0,34049,58.09,40.05,1.86,,,,,,
MNE,ME,ME,Montenegro,FALSE,Europe,Southern Europe,,Europe,Southern-Europe,,Developed,Plantae,0,20906,12742,0,33648,0.0,62.13,37.87,True,Upper middle income,True,Upper middle income,False,False
QAT,QA,QA,Qatar,FALSE,Asia,Western Asia,,Asia,Western-Asia,,Developing,Fungi,0,0,33573,0,33573,0.0,0.0,100.0,True,High income,True,High income,False,False
IND,IN,IN,India,FALSE,Asia,Southern Asia,,Asia,Southern-Asia,,Developing,Chromista,1032,100,32409,0,33541,3.08,0.3,96.63,True,Lower middle income,True,Lower middle income,False,False
LSO,LS,LS,Lesotho,FALSE,Africa,Sub-Saharan Africa,Southern Africa,Africa,Sub-Saharan-Africa,Southern-Africa,Developing,Plantae,0,18056,15124,0,33180,0.0,54.42,45.58,True,Lower middle income,True,Lower middle income,True,False
MHL,MH,MH,Marshall Islands,FALSE,Oceania,Micronesia,,Oceania,Micronesia,,Developing,Chromista,0,2,33111,0,33113,0.0,0.01,99.99,True,Upper middle income,True,Upper middle income,False,True
MDV,MV,MV,Maldives,FALSE,Asia,Southern Asia,,Asia,Southern-Asia,,Developing,Chromista,0,1,33038,0,33039,0.0,0.0,100.0,True,Upper middle income,True,Upper middle income,False,True
VNM,VN,VN,Viet Nam,FALSE,Asia,South-eastern Asia,,Asia,South-eastern-Asia,,Developing,Bacteria,0,3,32997,0,33000,0.0,0.01,99.99,True,Lower middle income,True,Lower middle income,False,False
TKM,TM,TM,Turkmenistan,FALSE,Asia,Central Asia,,Asia,Central-Asia,,Developing,Plantae,0,336,32452,0,32788,0.0,1.02,98.98,True,Upper middle income,True,Upper middle income,False,False
NZL,NZ,NZ,New Zealand,FALSE,Oceania,Australia and New Zealand,,Oceania,Australia-and-New-Zealand,,Developed,Protozoa,3713,19,28979,0,32711,11.35,0.06,88.59,True,High income,True,High income,False,False
NIU,NU,NU,Niue,FALSE,Oceania,Polynesia,,Oceania,Polynesia,,Developing,Bacteria,0,3,32235,0,32238,0.0,0.01,99.99,True,High income,True,High income,False,True
DJI,DJ,DJ,Djibouti,FALSE,Africa,Sub-Saharan Africa,Eastern Africa,Africa,Sub-Saharan-Africa,Eastern-Africa,Developing,Animalia,0,39,32155,0,32194,0.0,0.12,99.88,True,Lower middle income,True,Lower middle income,True,False
ECU,EC,EC,Ecuador,FALSE,Americas,Latin America and the Caribbean,South America,Americas,Latin-America-and-the-Caribbean,South-America,Developing,incertae sedis,24529,3320,4279,0,32128,76.35,10.33,13.32,True,Upper middle income,True,Upper middle income,False,False
CHN,CN,CN,China,FALSE,Asia,Eastern Asia,,Asia,Eastern-Asia,,Developing,Archaea,0,2,32061,0,32063,0.0,0.01,99.99,True,Upper middle income,True,Upper middle income,False,False
NCL,NC,NC,New Caledonia,FALSE,Oceania,Melanesia,,Oceania,Melanesia,,Developing,Fungi,0,632,30908,0,31540,0.0,2.0,98.0,,,,,,
COL,CO,CO,Colombia,FALSE,Americas,Latin America and the Caribbean,South America,Americas,Latin-America-and-the-Caribbean,South-America,Developing,Protozoa,30091,566,820,0,31477,95.6,1.8,2.61,True,Upper middle income,True,Upper middle income,False,False
SJM,SJ,SJ,Svalbard and Jan Mayen,FALSE,Europe,Northern Europe,,Europe,Northern-Europe,,Developed,Archaea,0,31201,0,0,31201,0.0,100.0,0.0,,,,,,
NGA,NG,NG,Nigeria,FALSE,Africa,Sub-Saharan Africa,Western Africa,Africa,Sub-Saharan-Africa,Western-Africa,Developing,Bacteria,1158,2,29991,0,31151,3.72,0.01,96.28,True,Lower middle income,True,Lower middle income,False,False
BMU,BM,BM,Bermuda,FALSE,Americas,Northern America,,Americas,Northern-America,,Developed,Plantae,0,25188,5759,0,30947,0.0,81.39,18.61,,,,,,
MYT,YT,YT,Mayotte,FALSE,Africa,Sub-Saharan Africa,Eastern Africa,Africa,Sub-Saharan-Africa,Eastern-Africa,Developing,Plantae,0,259,30566,0,30825,0.0,0.84,99.16,,,,,,
TUN,TN,TN,Tunisia,FALSE,Africa,Northern Africa,,Africa,Northern-Africa,,Developing,Bacteria,0,0,30466,0,30466,0.0,0.0,100.0,True,Lower middle income,True,Lower middle income,False,False
PAN,PA,PA,Panama,FALSE,Americas,Latin America and the Caribbean,Central America,Americas,Latin-America-and-the-Caribbean,Central-America,Developing,Chromista,0,4670,25298,0,29968,0.0,15.58,84.42,True,High income,True,High income,False,False
BMU,BM,BM,Bermuda,FALSE,Americas,Northern America,,Americas,Northern-America,,Developed,Chromista,0,6870,23026,0,29896,0.0,22.98,77.02,,,,,,
IOT,IO,IO,British Indian Ocean Territory,FALSE,Africa,Sub-Saharan Africa,Eastern Africa,Africa,Sub-Saharan-Africa,Eastern-Africa,Developing,Animalia,0,135,29715,0,29850,0.0,0.45,99.55,,,,,,
,,,,,,,,,,,,Animalia,0,0,29762,0,29762,0.0,0.0,100.0,,,,,,
GUF,GF,GF,French Guiana,FALSE,Americas,Latin America and the Caribbean,South America,Americas,Latin-America-and-the-Caribbean,South-America,Developing,Fungi,5219,3411,21096,0,29726,17.56,11.47,70.97,,,,,,
,,,,,,,,,,,,Bacteria,1,0,29715,0,29716,0.0,0.0,100.0,,,,,,
OMN,OM,OM,Oman,FALSE,Asia,Western Asia,,Asia,Western-Asia,,Developing,Plantae,0,55,29632,0,29687,0.0,0.19,99.81,True,High income,True,High income,False,False
HMD,HM,HM,Heard Island and McDonald Islands,FALSE,Oceania,Australia and New Zealand,,Oceania,Australia-and-New-Zealand,,Developed,Chromista,0,18,28986,0,29004,0.0,0.06,99.94,,,,,,
GUM,GU,GU,Guam,FALSE,Oceania,Micronesia,,Oceania,Micronesia,,Developing,Bacteria,0,0,28923,0,28923,0.0,0.0,100.0,,,,,,
MAR,MA,MA,Morocco,FALSE,Africa,Northern Africa,,Africa,Northern-Africa,,Developing,Chromista,0,0,28783,0,28783,0.0,0.0,100.0,True,Lower middle income,True,Lower middle income,False,False
KGZ,KG,KG,Kyrgyzstan,FALSE,Asia,Central Asia,,Asia,Central-Asia,,Developing,Fungi,0,1,28735,0,28736,0.0,0.0,100.0,True,Lower middle income,True,Lower middle income,False,False
CPV,CV,CV,Cabo Verde,FALSE,Africa,Sub-Saharan Africa,Western Africa,Africa,Sub-Saharan-Africa,Western-Africa,Developing,Plantae,0,8,28640,0,28648,0.0,0.03,99.97,True,Upper middle income,True,Upper middle income,False,True
POL,PL,PL,Poland,TRUE,Europe,Eastern Europe,,Europe,Eastern-Europe,,Developed,Protozoa,8410,779,1138,18289,28616,29.39,2.72,3.98,True,High income,True,High income,False,False
COM,KM,KM,Comoros,FALSE,Africa,Sub-Saharan Africa,Eastern Africa,Africa,Sub-Saharan-Africa,Eastern-Africa,Developing,Animalia,0,2764,25642,0,28406,0.0,9.73,90.27,True,Lower middle income,True,Lower middle income,True,True
STP,ST,ST,Sao Tome and Principe,FALSE,Africa,Sub-Saharan Africa,Middle Africa,Africa,Sub-Saharan-Africa,Middle-Africa,Developing,Plantae,3169,78,25155,0,28402,11.16,0.27,88.57,True,Lower middle income,True,Lower middle income,True,True
GRC,GR,GR,Greece,TRUE,Europe,Southern Europe,,Europe,Southern-Europe,,Developed,Chromista,9403,17779,1111,0,28293,33.23,62.84,3.93,True,High income,True,High income,False,False
BOL,BO,BO,"Bolivia, Plurinational State of",FALSE,Americas,Latin America and the Caribbean,South America,Americas,Latin-America-and-the-Caribbean,South-America,Developing,Fungi,0,4765,23091,0,27856,0.0,17.11,82.89,True,Lower middle income,True,Lower middle income,False,False
PHL,PH,PH,Philippines,FALSE,Asia,South-eastern Asia,,Asia,South-eastern-Asia,,Developing,Bacteria,0,26,27815,0,27841,0.0,0.09,99.91,True,Lower middle income,True,Lower middle income,False,False
MKD,MK,MK,"Macedonia, the former Yugoslav Republic of",FALSE,Europe,Southern Europe,,Europe,Southern-Europe,,Developed,Plantae,427,16660,10593,0,27680,1.54,60.19,38.27,True,Upper middle income,True,Upper middle income,False,False
SHN,SH,SH,"Saint Helena, Ascension and Tristan da Cunha",FALSE,Africa,Sub-Saharan Africa,Western Africa,Africa,Sub-Saharan-Africa,Western-Africa,Developing,Animalia,0,795,26864,0,27659,0.0,2.87,97.13,,,,,,
SSD,SS,SS,South Sudan,FALSE,Africa,Sub-Saharan Africa,Eastern Africa,Africa,Sub-Saharan-Africa,Eastern-Africa,Developing,Animalia,61,1221,26038,0,27320,0.22,4.47,95.31,True,Low income,True,Low income,True,False
PHL,PH,PH,Philippines,FALSE,Asia,South-eastern Asia,,Asia,South-eastern-Asia,,Developing,Chromista,0,247,26962,0,27209,0.0,0.91,99.09,True,Lower middle income,True,Lower middle income,False,False
CPV,CV,CV,Cabo Verde,FALSE,Africa,Sub-Saharan Africa,Western Africa,Africa,Sub-Saharan-Africa,Western-Africa,Developing,Bacteria,0,0,26515,0,26515,0.0,0.0,100.0,True,Upper middle income,True,Upper middle income,False,True
ZAF,ZA,ZA,South Africa,FALSE,Africa,Sub-Saharan Africa,Southern Africa,Africa,Sub-Saharan-Africa,Southern-Africa,Developing,incertae sedis,11419,0,15055,0,26474,43.13,0.0,56.87,True,Upper middle income,True,Upper middle income,False,False
GTM,GT,GT,Guatemala,FALSE,Americas,Latin America and the Caribbean,Central America,Americas,Latin-America-and-the-Caribbean,Central-America,Developing,Fungi,745,12977,12321,0,26043,2.86,49.83,47.31,True,Upper middle income,True,Upper middle income,False,False
IDN,ID,ID,Indonesia,FALSE,Asia,South-eastern Asia,,Asia,South-eastern-Asia,,Developing,Fungi,57,273,25316,2,25648,0.22,1.06,98.71,True,Upper middle income,True,Upper middle income,False,False
CCK,CC,CC,Cocos (Keeling) Islands,FALSE,Oceania,Australia and New Zealand,,Oceania,Australia-and-New-Zealand,,Developed,Animalia,0,10080,15414,0,25494,0.0,39.54,60.46,,,,,,
BES,BQ,BQ,"Bonaire, Sint Eustatius and Saba",FALSE,Americas,Latin America and the Caribbean,Caribbean,Americas,Latin-America-and-the-Caribbean,Caribbean,Developing,Plantae,0,5775,19213,0,24988,0.0,23.11,76.89,,,,,,
EGY,EG,EG,Egypt,FALSE,Africa,Northern Africa,,Africa,Northern-Africa,,Developing,Bacteria,0,0,24981,0,24981,0.0,0.0,100.0,True,Lower middle income,True,Lower middle income,False,False
SJM,SJ,SJ,Svalbard and Jan Mayen,FALSE,Europe,Northern Europe,,Europe,Northern-Europe,,Developed,incertae sedis,176,15826,399,8574,24975,0.7,63.37,1.6,,,,,,
UGA,UG,UG,Uganda,FALSE,Africa,Sub-Saharan Africa,Eastern Africa,Africa,Sub-Saharan-Africa,Eastern-Africa,Developing,Fungi,0,936,23769,0,24705,0.0,3.79,96.21,True,Low income,True,Low income,True,False
,,,,,,,,,,,,Chromista,4,0,24608,0,24612,0.02,0.0,99.98,,,,,,
BRN,BN,BN,Brunei Darussalam,FALSE,Asia,South-eastern Asia,,Asia,South-eastern-Asia,,Developing,Animalia,0,165,24310,1,24476,0.0,0.67,99.32,True,High income,True,High income,False,False
BRA,BR,BR,Brazil,FALSE,Americas,Latin America and the Caribbean,South America,Americas,Latin-America-and-the-Caribbean,South-America,Developing,Protozoa,9546,1261,13651,0,24458,39.03,5.16,55.81,True,Upper middle income,True,Upper middle income,False,False
DNK,DK,DK,Denmark,TRUE,Europe,Northern Europe,,Europe,Northern-Europe,,Developed,Protozoa,20012,3654,755,0,24421,81.95,14.96,3.09,True,High income,True,High income,False,False
LKA,LK,LK,Sri Lanka,FALSE,Asia,Southern Asia,,Asia,Southern-Asia,,Developing,Fungi,0,30,24316,0,24346,0.0,0.12,99.88,True,Lower middle income,True,Lower middle income,False,False
ECU,EC,EC,Ecuador,FALSE,Americas,Latin America and the Caribbean,South America,Americas,Latin-America-and-the-Caribbean,South-America,Developing,Chromista,3139,7183,13947,0,24269,12.93,29.6,57.47,True,Upper middle income,True,Upper middle income,False,False
BHR,BH,BH,Bahrain,FALSE,Asia,Western Asia,,Asia,Western-Asia,,Developing,Animalia,0,78,24054,0,24132,0.0,0.32,99.68,True,High income,True,High income,False,False
MEX,MX,MX,Mexico,FALSE,Americas,Latin America and the Caribbean,Central America,Americas,Latin-America-and-the-Caribbean,Central-America,Developing,Protozoa,6066,4656,13229,0,23951,25.33,19.44,55.23,True,Upper middle income,True,Upper middle income,False,False
PAN,PA,PA,Panama,FALSE,Americas,Latin America and the Caribbean,Central America,Americas,Latin-America-and-the-Caribbean,Central-America,Developing,Bacteria,0,11668,12140,0,23808,0.0,49.01,50.99,True,High income,True,High income,False,False
TKL,TK,TK,Tokelau,FALSE,Oceania,Polynesia,,Oceania,Polynesia,,Developing,Chromista,0,0,23795,0,23795,0.0,0.0,100.0,,,,,,
CAN,CA,CA,Canada,FALSE,Americas,Northern America,,Americas,Northern-America,,Developed,Viruses,8,143,23641,0,23792,0.03,0.6,99.37,True,High income,True,High income,False,False
PRT,PT,PT,Portugal,TRUE,Europe,Southern Europe,,Europe,Southern-Europe,,Developed,incertae sedis,5733,16128,1910,0,23771,24.12,67.85,8.04,True,High income,True,High income,False,False
IND,IN,IN,India,FALSE,Asia,Southern Asia,,Asia,Southern-Asia,,Developing,incertae sedis,1556,448,21733,0,23737,6.56,1.89,91.56,True,Lower middle income,True,Lower middle income,False,False
PYF,PF,PF,French Polynesia,FALSE,Oceania,Polynesia,,Oceania,Polynesia,,Developing,Bacteria,0,4,23505,0,23509,0.0,0.02,99.98,,,,,,
CZE,CZ,CZ,Czech Republic,TRUE,Europe,Eastern Europe,,Europe,Eastern-Europe,,Developed,Chromista,282,21939,1239,0,23460,1.2,93.52,5.28,True,High income,True,High income,False,False
MRT,MR,MR,Mauritania,FALSE,Africa,Sub-Saharan Africa,Western Africa,Africa,Sub-Saharan-Africa,Western-Africa,Developing,Plantae,1752,148,21502,0,23402,7.49,0.63,91.88,True,Lower middle income,True,Lower middle income,True,False
GRL,GL,GL,Greenland,FALSE,Americas,Northern America,,Americas,Northern-America,,Developed,Bacteria,0,1874,21462,0,23336,0.0,8.03,91.97,,,,,,
TKL,TK,TK,Tokelau,FALSE,Oceania,Polynesia,,Oceania,Polynesia,,Developing,Bacteria,0,0,22745,0,22745,0.0,0.0,100.0,,,,,,
LBY,LY,LY,Libya,FALSE,Africa,Northern Africa,,Africa,Northern-Africa,,Developing,Plantae,0,19,22678,0,22697,0.0,0.08,99.92,True,Upper middle income,True,Upper middle income,False,False
KEN,KE,KE,Kenya,FALSE,Africa,Sub-Saharan Africa,Eastern Africa,Africa,Sub-Saharan-Africa,Eastern-Africa,Developing,Fungi,1,454,22064,0,22519,0.0,2.02,97.98,True,Lower middle income,True,Lower middle income,False,False
CUW,CW,CW,Curacao,FALSE,Americas,Latin America and the Caribbean,Caribbean,Americas,Latin-America-and-the-Caribbean,Caribbean,Developing,Bacteria,0,385,22101,0,22486,0.0,1.71,98.29,,,,,,
GRC,GR,GR,Greece,TRUE,Europe,Southern Europe,,Europe,Southern-Europe,,Developed,Bacteria,2195,16074,4149,0,22418,9.79,71.7,18.51,True,High income,True,High income,False,False
KOR,KR,KR,"Korea, Republic of",FALSE,Asia,Eastern Asia,,Asia,Eastern-Asia,,Developed,Viruses,0,0,22362,0,22362,0.0,0.0,100.0,True,High income,True,High income,False,False
IND,IN,IN,India,FALSE,Asia,Southern Asia,,Asia,Southern-Asia,,Developing,Viruses,0,0,22278,0,22278,0.0,0.0,100.0,True,Lower middle income,True,Lower middle income,False,False
ESH,EH,EH,Western Sahara,FALSE,Africa,Northern Africa,,Africa,Northern-Africa,,Developing,Chromista,0,1,22172,0,22173,0.0,0.0,100.0,,,,,,
PER,PE,PE,Peru,FALSE,Americas,Latin America and the Caribbean,South America,Americas,Latin-America-and-the-Caribbean,South-America,Developing,Fungi,64,10314,11552,0,21930,0.29,47.03,52.68,True,Upper middle income,True,Upper middle income,False,False
CMR,CM,CM,Cameroon,FALSE,Africa,Sub-Saharan Africa,Middle Africa,Africa,Sub-Saharan-Africa,Middle-Africa,Developing,Fungi,0,40,21662,0,21702,0.0,0.18,99.82,True,Lower middle income,True,Lower middle income,False,False
TON,TO,TO,Tonga,FALSE,Oceania,Polynesia,,Oceania,Polynesia,,Developing,Plantae,2686,4302,14378,0,21366,12.57,20.13,67.29,True,Upper middle income,True,Upper middle income,False,True
POL,PL,PL,Poland,TRUE,Europe,Eastern Europe,,Europe,Eastern-Europe,,Developed,Bacteria,2738,18103,381,1,21223,12.9,85.3,1.8,True,High income,True,High income,False,False
YEM,YE,YE,Yemen,FALSE,Asia,Western Asia,,Asia,Western-Asia,,Developing,Chromista,0,16,21091,0,21107,0.0,0.08,99.92,True,Low income,True,Low income,True,False
NIU,NU,NU,Niue,FALSE,Oceania,Polynesia,,Oceania,Polynesia,,Developing,Chromista,0,8,21055,0,21063,0.0,0.04,99.96,True,High income,True,High income,False,True
BTN,BT,BT,Bhutan,FALSE,Asia,Southern Asia,,Asia,Southern-Asia,,Developing,Fungi,762,74,20211,0,21047,3.62,0.35,96.03,True,Lower middle income,True,Lower middle income,False,False
ISL,IS,IS,Iceland,FALSE,Europe,Northern Europe,,Europe,Northern-Europe,,Developed,incertae sedis,1512,18468,1048,0,21028,7.19,87.83,4.98,True,High income,True,High income,False,False
COM,KM,KM,Comoros,FALSE,Africa,Sub-Saharan Africa,Eastern Africa,Africa,Sub-Saharan-Africa,Eastern-Africa,Developing,Plantae,0,617,20337,0,20954,0.0,2.94,97.06,True,Lower middle income,True,Lower middle income,True,True
JPN,JP,JP,Japan,FALSE,Asia,Eastern Asia,,Asia,Eastern-Asia,,Developed,Viruses,192,0,20742,0,20934,0.92,0.0,99.08,True,High income,True,High income,False,False
GTM,GT,GT,Guatemala,FALSE,Americas,Latin America and the Caribbean,Central America,Americas,Latin-America-and-the-Caribbean,Central-America,Developing,Chromista,1,941,19846,0,20788,0.0,4.53,95.47,True,Upper middle income,True,Upper middle income,False,False
ISL,IS,IS,Iceland,FALSE,Europe,Northern Europe,,Europe,Northern-Europe,,Developed,Bacteria,0,20472,39,0,20511,0.0,99.81,0.19,True,High income,True,High income,False,False
IRN,IR,IR,"Iran, Islamic Republic of",FALSE,Asia,Southern Asia,,Asia,Southern-Asia,,Developing,Bacteria,297,4,20174,0,20475,1.45,0.02,98.53,True,Upper middle income,True,Upper middle income,False,False
ATF,TF,TF,French Southern Territories,FALSE,Africa,Sub-Saharan Africa,Eastern Africa,Africa,Sub-Saharan-Africa,Eastern-Africa,Developing,Chromista,0,0,20469,0,20469,0.0,0.0,100.0,,,,,,
ARG,AR,AR,Argentina,FALSE,Americas,Latin America and the Caribbean,South America,Americas,Latin-America-and-the-Caribbean,South-America,Developing,Chromista,4387,1514,14278,0,20179,21.74,7.5,70.76,True,Upper middle income,True,Upper middle income,False,False
BGR,BG,BG,Bulgaria,TRUE,Europe,Eastern Europe,,Europe,Eastern-Europe,,Developed,incertae sedis,4,15473,4583,0,20060,0.02,77.13,22.85,True,High income,True,High income,False,False
JAM,JM,JM,Jamaica,FALSE,Americas,Latin America and the Caribbean,Caribbean,Americas,Latin-America-and-the-Caribbean,Caribbean,Developing,Fungi,20,15175,4838,4,20037,0.1,75.73,24.15,True,Upper middle income,True,Upper middle income,False,True
COK,CK,CK,Cook Islands,FALSE,Oceania,Polynesia,,Oceania,Polynesia,,Developing,Plantae,0,11020,8682,0,19702,0.0,55.93,44.07,True,High income,True,High income,False,True
CIV,CI,CI,Cote d'Ivoire,FALSE,Africa,Sub-Saharan Africa,Western Africa,Africa,Sub-Saharan-Africa,Western-Africa,Developing,Fungi,502,5,19190,0,19697,2.55,0.03,97.43,True,Lower middle income,True,Lower middle income,False,False
TKM,TM,TM,Turkmenistan,FALSE,Asia,Central Asia,,Asia,Central-Asia,,Developing,Animalia,0,586,19025,0,19611,0.0,2.99,97.01,True,Upper middle income,True,Upper middle income,False,False
REU,RE,RE,Reunion,FALSE,Africa,Sub-Saharan Africa,Eastern Africa,Africa,Sub-Saharan-Africa,Eastern-Africa,Developing,Fungi,0,0,19591,0,19591,0.0,0.0,100.0,,,,,,
NGA,NG,NG,Nigeria,FALSE,Africa,Sub-Saharan Africa,Western Africa,Africa,Sub-Saharan-Africa,Western-Africa,Developing,Fungi,87,48,19446,0,19581,0.44,0.25,99.31,True,Lower middle income,True,Lower middle income,False,False
MTQ,MQ,MQ,Martinique,FALSE,Americas,Latin America and the Caribbean,Caribbean,Americas,Latin-America-and-the-Caribbean,Caribbean,Developing,Chromista,0,497,18993,0,19490,0.0,2.55,97.45,,,,,,
THA,TH,TH,Thailand,FALSE,Asia,South-eastern Asia,,Asia,South-eastern-Asia,,Developing,Chromista,1742,285,17456,0,19483,8.94,1.46,89.6,True,Upper middle income,True,Upper middle income,False,False
COL,CO,CO,Colombia,FALSE,Americas,Latin America and the Caribbean,South America,Americas,Latin-America-and-the-Caribbean,South-America,Developing,incertae sedis,1346,4920,13091,0,19357,6.95,25.42,67.63,True,Upper middle income,True,Upper middle income,False,False
PNG,PG,PG,Papua New Guinea,FALSE,Oceania,Melanesia,,Oceania,Melanesia,,Developing,Chromista,1,885,18249,0,19135,0.01,4.63,95.37,True,Lower middle income,True,Lower middle income,False,True
MDA,MD,MD,"Moldova, Republic of",FALSE,Europe,Eastern Europe,,Europe,Eastern-Europe,,Developed,Plantae,0,9518,9584,0,19102,0.0,49.83,50.17,True,Upper middle income,True,Upper middle income,False,False
OMN,OM,OM,Oman,FALSE,Asia,Western Asia,,Asia,Western-Asia,,Developing,Fungi,0,0,19096,0,19096,0.0,0.0,100.0,True,High income,True,High income,False,False
BRA,BR,BR,Brazil,FALSE,Americas,Latin America and the Caribbean,South America,Americas,Latin-America-and-the-Caribbean,South-America,Developing,Viruses,2,18,18968,0,18988,0.01,0.09,99.89,True,Upper middle income,True,Upper middle income,False,False
FSM,FM,FM,"Micronesia, Federated States of",FALSE,Oceania,Micronesia,,Oceania,Micronesia,,Developing,Chromista,0,8,18738,0,18746,0.0,0.04,99.96,True,Lower middle income,True,Lower middle income,False,True
ISR,IL,IL,Israel,FALSE,Asia,Western Asia,,Asia,Western-Asia,,Developing,Fungi,3791,37,14889,0,18717,20.25,0.2,79.55,True,High income,True,High income,False,False
LBN,LB,LB,Lebanon,FALSE,Asia,Western Asia,,Asia,Western-Asia,,Developing,Bacteria,0,2,18661,0,18663,0.0,0.01,99.99,True,Lower middle income,True,Lower middle income,False,False
PLW,PW,PW,Palau,FALSE,Oceania,Micronesia,,Oceania,Micronesia,,Developing,Plantae,0,98,18492,0,18590,0.0,0.53,99.47,True,High income,True,High income,False,True
ETH,ET,ET,Ethiopia,FALSE,Africa,Sub-Saharan Africa,Eastern Africa,Africa,Sub-Saharan-Africa,Eastern-Africa,Developing,Fungi,0,8,18507,0,18515,0.0,0.04,99.96,True,Low income,True,Low income,True,False
LVA,LV,LV,Latvia,TRUE,Europe,Northern Europe,,Europe,Northern-Europe,,Developed,Chromista,0,18111,352,0,18463,0.0,98.09,1.91,True,High income,True,High income,False,False
MAR,MA,MA,Morocco,FALSE,Africa,Northern Africa,,Africa,Northern-Africa,,Developing,Bacteria,0,0,18353,0,18353,0.0,0.0,100.0,True,Lower middle income,True,Lower middle income,False,False
BGR,BG,BG,Bulgaria,TRUE,Europe,Eastern Europe,,Europe,Eastern-Europe,,Developed,Fungi,2783,12819,2678,0,18280,15.22,70.13,14.65,True,High income,True,High income,False,False
PRI,PR,PR,Puerto Rico,FALSE,Americas,Latin America and the Caribbean,Caribbean,Americas,Latin-America-and-the-Caribbean,Caribbean,Developing,Chromista,0,10929,7314,0,18243,0.0,59.91,40.09,,,,,,
MDG,MG,MG,Madagascar,FALSE,Africa,Sub-Saharan Africa,Eastern Africa,Africa,Sub-Saharan-Africa,Eastern-Africa,Developing,incertae sedis,30,27,18168,0,18225,0.16,0.15,99.69,True,Low income,True,Low income,True,False
DOM,DO,DO,Dominican Republic,FALSE,Americas,Latin America and the Caribbean,Caribbean,Americas,Latin-America-and-the-Caribbean,Caribbean,Developing,Fungi,0,14400,3673,0,18073,0.0,79.68,20.32,True,Upper middle income,True,Upper middle income,False,True
ERI,ER,ER,Eritrea,FALSE,Africa,Sub-Saharan Africa,Eastern Africa,Africa,Sub-Saharan-Africa,Eastern-Africa,Developing,Animalia,0,87,17967,0,18054,0.0,0.48,99.52,True,Low income,True,Low income,True,False
ITA,IT,IT,Italy,TRUE,Europe,Southern Europe,,Europe,Southern-Europe,,Developed,Viruses,375,17635,30,0,18040,2.08,97.75,0.17,True,High income,True,High income,False,False
MLT,MT,MT,Malta,TRUE,Europe,Southern Europe,,Europe,Southern-Europe,,Developed,Plantae,0,9122,8885,0,18007,0.0,50.66,49.34,True,High income,True,High income,False,False
COD,CD,CD,"Congo, the Democratic Republic of the",FALSE,Africa,Sub-Saharan Africa,Middle Africa,Africa,Sub-Saharan-Africa,Middle-Africa,Developing,incertae sedis,30,3,17766,0,17799,0.17,0.02,99.81,True,Low income,True,Low income,True,False
ISR,IL,IL,Israel,FALSE,Asia,Western Asia,,Asia,Western-Asia,,Developing,Bacteria,0,3,17709,0,17712,0.0,0.02,99.98,True,High income,True,High income,False,False
LKA,LK,LK,Sri Lanka,FALSE,Asia,Southern Asia,,Asia,Southern-Asia,,Developing,Bacteria,14951,145,2610,0,17706,84.44,0.82,14.74,True,Lower middle income,True,Lower middle income,False,False
VNM,VN,VN,Viet Nam,FALSE,Asia,South-eastern Asia,,Asia,South-eastern-Asia,,Developing,Viruses,0,0,17595,0,17595,0.0,0.0,100.0,True,Lower middle income,True,Lower middle income,False,False
QAT,QA,QA,Qatar,FALSE,Asia,Western Asia,,Asia,Western-Asia,,Developing,Chromista,0,0,17523,0,17523,0.0,0.0,100.0,True,High income,True,High income,False,False
JPN,JP,JP,Japan,FALSE,Asia,Eastern Asia,,Asia,Eastern-Asia,,Developed,Protozoa,8067,0,9344,0,17411,46.33,0.0,53.67,True,High income,True,High income,False,False
GUF,GF,GF,French Guiana,FALSE,Americas,Latin America and the Caribbean,South America,Americas,Latin-America-and-the-Caribbean,South-America,Developing,Bacteria,0,14002,3257,0,17259,0.0,81.13,18.87,,,,,,
CUB,CU,CU,Cuba,FALSE,Americas,Latin America and the Caribbean,Caribbean,Americas,Latin-America-and-the-Caribbean,Caribbean,Developing,Chromista,0,2411,14805,0,17216,0.0,14.0,86.0,True,Upper middle income,True,Upper middle income,False,True
AZE,AZ,AZ,Azerbaijan,FALSE,Asia,Western Asia,,Asia,Western-Asia,,Developing,Bacteria,0,0,17124,0,17124,0.0,0.0,100.0,True,Upper middle income,True,Upper middle income,False,False
GHA,GH,GH,Ghana,FALSE,Africa,Sub-Saharan Africa,Western Africa,Africa,Sub-Saharan-Africa,Western-Africa,Developing,Chromista,704,0,16381,0,17085,4.12,0.0,95.88,True,Lower middle income,True,Lower middle income,False,False
,,,,,,,,,,,,incertae sedis,321,0,16744,0,17065,1.88,0.0,98.12,,,,,,
MAC,MO,MO,Macao,FALSE,Asia,Eastern Asia,,Asia,Eastern-Asia,,Developing,Plantae,0,0,17024,0,17024,0.0,0.0,100.0,,,,,,
UKR,UA,UA,Ukraine,FALSE,Europe,Eastern Europe,,Europe,Eastern-Europe,,Developed,Chromista,15203,893,918,0,17014,89.36,5.25,5.4,True,Upper middle income,True,Upper middle income,False,False
PAN,PA,PA,Panama,FALSE,Americas,Latin America and the Caribbean,Central America,Americas,Latin-America-and-the-Caribbean,Central-America,Developing,incertae sedis,0,12835,4121,0,16956,0.0,75.7,24.3,True,High income,True,High income,False,False
DMA,DM,DM,Dominica,FALSE,Americas,Latin America and the Caribbean,Caribbean,Americas,Latin-America-and-the-Caribbean,Caribbean,Developing,Fungi,0,3311,13574,0,16885,0.0,19.61,80.39,True,Upper middle income,True,Upper middle income,False,True
PRK,KP,KP,"Korea, Democratic People's Republic of",FALSE,Asia,Eastern Asia,,Asia,Eastern-Asia,,Developing,Animalia,0,5213,11568,0,16781,0.0,31.06,68.94,True,Low income,True,Low income,False,False
SGS,GS,GS,South Georgia and the South Sandwich Islands,FALSE,Americas,Latin America and the Caribbean,South America,Americas,Latin-America-and-the-Caribbean,South-America,Developing,Plantae,0,1319,15375,0,16694,0.0,7.9,92.1,,,,,,
FRA,FR,FR,France,TRUE,Europe,Western Europe,,Europe,Western-Europe,,Developed,Viruses,0,16655,17,0,16672,0.0,99.9,0.1,True,High income,True,High income,False,False
IMN,IM,IM,Isle of Man,FALSE,Europe,Northern Europe,,Europe,Northern-Europe,,Developed,Chromista,13449,2931,212,0,16592,81.06,17.67,1.28,,,,,,
BLR,BY,BY,Belarus,FALSE,Europe,Eastern Europe,,Europe,Eastern-Europe,,Developed,Fungi,0,4722,11867,0,16589,0.0,28.46,71.54,True,Upper middle income,True,Upper middle income,False,False
HRV,HR,HR,Croatia,TRUE,Europe,Southern Europe,,Europe,Southern-Europe,,Developed,Fungi,0,12593,3868,0,16461,0.0,76.5,23.5,True,High income,True,High income,False,False
ATF,TF,TF,French Southern Territories,FALSE,Africa,Sub-Saharan Africa,Eastern Africa,Africa,Sub-Saharan-Africa,Eastern-Africa,Developing,Plantae,0,61,16197,0,16258,0.0,0.38,99.62,,,,,,
JEY,JE,JE,Jersey,FALSE,Europe,Northern Europe,Channel Islands,Europe,Northern-Europe,Channel-Islands,Developed,Plantae,0,14086,2123,0,16209,0.0,86.9,13.1,,,,,,
TUR,TR,TR,Turkey,FALSE,Asia,Western Asia,,Asia,Western-Asia,,Developing,Bacteria,0,3,16195,0,16198,0.0,0.02,99.98,True,Upper middle income,True,Upper middle income,False,False
VUT,VU,VU,Vanuatu,FALSE,Oceania,Melanesia,,Oceania,Melanesia,,Developing,Chromista,0,86,16052,0,16138,0.0,0.53,99.47,True,Lower middle income,True,Lower middle income,False,True
BLM,BL,BL,Saint Barthelemy,FALSE,Americas,Latin America and the Caribbean,Caribbean,Americas,Latin-America-and-the-Caribbean,Caribbean,Developing,Animalia,0,8296,7837,0,16133,0.0,51.42,48.58,,,,,,
GNB,GW,GW,Guinea-Bissau,FALSE,Africa,Sub-Saharan Africa,Western Africa,Africa,Sub-Saharan-Africa,Western-Africa,Developing,Plantae,0,147,15967,0,16114,0.0,0.91,99.09,True,Low income,True,Low income,True,True
PRT,PT,PT,Portugal,TRUE,Europe,Southern Europe,,Europe,Southern-Europe,,Developed,Protozoa,12433,2753,927,0,16113,77.16,17.09,5.75,True,High income,True,High income,False,False
TZA,TZ,TZ,"Tanzania, United Republic of",FALSE,Africa,Sub-Saharan Africa,Eastern Africa,Africa,Sub-Saharan-Africa,Eastern-Africa,Developing,Chromista,63,33,15960,0,16056,0.39,0.21,99.4,True,Lower middle income,True,Lower middle income,True,False
NCL,NC,NC,New Caledonia,FALSE,Oceania,Melanesia,,Oceania,Melanesia,,Developing,Chromista,0,1185,14865,0,16050,0.0,7.38,92.62,,,,,,
RWA,RW,RW,Rwanda,FALSE,Africa,Sub-Saharan Africa,Eastern Africa,Africa,Sub-Saharan-Africa,Eastern-Africa,Developing,Fungi,0,2,16033,0,16035,0.0,0.01,99.99,True,Low income,True,Low income,True,False
GUM,GU,GU,Guam,FALSE,Oceania,Micronesia,,Oceania,Micronesia,,Developing,Plantae,0,92,15932,0,16024,0.0,0.57,99.43,,,,,,
AFG,AF,AF,Afghanistan,FALSE,Asia,Southern Asia,,Asia,Southern-Asia,,Developing,Chromista,0,0,15825,0,15825,0.0,0.0,100.0,True,Low income,True,Low income,True,False
SYC,SC,SC,Seychelles,FALSE,Africa,Sub-Saharan Africa,Eastern Africa,Africa,Sub-Saharan-Africa,Eastern-Africa,Developing,Chromista,0,0,15769,0,15769,0.0,0.0,100.0,True,High income,True,High income,False,True
CAN,CA,CA,Canada,FALSE,Americas,Northern America,,Americas,Northern-America,,Developed,Archaea,0,54,15682,0,15736,0.0,0.34,99.66,True,High income,True,High income,False,False
FSM,FM,FM,"Micronesia, Federated States of",FALSE,Oceania,Micronesia,,Oceania,Micronesia,,Developing,incertae sedis,2,4,15645,0,15651,0.01,0.03,99.96,True,Lower middle income,True,Lower middle income,False,True
BWA,BW,BW,Botswana,FALSE,Africa,Sub-Saharan Africa,Southern Africa,Africa,Sub-Saharan-Africa,Southern-Africa,Developing,Fungi,0,5,15382,0,15387,0.0,0.03,99.97,True,Upper middle income,True,Upper middle income,False,False
MNP,MP,MP,Northern Mariana Islands,FALSE,Oceania,Micronesia,,Oceania,Micronesia,,Developing,Plantae,0,28,15289,0,15317,0.0,0.18,99.82,,,,,,
PAK,PK,PK,Pakistan,FALSE,Asia,Southern Asia,,Asia,Southern-Asia,,Developing,Bacteria,0,12,15213,0,15225,0.0,0.08,99.92,True,Lower middle income,True,Lower middle income,False,False
VNM,VN,VN,Viet Nam,FALSE,Asia,South-eastern Asia,,Asia,South-eastern-Asia,,Developing,Fungi,3593,10,11526,0,15129,23.75,0.07,76.18,True,Lower middle income,True,Lower middle income,False,False
ARG,AR,AR,Argentina,FALSE,Americas,Latin America and the Caribbean,South America,Americas,Latin-America-and-the-Caribbean,South-America,Developing,incertae sedis,2815,3269,8996,0,15080,18.67,21.68,59.66,True,Upper middle income,True,Upper middle income,False,False
MHL,MH,MH,Marshall Islands,FALSE,Oceania,Micronesia,,Oceania,Micronesia,,Developing,Plantae,0,247,14787,0,15034,0.0,1.64,98.36,True,Upper middle income,True,Upper middle income,False,True
ERI,ER,ER,Eritrea,FALSE,Africa,Sub-Saharan Africa,Eastern Africa,Africa,Sub-Saharan-Africa,Eastern-Africa,Developing,Plantae,0,69,14894,0,14963,0.0,0.46,99.54,True,Low income,True,Low income,True,False
ISR,IL,IL,Israel,FALSE,Asia,Western Asia,,Asia,Western-Asia,,Developing,Chromista,2365,0,12556,0,14921,15.85,0.0,84.15,True,High income,True,High income,False,False
SVK,SK,SK,Slovakia,TRUE,Europe,Eastern Europe,,Europe,Eastern-Europe,,Developed,incertae sedis,13037,1451,345,0,14833,87.89,9.78,2.33,True,High income,True,High income,False,False
GRL,GL,GL,Greenland,FALSE,Americas,Northern America,,Americas,Northern-America,,Developed,incertae sedis,148,780,13844,1,14773,1.0,5.28,93.71,,,,,,
NIU,NU,NU,Niue,FALSE,Oceania,Polynesia,,Oceania,Polynesia,,Developing,Animalia,0,4758,9744,0,14502,0.0,32.81,67.19,True,High income,True,High income,False,True
DEU,DE,DE,Germany,TRUE,Europe,Western Europe,,Europe,Western-Europe,,Developed,Viruses,171,14074,75,0,14320,1.19,98.28,0.52,True,High income,True,High income,False,False
PRI,PR,PR,Puerto Rico,FALSE,Americas,Latin America and the Caribbean,Caribbean,Americas,Latin-America-and-the-Caribbean,Caribbean,Developing,incertae sedis,62,11358,2813,0,14233,0.44,79.8,19.76,,,,,,
VIR,VI,VI,"Virgin Islands, U.S.",FALSE,Americas,Latin America and the Caribbean,Caribbean,Americas,Latin-America-and-the-Caribbean,Caribbean,Developing,Chromista,0,13467,766,0,14233,0.0,94.62,5.38,,,,,,
CRI,CR,CR,Costa Rica,FALSE,Americas,Latin America and the Caribbean,Central America,Americas,Latin-America-and-the-Caribbean,Central-America,Developing,Chromista,0,774,13306,0,14080,0.0,5.5,94.5,True,High income,True,High income,False,False
CHL,CL,CL,Chile,FALSE,Americas,Latin America and the Caribbean,South America,Americas,Latin-America-and-the-Caribbean,South-America,Developing,incertae sedis,886,4003,9109,0,13998,6.33,28.6,65.07,True,High income,True,High income,False,False
PRI,PR,PR,Puerto Rico,FALSE,Americas,Latin America and the Caribbean,Caribbean,Americas,Latin-America-and-the-Caribbean,Caribbean,Developing,Bacteria,0,10601,3362,0,13963,0.0,75.92,24.08,,,,,,
SGS,GS,GS,South Georgia and the South Sandwich Islands,FALSE,Americas,Latin America and the Caribbean,South America,Americas,Latin-America-and-the-Caribbean,South-America,Developing,Chromista,0,3035,10883,0,13918,0.0,21.81,78.19,,,,,,
NPL,NP,NP,Nepal,FALSE,Asia,Southern Asia,,Asia,Southern-Asia,,Developing,Fungi,6506,318,6781,1,13606,47.82,2.34,49.84,True,Lower middle income,True,Lower middle income,True,False
CHE,CH,CH,Switzerland,FALSE,Europe,Western Europe,,Europe,Western-Europe,,Developed,incertae sedis,255,9611,3666,0,13532,1.88,71.02,27.09,True,High income,True,High income,False,False
FJI,FJ,FJ,Fiji,FALSE,Oceania,Melanesia,,Oceania,Melanesia,,Developing,Fungi,0,1640,11763,0,13403,0.0,12.24,87.76,True,Upper middle income,True,Upper middle income,False,True
AUT,AT,AT,Austria,TRUE,Europe,Western Europe,,Europe,Western-Europe,,Developed,incertae sedis,6313,5124,1702,0,13139,48.05,39.0,12.95,True,High income,True,High income,False,False
SAU,SA,SA,Saudi Arabia,FALSE,Asia,Western Asia,,Asia,Western-Asia,,Developing,Fungi,0,0,13084,0,13084,0.0,0.0,100.0,True,High income,True,High income,False,False
IRN,IR,IR,"Iran, Islamic Republic of",FALSE,Asia,Southern Asia,,Asia,Southern-Asia,,Developing,Chromista,1397,0,11489,0,12886,10.84,0.0,89.16,True,Upper middle income,True,Upper middle income,False,False
PER,PE,PE,Peru,FALSE,Americas,Latin America and the Caribbean,South America,Americas,Latin-America-and-the-Caribbean,South-America,Developing,incertae sedis,1300,4824,6738,0,12862,10.11,37.51,52.39,True,Upper middle income,True,Upper middle income,False,False
AUS,AU,AU,Australia,FALSE,Oceania,Australia and New Zealand,,Oceania,Australia-and-New-Zealand,,Developed,Viruses,1963,0,10749,0,12712,15.44,0.0,84.56,True,High income,True,High income,False,False
GHA,GH,GH,Ghana,FALSE,Africa,Sub-Saharan Africa,Western Africa,Africa,Sub-Saharan-Africa,Western-Africa,Developing,Fungi,0,3,12671,0,12674,0.0,0.02,99.98,True,Lower middle income,True,Lower middle income,False,False
FLK,FK,FK,Falkland Islands (Malvinas),FALSE,Americas,Latin America and the Caribbean,South America,Americas,Latin-America-and-the-Caribbean,South-America,Developing,Plantae,0,5683,6851,0,12534,0.0,45.34,54.66,,,,,,
GEO,GE,GE,Georgia,FALSE,Asia,Western Asia,,Asia,Western-Asia,,Developing,Chromista,0,0,12411,0,12411,0.0,0.0,100.0,True,Upper middle income,True,Upper middle income,False,False
NAM,NA,,Namibia,FALSE,Africa,Sub-Saharan Africa,Southern Africa,Africa,Sub-Saharan-Africa,Southern-Africa,Developing,Fungi,0,279,12091,0,12370,0.0,2.26,97.74,True,Lower middle income,True,Lower middle income,False,False
VEN,VE,VE,"Venezuela, Bolivarian Republic of",FALSE,Americas,Latin America and the Caribbean,South America,Americas,Latin-America-and-the-Caribbean,South-America,Developing,incertae sedis,757,9293,2249,0,12299,6.15,75.56,18.29,True,Lower middle income,True,Lower middle income,False,False
LBR,LR,LR,Liberia,FALSE,Africa,Sub-Saharan Africa,Western Africa,Africa,Sub-Saharan-Africa,Western-Africa,Developing,Bacteria,0,0,12286,0,12286,0.0,0.0,100.0,True,Low income,True,Low income,True,False
SRB,RS,RS,Serbia,FALSE,Europe,Southern Europe,,Europe,Southern-Europe,,Developed,Fungi,0,1510,10698,0,12208,0.0,12.37,87.63,True,Upper middle income,True,Upper middle income,False,False
CPV,CV,CV,Cabo Verde,FALSE,Africa,Sub-Saharan Africa,Western Africa,Africa,Sub-Saharan-Africa,Western-Africa,Developing,Chromista,0,0,12205,0,12205,0.0,0.0,100.0,True,Upper middle income,True,Upper middle income,False,True
SLE,SL,SL,Sierra Leone,FALSE,Africa,Sub-Saharan Africa,Western Africa,Africa,Sub-Saharan-Africa,Western-Africa,Developing,Fungi,0,82,12065,0,12147,0.0,0.68,99.32,True,Low income,True,Low income,False,False
ASM,AS,AS,American Samoa,FALSE,Oceania,Polynesia,,Oceania,Polynesia,,Developing,Plantae,0,798,11310,0,12108,0.0,6.59,93.41,,,,,,
NLD,NL,NL,Netherlands,TRUE,Europe,Western Europe,,Europe,Western-Europe,,Developed,Viruses,0,11734,362,0,12096,0.0,97.01,2.99,True,High income,True,High income,False,False
NZL,NZ,NZ,New Zealand,FALSE,Oceania,Australia and New Zealand,,Oceania,Australia-and-New-Zealand,,Developed,Archaea,0,0,11996,0,11996,0.0,0.0,100.0,True,High income,True,High income,False,False
PNG,PG,PG,Papua New Guinea,FALSE,Oceania,Melanesia,,Oceania,Melanesia,,Developing,incertae sedis,4,3407,8578,0,11989,0.03,28.42,71.55,True,Lower middle income,True,Lower middle income,False,True
VEN,VE,VE,"Venezuela, Bolivarian Republic of",FALSE,Americas,Latin America and the Caribbean,South America,Americas,Latin-America-and-the-Caribbean,South-America,Developing,Bacteria,1004,9499,1430,0,11933,8.41,79.6,11.98,True,Lower middle income,True,Lower middle income,False,False
TZA,TZ,TZ,"Tanzania, United Republic of",FALSE,Africa,Sub-Saharan Africa,Eastern Africa,Africa,Sub-Saharan-Africa,Eastern-Africa,Developing,Bacteria,0,0,11856,0,11856,0.0,0.0,100.0,True,Lower middle income,True,Lower middle income,True,False
HRV,HR,HR,Croatia,TRUE,Europe,Southern Europe,,Europe,Southern-Europe,,Developed,Bacteria,0,11454,383,0,11837,0.0,96.76,3.24,True,High income,True,High income,False,False
BVT,BV,BV,Bouvet Island,FALSE,Americas,Latin America and the Caribbean,South America,Americas,Latin-America-and-the-Caribbean,South-America,Developing,Animalia,0,337,11478,0,11815,0.0,2.85,97.15,,,,,,
COD,CD,CD,"Congo, the Democratic Republic of the",FALSE,Africa,Sub-Saharan Africa,Middle Africa,Africa,Sub-Saharan-Africa,Middle-Africa,Developing,Bacteria,0,0,11772,0,11772,0.0,0.0,100.0,True,Low income,True,Low income,True,False
TUR,TR,TR,Turkey,FALSE,Asia,Western Asia,,Asia,Western-Asia,,Developing,Chromista,0,4,11664,0,11668,0.0,0.03,99.97,True,Upper middle income,True,Upper middle income,False,False
GIN,GN,GN,Guinea,FALSE,Africa,Sub-Saharan Africa,Western Africa,Africa,Sub-Saharan-Africa,Western-Africa,Developing,Bacteria,0,0,11524,0,11524,0.0,0.0,100.0,True,Lower middle income,True,Lower middle income,True,False
NFK,NF,NF,Norfolk Island,FALSE,Oceania,Australia and New Zealand,,Oceania,Australia-and-New-Zealand,,Developed,Plantae,0,7541,3954,0,11495,0.0,65.6,34.4,,,,,,
MNP,MP,MP,Northern Mariana Islands,FALSE,Oceania,Micronesia,,Oceania,Micronesia,,Developing,Bacteria,0,0,11466,0,11466,0.0,0.0,100.0,,,,,,
CYP,CY,CY,Cyprus,TRUE,Asia,Western Asia,,Asia,Western-Asia,,Developing,Chromista,0,34,11414,0,11448,0.0,0.3,99.7,True,High income,True,High income,False,False
LVA,LV,LV,Latvia,TRUE,Europe,Northern Europe,,Europe,Northern-Europe,,Developed,incertae sedis,832,10506,85,0,11423,7.28,91.97,0.74,True,High income,True,High income,False,False
SHN,SH,SH,"Saint Helena, Ascension and Tristan da Cunha",FALSE,Africa,Sub-Saharan Africa,Western Africa,Africa,Sub-Saharan-Africa,Western-Africa,Developing,Plantae,0,681,10547,0,11228,0.0,6.07,93.93,,,,,,
ARG,AR,AR,Argentina,FALSE,Americas,Latin America and the Caribbean,South America,Americas,Latin-America-and-the-Caribbean,South-America,Developing,Protozoa,435,1099,9624,0,11158,3.9,9.85,86.25,True,Upper middle income,True,Upper middle income,False,False
DZA,DZ,DZ,Algeria,FALSE,Africa,Northern Africa,,Africa,Northern-Africa,,Developing,Chromista,0,0,11132,0,11132,0.0,0.0,100.0,True,Upper middle income,True,Upper middle income,False,False
VIR,VI,VI,"Virgin Islands, U.S.",FALSE,Americas,Latin America and the Caribbean,Caribbean,Americas,Latin-America-and-the-Caribbean,Caribbean,Developing,Bacteria,0,10921,53,0,10974,0.0,99.52,0.48,,,,,,
KEN,KE,KE,Kenya,FALSE,Africa,Sub-Saharan Africa,Eastern Africa,Africa,Sub-Saharan-Africa,Eastern-Africa,Developing,Bacteria,103,0,10761,0,10864,0.95,0.0,99.05,True,Lower middle income,True,Lower middle income,False,False
GLP,GP,GP,Guadeloupe,FALSE,Americas,Latin America and the Caribbean,Caribbean,Americas,Latin-America-and-the-Caribbean,Caribbean,Developing,Fungi,0,1430,9429,0,10859,0.0,13.17,86.83,,,,,,
PHL,PH,PH,Philippines,FALSE,Asia,South-eastern Asia,,Asia,South-eastern-Asia,,Developing,incertae sedis,681,1010,9128,0,10819,6.29,9.34,84.37,True,Lower middle income,True,Lower middle income,False,False
REU,RE,RE,Reunion,FALSE,Africa,Sub-Saharan Africa,Eastern Africa,Africa,Sub-Saharan-Africa,Eastern-Africa,Developing,Chromista,0,0,10793,0,10793,0.0,0.0,100.0,,,,,,
BOL,BO,BO,"Bolivia, Plurinational State of",FALSE,Americas,Latin America and the Caribbean,South America,Americas,Latin-America-and-the-Caribbean,South-America,Developing,Bacteria,0,14,10737,0,10751,0.0,0.13,99.87,True,Lower middle income,True,Lower middle income,False,False
ESP,ES,ES,Spain,TRUE,Europe,Southern Europe,,Europe,Southern-Europe,,Developed,Viruses,83,10622,17,0,10722,0.77,99.07,0.16,True,High income,True,High income,False,False
TTO,TT,TT,Trinidad and Tobago,FALSE,Americas,Latin America and the Caribbean,Caribbean,Americas,Latin-America-and-the-Caribbean,Caribbean,Developing,Fungi,0,6635,4060,0,10695,0.0,62.04,37.96,True,High income,True,High income,False,True
VCT,VC,VC,Saint Vincent and the Grenadines,FALSE,Americas,Latin America and the Caribbean,Caribbean,Americas,Latin-America-and-the-Caribbean,Caribbean,Developing,Plantae,0,7399,3203,0,10602,0.0,69.79,30.21,True,Upper middle income,True,Upper middle income,False,False
SAU,SA,SA,Saudi Arabia,FALSE,Asia,Western Asia,,Asia,Western-Asia,,Developing,incertae sedis,0,1,10576,0,10577,0.0,0.01,99.99,True,High income,True,High income,False,False
CZE,CZ,CZ,Czech Republic,TRUE,Europe,Eastern Europe,,Europe,Eastern-Europe,,Developed,incertae sedis,207,9212,1133,1,10553,1.96,87.29,10.74,True,High income,True,High income,False,False
TUV,TV,TV,Tuvalu,FALSE,Oceania,Polynesia,,Oceania,Polynesia,,Developing,Animalia,0,6163,4386,0,10549,0.0,58.42,41.58,True,Upper middle income,True,Upper middle income,True,True
BDI,BI,BI,Burundi,FALSE,Africa,Sub-Saharan Africa,Eastern Africa,Africa,Sub-Saharan-Africa,Eastern-Africa,Developing,Fungi,0,0,10513,0,10513,0.0,0.0,100.0,True,Low income,True,Low income,True,False
EGY,EG,EG,Egypt,FALSE,Africa,Northern Africa,,Africa,Northern-Africa,,Developing,Chromista,0,0,10470,0,10470,0.0,0.0,100.0,True,Lower middle income,True,Lower middle income,False,False
AUT,AT,AT,Austria,TRUE,Europe,Western Europe,,Europe,Western-Europe,,Developed,Chromista,2695,5110,2661,0,10466,25.75,48.82,25.43,True,High income,True,High income,False,False
SWE,SE,SE,Sweden,TRUE,Europe,Northern Europe,,Europe,Northern-Europe,,Developed,Viruses,3611,6807,9,0,10427,34.63,65.28,0.09,True,High income,True,High income,False,False
UKR,UA,UA,Ukraine,FALSE,Europe,Eastern Europe,,Europe,Eastern-Europe,,Developed,incertae sedis,6553,2584,1279,0,10416,62.91,24.81,12.28,True,Upper middle income,True,Upper middle income,False,False
SAU,SA,SA,Saudi Arabia,FALSE,Asia,Western Asia,,Asia,Western-Asia,,Developing,Protozoa,0,0,10412,0,10412,0.0,0.0,100.0,True,High income,True,High income,False,False
ARE,AE,AE,United Arab Emirates,FALSE,Asia,Western Asia,,Asia,Western-Asia,,Developing,Plantae,0,55,10291,0,10346,0.0,0.53,99.47,True,High income,True,High income,False,False
IDN,ID,ID,Indonesia,FALSE,Asia,South-eastern Asia,,Asia,South-eastern-Asia,,Developing,incertae sedis,45,343,9914,0,10302,0.44,3.33,96.23,True,Upper middle income,True,Upper middle income,False,False
TUR,TR,TR,Turkey,FALSE,Asia,Western Asia,,Asia,Western-Asia,,Developing,incertae sedis,0,3,10258,1,10262,0.0,0.03,99.96,True,Upper middle income,True,Upper middle income,False,False
THA,TH,TH,Thailand,FALSE,Asia,South-eastern Asia,,Asia,South-eastern-Asia,,Developing,incertae sedis,12,158,10072,0,10242,0.12,1.54,98.34,True,Upper middle income,True,Upper middle income,False,False
CRI,CR,CR,Costa Rica,FALSE,Americas,Latin America and the Caribbean,Central America,Americas,Latin-America-and-the-Caribbean,Central-America,Developing,incertae sedis,220,5403,4542,0,10165,2.16,53.15,44.68,True,High income,True,High income,False,False
EGY,EG,EG,Egypt,FALSE,Africa,Northern Africa,,Africa,Northern-Africa,,Developing,Viruses,0,0,10122,0,10122,0.0,0.0,100.0,True,Lower middle income,True,Lower middle income,False,False
EGY,EG,EG,Egypt,FALSE,Africa,Northern Africa,,Africa,Northern-Africa,,Developing,Fungi,0,4,10071,0,10075,0.0,0.04,99.96,True,Lower middle income,True,Lower middle income,False,False
BEL,BE,BE,Belgium,TRUE,Europe,Western Europe,,Europe,Western-Europe,,Developed,Protozoa,7999,1753,306,0,10058,79.53,17.43,3.04,True,High income,True,High income,False,False
KIR,KI,KI,Kiribati,FALSE,Oceania,Micronesia,,Oceania,Micronesia,,Developing,Plantae,0,132,9864,0,9996,0.0,1.32,98.68,True,Lower middle income,True,Lower middle income,True,True
ITA,IT,IT,Italy,TRUE,Europe,Southern Europe,,Europe,Southern-Europe,,Developed,Protozoa,6361,2764,845,0,9970,63.8,27.72,8.48,True,High income,True,High income,False,False
TZA,TZ,TZ,"Tanzania, United Republic of",FALSE,Africa,Sub-Saharan Africa,Eastern Africa,Africa,Sub-Saharan-Africa,Eastern-Africa,Developing,incertae sedis,0,8,9880,0,9888,0.0,0.08,99.92,True,Lower middle income,True,Lower middle income,True,False
MYS,MY,MY,Malaysia,FALSE,Asia,South-eastern Asia,,Asia,South-eastern-Asia,,Developing,Bacteria,9,6,9867,0,9882,0.09,0.06,99.85,True,Upper middle income,True,Upper middle income,False,False
GMB,GM,GM,Gambia,FALSE,Africa,Sub-Saharan Africa,Western Africa,Africa,Sub-Saharan-Africa,Western-Africa,Developing,Plantae,0,83,9765,0,9848,0.0,0.84,99.16,True,Low income,True,Low income,True,False
BEN,BJ,BJ,Benin,FALSE,Africa,Sub-Saharan Africa,Western Africa,Africa,Sub-Saharan-Africa,Western-Africa,Developing,Chromista,6411,6,3396,0,9813,65.33,0.06,34.61,True,Lower middle income,True,Lower middle income,True,False
UKR,UA,UA,Ukraine,FALSE,Europe,Eastern Europe,,Europe,Eastern-Europe,,Developed,Protozoa,6437,497,2860,0,9794,65.72,5.07,29.2,True,Upper middle income,True,Upper middle income,False,False
QAT,QA,QA,Qatar,FALSE,Asia,Western Asia,,Asia,Western-Asia,,Developing,Plantae,0,0,9724,0,9724,0.0,0.0,100.0,True,High income,True,High income,False,False
PCN,PN,PN,Pitcairn,FALSE,Oceania,Polynesia,,Oceania,Polynesia,,Developing,Animalia,0,921,8761,0,9682,0.0,9.51,90.49,,,,,,
SEN,SN,SN,Senegal,FALSE,Africa,Sub-Saharan Africa,Western Africa,Africa,Sub-Saharan-Africa,Western-Africa,Developing,Bacteria,0,0,9670,0,9670,0.0,0.0,100.0,True,Lower middle income,True,Lower middle income,False,False
ZAF,ZA,ZA,South Africa,FALSE,Africa,Sub-Saharan Africa,Southern Africa,Africa,Sub-Saharan-Africa,Southern-Africa,Developing,Viruses,89,0,9578,0,9667,0.92,0.0,99.08,True,Upper middle income,True,Upper middle income,False,False
BGR,BG,BG,Bulgaria,TRUE,Europe,Eastern Europe,,Europe,Eastern-Europe,,Developed,Chromista,0,2257,7356,0,9613,0.0,23.48,76.52,True,High income,True,High income,False,False
BRB,BB,BB,Barbados,FALSE,Americas,Latin America and the Caribbean,Caribbean,Americas,Latin-America-and-the-Caribbean,Caribbean,Developing,Plantae,273,7039,2268,0,9580,2.85,73.48,23.67,True,High income,True,High income,False,True
HRV,HR,HR,Croatia,TRUE,Europe,Southern Europe,,Europe,Southern-Europe,,Developed,Chromista,52,8307,1175,0,9534,0.55,87.13,12.32,True,High income,True,High income,False,False
RUS,RU,RU,Russian Federation,FALSE,Europe,Eastern Europe,,Europe,Eastern-Europe,,Developed,Viruses,0,9466,35,0,9501,0.0,99.63,0.37,True,High income,True,High income,False,False
KNA,KN,KN,Saint Kitts and Nevis,FALSE,Americas,Latin America and the Caribbean,Caribbean,Americas,Latin-America-and-the-Caribbean,Caribbean,Developing,Plantae,0,8389,1066,0,9455,0.0,88.73,11.27,True,High income,True,High income,False,False
ATA,AQ,AQ,Antarctica,FALSE,,,,,,,,Protozoa,45,0,9386,0,9431,0.48,0.0,99.52,,,,,,
GRD,GD,GD,Grenada,FALSE,Americas,Latin America and the Caribbean,Caribbean,Americas,Latin-America-and-the-Caribbean,Caribbean,Developing,Plantae,0,5886,3532,0,9418,0.0,62.5,37.5,True,Upper middle income,True,Upper middle income,False,True
FIN,FI,FI,Finland,TRUE,Europe,Northern Europe,,Europe,Northern-Europe,,Developed,Protozoa,4858,3137,1381,0,9376,51.81,33.46,14.73,True,High income,True,High income,False,False
THA,TH,TH,Thailand,FALSE,Asia,South-eastern Asia,,Asia,South-eastern-Asia,,Developing,Viruses,0,0,9307,0,9307,0.0,0.0,100.0,True,Upper middle income,True,Upper middle income,False,False
WLF,WF,WF,Wallis and Futuna,FALSE,Oceania,Polynesia,,Oceania,Polynesia,,Developing,Plantae,51,815,8370,0,9236,0.55,8.82,90.62,,,,,,
VNM,VN,VN,Viet Nam,FALSE,Asia,South-eastern Asia,,Asia,South-eastern-Asia,,Developing,Chromista,0,25,9109,0,9134,0.0,0.27,99.73,True,Lower middle income,True,Lower middle income,False,False
BLZ,BZ,BZ,Belize,FALSE,Americas,Latin America and the Caribbean,Central America,Americas,Latin-America-and-the-Caribbean,Central-America,Developing,Chromista,0,8708,403,0,9111,0.0,95.58,4.42,True,Upper middle income,True,Upper middle income,False,True
AUT,AT,AT,Austria,TRUE,Europe,Western Europe,,Europe,Western-Europe,,Developed,Bacteria,98,7777,1152,0,9027,1.09,86.15,12.76,True,High income,True,High income,False,False
GRC,GR,GR,Greece,TRUE,Europe,Southern Europe,,Europe,Southern-Europe,,Developed,incertae sedis,1764,6405,850,0,9019,19.56,71.02,9.42,True,High income,True,High income,False,False
AFG,AF,AF,Afghanistan,FALSE,Asia,Southern Asia,,Asia,Southern-Asia,,Developing,Protozoa,0,0,9001,0,9001,0.0,0.0,100.0,True,Low income,True,Low income,True,False
GIN,GN,GN,Guinea,FALSE,Africa,Sub-Saharan Africa,Western Africa,Africa,Sub-Saharan-Africa,Western-Africa,Developing,Fungi,0,47,8927,0,8974,0.0,0.52,99.48,True,Lower middle income,True,Lower middle income,True,False
AUT,AT,AT,Austria,TRUE,Europe,Western Europe,,Europe,Western-Europe,,Developed,Protozoa,5337,2605,1009,0,8951,59.62,29.1,11.27,True,High income,True,High income,False,False
MDG,MG,MG,Madagascar,FALSE,Africa,Sub-Saharan Africa,Eastern Africa,Africa,Sub-Saharan-Africa,Eastern-Africa,Developing,Bacteria,1,0,8929,0,8930,0.01,0.0,99.99,True,Low income,True,Low income,True,False
ZMB,ZM,ZM,Zambia,FALSE,Africa,Sub-Saharan Africa,Eastern Africa,Africa,Sub-Saharan-Africa,Eastern-Africa,Developing,Fungi,0,33,8876,0,8909,0.0,0.37,99.63,True,Lower middle income,True,Lower middle income,True,False
GAB,GA,GA,Gabon,FALSE,Africa,Sub-Saharan Africa,Middle Africa,Africa,Sub-Saharan-Africa,Middle-Africa,Developing,incertae sedis,537,11,8347,0,8895,6.04,0.12,93.84,True,Upper middle income,True,Upper middle income,False,False
GGY,GG,GG,Guernsey,FALSE,Europe,Northern Europe,Channel Islands,Europe,Northern-Europe,Channel-Islands,Developed,Plantae,0,7480,1390,0,8870,0.0,84.33,15.67,,,,,,
CHN,CN,CN,China,FALSE,Asia,Eastern Asia,,Asia,Eastern-Asia,,Developing,Protozoa,3,0,8853,0,8856,0.03,0.0,99.97,True,Upper middle income,True,Upper middle income,False,False
PNG,PG,PG,Papua New Guinea,FALSE,Oceania,Melanesia,,Oceania,Melanesia,,Developing,Bacteria,3,27,8822,0,8852,0.03,0.31,99.66,True,Lower middle income,True,Lower middle income,False,True
FRO,FO,FO,Faroe Islands,FALSE,Europe,Northern Europe,,Europe,Northern-Europe,,Developed,incertae sedis,0,8810,24,0,8834,0.0,99.73,0.27,,,,,,
JPN,JP,JP,Japan,FALSE,Asia,Eastern Asia,,Asia,Eastern-Asia,,Developed,Archaea,224,0,8565,0,8789,2.55,0.0,97.45,True,High income,True,High income,False,False
HND,HN,HN,Honduras,FALSE,Americas,Latin America and the Caribbean,Central America,Americas,Latin-America-and-the-Caribbean,Central-America,Developing,Fungi,0,7707,1063,0,8770,0.0,87.88,12.12,True,Lower middle income,True,Lower middle income,False,False
SHN,SH,SH,"Saint Helena, Ascension and Tristan da Cunha",FALSE,Africa,Sub-Saharan Africa,Western Africa,Africa,Sub-Saharan-Africa,Western-Africa,Developing,Chromista,0,0,8763,0,8763,0.0,0.0,100.0,,,,,,
MDG,MG,MG,Madagascar,FALSE,Africa,Sub-Saharan Africa,Eastern Africa,Africa,Sub-Saharan-Africa,Eastern-Africa,Developing,Chromista,238,10,8496,0,8744,2.72,0.11,97.16,True,Low income,True,Low income,True,False
MAR,MA,MA,Morocco,FALSE,Africa,Northern Africa,,Africa,Northern-Africa,,Developing,incertae sedis,23,0,8570,0,8593,0.27,0.0,99.73,True,Lower middle income,True,Lower middle income,False,False
PRI,PR,PR,Puerto Rico,FALSE,Americas,Latin America and the Caribbean,Caribbean,Americas,Latin-America-and-the-Caribbean,Caribbean,Developing,Protozoa,0,7227,1354,0,8581,0.0,84.22,15.78,,,,,,
CHE,CH,CH,Switzerland,FALSE,Europe,Western Europe,,Europe,Western-Europe,,Developed,Protozoa,6363,1112,1103,0,8578,74.18,12.96,12.86,True,High income,True,High income,False,False
EST,EE,EE,Estonia,TRUE,Europe,Northern Europe,,Europe,Northern-Europe,,Developed,Bacteria,6237,2305,6,0,8548,72.96,26.97,0.07,True,High income,True,High income,False,False
LKA,LK,LK,Sri Lanka,FALSE,Asia,Southern Asia,,Asia,Southern-Asia,,Developing,incertae sedis,6,11,8445,0,8462,0.07,0.13,99.8,True,Lower middle income,True,Lower middle income,False,False
KWT,KW,KW,Kuwait,FALSE,Asia,Western Asia,,Asia,Western-Asia,,Developing,Plantae,0,0,8351,0,8351,0.0,0.0,100.0,True,High income,True,High income,False,False
JAM,JM,JM,Jamaica,FALSE,Americas,Latin America and the Caribbean,Caribbean,Americas,Latin-America-and-the-Caribbean,Caribbean,Developing,Chromista,20,1827,6466,0,8313,0.24,21.98,77.78,True,Upper middle income,True,Upper middle income,False,True
NGA,NG,NG,Nigeria,FALSE,Africa,Sub-Saharan Africa,Western Africa,Africa,Sub-Saharan-Africa,Western-Africa,Developing,Chromista,5739,3,2560,0,8302,69.13,0.04,30.84,True,Lower middle income,True,Lower middle income,False,False
ALA,AX,AX,Aland Islands,FALSE,Europe,Northern Europe,,Europe,Northern-Europe,,Developed,Fungi,0,7578,724,0,8302,0.0,91.28,8.72,,,,,,
ATG,AG,AG,Antigua and Barbuda,FALSE,Americas,Latin America and the Caribbean,Caribbean,Americas,Latin-America-and-the-Caribbean,Caribbean,Developing,Plantae,0,6458,1826,0,8284,0.0,77.96,22.04,True,High income,True,High income,False,True
NCL,NC,NC,New Caledonia,FALSE,Oceania,Melanesia,,Oceania,Melanesia,,Developing,incertae sedis,6,473,7761,0,8240,0.07,5.74,94.19,,,,,,
ABW,AW,AW,Aruba,FALSE,Americas,Latin America and the Caribbean,Caribbean,Americas,Latin-America-and-the-Caribbean,Caribbean,Developing,Plantae,0,2091,6111,0,8202,0.0,25.49,74.51,,,,,,
FLK,FK,FK,Falkland Islands (Malvinas),FALSE,Americas,Latin America and the Caribbean,South America,Americas,Latin-America-and-the-Caribbean,South-America,Developing,Fungi,0,3322,4849,0,8171,0.0,40.66,59.34,,,,,,
BGD,BD,BD,Bangladesh,FALSE,Asia,Southern Asia,,Asia,Southern-Asia,,Developing,Viruses,0,0,8124,0,8124,0.0,0.0,100.0,True,Lower middle income,True,Lower middle income,True,False
CYM,KY,KY,Cayman Islands,FALSE,Americas,Latin America and the Caribbean,Caribbean,Americas,Latin-America-and-the-Caribbean,Caribbean,Developing,Plantae,0,7358,680,0,8038,0.0,91.54,8.46,,,,,,
PAK,PK,PK,Pakistan,FALSE,Asia,Southern Asia,,Asia,Southern-Asia,,Developing,Chromista,0,18,8011,0,8029,0.0,0.22,99.78,True,Lower middle income,True,Lower middle income,False,False
TWN,TW,TW,"Taiwan, Province of China",FALSE,,,,,,,,Viruses,0,0,8021,0,8021,0.0,0.0,100.0,,,,,,
TLS,TL,TL,Timor-Leste,FALSE,Asia,South-eastern Asia,,Asia,South-eastern-Asia,,Developing,Plantae,0,4,7993,0,7997,0.0,0.05,99.95,True,Lower middle income,True,Lower middle income,True,True
VGB,VG,VG,"Virgin Islands, British",FALSE,Americas,Latin America and the Caribbean,Caribbean,Americas,Latin-America-and-the-Caribbean,Caribbean,Developing,Plantae,0,4951,3046,0,7997,0.0,61.91,38.09,,,,,,
KIR,KI,KI,Kiribati,FALSE,Oceania,Micronesia,,Oceania,Micronesia,,Developing,Protozoa,0,0,7970,0,7970,0.0,0.0,100.0,True,Lower middle income,True,Lower middle income,True,True
UKR,UA,UA,Ukraine,FALSE,Europe,Eastern Europe,,Europe,Eastern-Europe,,Developed,Bacteria,3425,3877,649,0,7951,43.08,48.76,8.16,True,Upper middle income,True,Upper middle income,False,False
HUN,HU,HU,Hungary,TRUE,Europe,Eastern Europe,,Europe,Eastern-Europe,,Developed,Bacteria,0,2988,4890,0,7878,0.0,37.93,62.07,True,High income,True,High income,False,False
DEU,DE,DE,Germany,TRUE,Europe,Western Europe,,Europe,Western-Europe,,Developed,Archaea,32,6576,1195,0,7803,0.41,84.28,15.31,True,High income,True,High income,False,False
PYF,PF,PF,French Polynesia,FALSE,Oceania,Polynesia,,Oceania,Polynesia,,Developing,Fungi,0,177,7546,0,7723,0.0,2.29,97.71,,,,,,
GBR,GB,GB,United Kingdom,FALSE,Europe,Northern Europe,,Europe,Northern-Europe,,Developed,Archaea,7221,28,449,0,7698,93.8,0.36,5.83,True,High income,True,High income,False,False
CHE,CH,CH,Switzerland,FALSE,Europe,Western Europe,,Europe,Western-Europe,,Developed,Viruses,0,7686,3,0,7689,0.0,99.96,0.04,True,High income,True,High income,False,False
NPL,NP,NP,Nepal,FALSE,Asia,Southern Asia,,Asia,Southern-Asia,,Developing,Bacteria,0,34,7624,0,7658,0.0,0.44,99.56,True,Lower middle income,True,Lower middle income,True,False
LCA,LC,LC,Saint Lucia,FALSE,Americas,Latin America and the Caribbean,Caribbean,Americas,Latin-America-and-the-Caribbean,Caribbean,Developing,Plantae,0,5656,1877,0,7533,0.0,75.08,24.92,True,Upper middle income,True,Upper middle income,False,False
GLP,GP,GP,Guadeloupe,FALSE,Americas,Latin America and the Caribbean,Caribbean,Americas,Latin-America-and-the-Caribbean,Caribbean,Developing,Chromista,0,2168,5356,0,7524,0.0,28.81,71.19,,,,,,
AFG,AF,AF,Afghanistan,FALSE,Asia,Southern Asia,,Asia,Southern-Asia,,Developing,incertae sedis,0,3,7519,0,7522,0.0,0.04,99.96,True,Low income,True,Low income,True,False
CZE,CZ,CZ,Czech Republic,TRUE,Europe,Eastern Europe,,Europe,Eastern-Europe,,Developed,Bacteria,0,5843,1654,0,7497,0.0,77.94,22.06,True,High income,True,High income,False,False
URY,UY,UY,Uruguay,FALSE,Americas,Latin America and the Caribbean,South America,Americas,Latin-America-and-the-Caribbean,South-America,Developing,Fungi,0,4549,2923,1,7473,0.0,60.87,39.11,True,High income,True,High income,False,False
MEX,MX,MX,Mexico,FALSE,Americas,Latin America and the Caribbean,Central America,Americas,Latin-America-and-the-Caribbean,Central-America,Developing,Viruses,0,18,7425,0,7443,0.0,0.24,99.76,True,Upper middle income,True,Upper middle income,False,False
KIR,KI,KI,Kiribati,FALSE,Oceania,Micronesia,,Oceania,Micronesia,,Developing,incertae sedis,0,1,7407,0,7408,0.0,0.01,99.99,True,Lower middle income,True,Lower middle income,True,True
MDV,MV,MV,Maldives,FALSE,Asia,Southern Asia,,Asia,Southern-Asia,,Developing,Plantae,0,5,7389,0,7394,0.0,0.07,99.93,True,Upper middle income,True,Upper middle income,False,True
MYS,MY,MY,Malaysia,FALSE,Asia,South-eastern Asia,,Asia,South-eastern-Asia,,Developing,incertae sedis,1,25,7303,0,7329,0.01,0.34,99.65,True,Upper middle income,True,Upper middle income,False,False
HRV,HR,HR,Croatia,TRUE,Europe,Southern Europe,,Europe,Southern-Europe,,Developed,incertae sedis,3722,2991,613,0,7326,50.81,40.83,8.37,True,High income,True,High income,False,False
GEO,GE,GE,Georgia,FALSE,Asia,Western Asia,,Asia,Western-Asia,,Developing,incertae sedis,0,0,7320,0,7320,0.0,0.0,100.0,True,Upper middle income,True,Upper middle income,False,False
VIR,VI,VI,"Virgin Islands, U.S.",FALSE,Americas,Latin America and the Caribbean,Caribbean,Americas,Latin-America-and-the-Caribbean,Caribbean,Developing,incertae sedis,0,6959,337,0,7296,0.0,95.38,4.62,,,,,,
MYS,MY,MY,Malaysia,FALSE,Asia,South-eastern Asia,,Asia,South-eastern-Asia,,Developing,Chromista,327,99,6857,0,7283,4.49,1.36,94.15,True,Upper middle income,True,Upper middle income,False,False
TUN,TN,TN,Tunisia,FALSE,Africa,Northern Africa,,Africa,Northern-Africa,,Developing,Chromista,0,0,7254,0,7254,0.0,0.0,100.0,True,Lower middle income,True,Lower middle income,False,False
MDV,MV,MV,Maldives,FALSE,Asia,Southern Asia,,Asia,Southern-Asia,,Developing,Bacteria,0,1,7248,0,7249,0.0,0.01,99.99,True,Upper middle income,True,Upper middle income,False,True
CRI,CR,CR,Costa Rica,FALSE,Americas,Latin America and the Caribbean,Central America,Americas,Latin-America-and-the-Caribbean,Central-America,Developing,Bacteria,0,255,6940,0,7195,0.0,3.54,96.46,True,High income,True,High income,False,False
KEN,KE,KE,Kenya,FALSE,Africa,Sub-Saharan Africa,Eastern Africa,Africa,Sub-Saharan-Africa,Eastern-Africa,Developing,incertae sedis,2891,82,4216,0,7189,40.21,1.14,58.65,True,Lower middle income,True,Lower middle income,False,False
MNP,MP,MP,Northern Mariana Islands,FALSE,Oceania,Micronesia,,Oceania,Micronesia,,Developing,Chromista,0,0,7130,0,7130,0.0,0.0,100.0,,,,,,
CHL,CL,CL,Chile,FALSE,Americas,Latin America and the Caribbean,South America,Americas,Latin-America-and-the-Caribbean,South-America,Developing,Protozoa,37,1025,5993,0,7055,0.52,14.53,84.95,True,High income,True,High income,False,False
ASM,AS,AS,American Samoa,FALSE,Oceania,Polynesia,,Oceania,Polynesia,,Developing,incertae sedis,0,0,6993,0,6993,0.0,0.0,100.0,,,,,,
DOM,DO,DO,Dominican Republic,FALSE,Americas,Latin America and the Caribbean,Caribbean,Americas,Latin-America-and-the-Caribbean,Caribbean,Developing,incertae sedis,71,6147,759,0,6977,1.02,88.1,10.88,True,Upper middle income,True,Upper middle income,False,True
CYP,CY,CY,Cyprus,TRUE,Asia,Western Asia,,Asia,Western-Asia,,Developing,Bacteria,0,0,6915,0,6915,0.0,0.0,100.0,True,High income,True,High income,False,False
TUR,TR,TR,Turkey,FALSE,Asia,Western Asia,,Asia,Western-Asia,,Developing,Viruses,0,0,6909,0,6909,0.0,0.0,100.0,True,Upper middle income,True,Upper middle income,False,False
MEX,MX,MX,Mexico,FALSE,Americas,Latin America and the Caribbean,Central America,Americas,Latin-America-and-the-Caribbean,Central-America,Developing,Archaea,5,4010,2889,0,6904,0.07,58.08,41.85,True,Upper middle income,True,Upper middle income,False,False
LTU,LT,LT,Lithuania,TRUE,Europe,Northern Europe,,Europe,Northern-Europe,,Developed,Chromista,0,6264,631,0,6895,0.0,90.85,9.15,True,High income,True,High income,False,False
CRI,CR,CR,Costa Rica,FALSE,Americas,Latin America and the Caribbean,Central America,Americas,Latin-America-and-the-Caribbean,Central-America,Developing,Protozoa,4,3643,3229,0,6876,0.06,52.98,46.96,True,High income,True,High income,False,False
IRN,IR,IR,"Iran, Islamic Republic of",FALSE,Asia,Southern Asia,,Asia,Southern-Asia,,Developing,Viruses,0,0,6869,0,6869,0.0,0.0,100.0,True,Upper middle income,True,Upper middle income,False,False
CXR,CX,CX,Christmas Island,FALSE,Oceania,Australia and New Zealand,,Oceania,Australia-and-New-Zealand,,Developed,Fungi,0,6780,71,0,6851,0.0,98.96,1.04,,,,,,
FSM,FM,FM,"Micronesia, Federated States of",FALSE,Oceania,Micronesia,,Oceania,Micronesia,,Developing,Bacteria,1,17,6815,0,6833,0.01,0.25,99.74,True,Lower middle income,True,Lower middle income,False,True
CYP,CY,CY,Cyprus,TRUE,Asia,Western Asia,,Asia,Western-Asia,,Developing,Fungi,0,49,6755,0,6804,0.0,0.72,99.28,True,High income,True,High income,False,False
MAF,MF,MF,Saint Martin (French part),FALSE,Americas,Latin America and the Caribbean,Caribbean,Americas,Latin-America-and-the-Caribbean,Caribbean,Developing,Plantae,0,937,5860,0,6797,0.0,13.79,86.21,,,,,,
IRN,IR,IR,"Iran, Islamic Republic of",FALSE,Asia,Southern Asia,,Asia,Southern-Asia,,Developing,incertae sedis,86,5,6511,119,6721,1.28,0.07,96.88,True,Upper middle income,True,Upper middle income,False,False
CUB,CU,CU,Cuba,FALSE,Americas,Latin America and the Caribbean,Caribbean,Americas,Latin-America-and-the-Caribbean,Caribbean,Developing,incertae sedis,1,1499,5204,0,6704,0.01,22.36,77.63,True,Upper middle income,True,Upper middle income,False,True
MNE,ME,ME,Montenegro,FALSE,Europe,Southern Europe,,Europe,Southern-Europe,,Developed,Fungi,0,5802,884,0,6686,0.0,86.78,13.22,True,Upper middle income,True,Upper middle income,False,False
SWE,SE,SE,Sweden,TRUE,Europe,Northern Europe,,Europe,Northern-Europe,,Developed,Archaea,1500,5149,0,0,6649,22.56,77.44,0.0,True,High income,True,High income,False,False
PAK,PK,PK,Pakistan,FALSE,Asia,Southern Asia,,Asia,Southern-Asia,,Developing,Viruses,0,0,6585,0,6585,0.0,0.0,100.0,True,Lower middle income,True,Lower middle income,False,False
GIB,GI,GI,Gibraltar,FALSE,Europe,Southern Europe,,Europe,Southern-Europe,,Developed,Plantae,0,2298,4231,0,6529,0.0,35.2,64.8,,,,,,
MSR,MS,MS,Montserrat,FALSE,Americas,Latin America and the Caribbean,Caribbean,Americas,Latin-America-and-the-Caribbean,Caribbean,Developing,Plantae,0,5224,1305,0,6529,0.0,80.01,19.99,,,,,,
ASM,AS,AS,American Samoa,FALSE,Oceania,Polynesia,,Oceania,Polynesia,,Developing,Protozoa,0,0,6397,0,6397,0.0,0.0,100.0,,,,,,
NIU,NU,NU,Niue,FALSE,Oceania,Polynesia,,Oceania,Polynesia,,Developing,Plantae,0,2286,4094,0,6380,0.0,35.83,64.17,True,High income,True,High income,False,True
HTI,HT,HT,Haiti,FALSE,Americas,Latin America and the Caribbean,Caribbean,Americas,Latin-America-and-the-Caribbean,Caribbean,Developing,Chromista,0,790,5531,0,6321,0.0,12.5,87.5,True,Lower middle income,True,Lower middle income,True,True
MCO,MC,MC,Monaco,FALSE,Europe,Western Europe,,Europe,Western-Europe,,Developed,Animalia,0,2321,4000,0,6321,0.0,36.72,63.28,True,High income,True,High income,False,False
IRL,IE,IE,Ireland,TRUE,Europe,Northern Europe,,Europe,Northern-Europe,,Developed,Bacteria,698,5416,182,0,6296,11.09,86.02,2.89,True,High income,True,High income,False,False
DZA,DZ,DZ,Algeria,FALSE,Africa,Northern Africa,,Africa,Northern-Africa,,Developing,Fungi,0,5,6214,0,6219,0.0,0.08,99.92,True,Upper middle income,True,Upper middle income,False,False
SEN,SN,SN,Senegal,FALSE,Africa,Sub-Saharan Africa,Western Africa,Africa,Sub-Saharan-Africa,Western-Africa,Developing,Chromista,0,9,6195,0,6204,0.0,0.15,99.85,True,Lower middle income,True,Lower middle income,False,False
AGO,AO,AO,Angola,FALSE,Africa,Sub-Saharan Africa,Middle Africa,Africa,Sub-Saharan-Africa,Middle-Africa,Developing,Chromista,0,14,6184,0,6198,0.0,0.23,99.77,True,Lower middle income,True,Lower middle income,True,False
BLZ,BZ,BZ,Belize,FALSE,Americas,Latin America and the Caribbean,Central America,Americas,Latin-America-and-the-Caribbean,Central-America,Developing,Bacteria,0,1378,4747,0,6125,0.0,22.5,77.5,True,Upper middle income,True,Upper middle income,False,True
CHE,CH,CH,Switzerland,FALSE,Europe,Western Europe,,Europe,Western-Europe,,Developed,Chromista,1160,3526,1388,0,6074,19.1,58.05,22.85,True,High income,True,High income,False,False
TCA,TC,TC,Turks and Caicos Islands,FALSE,Americas,Latin America and the Caribbean,Caribbean,Americas,Latin-America-and-the-Caribbean,Caribbean,Developing,Plantae,0,4642,1419,0,6061,0.0,76.59,23.41,,,,,,
MLI,ML,ML,Mali,FALSE,Africa,Sub-Saharan Africa,Western Africa,Africa,Sub-Saharan-Africa,Western-Africa,Developing,Fungi,0,0,6020,0,6020,0.0,0.0,100.0,True,Low income,True,Low income,True,False
POL,PL,PL,Poland,TRUE,Europe,Eastern Europe,,Europe,Eastern-Europe,,Developed,Viruses,6,5982,10,0,5998,0.1,99.73,0.17,True,High income,True,High income,False,False
PAN,PA,PA,Panama,FALSE,Americas,Latin America and the Caribbean,Central America,Americas,Latin-America-and-the-Caribbean,Central-America,Developing,Protozoa,0,1059,4862,0,5921,0.0,17.89,82.11,True,High income,True,High income,False,False
NGA,NG,NG,Nigeria,FALSE,Africa,Sub-Saharan Africa,Western Africa,Africa,Sub-Saharan-Africa,Western-Africa,Developing,Viruses,0,0,5877,0,5877,0.0,0.0,100.0,True,Lower middle income,True,Lower middle income,False,False
SPM,PM,PM,Saint Pierre and Miquelon,FALSE,Americas,Northern America,,Americas,Northern-America,,Developed,Plantae,0,2072,3770,0,5842,0.0,35.47,64.53,,,,,,
LBY,LY,LY,Libya,FALSE,Africa,Northern Africa,,Africa,Northern-Africa,,Developing,Chromista,0,0,5838,0,5838,0.0,0.0,100.0,True,Upper middle income,True,Upper middle income,False,False
TON,TO,TO,Tonga,FALSE,Oceania,Polynesia,,Oceania,Polynesia,,Developing,Bacteria,151,19,5608,0,5778,2.61,0.33,97.06,True,Upper middle income,True,Upper middle income,False,True
BFA,BF,BF,Burkina Faso,FALSE,Africa,Sub-Saharan Africa,Western Africa,Africa,Sub-Saharan-Africa,Western-Africa,Developing,Fungi,0,0,5757,0,5757,0.0,0.0,100.0,True,Low income,True,Low income,True,False
KIR,KI,KI,Kiribati,FALSE,Oceania,Micronesia,,Oceania,Micronesia,,Developing,Fungi,0,115,5640,0,5755,0.0,2.0,98.0,True,Lower middle income,True,Lower middle income,True,True
LVA,LV,LV,Latvia,TRUE,Europe,Northern Europe,,Europe,Northern-Europe,,Developed,Bacteria,0,5729,15,0,5744,0.0,99.74,0.26,True,High income,True,High income,False,False
MUS,MU,MU,Mauritius,FALSE,Africa,Sub-Saharan Africa,Eastern Africa,Africa,Sub-Saharan-Africa,Eastern-Africa,Developing,Fungi,0,0,5687,0,5687,0.0,0.0,100.0,True,Upper middle income,True,Upper middle income,False,True
DZA,DZ,DZ,Algeria,FALSE,Africa,Northern Africa,,Africa,Northern-Africa,,Developing,Bacteria,0,0,5618,0,5618,0.0,0.0,100.0,True,Upper middle income,True,Upper middle income,False,False
IDN,ID,ID,Indonesia,FALSE,Asia,South-eastern Asia,,Asia,South-eastern-Asia,,Developing,Archaea,0,1,5598,0,5599,0.0,0.02,99.98,True,Upper middle income,True,Upper middle income,False,False
PRY,PY,PY,Paraguay,FALSE,Americas,Latin America and the Caribbean,South America,Americas,Latin-America-and-the-Caribbean,South-America,Developing,Fungi,0,2603,2965,0,5568,0.0,46.75,53.25,True,Upper middle income,True,Upper middle income,False,False
SXM,SX,SX,Sint Maarten (Dutch part),FALSE,Americas,Latin America and the Caribbean,Caribbean,Americas,Latin-America-and-the-Caribbean,Caribbean,Developing,Plantae,0,1022,4537,0,5559,0.0,18.38,81.62,,,,,,
SVN,SI,SI,Slovenia,TRUE,Europe,Southern Europe,,Europe,Southern-Europe,,Developed,Chromista,3043,1643,863,0,5549,54.84,29.61,15.55,True,High income,True,High income,False,False
BEN,BJ,BJ,Benin,FALSE,Africa,Sub-Saharan Africa,Western Africa,Africa,Sub-Saharan-Africa,Western-Africa,Developing,Protozoa,5513,0,10,0,5523,99.82,0.0,0.18,True,Lower middle income,True,Lower middle income,True,False
BMU,BM,BM,Bermuda,FALSE,Americas,Northern America,,Americas,Northern-America,,Developed,Fungi,0,3155,2345,0,5500,0.0,57.36,42.64,,,,,,
ATF,TF,TF,French Southern Territories,FALSE,Africa,Sub-Saharan Africa,Eastern Africa,Africa,Sub-Saharan-Africa,Eastern-Africa,Developing,Bacteria,0,0,5448,0,5448,0.0,0.0,100.0,,,,,,
VGB,VG,VG,"Virgin Islands, British",FALSE,Americas,Latin America and the Caribbean,Caribbean,Americas,Latin-America-and-the-Caribbean,Caribbean,Developing,Fungi,0,88,5341,0,5429,0.0,1.62,98.38,,,,,,
UZB,UZ,UZ,Uzbekistan,FALSE,Asia,Central Asia,,Asia,Central-Asia,,Developing,Fungi,3769,1,1640,0,5410,69.67,0.02,30.31,True,Lower middle income,True,Lower middle income,False,False
COD,CD,CD,"Congo, the Democratic Republic of the",FALSE,Africa,Sub-Saharan Africa,Middle Africa,Africa,Sub-Saharan-Africa,Middle-Africa,Developing,Chromista,0,2141,3229,0,5370,0.0,39.87,60.13,True,Low income,True,Low income,True,False
BGR,BG,BG,Bulgaria,TRUE,Europe,Eastern Europe,,Europe,Eastern-Europe,,Developed,Bacteria,0,5346,13,0,5359,0.0,99.76,0.24,True,High income,True,High income,False,False
MWI,MW,MW,Malawi,FALSE,Africa,Sub-Saharan Africa,Eastern Africa,Africa,Sub-Saharan-Africa,Eastern-Africa,Developing,Fungi,21,13,5280,0,5314,0.4,0.24,99.36,True,Low income,True,Low income,True,False
KEN,KE,KE,Kenya,FALSE,Africa,Sub-Saharan Africa,Eastern Africa,Africa,Sub-Saharan-Africa,Eastern-Africa,Developing,Viruses,0,0,5263,0,5263,0.0,0.0,100.0,True,Lower middle income,True,Lower middle income,False,False
GAB,GA,GA,Gabon,FALSE,Africa,Sub-Saharan Africa,Middle Africa,Africa,Sub-Saharan-Africa,Middle-Africa,Developing,Bacteria,0,0,5257,0,5257,0.0,0.0,100.0,True,Upper middle income,True,Upper middle income,False,False
IOT,IO,IO,British Indian Ocean Territory,FALSE,Africa,Sub-Saharan Africa,Eastern Africa,Africa,Sub-Saharan-Africa,Eastern-Africa,Developing,Chromista,0,0,5251,0,5251,0.0,0.0,100.0,,,,,,
HKG,HK,HK,Hong Kong,FALSE,Asia,Eastern Asia,,Asia,Eastern-Asia,,Developing,Viruses,0,0,5215,0,5215,0.0,0.0,100.0,,,,,,
SLB,SB,SB,Solomon Islands,FALSE,Oceania,Melanesia,,Oceania,Melanesia,,Developing,Fungi,1,1219,3993,0,5213,0.02,23.38,76.6,True,Lower middle income,True,Lower middle income,True,True
PYF,PF,PF,French Polynesia,FALSE,Oceania,Polynesia,,Oceania,Polynesia,,Developing,Protozoa,0,0,5184,0,5184,0.0,0.0,100.0,,,,,,
NIC,NI,NI,Nicaragua,FALSE,Americas,Latin America and the Caribbean,Central America,Americas,Latin-America-and-the-Caribbean,Central-America,Developing,incertae sedis,4102,562,514,0,5178,79.22,10.85,9.93,True,Lower middle income,True,Lower middle income,False,False
BLM,BL,BL,Saint Barthelemy,FALSE,Americas,Latin America and the Caribbean,Caribbean,Americas,Latin-America-and-the-Caribbean,Caribbean,Developing,Plantae,0,1711,3407,0,5118,0.0,33.43,66.57,,,,,,
IND,IN,IN,India,FALSE,Asia,Southern Asia,,Asia,Southern-Asia,,Developing,Protozoa,59,1,5035,0,5095,1.16,0.02,98.82,True,Lower middle income,True,Lower middle income,False,False
PCN,PN,PN,Pitcairn,FALSE,Oceania,Polynesia,,Oceania,Polynesia,,Developing,Chromista,0,3,5072,0,5075,0.0,0.06,99.94,,,,,,
JEY,JE,JE,Jersey,FALSE,Europe,Northern Europe,Channel Islands,Europe,Northern-Europe,Channel-Islands,Developed,Chromista,0,4710,347,0,5057,0.0,93.14,6.86,,,,,,
SYR,SY,SY,Syrian Arab Republic,FALSE,Asia,Western Asia,,Asia,Western-Asia,,Developing,Fungi,0,24,5018,0,5042,0.0,0.48,99.52,True,Low income,True,Low income,False,False
ROU,RO,RO,Romania,TRUE,Europe,Eastern Europe,,Europe,Eastern-Europe,,Developed,Chromista,0,3161,1875,0,5036,0.0,62.77,37.23,True,High income,True,High income,False,False
FLK,FK,FK,Falkland Islands (Malvinas),FALSE,Americas,Latin America and the Caribbean,South America,Americas,Latin-America-and-the-Caribbean,South-America,Developing,Chromista,0,215,4812,0,5027,0.0,4.28,95.72,,,,,,
KEN,KE,KE,Kenya,FALSE,Africa,Sub-Saharan Africa,Eastern Africa,Africa,Sub-Saharan-Africa,Eastern-Africa,Developing,Chromista,2355,95,2563,0,5013,46.98,1.9,51.13,True,Lower middle income,True,Lower middle income,False,False
BMU,BM,BM,Bermuda,FALSE,Americas,Northern America,,Americas,Northern-America,,Developed,incertae sedis,0,620,4359,0,4979,0.0,12.45,87.55,,,,,,
KEN,KE,KE,Kenya,FALSE,Africa,Sub-Saharan Africa,Eastern Africa,Africa,Sub-Saharan-Africa,Eastern-Africa,Developing,Protozoa,0,0,4969,0,4969,0.0,0.0,100.0,True,Lower middle income,True,Lower middle income,False,False
MYT,YT,YT,Mayotte,FALSE,Africa,Sub-Saharan Africa,Eastern Africa,Africa,Sub-Saharan-Africa,Eastern-Africa,Developing,Chromista,0,0,4933,0,4933,0.0,0.0,100.0,,,,,,
IND,IN,IN,India,FALSE,Asia,Southern Asia,,Asia,Southern-Asia,,Developing,Archaea,0,1,4889,0,4890,0.0,0.02,99.98,True,Lower middle income,True,Lower middle income,False,False
MUS,MU,MU,Mauritius,FALSE,Africa,Sub-Saharan Africa,Eastern Africa,Africa,Sub-Saharan-Africa,Eastern-Africa,Developing,Chromista,0,7,4881,0,4888,0.0,0.14,99.86,True,Upper middle income,True,Upper middle income,False,True
SGS,GS,GS,South Georgia and the South Sandwich Islands,FALSE,Americas,Latin America and the Caribbean,South America,Americas,Latin-America-and-the-Caribbean,South-America,Developing,incertae sedis,0,1563,3247,0,4810,0.0,32.49,67.51,,,,,,
SLV,SV,SV,El Salvador,FALSE,Americas,Latin America and the Caribbean,Central America,Americas,Latin-America-and-the-Caribbean,Central-America,Developing,Fungi,0,1921,2874,0,4795,0.0,40.06,59.94,True,Upper middle income,True,Upper middle income,False,False
ISR,IL,IL,Israel,FALSE,Asia,Western Asia,,Asia,Western-Asia,,Developing,incertae sedis,1276,0,3503,0,4779,26.7,0.0,73.3,True,High income,True,High income,False,False
BEN,BJ,BJ,Benin,FALSE,Africa,Sub-Saharan Africa,Western Africa,Africa,Sub-Saharan-Africa,Western-Africa,Developing,Viruses,4277,0,490,0,4767,89.72,0.0,10.28,True,Lower middle income,True,Lower middle income,True,False
KGZ,KG,KG,Kyrgyzstan,FALSE,Asia,Central Asia,,Asia,Central-Asia,,Developing,Chromista,0,2,4762,0,4764,0.0,0.04,99.96,True,Lower middle income,True,Lower middle income,False,False
REU,RE,RE,Reunion,FALSE,Africa,Sub-Saharan Africa,Eastern Africa,Africa,Sub-Saharan-Africa,Eastern-Africa,Developing,Bacteria,0,0,4760,0,4760,0.0,0.0,100.0,,,,,,
SGP,SG,SG,Singapore,FALSE,Asia,South-eastern Asia,,Asia,South-eastern-Asia,,Developing,Fungi,0,25,4728,0,4753,0.0,0.53,99.47,True,High income,True,High income,False,True
CHL,CL,CL,Chile,FALSE,Americas,Latin America and the Caribbean,South America,Americas,Latin-America-and-the-Caribbean,South-America,Developing,Viruses,0,2,4731,0,4733,0.0,0.04,99.96,True,High income,True,High income,False,False
FIN,FI,FI,Finland,TRUE,Europe,Northern Europe,,Europe,Northern-Europe,,Developed,Archaea,0,4722,0,0,4722,0.0,100.0,0.0,True,High income,True,High income,False,False
GAB,GA,GA,Gabon,FALSE,Africa,Sub-Saharan Africa,Middle Africa,Africa,Sub-Saharan-Africa,Middle-Africa,Developing,Chromista,0,24,4691,0,4715,0.0,0.51,99.49,True,Upper middle income,True,Upper middle income,False,False
CXR,CX,CX,Christmas Island,FALSE,Oceania,Australia and New Zealand,,Oceania,Australia-and-New-Zealand,,Developed,Plantae,0,2331,2349,0,4680,0.0,49.81,50.19,,,,,,
OMN,OM,OM,Oman,FALSE,Asia,Western Asia,,Asia,Western-Asia,,Developing,incertae sedis,0,0,4640,0,4640,0.0,0.0,100.0,True,High income,True,High income,False,False
ASM,AS,AS,American Samoa,FALSE,Oceania,Polynesia,,Oceania,Polynesia,,Developing,Fungi,0,178,4438,0,4616,0.0,3.86,96.14,,,,,,
SGS,GS,GS,South Georgia and the South Sandwich Islands,FALSE,Americas,Latin America and the Caribbean,South America,Americas,Latin-America-and-the-Caribbean,South-America,Developing,Fungi,0,85,4520,0,4605,0.0,1.85,98.15,,,,,,
CMR,CM,CM,Cameroon,FALSE,Africa,Sub-Saharan Africa,Middle Africa,Africa,Sub-Saharan-Africa,Middle-Africa,Developing,incertae sedis,2,2,4572,0,4576,0.04,0.04,99.91,True,Lower middle income,True,Lower middle income,False,False
THA,TH,TH,Thailand,FALSE,Asia,South-eastern Asia,,Asia,South-eastern-Asia,,Developing,Protozoa,0,1,4568,0,4569,0.0,0.02,99.98,True,Upper middle income,True,Upper middle income,False,False
LBN,LB,LB,Lebanon,FALSE,Asia,Western Asia,,Asia,Western-Asia,,Developing,incertae sedis,0,4,4542,0,4546,0.0,0.09,99.91,True,Lower middle income,True,Lower middle income,False,False
FJI,FJ,FJ,Fiji,FALSE,Oceania,Melanesia,,Oceania,Melanesia,,Developing,Chromista,443,81,4017,0,4541,9.76,1.78,88.46,True,Upper middle income,True,Upper middle income,False,True
NCL,NC,NC,New Caledonia,FALSE,Oceania,Melanesia,,Oceania,Melanesia,,Developing,Bacteria,0,89,4447,0,4536,0.0,1.96,98.04,,,,,,
NRU,NR,NR,Nauru,FALSE,Oceania,Micronesia,,Oceania,Micronesia,,Developing,Animalia,0,3781,747,0,4528,0.0,83.5,16.5,True,High income,True,High income,False,True
BLZ,BZ,BZ,Belize,FALSE,Americas,Latin America and the Caribbean,Central America,Americas,Latin-America-and-the-Caribbean,Central-America,Developing,Fungi,0,3129,1389,0,4518,0.0,69.26,30.74,True,Upper middle income,True,Upper middle income,False,True
URY,UY,UY,Uruguay,FALSE,Americas,Latin America and the Caribbean,South America,Americas,Latin-America-and-the-Caribbean,South-America,Developing,Bacteria,0,3160,1346,0,4506,0.0,70.13,29.87,True,High income,True,High income,False,False
GLP,GP,GP,Guadeloupe,FALSE,Americas,Latin America and the Caribbean,Caribbean,Americas,Latin-America-and-the-Caribbean,Caribbean,Developing,Bacteria,0,54,4449,0,4503,0.0,1.2,98.8,,,,,,
UGA,UG,UG,Uganda,FALSE,Africa,Sub-Saharan Africa,Eastern Africa,Africa,Sub-Saharan-Africa,Eastern-Africa,Developing,Bacteria,0,0,4463,0,4463,0.0,0.0,100.0,True,Low income,True,Low income,True,False
BRB,BB,BB,Barbados,FALSE,Americas,Latin America and the Caribbean,Caribbean,Americas,Latin-America-and-the-Caribbean,Caribbean,Developing,Chromista,0,1280,3166,0,4446,0.0,28.79,71.21,True,High income,True,High income,False,True
ITA,IT,IT,Italy,TRUE,Europe,Southern Europe,,Europe,Southern-Europe,,Developed,Archaea,0,4382,54,0,4436,0.0,98.78,1.22,True,High income,True,High income,False,False
KAZ,KZ,KZ,Kazakhstan,FALSE,Asia,Central Asia,,Asia,Central-Asia,,Developing,Fungi,1,42,4371,0,4414,0.02,0.95,99.03,True,Upper middle income,True,Upper middle income,False,False
KGZ,KG,KG,Kyrgyzstan,FALSE,Asia,Central Asia,,Asia,Central-Asia,,Developing,Bacteria,0,0,4413,0,4413,0.0,0.0,100.0,True,Lower middle income,True,Lower middle income,False,False
DJI,DJ,DJ,Djibouti,FALSE,Africa,Sub-Saharan Africa,Eastern Africa,Africa,Sub-Saharan-Africa,Eastern-Africa,Developing,Plantae,0,8,4380,0,4388,0.0,0.18,99.82,True,Lower middle income,True,Lower middle income,True,False
MTQ,MQ,MQ,Martinique,FALSE,Americas,Latin America and the Caribbean,Caribbean,Americas,Latin-America-and-the-Caribbean,Caribbean,Developing,Fungi,0,601,3782,0,4383,0.0,13.71,86.29,,,,,,
FJI,FJ,FJ,Fiji,FALSE,Oceania,Melanesia,,Oceania,Melanesia,,Developing,incertae sedis,1453,755,2145,0,4353,33.38,17.34,49.28,True,Upper middle income,True,Upper middle income,False,True
GRD,GD,GD,Grenada,FALSE,Americas,Latin America and the Caribbean,Caribbean,Americas,Latin-America-and-the-Caribbean,Caribbean,Developing,Chromista,0,122,4161,0,4283,0.0,2.85,97.15,True,Upper middle income,True,Upper middle income,False,True
CHE,CH,CH,Switzerland,FALSE,Europe,Western Europe,,Europe,Western-Europe,,Developed,Archaea,0,4270,0,0,4270,0.0,100.0,0.0,True,High income,True,High income,False,False
RWA,RW,RW,Rwanda,FALSE,Africa,Sub-Saharan Africa,Eastern Africa,Africa,Sub-Saharan-Africa,Eastern-Africa,Developing,Bacteria,0,0,4261,0,4261,0.0,0.0,100.0,True,Low income,True,Low income,True,False
ARG,AR,AR,Argentina,FALSE,Americas,Latin America and the Caribbean,South America,Americas,Latin-America-and-the-Caribbean,South-America,Developing,Viruses,0,15,4210,0,4225,0.0,0.36,99.64,True,Upper middle income,True,Upper middle income,False,False
MLT,MT,MT,Malta,TRUE,Europe,Southern Europe,,Europe,Southern-Europe,,Developed,Chromista,0,4155,60,0,4215,0.0,98.58,1.42,True,High income,True,High income,False,False
SDN,SD,SD,Sudan,FALSE,Africa,Northern Africa,,Africa,Northern-Africa,,Developing,Fungi,0,0,4178,0,4178,0.0,0.0,100.0,True,Low income,True,Low income,True,False
UMI,UM,UM,United States Minor Outlying Islands,FALSE,Oceania,Micronesia,,Oceania,Micronesia,,Developing,Plantae,0,10,4157,0,4167,0.0,0.24,99.76,,,,,,
IRQ,IQ,IQ,Iraq,FALSE,Asia,Western Asia,,Asia,Western-Asia,,Developing,Fungi,0,22,4139,0,4161,0.0,0.53,99.47,True,Upper middle income,True,Upper middle income,False,False
UMI,UM,UM,United States Minor Outlying Islands,FALSE,Oceania,Micronesia,,Oceania,Micronesia,,Developing,Chromista,0,3,4142,0,4145,0.0,0.07,99.93,,,,,,
NIU,NU,NU,Niue,FALSE,Oceania,Polynesia,,Oceania,Polynesia,,Developing,incertae sedis,0,11,4124,0,4135,0.0,0.27,99.73,True,High income,True,High income,False,True
TKL,TK,TK,Tokelau,FALSE,Oceania,Polynesia,,Oceania,Polynesia,,Developing,Protozoa,0,0,4120,0,4120,0.0,0.0,100.0,,,,,,
MHL,MH,MH,Marshall Islands,FALSE,Oceania,Micronesia,,Oceania,Micronesia,,Developing,incertae sedis,0,2,4109,0,4111,0.0,0.05,99.95,True,Upper middle income,True,Upper middle income,False,True
ESP,ES,ES,Spain,TRUE,Europe,Southern Europe,,Europe,Southern-Europe,,Developed,Archaea,883,3172,32,0,4087,21.61,77.61,0.78,True,High income,True,High income,False,False
PYF,PF,PF,French Polynesia,FALSE,Oceania,Polynesia,,Oceania,Polynesia,,Developing,incertae sedis,0,106,3979,0,4085,0.0,2.59,97.41,,,,,,
UGA,UG,UG,Uganda,FALSE,Africa,Sub-Saharan Africa,Eastern Africa,Africa,Sub-Saharan-Africa,Eastern-Africa,Developing,incertae sedis,16,3,4057,0,4076,0.39,0.07,99.53,True,Low income,True,Low income,True,False
FJI,FJ,FJ,Fiji,FALSE,Oceania,Melanesia,,Oceania,Melanesia,,Developing,Bacteria,267,46,3756,0,4069,6.56,1.13,92.31,True,Upper middle income,True,Upper middle income,False,True
GGY,GG,GG,Guernsey,FALSE,Europe,Northern Europe,Channel Islands,Europe,Northern-Europe,Channel-Islands,Developed,Chromista,0,4018,49,0,4067,0.0,98.8,1.2,,,,,,
CIV,CI,CI,Cote d'Ivoire,FALSE,Africa,Sub-Saharan Africa,Western Africa,Africa,Sub-Saharan-Africa,Western-Africa,Developing,Chromista,1559,12,2488,0,4059,38.41,0.3,61.3,True,Lower middle income,True,Lower middle income,False,False
NFK,NF,NF,Norfolk Island,FALSE,Oceania,Australia and New Zealand,,Oceania,Australia-and-New-Zealand,,Developed,Bacteria,0,22,3990,0,4012,0.0,0.55,99.45,,,,,,
VAT,VA,VA,Holy See (Vatican City State),FALSE,Europe,Southern Europe,,Europe,Southern-Europe,,Developed,Animalia,0,412,3556,0,3968,0.0,10.38,89.62,,,,,,
IDN,ID,ID,Indonesia,FALSE,Asia,South-eastern Asia,,Asia,South-eastern-Asia,,Developing,Viruses,0,0,3947,0,3947,0.0,0.0,100.0,True,Upper middle income,True,Upper middle income,False,False
BOL,BO,BO,"Bolivia, Plurinational State of",FALSE,Americas,Latin America and the Caribbean,South America,Americas,Latin-America-and-the-Caribbean,South-America,Developing,incertae sedis,0,1351,2584,0,3935,0.0,34.33,65.67,True,Lower middle income,True,Lower middle income,False,False
AND,AD,AD,Andorra,FALSE,Europe,Southern Europe,,Europe,Southern-Europe,,Developed,Fungi,3027,791,103,1,3922,77.18,20.17,2.63,True,High income,True,High income,False,False
TKL,TK,TK,Tokelau,FALSE,Oceania,Polynesia,,Oceania,Polynesia,,Developing,incertae sedis,0,1,3856,0,3857,0.0,0.03,99.97,,,,,,
MNG,MN,MN,Mongolia,FALSE,Asia,Eastern Asia,,Asia,Eastern-Asia,,Developing,Fungi,0,15,3839,0,3854,0.0,0.39,99.61,True,Upper middle income,True,Upper middle income,False,False
ZWE,ZW,ZW,Zimbabwe,FALSE,Africa,Sub-Saharan Africa,Eastern Africa,Africa,Sub-Saharan-Africa,Eastern-Africa,Developing,Bacteria,0,0,3853,0,3853,0.0,0.0,100.0,True,Lower middle income,True,Lower middle income,False,False
CUB,CU,CU,Cuba,FALSE,Americas,Latin America and the Caribbean,Caribbean,Americas,Latin-America-and-the-Caribbean,Caribbean,Developing,Protozoa,0,2308,1544,0,3852,0.0,59.92,40.08,True,Upper middle income,True,Upper middle income,False,True
ATA,AQ,AQ,Antarctica,FALSE,,,,,,,,Archaea,0,0,3847,0,3847,0.0,0.0,100.0,,,,,,
SGP,SG,SG,Singapore,FALSE,Asia,South-eastern Asia,,Asia,South-eastern-Asia,,Developing,incertae sedis,0,8,3823,0,3831,0.0,0.21,99.79,True,High income,True,High income,False,True
DNK,DK,DK,Denmark,TRUE,Europe,Northern Europe,,Europe,Northern-Europe,,Developed,Archaea,0,3818,0,0,3818,0.0,100.0,0.0,True,High income,True,High income,False,False
DNK,DK,DK,Denmark,TRUE,Europe,Northern Europe,,Europe,Northern-Europe,,Developed,Viruses,0,3775,9,0,3784,0.0,99.76,0.24,True,High income,True,High income,False,False
NAM,NA,,Namibia,FALSE,Africa,Sub-Saharan Africa,Southern Africa,Africa,Sub-Saharan-Africa,Southern-Africa,Developing,incertae sedis,0,156,3627,0,3783,0.0,4.12,95.88,True,Lower middle income,True,Lower middle income,False,False
ROU,RO,RO,Romania,TRUE,Europe,Eastern Europe,,Europe,Eastern-Europe,,Developed,Bacteria,0,3654,114,0,3768,0.0,96.97,3.03,True,High income,True,High income,False,False
ECU,EC,EC,Ecuador,FALSE,Americas,Latin America and the Caribbean,South America,Americas,Latin-America-and-the-Caribbean,South-America,Developing,Protozoa,12,414,3324,0,3750,0.32,11.04,88.64,True,Upper middle income,True,Upper middle income,False,False
EGY,EG,EG,Egypt,FALSE,Africa,Northern Africa,,Africa,Northern-Africa,,Developing,incertae sedis,0,0,3745,0,3745,0.0,0.0,100.0,True,Lower middle income,True,Lower middle income,False,False
SDN,SD,SD,Sudan,FALSE,Africa,Northern Africa,,Africa,Northern-Africa,,Developing,Chromista,0,0,3738,0,3738,0.0,0.0,100.0,True,Low income,True,Low income,True,False
VNM,VN,VN,Viet Nam,FALSE,Asia,South-eastern Asia,,Asia,South-eastern-Asia,,Developing,incertae sedis,0,9,3668,0,3677,0.0,0.24,99.76,True,Lower middle income,True,Lower middle income,False,False
ATF,TF,TF,French Southern Territories,FALSE,Africa,Sub-Saharan Africa,Eastern Africa,Africa,Sub-Saharan-Africa,Eastern-Africa,Developing,incertae sedis,0,0,3641,0,3641,0.0,0.0,100.0,,,,,,
SSD,SS,SS,South Sudan,FALSE,Africa,Sub-Saharan Africa,Eastern Africa,Africa,Sub-Saharan-Africa,Eastern-Africa,Developing,Plantae,0,3,3592,0,3595,0.0,0.08,99.92,True,Low income,True,Low income,True,False
SGP,SG,SG,Singapore,FALSE,Asia,South-eastern Asia,,Asia,South-eastern-Asia,,Developing,Bacteria,0,2,3574,0,3576,0.0,0.06,99.94,True,High income,True,High income,False,True
BEL,BE,BE,Belgium,TRUE,Europe,Western Europe,,Europe,Western-Europe,,Developed,Viruses,0,3553,8,0,3561,0.0,99.78,0.22,True,High income,True,High income,False,False
GLP,GP,GP,Guadeloupe,FALSE,Americas,Latin America and the Caribbean,Caribbean,Americas,Latin-America-and-the-Caribbean,Caribbean,Developing,incertae sedis,0,110,3448,0,3558,0.0,3.09,96.91,,,,,,
DZA,DZ,DZ,Algeria,FALSE,Africa,Northern Africa,,Africa,Northern-Africa,,Developing,incertae sedis,0,1,3549,0,3550,0.0,0.03,99.97,True,Upper middle income,True,Upper middle income,False,False
GEO,GE,GE,Georgia,FALSE,Asia,Western Asia,,Asia,Western-Asia,,Developing,Bacteria,0,0,3546,0,3546,0.0,0.0,100.0,True,Upper middle income,True,Upper middle income,False,False
CPV,CV,CV,Cabo Verde,FALSE,Africa,Sub-Saharan Africa,Western Africa,Africa,Sub-Saharan-Africa,Western-Africa,Developing,Fungi,0,8,3515,0,3523,0.0,0.23,99.77,True,Upper middle income,True,Upper middle income,False,True
PER,PE,PE,Peru,FALSE,Americas,Latin America and the Caribbean,South America,Americas,Latin-America-and-the-Caribbean,South-America,Developing,Protozoa,0,433,3086,0,3519,0.0,12.3,87.7,True,Upper middle income,True,Upper middle income,False,False
,,,,,,,,,,,,Plantae,0,0,3510,0,3510,0.0,0.0,100.0,,,,,,
TWN,TW,TW,"Taiwan, Province of China",FALSE,,,,,,,,Protozoa,893,0,2617,0,3510,25.44,0.0,74.56,,,,,,
NIC,NI,NI,Nicaragua,FALSE,Americas,Latin America and the Caribbean,Central America,Americas,Latin-America-and-the-Caribbean,Central-America,Developing,Fungi,0,2710,783,0,3493,0.0,77.58,22.42,True,Lower middle income,True,Lower middle income,False,False
ARM,AM,AM,Armenia,FALSE,Asia,Western Asia,,Asia,Western-Asia,,Developing,Fungi,128,1,3284,0,3413,3.75,0.03,96.22,True,Upper middle income,True,Upper middle income,False,False
PCN,PN,PN,Pitcairn,FALSE,Oceania,Polynesia,,Oceania,Polynesia,,Developing,Plantae,0,375,3014,0,3389,0.0,11.07,88.93,,,,,,
,,,,,,,,,,,,Animalia,0,0,3350,0,3350,0.0,0.0,100.0,,,,,,
GUF,GF,GF,French Guiana,FALSE,Americas,Latin America and the Caribbean,South America,Americas,Latin-America-and-the-Caribbean,South-America,Developing,Chromista,0,46,3291,0,3337,0.0,1.38,98.62,,,,,,
NFK,NF,NF,Norfolk Island,FALSE,Oceania,Australia and New Zealand,,Oceania,Australia-and-New-Zealand,,Developed,Fungi,0,2510,815,0,3325,0.0,75.49,24.51,,,,,,
HTI,HT,HT,Haiti,FALSE,Americas,Latin America and the Caribbean,Caribbean,Americas,Latin-America-and-the-Caribbean,Caribbean,Developing,Fungi,0,2963,356,0,3319,0.0,89.27,10.73,True,Lower middle income,True,Lower middle income,True,True
PCN,PN,PN,Pitcairn,FALSE,Oceania,Polynesia,,Oceania,Polynesia,,Developing,Bacteria,0,0,3316,0,3316,0.0,0.0,100.0,,,,,,
MNE,ME,ME,Montenegro,FALSE,Europe,Southern Europe,,Europe,Southern-Europe,,Developed,Bacteria,0,3268,42,0,3310,0.0,98.73,1.27,True,Upper middle income,True,Upper middle income,False,False
ARE,AE,AE,United Arab Emirates,FALSE,Asia,Western Asia,,Asia,Western-Asia,,Developing,Fungi,0,0,3286,0,3286,0.0,0.0,100.0,True,High income,True,High income,False,False
FRA,FR,FR,France,TRUE,Europe,Western Europe,,Europe,Western-Europe,,Developed,Archaea,1,3271,2,0,3274,0.03,99.91,0.06,True,High income,True,High income,False,False
ISR,IL,IL,Israel,FALSE,Asia,Western Asia,,Asia,Western-Asia,,Developing,Viruses,0,0,3250,0,3250,0.0,0.0,100.0,True,High income,True,High income,False,False
CUB,CU,CU,Cuba,FALSE,Americas,Latin America and the Caribbean,Caribbean,Americas,Latin-America-and-the-Caribbean,Caribbean,Developing,Bacteria,0,288,2929,0,3217,0.0,8.95,91.05,True,Upper middle income,True,Upper middle income,False,True
IOT,IO,IO,British Indian Ocean Territory,FALSE,Africa,Sub-Saharan Africa,Eastern Africa,Africa,Sub-Saharan-Africa,Eastern-Africa,Developing,Plantae,0,8,3200,0,3208,0.0,0.25,99.75,,,,,,
COL,CO,CO,Colombia,FALSE,Americas,Latin America and the Caribbean,South America,Americas,Latin-America-and-the-Caribbean,South-America,Developing,Archaea,3083,4,120,0,3207,96.13,0.12,3.74,True,Upper middle income,True,Upper middle income,False,False
BHS,BS,BS,Bahamas,FALSE,Americas,Latin America and the Caribbean,Caribbean,Americas,Latin-America-and-the-Caribbean,Caribbean,Developing,incertae sedis,0,1296,1898,0,3194,0.0,40.58,59.42,True,High income,True,High income,False,True
BGD,BD,BD,Bangladesh,FALSE,Asia,Southern Asia,,Asia,Southern-Asia,,Developing,Bacteria,0,3,3182,0,3185,0.0,0.09,99.91,True,Lower middle income,True,Lower middle income,True,False
SDN,SD,SD,Sudan,FALSE,Africa,Northern Africa,,Africa,Northern-Africa,,Developing,Bacteria,0,0,3182,0,3182,0.0,0.0,100.0,True,Low income,True,Low income,True,False
HUN,HU,HU,Hungary,TRUE,Europe,Eastern Europe,,Europe,Eastern-Europe,,Developed,incertae sedis,0,2232,944,0,3176,0.0,70.28,29.72,True,High income,True,High income,False,False
JAM,JM,JM,Jamaica,FALSE,Americas,Latin America and the Caribbean,Caribbean,Americas,Latin-America-and-the-Caribbean,Caribbean,Developing,incertae sedis,7,693,2472,0,3172,0.22,21.85,77.93,True,Upper middle income,True,Upper middle income,False,True
NIU,NU,NU,Niue,FALSE,Oceania,Polynesia,,Oceania,Polynesia,,Developing,Protozoa,0,1,3166,0,3167,0.0,0.03,99.97,True,High income,True,High income,False,True
ATF,TF,TF,French Southern Territories,FALSE,Africa,Sub-Saharan Africa,Eastern Africa,Africa,Sub-Saharan-Africa,Eastern-Africa,Developing,Fungi,0,0,3161,0,3161,0.0,0.0,100.0,,,,,,
COK,CK,CK,Cook Islands,FALSE,Oceania,Polynesia,,Oceania,Polynesia,,Developing,Chromista,0,46,3114,0,3160,0.0,1.46,98.54,True,High income,True,High income,False,True
SVN,SI,SI,Slovenia,TRUE,Europe,Southern Europe,,Europe,Southern-Europe,,Developed,incertae sedis,109,2536,495,0,3140,3.47,80.76,15.76,True,High income,True,High income,False,False
QAT,QA,QA,Qatar,FALSE,Asia,Western Asia,,Asia,Western-Asia,,Developing,incertae sedis,0,0,3137,0,3137,0.0,0.0,100.0,True,High income,True,High income,False,False
TKL,TK,TK,Tokelau,FALSE,Oceania,Polynesia,,Oceania,Polynesia,,Developing,Animalia,0,538,2597,0,3135,0.0,17.16,82.84,,,,,,
LTU,LT,LT,Lithuania,TRUE,Europe,Northern Europe,,Europe,Northern-Europe,,Developed,incertae sedis,0,2959,172,0,3131,0.0,94.51,5.49,True,High income,True,High income,False,False
MMR,MM,MM,Myanmar,FALSE,Asia,South-eastern Asia,,Asia,South-eastern-Asia,,Developing,Bacteria,0,0,3118,0,3118,0.0,0.0,100.0,True,Lower middle income,True,Lower middle income,True,False
TON,TO,TO,Tonga,FALSE,Oceania,Polynesia,,Oceania,Polynesia,,Developing,Chromista,0,28,3047,0,3075,0.0,0.91,99.09,True,Upper middle income,True,Upper middle income,False,True
GTM,GT,GT,Guatemala,FALSE,Americas,Latin America and the Caribbean,Central America,Americas,Latin-America-and-the-Caribbean,Central-America,Developing,incertae sedis,521,855,1668,0,3044,17.12,28.09,54.8,True,Upper middle income,True,Upper middle income,False,False
CMR,CM,CM,Cameroon,FALSE,Africa,Sub-Saharan Africa,Middle Africa,Africa,Sub-Saharan-Africa,Middle-Africa,Developing,Viruses,0,0,3043,0,3043,0.0,0.0,100.0,True,Lower middle income,True,Lower middle income,False,False
UGA,UG,UG,Uganda,FALSE,Africa,Sub-Saharan Africa,Eastern Africa,Africa,Sub-Saharan-Africa,Eastern-Africa,Developing,Viruses,0,0,3040,0,3040,0.0,0.0,100.0,True,Low income,True,Low income,True,False
LKA,LK,LK,Sri Lanka,FALSE,Asia,Southern Asia,,Asia,Southern-Asia,,Developing,Chromista,0,15,2906,0,2921,0.0,0.51,99.49,True,Lower middle income,True,Lower middle income,False,False
COL,CO,CO,Colombia,FALSE,Americas,Latin America and the Caribbean,South America,Americas,Latin-America-and-the-Caribbean,South-America,Developing,Viruses,713,1,2204,0,2918,24.43,0.03,75.53,True,Upper middle income,True,Upper middle income,False,False
SYC,SC,SC,Seychelles,FALSE,Africa,Sub-Saharan Africa,Eastern Africa,Africa,Sub-Saharan-Africa,Eastern-Africa,Developing,Fungi,2,0,2887,0,2889,0.07,0.0,99.93,True,High income,True,High income,False,True
GUY,GY,GY,Guyana,FALSE,Americas,Latin America and the Caribbean,South America,Americas,Latin-America-and-the-Caribbean,South-America,Developing,incertae sedis,0,372,2511,0,2883,0.0,12.9,87.1,True,High income,True,High income,False,True
TTO,TT,TT,Trinidad and Tobago,FALSE,Americas,Latin America and the Caribbean,Caribbean,Americas,Latin-America-and-the-Caribbean,Caribbean,Developing,Chromista,44,1049,1723,0,2816,1.56,37.25,61.19,True,High income,True,High income,False,True
HUN,HU,HU,Hungary,TRUE,Europe,Eastern Europe,,Europe,Eastern-Europe,,Developed,Viruses,0,2789,9,0,2798,0.0,99.68,0.32,True,High income,True,High income,False,False
IRL,IE,IE,Ireland,TRUE,Europe,Northern Europe,,Europe,Northern-Europe,,Developed,Protozoa,2036,620,139,0,2795,72.84,22.18,4.97,True,High income,True,High income,False,False
FRO,FO,FO,Faroe Islands,FALSE,Europe,Northern Europe,,Europe,Northern-Europe,,Developed,Fungi,0,2471,313,0,2784,0.0,88.76,11.24,,,,,,
SYC,SC,SC,Seychelles,FALSE,Africa,Sub-Saharan Africa,Eastern Africa,Africa,Sub-Saharan-Africa,Eastern-Africa,Developing,incertae sedis,891,1,1879,0,2771,32.15,0.04,67.81,True,High income,True,High income,False,True
REU,RE,RE,Reunion,FALSE,Africa,Sub-Saharan Africa,Eastern Africa,Africa,Sub-Saharan-Africa,Eastern-Africa,Developing,incertae sedis,0,7,2760,0,2767,0.0,0.25,99.75,,,,,,
UGA,UG,UG,Uganda,FALSE,Africa,Sub-Saharan Africa,Eastern Africa,Africa,Sub-Saharan-Africa,Eastern-Africa,Developing,Chromista,0,314,2452,0,2766,0.0,11.35,88.65,True,Low income,True,Low income,True,False
MNG,MN,MN,Mongolia,FALSE,Asia,Eastern Asia,,Asia,Eastern-Asia,,Developing,Viruses,0,0,2756,0,2756,0.0,0.0,100.0,True,Upper middle income,True,Upper middle income,False,False
NIC,NI,NI,Nicaragua,FALSE,Americas,Latin America and the Caribbean,Central America,Americas,Latin-America-and-the-Caribbean,Central-America,Developing,Chromista,0,85,2657,0,2742,0.0,3.1,96.9,True,Lower middle income,True,Lower middle income,False,False
COK,CK,CK,Cook Islands,FALSE,Oceania,Polynesia,,Oceania,Polynesia,,Developing,Fungi,0,2302,409,0,2711,0.0,84.91,15.09,True,High income,True,High income,False,True
NIU,NU,NU,Niue,FALSE,Oceania,Polynesia,,Oceania,Polynesia,,Developing,Fungi,0,466,2238,0,2704,0.0,17.23,82.77,True,High income,True,High income,False,True
KGZ,KG,KG,Kyrgyzstan,FALSE,Asia,Central Asia,,Asia,Central-Asia,,Developing,incertae sedis,0,0,2672,0,2672,0.0,0.0,100.0,True,Lower middle income,True,Lower middle income,False,False
SLE,SL,SL,Sierra Leone,FALSE,Africa,Sub-Saharan Africa,Western Africa,Africa,Sub-Saharan-Africa,Western-Africa,Developing,Bacteria,0,3,2645,0,2648,0.0,0.11,99.89,True,Low income,True,Low income,False,False
GUM,GU,GU,Guam,FALSE,Oceania,Micronesia,,Oceania,Micronesia,,Developing,incertae sedis,0,0,2645,0,2645,0.0,0.0,100.0,,,,,,
MMR,MM,MM,Myanmar,FALSE,Asia,South-eastern Asia,,Asia,South-eastern-Asia,,Developing,Fungi,0,27,2583,0,2610,0.0,1.03,98.97,True,Lower middle income,True,Lower middle income,True,False
DMA,DM,DM,Dominica,FALSE,Americas,Latin America and the Caribbean,Caribbean,Americas,Latin-America-and-the-Caribbean,Caribbean,Developing,Bacteria,0,39,2521,0,2560,0.0,1.52,98.48,True,Upper middle income,True,Upper middle income,False,True
LAO,LA,LA,Lao People's Democratic Republic,FALSE,Asia,South-eastern Asia,,Asia,South-eastern-Asia,,Developing,Fungi,0,1,2559,0,2560,0.0,0.04,99.96,True,Lower middle income,True,Lower middle income,True,False
PER,PE,PE,Peru,FALSE,Americas,Latin America and the Caribbean,South America,Americas,Latin-America-and-the-Caribbean,South-America,Developing,Viruses,0,4,2555,0,2559,0.0,0.16,99.84,True,Upper middle income,True,Upper middle income,False,False
ETH,ET,ET,Ethiopia,FALSE,Africa,Sub-Saharan Africa,Eastern Africa,Africa,Sub-Saharan-Africa,Eastern-Africa,Developing,incertae sedis,1,1,2536,0,2538,0.04,0.04,99.92,True,Low income,True,Low income,True,False
PRY,PY,PY,Paraguay,FALSE,Americas,Latin America and the Caribbean,South America,Americas,Latin-America-and-the-Caribbean,South-America,Developing,incertae sedis,0,1716,819,0,2535,0.0,67.69,32.31,True,Upper middle income,True,Upper middle income,False,False
AZE,AZ,AZ,Azerbaijan,FALSE,Asia,Western Asia,,Asia,Western-Asia,,Developing,Fungi,0,5,2529,0,2534,0.0,0.2,99.8,True,Upper middle income,True,Upper middle income,False,False
ECU,EC,EC,Ecuador,FALSE,Americas,Latin America and the Caribbean,South America,Americas,Latin-America-and-the-Caribbean,South-America,Developing,Bacteria,197,321,2014,0,2532,7.78,12.68,79.54,True,Upper middle income,True,Upper middle income,False,False
TZA,TZ,TZ,"Tanzania, United Republic of",FALSE,Africa,Sub-Saharan Africa,Eastern Africa,Africa,Sub-Saharan-Africa,Eastern-Africa,Developing,Viruses,0,0,2508,0,2508,0.0,0.0,100.0,True,Lower middle income,True,Lower middle income,True,False
SUR,SR,SR,Suriname,FALSE,Americas,Latin America and the Caribbean,South America,Americas,Latin-America-and-the-Caribbean,South-America,Developing,Fungi,0,1445,1062,0,2507,0.0,57.64,42.36,True,Upper middle income,True,Upper middle income,False,True
TKL,TK,TK,Tokelau,FALSE,Oceania,Polynesia,,Oceania,Polynesia,,Developing,Fungi,0,32,2475,0,2507,0.0,1.28,98.72,,,,,,
SUR,SR,SR,Suriname,FALSE,Americas,Latin America and the Caribbean,South America,Americas,Latin-America-and-the-Caribbean,South-America,Developing,Chromista,0,2,2477,0,2479,0.0,0.08,99.92,True,Upper middle income,True,Upper middle income,False,True
TLS,TL,TL,Timor-Leste,FALSE,Asia,South-eastern Asia,,Asia,South-eastern-Asia,,Developing,Chromista,0,0,2471,0,2471,0.0,0.0,100.0,True,Lower middle income,True,Lower middle income,True,True
PHL,PH,PH,Philippines,FALSE,Asia,South-eastern Asia,,Asia,South-eastern-Asia,,Developing,Viruses,68,0,2400,0,2468,2.76,0.0,97.24,True,Lower middle income,True,Lower middle income,False,False
BMU,BM,BM,Bermuda,FALSE,Americas,Northern America,,Americas,Northern-America,,Developed,Protozoa,0,123,2345,0,2468,0.0,4.98,95.02,,,,,,
TKL,TK,TK,Tokelau,FALSE,Oceania,Polynesia,,Oceania,Polynesia,,Developing,Plantae,0,158,2295,0,2453,0.0,6.44,93.56,,,,,,
VUT,VU,VU,Vanuatu,FALSE,Oceania,Melanesia,,Oceania,Melanesia,,Developing,Fungi,0,1527,911,0,2438,0.0,62.63,37.37,True,Lower middle income,True,Lower middle income,False,True
GUF,GF,GF,French Guiana,FALSE,Americas,Latin America and the Caribbean,South America,Americas,Latin-America-and-the-Caribbean,South-America,Developing,incertae sedis,27,399,2010,0,2436,1.11,16.38,82.51,,,,,,
MKD,MK,MK,"Macedonia, the former Yugoslav Republic of",FALSE,Europe,Southern Europe,,Europe,Southern-Europe,,Developed,Fungi,0,1985,429,0,2414,0.0,82.23,17.77,True,Upper middle income,True,Upper middle income,False,False
ARE,AE,AE,United Arab Emirates,FALSE,Asia,Western Asia,,Asia,Western-Asia,,Developing,Chromista,0,0,2401,0,2401,0.0,0.0,100.0,True,High income,True,High income,False,False
HUN,HU,HU,Hungary,TRUE,Europe,Eastern Europe,,Europe,Eastern-Europe,,Developed,Chromista,0,1418,965,0,2383,0.0,59.5,40.5,True,High income,True,High income,False,False
ZAF,ZA,ZA,South Africa,FALSE,Africa,Sub-Saharan Africa,Southern Africa,Africa,Sub-Saharan-Africa,Southern-Africa,Developing,Protozoa,44,0,2334,0,2378,1.85,0.0,98.15,True,Upper middle income,True,Upper middle income,False,False
HKG,HK,HK,Hong Kong,FALSE,Asia,Eastern Asia,,Asia,Eastern-Asia,,Developing,Fungi,261,2,2065,0,2328,11.21,0.09,88.7,,,,,,
TUN,TN,TN,Tunisia,FALSE,Africa,Northern Africa,,Africa,Northern-Africa,,Developing,Fungi,0,3,2319,0,2322,0.0,0.13,99.87,True,Lower middle income,True,Lower middle income,False,False
JAM,JM,JM,Jamaica,FALSE,Americas,Latin America and the Caribbean,Caribbean,Americas,Latin-America-and-the-Caribbean,Caribbean,Developing,Protozoa,0,726,1570,0,2296,0.0,31.62,68.38,True,Upper middle income,True,Upper middle income,False,True
LIE,LI,LI,Liechtenstein,FALSE,Europe,Western Europe,,Europe,Western-Europe,,Developed,Fungi,0,2228,59,0,2287,0.0,97.42,2.58,True,High income,True,High income,False,False
SLB,SB,SB,Solomon Islands,FALSE,Oceania,Melanesia,,Oceania,Melanesia,,Developing,incertae sedis,118,113,2040,0,2271,5.2,4.98,89.83,True,Lower middle income,True,Lower middle income,True,True
TUN,TN,TN,Tunisia,FALSE,Africa,Northern Africa,,Africa,Northern-Africa,,Developing,Viruses,0,0,2247,0,2247,0.0,0.0,100.0,True,Lower middle income,True,Lower middle income,False,False
COG,CG,CG,Congo,FALSE,Africa,Sub-Saharan Africa,Middle Africa,Africa,Sub-Saharan-Africa,Middle-Africa,Developing,incertae sedis,0,2,2238,0,2240,0.0,0.09,99.91,True,Lower middle income,True,Lower middle income,False,False
SMR,SM,SM,San Marino,FALSE,Europe,Southern Europe,,Europe,Southern-Europe,,Developed,Animalia,0,960,1275,0,2235,0.0,42.95,57.05,True,High income,True,High income,False,False
ZMB,ZM,ZM,Zambia,FALSE,Africa,Sub-Saharan Africa,Eastern Africa,Africa,Sub-Saharan-Africa,Eastern-Africa,Developing,Viruses,0,0,2224,0,2224,0.0,0.0,100.0,True,Lower middle income,True,Lower middle income,True,False
HKG,HK,HK,Hong Kong,FALSE,Asia,Eastern Asia,,Asia,Eastern-Asia,,Developing,Chromista,0,0,2218,0,2218,0.0,0.0,100.0,,,,,,
VEN,VE,VE,"Venezuela, Bolivarian Republic of",FALSE,Americas,Latin America and the Caribbean,South America,Americas,Latin-America-and-the-Caribbean,South-America,Developing,Protozoa,212,865,1126,0,2203,9.62,39.26,51.11,True,Lower middle income,True,Lower middle income,False,False
,,,,,,,,,,,,Protozoa,0,0,2197,0,2197,0.0,0.0,100.0,,,,,,
TUN,TN,TN,Tunisia,FALSE,Africa,Northern Africa,,Africa,Northern-Africa,,Developing,incertae sedis,0,0,2194,0,2194,0.0,0.0,100.0,True,Lower middle income,True,Lower middle income,False,False
MUS,MU,MU,Mauritius,FALSE,Africa,Sub-Saharan Africa,Eastern Africa,Africa,Sub-Saharan-Africa,Eastern-Africa,Developing,Bacteria,0,0,2177,0,2177,0.0,0.0,100.0,True,Upper middle income,True,Upper middle income,False,True
RWA,RW,RW,Rwanda,FALSE,Africa,Sub-Saharan Africa,Eastern Africa,Africa,Sub-Saharan-Africa,Eastern-Africa,Developing,incertae sedis,0,0,2155,0,2155,0.0,0.0,100.0,True,Low income,True,Low income,True,False
KOR,KR,KR,"Korea, Republic of",FALSE,Asia,Eastern Asia,,Asia,Eastern-Asia,,Developed,Protozoa,1015,5,1104,0,2124,47.79,0.24,51.98,True,High income,True,High income,False,False
BRN,BN,BN,Brunei Darussalam,FALSE,Asia,South-eastern Asia,,Asia,South-eastern-Asia,,Developing,Fungi,0,9,2109,0,2118,0.0,0.42,99.58,True,High income,True,High income,False,False
BHR,BH,BH,Bahrain,FALSE,Asia,Western Asia,,Asia,Western-Asia,,Developing,Plantae,0,7,2108,0,2115,0.0,0.33,99.67,True,High income,True,High income,False,False
SOM,SO,SO,Somalia,FALSE,Africa,Sub-Saharan Africa,Eastern Africa,Africa,Sub-Saharan-Africa,Eastern-Africa,Developing,Chromista,0,0,2104,0,2104,0.0,0.0,100.0,True,Low income,True,Low income,True,False
EST,EE,EE,Estonia,TRUE,Europe,Northern Europe,,Europe,Northern-Europe,,Developed,Protozoa,1833,86,172,0,2091,87.66,4.11,8.23,True,High income,True,High income,False,False
GTM,GT,GT,Guatemala,FALSE,Americas,Latin America and the Caribbean,Central America,Americas,Latin-America-and-the-Caribbean,Central-America,Developing,Viruses,0,0,2065,0,2065,0.0,0.0,100.0,True,Upper middle income,True,Upper middle income,False,False
IRQ,IQ,IQ,Iraq,FALSE,Asia,Western Asia,,Asia,Western-Asia,,Developing,Bacteria,0,1,2058,0,2059,0.0,0.05,99.95,True,Upper middle income,True,Upper middle income,False,False
BRB,BB,BB,Barbados,FALSE,Americas,Latin America and the Caribbean,Caribbean,Americas,Latin-America-and-the-Caribbean,Caribbean,Developing,Fungi,0,286,1769,0,2055,0.0,13.92,86.08,True,High income,True,High income,False,True
SVN,SI,SI,Slovenia,TRUE,Europe,Southern Europe,,Europe,Southern-Europe,,Developed,Bacteria,14,1857,179,0,2050,0.68,90.59,8.73,True,High income,True,High income,False,False
NGA,NG,NG,Nigeria,FALSE,Africa,Sub-Saharan Africa,Western Africa,Africa,Sub-Saharan-Africa,Western-Africa,Developing,incertae sedis,0,0,2048,0,2048,0.0,0.0,100.0,True,Lower middle income,True,Lower middle income,False,False
CMR,CM,CM,Cameroon,FALSE,Africa,Sub-Saharan Africa,Middle Africa,Africa,Sub-Saharan-Africa,Middle-Africa,Developing,Bacteria,0,3,2044,0,2047,0.0,0.15,99.85,True,Lower middle income,True,Lower middle income,False,False
NZL,NZ,NZ,New Zealand,FALSE,Oceania,Australia and New Zealand,,Oceania,Australia-and-New-Zealand,,Developed,Viruses,0,0,2037,0,2037,0.0,0.0,100.0,True,High income,True,High income,False,False
BHS,BS,BS,Bahamas,FALSE,Americas,Latin America and the Caribbean,Caribbean,Americas,Latin-America-and-the-Caribbean,Caribbean,Developing,Fungi,0,1801,232,0,2033,0.0,88.59,11.41,True,High income,True,High income,False,True
TJK,TJ,TJ,Tajikistan,FALSE,Asia,Central Asia,,Asia,Central-Asia,,Developing,Fungi,0,0,2018,0,2018,0.0,0.0,100.0,True,Lower middle income,True,Lower middle income,True,False
BGD,BD,BD,Bangladesh,FALSE,Asia,Southern Asia,,Asia,Southern-Asia,,Developing,Fungi,0,0,1991,0,1991,0.0,0.0,100.0,True,Lower middle income,True,Lower middle income,True,False
BRN,BN,BN,Brunei Darussalam,FALSE,Asia,South-eastern Asia,,Asia,South-eastern-Asia,,Developing,Chromista,0,0,1987,0,1987,0.0,0.0,100.0,True,High income,True,High income,False,False
PAK,PK,PK,Pakistan,FALSE,Asia,Southern Asia,,Asia,Southern-Asia,,Developing,incertae sedis,160,5,1822,0,1987,8.05,0.25,91.7,True,Lower middle income,True,Lower middle income,False,False
KHM,KH,KH,Cambodia,FALSE,Asia,South-eastern Asia,,Asia,South-eastern-Asia,,Developing,Viruses,0,0,1975,0,1975,0.0,0.0,100.0,True,Lower middle income,True,Lower middle income,True,False
MUS,MU,MU,Mauritius,FALSE,Africa,Sub-Saharan Africa,Eastern Africa,Africa,Sub-Saharan-Africa,Eastern-Africa,Developing,incertae sedis,0,11,1950,0,1961,0.0,0.56,99.44,True,Upper middle income,True,Upper middle income,False,True
ROU,RO,RO,Romania,TRUE,Europe,Eastern Europe,,Europe,Eastern-Europe,,Developed,incertae sedis,0,1589,357,0,1946,0.0,81.65,18.35,True,High income,True,High income,False,False
NFK,NF,NF,Norfolk Island,FALSE,Oceania,Australia and New Zealand,,Oceania,Australia-and-New-Zealand,,Developed,Chromista,0,289,1651,0,1940,0.0,14.9,85.1,,,,,,
BTN,BT,BT,Bhutan,FALSE,Asia,Southern Asia,,Asia,Southern-Asia,,Developing,Bacteria,0,0,1904,0,1904,0.0,0.0,100.0,True,Lower middle income,True,Lower middle income,False,False
NOR,NO,NO,Norway,FALSE,Europe,Northern Europe,,Europe,Northern-Europe,,Developed,Viruses,0,1895,7,0,1902,0.0,99.63,0.37,True,High income,True,High income,False,False
JEY,JE,JE,Jersey,FALSE,Europe,Northern Europe,Channel Islands,Europe,Northern-Europe,Channel-Islands,Developed,Fungi,0,1601,297,0,1898,0.0,84.35,15.65,,,,,,
WSM,WS,WS,Samoa,FALSE,Oceania,Polynesia,,Oceania,Polynesia,,Developing,Fungi,0,839,1052,0,1891,0.0,44.37,55.63,True,Upper middle income,True,Upper middle income,False,True
GRC,GR,GR,Greece,TRUE,Europe,Southern Europe,,Europe,Southern-Europe,,Developed,Viruses,0,1874,6,0,1880,0.0,99.68,0.32,True,High income,True,High income,False,False
CZE,CZ,CZ,Czech Republic,TRUE,Europe,Eastern Europe,,Europe,Eastern-Europe,,Developed,Viruses,0,1864,2,0,1866,0.0,99.89,0.11,True,High income,True,High income,False,False
MYS,MY,MY,Malaysia,FALSE,Asia,South-eastern Asia,,Asia,South-eastern-Asia,,Developing,Viruses,0,0,1863,0,1863,0.0,0.0,100.0,True,Upper middle income,True,Upper middle income,False,False
BRA,BR,BR,Brazil,FALSE,Americas,Latin America and the Caribbean,South America,Americas,Latin-America-and-the-Caribbean,South-America,Developing,Archaea,15,103,1736,0,1854,0.81,5.56,93.64,True,Upper middle income,True,Upper middle income,False,False
JEY,JE,JE,Jersey,FALSE,Europe,Northern Europe,Channel Islands,Europe,Northern-Europe,Channel-Islands,Developed,incertae sedis,0,1846,4,0,1850,0.0,99.78,0.22,,,,,,
HKG,HK,HK,Hong Kong,FALSE,Asia,Eastern Asia,,Asia,Eastern-Asia,,Developing,incertae sedis,67,0,1780,0,1847,3.63,0.0,96.37,,,,,,
MDV,MV,MV,Maldives,FALSE,Asia,Southern Asia,,Asia,Southern-Asia,,Developing,Protozoa,0,1,1824,0,1825,0.0,0.05,99.95,True,Upper middle income,True,Upper middle income,False,True
PER,PE,PE,Peru,FALSE,Americas,Latin America and the Caribbean,South America,Americas,Latin-America-and-the-Caribbean,South-America,Developing,Archaea,0,737,1084,0,1821,0.0,40.47,59.53,True,Upper middle income,True,Upper middle income,False,False
IRQ,IQ,IQ,Iraq,FALSE,Asia,Western Asia,,Asia,Western-Asia,,Developing,Chromista,0,23,1789,0,1812,0.0,1.27,98.73,True,Upper middle income,True,Upper middle income,False,False
PLW,PW,PW,Palau,FALSE,Oceania,Micronesia,,Oceania,Micronesia,,Developing,Bacteria,0,1,1791,0,1792,0.0,0.06,99.94,True,High income,True,High income,False,True
ALA,AX,AX,Aland Islands,FALSE,Europe,Northern Europe,,Europe,Northern-Europe,,Developed,incertae sedis,0,1766,24,0,1790,0.0,98.66,1.34,,,,,,
GAB,GA,GA,Gabon,FALSE,Africa,Sub-Saharan Africa,Middle Africa,Africa,Sub-Saharan-Africa,Middle-Africa,Developing,Viruses,0,0,1787,0,1787,0.0,0.0,100.0,True,Upper middle income,True,Upper middle income,False,False
SLB,SB,SB,Solomon Islands,FALSE,Oceania,Melanesia,,Oceania,Melanesia,,Developing,Chromista,0,396,1388,0,1784,0.0,22.2,77.8,True,Lower middle income,True,Lower middle income,True,True
KAZ,KZ,KZ,Kazakhstan,FALSE,Asia,Central Asia,,Asia,Central-Asia,,Developing,Protozoa,0,0,1784,0,1784,0.0,0.0,100.0,True,Upper middle income,True,Upper middle income,False,False
FLK,FK,FK,Falkland Islands (Malvinas),FALSE,Americas,Latin America and the Caribbean,South America,Americas,Latin-America-and-the-Caribbean,South-America,Developing,incertae sedis,0,86,1690,0,1776,0.0,4.84,95.16,,,,,,
URY,UY,UY,Uruguay,FALSE,Americas,Latin America and the Caribbean,South America,Americas,Latin-America-and-the-Caribbean,South-America,Developing,Viruses,0,0,1767,0,1767,0.0,0.0,100.0,True,High income,True,High income,False,False
NPL,NP,NP,Nepal,FALSE,Asia,Southern Asia,,Asia,Southern-Asia,,Developing,incertae sedis,9,6,1746,0,1761,0.51,0.34,99.15,True,Lower middle income,True,Lower middle income,True,False
HMD,HM,HM,Heard Island and McDonald Islands,FALSE,Oceania,Australia and New Zealand,,Oceania,Australia-and-New-Zealand,,Developed,Plantae,0,1515,224,0,1739,0.0,87.12,12.88,,,,,,
AGO,AO,AO,Angola,FALSE,Africa,Sub-Saharan Africa,Middle Africa,Africa,Sub-Saharan-Africa,Middle-Africa,Developing,Fungi,0,4,1730,0,1734,0.0,0.23,99.77,True,Lower middle income,True,Lower middle income,True,False
SJM,SJ,SJ,Svalbard and Jan Mayen,FALSE,Europe,Northern Europe,,Europe,Northern-Europe,,Developed,Protozoa,0,1675,55,0,1730,0.0,96.82,3.18,,,,,,
CIV,CI,CI,Cote d'Ivoire,FALSE,Africa,Sub-Saharan Africa,Western Africa,Africa,Sub-Saharan-Africa,Western-Africa,Developing,Bacteria,972,0,756,0,1728,56.25,0.0,43.75,True,Lower middle income,True,Lower middle income,False,False
CCK,CC,CC,Cocos (Keeling) Islands,FALSE,Oceania,Australia and New Zealand,,Oceania,Australia-and-New-Zealand,,Developed,Chromista,0,37,1689,0,1726,0.0,2.14,97.86,,,,,,
DMA,DM,DM,Dominica,FALSE,Americas,Latin America and the Caribbean,Caribbean,Americas,Latin-America-and-the-Caribbean,Caribbean,Developing,Protozoa,0,932,790,0,1722,0.0,54.12,45.88,True,Upper middle income,True,Upper middle income,False,True
VUT,VU,VU,Vanuatu,FALSE,Oceania,Melanesia,,Oceania,Melanesia,,Developing,incertae sedis,530,378,812,0,1720,30.81,21.98,47.21,True,Lower middle income,True,Lower middle income,False,True
CHL,CL,CL,Chile,FALSE,Americas,Latin America and the Caribbean,South America,Americas,Latin-America-and-the-Caribbean,South-America,Developing,Archaea,2,0,1713,0,1715,0.12,0.0,99.88,True,High income,True,High income,False,False
BHS,BS,BS,Bahamas,FALSE,Americas,Latin America and the Caribbean,Caribbean,Americas,Latin-America-and-the-Caribbean,Caribbean,Developing,Bacteria,0,1076,628,0,1704,0.0,63.15,36.85,True,High income,True,High income,False,True
GHA,GH,GH,Ghana,FALSE,Africa,Sub-Saharan Africa,Western Africa,Africa,Sub-Saharan-Africa,Western-Africa,Developing,incertae sedis,295,6,1401,0,1702,17.33,0.35,82.31,True,Lower middle income,True,Lower middle income,False,False
BEN,BJ,BJ,Benin,FALSE,Africa,Sub-Saharan Africa,Western Africa,Africa,Sub-Saharan-Africa,Western-Africa,Developing,incertae sedis,197,4,1498,0,1699,11.6,0.24,88.17,True,Lower middle income,True,Lower middle income,True,False
COD,CD,CD,"Congo, the Democratic Republic of the",FALSE,Africa,Sub-Saharan Africa,Middle Africa,Africa,Sub-Saharan-Africa,Middle-Africa,Developing,Viruses,0,0,1681,0,1681,0.0,0.0,100.0,True,Low income,True,Low income,True,False
ZMB,ZM,ZM,Zambia,FALSE,Africa,Sub-Saharan Africa,Eastern Africa,Africa,Sub-Saharan-Africa,Eastern-Africa,Developing,incertae sedis,0,40,1639,0,1679,0.0,2.38,97.62,True,Lower middle income,True,Lower middle income,True,False
CIV,CI,CI,Cote d'Ivoire,FALSE,Africa,Sub-Saharan Africa,Western Africa,Africa,Sub-Saharan-Africa,Western-Africa,Developing,Viruses,124,0,1550,0,1674,7.41,0.0,92.59,True,Lower middle income,True,Lower middle income,False,False
MTQ,MQ,MQ,Martinique,FALSE,Americas,Latin America and the Caribbean,Caribbean,Americas,Latin-America-and-the-Caribbean,Caribbean,Developing,incertae sedis,0,127,1545,0,1672,0.0,7.6,92.4,,,,,,
MDG,MG,MG,Madagascar,FALSE,Africa,Sub-Saharan Africa,Eastern Africa,Africa,Sub-Saharan-Africa,Eastern-Africa,Developing,Viruses,0,0,1665,0,1665,0.0,0.0,100.0,True,Low income,True,Low income,True,False
TZA,TZ,TZ,"Tanzania, United Republic of",FALSE,Africa,Sub-Saharan Africa,Eastern Africa,Africa,Sub-Saharan-Africa,Eastern-Africa,Developing,Protozoa,0,0,1656,0,1656,0.0,0.0,100.0,True,Lower middle income,True,Lower middle income,True,False
YEM,YE,YE,Yemen,FALSE,Asia,Western Asia,,Asia,Western-Asia,,Developing,Fungi,0,2,1639,0,1641,0.0,0.12,99.88,True,Low income,True,Low income,True,False
VIR,VI,VI,"Virgin Islands, U.S.",FALSE,Americas,Latin America and the Caribbean,Caribbean,Americas,Latin-America-and-the-Caribbean,Caribbean,Developing,Fungi,0,1298,343,0,1641,0.0,79.1,20.9,,,,,,
GHA,GH,GH,Ghana,FALSE,Africa,Sub-Saharan Africa,Western Africa,Africa,Sub-Saharan-Africa,Western-Africa,Developing,Viruses,0,0,1627,0,1627,0.0,0.0,100.0,True,Lower middle income,True,Lower middle income,False,False
CCK,CC,CC,Cocos (Keeling) Islands,FALSE,Oceania,Australia and New Zealand,,Oceania,Australia-and-New-Zealand,,Developed,Plantae,0,946,677,0,1623,0.0,58.29,41.71,,,,,,
PRT,PT,PT,Portugal,TRUE,Europe,Southern Europe,,Europe,Southern-Europe,,Developed,Viruses,1,1592,27,0,1620,0.06,98.27,1.67,True,High income,True,High income,False,False
ZWE,ZW,ZW,Zimbabwe,FALSE,Africa,Sub-Saharan Africa,Eastern Africa,Africa,Sub-Saharan-Africa,Eastern-Africa,Developing,incertae sedis,73,91,1455,0,1619,4.51,5.62,89.87,True,Lower middle income,True,Lower middle income,False,False
BLZ,BZ,BZ,Belize,FALSE,Americas,Latin America and the Caribbean,Central America,Americas,Latin-America-and-the-Caribbean,Central-America,Developing,incertae sedis,0,763,853,0,1616,0.0,47.22,52.78,True,Upper middle income,True,Upper middle income,False,True
MLT,MT,MT,Malta,TRUE,Europe,Southern Europe,,Europe,Southern-Europe,,Developed,Bacteria,0,1611,3,0,1614,0.0,99.81,0.19,True,High income,True,High income,False,False
WLF,WF,WF,Wallis and Futuna,FALSE,Oceania,Polynesia,,Oceania,Polynesia,,Developing,Bacteria,0,57,1548,0,1605,0.0,3.55,96.45,,,,,,
TGO,TG,TG,Togo,FALSE,Africa,Sub-Saharan Africa,Western Africa,Africa,Sub-Saharan-Africa,Western-Africa,Developing,Fungi,0,368,1234,0,1602,0.0,22.97,77.03,True,Low income,True,Low income,True,False
GRC,GR,GR,Greece,TRUE,Europe,Southern Europe,,Europe,Southern-Europe,,Developed,Protozoa,48,1044,509,0,1601,3.0,65.21,31.79,True,High income,True,High income,False,False
LUX,LU,LU,Luxembourg,TRUE,Europe,Western Europe,,Europe,Western-Europe,,Developed,incertae sedis,1033,544,16,0,1593,64.85,34.15,1.0,True,High income,True,High income,False,False
SPM,PM,PM,Saint Pierre and Miquelon,FALSE,Americas,Northern America,,Americas,Northern-America,,Developed,Chromista,0,41,1544,0,1585,0.0,2.59,97.41,,,,,,
HND,HN,HN,Honduras,FALSE,Americas,Latin America and the Caribbean,Central America,Americas,Latin-America-and-the-Caribbean,Central-America,Developing,incertae sedis,0,489,1095,0,1584,0.0,30.87,69.13,True,Lower middle income,True,Lower middle income,False,False
CMR,CM,CM,Cameroon,FALSE,Africa,Sub-Saharan Africa,Middle Africa,Africa,Sub-Saharan-Africa,Middle-Africa,Developing,Chromista,0,15,1568,0,1583,0.0,0.95,99.05,True,Lower middle income,True,Lower middle income,False,False
ATF,TF,TF,French Southern Territories,FALSE,Africa,Sub-Saharan Africa,Eastern Africa,Africa,Sub-Saharan-Africa,Eastern-Africa,Developing,Protozoa,0,0,1583,0,1583,0.0,0.0,100.0,,,,,,
SVN,SI,SI,Slovenia,TRUE,Europe,Southern Europe,,Europe,Southern-Europe,,Developed,Viruses,0,1582,0,0,1582,0.0,100.0,0.0,True,High income,True,High income,False,False
DOM,DO,DO,Dominican Republic,FALSE,Americas,Latin America and the Caribbean,Caribbean,Americas,Latin-America-and-the-Caribbean,Caribbean,Developing,Chromista,290,857,433,0,1580,18.35,54.24,27.41,True,Upper middle income,True,Upper middle income,False,True
AIA,AI,AI,Anguilla,FALSE,Americas,Latin America and the Caribbean,Caribbean,Americas,Latin-America-and-the-Caribbean,Caribbean,Developing,Plantae,0,1264,286,0,1550,0.0,81.55,18.45,,,,,,
BOL,BO,BO,"Bolivia, Plurinational State of",FALSE,Americas,Latin America and the Caribbean,South America,Americas,Latin-America-and-the-Caribbean,South-America,Developing,Chromista,0,295,1249,0,1544,0.0,19.11,80.89,True,Lower middle income,True,Lower middle income,False,False
MCO,MC,MC,Monaco,FALSE,Europe,Western Europe,,Europe,Western-Europe,,Developed,Plantae,0,909,627,0,1536,0.0,59.18,40.82,True,High income,True,High income,False,False
CZE,CZ,CZ,Czech Republic,TRUE,Europe,Eastern Europe,,Europe,Eastern-Europe,,Developed,Protozoa,474,394,635,21,1524,31.1,25.85,41.67,True,High income,True,High income,False,False
NAM,NA,,Namibia,FALSE,Africa,Sub-Saharan Africa,Southern Africa,Africa,Sub-Saharan-Africa,Southern-Africa,Developing,Archaea,0,0,1523,0,1523,0.0,0.0,100.0,True,Lower middle income,True,Lower middle income,False,False
UZB,UZ,UZ,Uzbekistan,FALSE,Asia,Central Asia,,Asia,Central-Asia,,Developing,Chromista,734,0,774,0,1508,48.67,0.0,51.33,True,Lower middle income,True,Lower middle income,False,False
PHL,PH,PH,Philippines,FALSE,Asia,South-eastern Asia,,Asia,South-eastern-Asia,,Developing,Protozoa,0,9,1497,0,1506,0.0,0.6,99.4,True,Lower middle income,True,Lower middle income,False,False
SPM,PM,PM,Saint Pierre and Miquelon,FALSE,Americas,Northern America,,Americas,Northern-America,,Developed,Fungi,0,141,1365,0,1506,0.0,9.36,90.64,,,,,,
REU,RE,RE,Reunion,FALSE,Africa,Sub-Saharan Africa,Eastern Africa,Africa,Sub-Saharan-Africa,Eastern-Africa,Developing,Protozoa,0,0,1463,0,1463,0.0,0.0,100.0,,,,,,
CAF,CF,CF,Central African Republic,FALSE,Africa,Sub-Saharan Africa,Middle Africa,Africa,Sub-Saharan-Africa,Middle-Africa,Developing,Viruses,0,0,1457,0,1457,0.0,0.0,100.0,True,Low income,True,Low income,True,False
MOZ,MZ,MZ,Mozambique,FALSE,Africa,Sub-Saharan Africa,Eastern Africa,Africa,Sub-Saharan-Africa,Eastern-Africa,Developing,Chromista,0,629,823,0,1452,0.0,43.32,56.68,True,Low income,True,Low income,True,False
URY,UY,UY,Uruguay,FALSE,Americas,Latin America and the Caribbean,South America,Americas,Latin-America-and-the-Caribbean,South-America,Developing,incertae sedis,1,997,445,0,1443,0.07,69.09,30.84,True,High income,True,High income,False,False
ETH,ET,ET,Ethiopia,FALSE,Africa,Sub-Saharan Africa,Eastern Africa,Africa,Sub-Saharan-Africa,Eastern-Africa,Developing,Viruses,0,0,1440,0,1440,0.0,0.0,100.0,True,Low income,True,Low income,True,False
BFA,BF,BF,Burkina Faso,FALSE,Africa,Sub-Saharan Africa,Western Africa,Africa,Sub-Saharan-Africa,Western-Africa,Developing,Bacteria,0,0,1435,0,1435,0.0,0.0,100.0,True,Low income,True,Low income,True,False
GGY,GG,GG,Guernsey,FALSE,Europe,Northern Europe,Channel Islands,Europe,Northern-Europe,Channel-Islands,Developed,incertae sedis,0,1432,3,0,1435,0.0,99.79,0.21,,,,,,
CYM,KY,KY,Cayman Islands,FALSE,Americas,Latin America and the Caribbean,Caribbean,Americas,Latin-America-and-the-Caribbean,Caribbean,Developing,Chromista,0,218,1209,0,1427,0.0,15.28,84.72,,,,,,
SAU,SA,SA,Saudi Arabia,FALSE,Asia,Western Asia,,Asia,Western-Asia,,Developing,Viruses,0,0,1424,0,1424,0.0,0.0,100.0,True,High income,True,High income,False,False
LBY,LY,LY,Libya,FALSE,Africa,Northern Africa,,Africa,Northern-Africa,,Developing,Fungi,0,0,1421,0,1421,0.0,0.0,100.0,True,Upper middle income,True,Upper middle income,False,False
MYT,YT,YT,Mayotte,FALSE,Africa,Sub-Saharan Africa,Eastern Africa,Africa,Sub-Saharan-Africa,Eastern-Africa,Developing,Bacteria,0,0,1421,0,1421,0.0,0.0,100.0,,,,,,
COG,CG,CG,Congo,FALSE,Africa,Sub-Saharan Africa,Middle Africa,Africa,Sub-Saharan-Africa,Middle-Africa,Developing,Chromista,0,0,1415,0,1415,0.0,0.0,100.0,True,Lower middle income,True,Lower middle income,False,False
WSM,WS,WS,Samoa,FALSE,Oceania,Polynesia,,Oceania,Polynesia,,Developing,incertae sedis,821,34,557,0,1412,58.14,2.41,39.45,True,Upper middle income,True,Upper middle income,False,True
,,,,,,,,,,,,Viruses,0,0,1412,0,1412,0.0,0.0,100.0,,,,,,
BIH,BA,BA,Bosnia and Herzegovina,FALSE,Europe,Southern Europe,,Europe,Southern-Europe,,Developed,Fungi,0,597,808,1,1406,0.0,42.46,57.47,True,Upper middle income,True,Upper middle income,False,False
LBY,LY,LY,Libya,FALSE,Africa,Northern Africa,,Africa,Northern-Africa,,Developing,Bacteria,0,0,1375,0,1375,0.0,0.0,100.0,True,Upper middle income,True,Upper middle income,False,False
KHM,KH,KH,Cambodia,FALSE,Asia,South-eastern Asia,,Asia,South-eastern-Asia,,Developing,Fungi,0,4,1367,0,1371,0.0,0.29,99.71,True,Lower middle income,True,Lower middle income,True,False
NOR,NO,NO,Norway,FALSE,Europe,Northern Europe,,Europe,Northern-Europe,,Developed,Archaea,0,1298,63,0,1361,0.0,95.37,4.63,True,High income,True,High income,False,False
LTU,LT,LT,Lithuania,TRUE,Europe,Northern Europe,,Europe,Northern-Europe,,Developed,Bacteria,0,1189,170,0,1359,0.0,87.49,12.51,True,High income,True,High income,False,False
FIN,FI,FI,Finland,TRUE,Europe,Northern Europe,,Europe,Northern-Europe,,Developed,Viruses,5,1304,47,0,1356,0.37,96.17,3.47,True,High income,True,High income,False,False
CPV,CV,CV,Cabo Verde,FALSE,Africa,Sub-Saharan Africa,Western Africa,Africa,Sub-Saharan-Africa,Western-Africa,Developing,incertae sedis,0,0,1339,0,1339,0.0,0.0,100.0,True,Upper middle income,True,Upper middle income,False,True
MRT,MR,MR,Mauritania,FALSE,Africa,Sub-Saharan Africa,Western Africa,Africa,Sub-Saharan-Africa,Western-Africa,Developing,Chromista,0,12,1325,0,1337,0.0,0.9,99.1,True,Lower middle income,True,Lower middle income,True,False
STP,ST,ST,Sao Tome and Principe,FALSE,Africa,Sub-Saharan Africa,Middle Africa,Africa,Sub-Saharan-Africa,Middle-Africa,Developing,Bacteria,0,0,1335,0,1335,0.0,0.0,100.0,True,Lower middle income,True,Lower middle income,True,True
TON,TO,TO,Tonga,FALSE,Oceania,Polynesia,,Oceania,Polynesia,,Developing,Fungi,0,771,563,0,1334,0.0,57.8,42.2,True,Upper middle income,True,Upper middle income,False,True
DZA,DZ,DZ,Algeria,FALSE,Africa,Northern Africa,,Africa,Northern-Africa,,Developing,Protozoa,0,0,1332,0,1332,0.0,0.0,100.0,True,Upper middle income,True,Upper middle income,False,False
LCA,LC,LC,Saint Lucia,FALSE,Americas,Latin America and the Caribbean,Caribbean,Americas,Latin-America-and-the-Caribbean,Caribbean,Developing,Fungi,0,1073,254,0,1327,0.0,80.86,19.14,True,Upper middle income,True,Upper middle income,False,False
SEN,SN,SN,Senegal,FALSE,Africa,Sub-Saharan Africa,Western Africa,Africa,Sub-Saharan-Africa,Western-Africa,Developing,Fungi,3,21,1296,0,1320,0.23,1.59,98.18,True,Lower middle income,True,Lower middle income,False,False
GUM,GU,GU,Guam,FALSE,Oceania,Micronesia,,Oceania,Micronesia,,Developing,Archaea,0,0,1314,0,1314,0.0,0.0,100.0,,,,,,
BRB,BB,BB,Barbados,FALSE,Americas,Latin America and the Caribbean,Caribbean,Americas,Latin-America-and-the-Caribbean,Caribbean,Developing,incertae sedis,0,151,1159,0,1310,0.0,11.53,88.47,True,High income,True,High income,False,True
TTO,TT,TT,Trinidad and Tobago,FALSE,Americas,Latin America and the Caribbean,Caribbean,Americas,Latin-America-and-the-Caribbean,Caribbean,Developing,incertae sedis,0,638,670,0,1308,0.0,48.78,51.22,True,High income,True,High income,False,True
MLT,MT,MT,Malta,TRUE,Europe,Southern Europe,,Europe,Southern-Europe,,Developed,Fungi,0,943,363,0,1306,0.0,72.21,27.79,True,High income,True,High income,False,False
BWA,BW,BW,Botswana,FALSE,Africa,Sub-Saharan Africa,Southern Africa,Africa,Sub-Saharan-Africa,Southern-Africa,Developing,Chromista,0,46,1260,0,1306,0.0,3.52,96.48,True,Upper middle income,True,Upper middle income,False,False
BMU,BM,BM,Bermuda,FALSE,Americas,Northern America,,Americas,Northern-America,,Developed,Archaea,0,28,1276,0,1304,0.0,2.15,97.85,,,,,,
SUR,SR,SR,Suriname,FALSE,Americas,Latin America and the Caribbean,South America,Americas,Latin-America-and-the-Caribbean,South-America,Developing,incertae sedis,0,130,1167,0,1297,0.0,10.02,89.98,True,Upper middle income,True,Upper middle income,False,True
MOZ,MZ,MZ,Mozambique,FALSE,Africa,Sub-Saharan Africa,Eastern Africa,Africa,Sub-Saharan-Africa,Eastern-Africa,Developing,Fungi,0,114,1182,0,1296,0.0,8.8,91.2,True,Low income,True,Low income,True,False
LAO,LA,LA,Lao People's Democratic Republic,FALSE,Asia,South-eastern Asia,,Asia,South-eastern-Asia,,Developing,Viruses,0,0,1291,0,1291,0.0,0.0,100.0,True,Lower middle income,True,Lower middle income,True,False
ISR,IL,IL,Israel,FALSE,Asia,Western Asia,,Asia,Western-Asia,,Developing,Protozoa,8,0,1280,0,1288,0.62,0.0,99.38,True,High income,True,High income,False,False
LSO,LS,LS,Lesotho,FALSE,Africa,Sub-Saharan Africa,Southern Africa,Africa,Sub-Saharan-Africa,Southern-Africa,Developing,Fungi,0,60,1224,0,1284,0.0,4.67,95.33,True,Lower middle income,True,Lower middle income,True,False
ESH,EH,EH,Western Sahara,FALSE,Africa,Northern Africa,,Africa,Northern-Africa,,Developing,Plantae,0,15,1268,0,1283,0.0,1.17,98.83,,,,,,
SRB,RS,RS,Serbia,FALSE,Europe,Southern Europe,,Europe,Southern-Europe,,Developed,Viruses,0,1279,0,0,1279,0.0,100.0,0.0,True,Upper middle income,True,Upper middle income,False,False
AZE,AZ,AZ,Azerbaijan,FALSE,Asia,Western Asia,,Asia,Western-Asia,,Developing,incertae sedis,0,0,1278,0,1278,0.0,0.0,100.0,True,Upper middle income,True,Upper middle income,False,False
TKM,TM,TM,Turkmenistan,FALSE,Asia,Central Asia,,Asia,Central-Asia,,Developing,Fungi,0,0,1269,0,1269,0.0,0.0,100.0,True,Upper middle income,True,Upper middle income,False,False
HKG,HK,HK,Hong Kong,FALSE,Asia,Eastern Asia,,Asia,Eastern-Asia,,Developing,Archaea,0,0,1262,0,1262,0.0,0.0,100.0,,,,,,
LVA,LV,LV,Latvia,TRUE,Europe,Northern Europe,,Europe,Northern-Europe,,Developed,Protozoa,0,1215,46,0,1261,0.0,96.35,3.65,True,High income,True,High income,False,False
SAU,SA,SA,Saudi Arabia,FALSE,Asia,Western Asia,,Asia,Western-Asia,,Developing,Archaea,0,0,1246,0,1246,0.0,0.0,100.0,True,High income,True,High income,False,False
YEM,YE,YE,Yemen,FALSE,Asia,Western Asia,,Asia,Western-Asia,,Developing,incertae sedis,0,1,1244,0,1245,0.0,0.08,99.92,True,Low income,True,Low income,True,False
KOR,KR,KR,"Korea, Republic of",FALSE,Asia,Eastern Asia,,Asia,Eastern-Asia,,Developed,Archaea,0,0,1232,0,1232,0.0,0.0,100.0,True,High income,True,High income,False,False
SVK,SK,SK,Slovakia,TRUE,Europe,Eastern Europe,,Europe,Eastern-Europe,,Developed,Chromista,81,586,561,0,1228,6.6,47.72,45.68,True,High income,True,High income,False,False
TJK,TJ,TJ,Tajikistan,FALSE,Asia,Central Asia,,Asia,Central-Asia,,Developing,Chromista,0,0,1213,0,1213,0.0,0.0,100.0,True,Lower middle income,True,Lower middle income,True,False
SYR,SY,SY,Syrian Arab Republic,FALSE,Asia,Western Asia,,Asia,Western-Asia,,Developing,incertae sedis,0,56,1155,0,1211,0.0,4.62,95.38,True,Low income,True,Low income,False,False
MNG,MN,MN,Mongolia,FALSE,Asia,Eastern Asia,,Asia,Eastern-Asia,,Developing,incertae sedis,140,157,907,0,1204,11.63,13.04,75.33,True,Upper middle income,True,Upper middle income,False,False
AFG,AF,AF,Afghanistan,FALSE,Asia,Southern Asia,,Asia,Southern-Asia,,Developing,Archaea,0,0,1193,0,1193,0.0,0.0,100.0,True,Low income,True,Low income,True,False
GRD,GD,GD,Grenada,FALSE,Americas,Latin America and the Caribbean,Caribbean,Americas,Latin-America-and-the-Caribbean,Caribbean,Developing,Fungi,0,948,244,0,1192,0.0,79.53,20.47,True,Upper middle income,True,Upper middle income,False,True
SGP,SG,SG,Singapore,FALSE,Asia,South-eastern Asia,,Asia,South-eastern-Asia,,Developing,Chromista,0,39,1141,0,1180,0.0,3.31,96.69,True,High income,True,High income,False,True
MHL,MH,MH,Marshall Islands,FALSE,Oceania,Micronesia,,Oceania,Micronesia,,Developing,Bacteria,0,4,1169,0,1173,0.0,0.34,99.66,True,Upper middle income,True,Upper middle income,False,True
PLW,PW,PW,Palau,FALSE,Oceania,Micronesia,,Oceania,Micronesia,,Developing,Chromista,0,6,1163,0,1169,0.0,0.51,99.49,True,High income,True,High income,False,True
HRV,HR,HR,Croatia,TRUE,Europe,Southern Europe,,Europe,Southern-Europe,,Developed,Viruses,0,1164,5,0,1169,0.0,99.57,0.43,True,High income,True,High income,False,False
CUW,CW,CW,Curacao,FALSE,Americas,Latin America and the Caribbean,Caribbean,Americas,Latin-America-and-the-Caribbean,Caribbean,Developing,Chromista,0,276,892,0,1168,0.0,23.63,76.37,,,,,,
COG,CG,CG,Congo,FALSE,Africa,Sub-Saharan Africa,Middle Africa,Africa,Sub-Saharan-Africa,Middle-Africa,Developing,Fungi,155,1,1010,1,1167,13.28,0.09,86.55,True,Lower middle income,True,Lower middle income,False,False
SRB,RS,RS,Serbia,FALSE,Europe,Southern Europe,,Europe,Southern-Europe,,Developed,incertae sedis,0,1095,72,0,1167,0.0,93.83,6.17,True,Upper middle income,True,Upper middle income,False,False
LTU,LT,LT,Lithuania,TRUE,Europe,Northern Europe,,Europe,Northern-Europe,,Developed,Protozoa,0,175,990,0,1165,0.0,15.02,84.98,True,High income,True,High income,False,False
MNP,MP,MP,Northern Mariana Islands,FALSE,Oceania,Micronesia,,Oceania,Micronesia,,Developing,Archaea,0,0,1165,0,1165,0.0,0.0,100.0,,,,,,
MDV,MV,MV,Maldives,FALSE,Asia,Southern Asia,,Asia,Southern-Asia,,Developing,incertae sedis,0,0,1164,0,1164,0.0,0.0,100.0,True,Upper middle income,True,Upper middle income,False,True
LUX,LU,LU,Luxembourg,TRUE,Europe,Western Europe,,Europe,Western-Europe,,Developed,Bacteria,72,1059,32,0,1163,6.19,91.06,2.75,True,High income,True,High income,False,False
MDV,MV,MV,Maldives,FALSE,Asia,Southern Asia,,Asia,Southern-Asia,,Developing,Fungi,0,9,1152,0,1161,0.0,0.78,99.22,True,Upper middle income,True,Upper middle income,False,True
ETH,ET,ET,Ethiopia,FALSE,Africa,Sub-Saharan Africa,Eastern Africa,Africa,Sub-Saharan-Africa,Eastern-Africa,Developing,Chromista,0,0,1160,0,1160,0.0,0.0,100.0,True,Low income,True,Low income,True,False
GUY,GY,GY,Guyana,FALSE,Americas,Latin America and the Caribbean,South America,Americas,Latin-America-and-the-Caribbean,South-America,Developing,Chromista,0,157,997,0,1154,0.0,13.6,86.4,True,High income,True,High income,False,True
ETH,ET,ET,Ethiopia,FALSE,Africa,Sub-Saharan Africa,Eastern Africa,Africa,Sub-Saharan-Africa,Eastern-Africa,Developing,Bacteria,0,0,1152,0,1152,0.0,0.0,100.0,True,Low income,True,Low income,True,False
,,,,,,,,,,,,Viruses,0,0,1139,0,1139,0.0,0.0,100.0,,,,,,
MDG,MG,MG,Madagascar,FALSE,Africa,Sub-Saharan Africa,Eastern Africa,Africa,Sub-Saharan-Africa,Eastern-Africa,Developing,Protozoa,14,0,1119,0,1133,1.24,0.0,98.76,True,Low income,True,Low income,True,False
AUT,AT,AT,Austria,TRUE,Europe,Western Europe,,Europe,Western-Europe,,Developed,Viruses,0,1116,13,0,1129,0.0,98.85,1.15,True,High income,True,High income,False,False
MOZ,MZ,MZ,Mozambique,FALSE,Africa,Sub-Saharan Africa,Eastern Africa,Africa,Sub-Saharan-Africa,Eastern-Africa,Developing,incertae sedis,24,375,725,0,1124,2.14,33.36,64.5,True,Low income,True,Low income,True,False
SEN,SN,SN,Senegal,FALSE,Africa,Sub-Saharan Africa,Western Africa,Africa,Sub-Saharan-Africa,Western-Africa,Developing,incertae sedis,0,0,1124,0,1124,0.0,0.0,100.0,True,Lower middle income,True,Lower middle income,False,False
URY,UY,UY,Uruguay,FALSE,Americas,Latin America and the Caribbean,South America,Americas,Latin-America-and-the-Caribbean,South-America,Developing,Chromista,0,291,830,0,1121,0.0,25.96,74.04,True,High income,True,High income,False,False
ALB,AL,AL,Albania,FALSE,Europe,Southern Europe,,Europe,Southern-Europe,,Developed,Fungi,0,812,307,0,1119,0.0,72.56,27.44,True,Upper middle income,True,Upper middle income,False,False
GHA,GH,GH,Ghana,FALSE,Africa,Sub-Saharan Africa,Western Africa,Africa,Sub-Saharan-Africa,Western-Africa,Developing,Bacteria,78,0,1039,0,1117,6.98,0.0,93.02,True,Lower middle income,True,Lower middle income,False,False
VCT,VC,VC,Saint Vincent and the Grenadines,FALSE,Americas,Latin America and the Caribbean,Caribbean,Americas,Latin-America-and-the-Caribbean,Caribbean,Developing,Fungi,0,878,236,0,1114,0.0,78.82,21.18,True,Upper middle income,True,Upper middle income,False,False
OMN,OM,OM,Oman,FALSE,Asia,Western Asia,,Asia,Western-Asia,,Developing,Bacteria,0,1,1111,0,1112,0.0,0.09,99.91,True,High income,True,High income,False,False
CYP,CY,CY,Cyprus,TRUE,Asia,Western Asia,,Asia,Western-Asia,,Developing,incertae sedis,0,0,1112,0,1112,0.0,0.0,100.0,True,High income,True,High income,False,False
MNP,MP,MP,Northern Mariana Islands,FALSE,Oceania,Micronesia,,Oceania,Micronesia,,Developing,incertae sedis,0,16,1088,0,1104,0.0,1.45,98.55,,,,,,
SYR,SY,SY,Syrian Arab Republic,FALSE,Asia,Western Asia,,Asia,Western-Asia,,Developing,Chromista,0,14,1089,0,1103,0.0,1.27,98.73,True,Low income,True,Low income,False,False
ZWE,ZW,ZW,Zimbabwe,FALSE,Africa,Sub-Saharan Africa,Eastern Africa,Africa,Sub-Saharan-Africa,Eastern-Africa,Developing,Chromista,0,138,962,0,1100,0.0,12.55,87.45,True,Lower middle income,True,Lower middle income,False,False
FSM,FM,FM,"Micronesia, Federated States of",FALSE,Oceania,Micronesia,,Oceania,Micronesia,,Developing,Fungi,0,509,587,0,1096,0.0,46.44,53.56,True,Lower middle income,True,Lower middle income,False,True
UKR,UA,UA,Ukraine,FALSE,Europe,Eastern Europe,,Europe,Eastern-Europe,,Developed,Viruses,1,1087,4,0,1092,0.09,99.54,0.37,True,Upper middle income,True,Upper middle income,False,False
KAZ,KZ,KZ,Kazakhstan,FALSE,Asia,Central Asia,,Asia,Central-Asia,,Developing,incertae sedis,1,1,1087,0,1089,0.09,0.09,99.82,True,Upper middle income,True,Upper middle income,False,False
IRL,IE,IE,Ireland,TRUE,Europe,Northern Europe,,Europe,Northern-Europe,,Developed,Viruses,0,1076,0,0,1076,0.0,100.0,0.0,True,High income,True,High income,False,False
GEO,GE,GE,Georgia,FALSE,Asia,Western Asia,,Asia,Western-Asia,,Developing,Viruses,0,0,1071,0,1071,0.0,0.0,100.0,True,Upper middle income,True,Upper middle income,False,False
MAR,MA,MA,Morocco,FALSE,Africa,Northern Africa,,Africa,Northern-Africa,,Developing,Viruses,0,0,1069,0,1069,0.0,0.0,100.0,True,Lower middle income,True,Lower middle income,False,False
GTM,GT,GT,Guatemala,FALSE,Americas,Latin America and the Caribbean,Central America,Americas,Latin-America-and-the-Caribbean,Central-America,Developing,Bacteria,0,943,122,0,1065,0.0,88.54,11.46,True,Upper middle income,True,Upper middle income,False,False
PCN,PN,PN,Pitcairn,FALSE,Oceania,Polynesia,,Oceania,Polynesia,,Developing,Fungi,0,4,1061,0,1065,0.0,0.38,99.62,,,,,,
SMR,SM,SM,San Marino,FALSE,Europe,Southern Europe,,Europe,Southern-Europe,,Developed,Plantae,0,983,71,0,1054,0.0,93.26,6.74,True,High income,True,High income,False,False
STP,ST,ST,Sao Tome and Principe,FALSE,Africa,Sub-Saharan Africa,Middle Africa,Africa,Sub-Saharan-Africa,Middle-Africa,Developing,Chromista,0,0,1046,0,1046,0.0,0.0,100.0,True,Lower middle income,True,Lower middle income,True,True
UMI,UM,UM,United States Minor Outlying Islands,FALSE,Oceania,Micronesia,,Oceania,Micronesia,,Developing,Bacteria,0,0,1040,0,1040,0.0,0.0,100.0,,,,,,
BLR,BY,BY,Belarus,FALSE,Europe,Eastern Europe,,Europe,Eastern-Europe,,Developed,Bacteria,0,934,101,0,1035,0.0,90.24,9.76,True,Upper middle income,True,Upper middle income,False,False
NLD,NL,NL,Netherlands,TRUE,Europe,Western Europe,,Europe,Western-Europe,,Developed,Archaea,0,340,691,0,1031,0.0,32.98,67.02,True,High income,True,High income,False,False
LTU,LT,LT,Lithuania,TRUE,Europe,Northern Europe,,Europe,Northern-Europe,,Developed,Viruses,0,1009,21,0,1030,0.0,97.96,2.04,True,High income,True,High income,False,False
MWI,MW,MW,Malawi,FALSE,Africa,Sub-Saharan Africa,Eastern Africa,Africa,Sub-Saharan-Africa,Eastern-Africa,Developing,Protozoa,0,0,1027,0,1027,0.0,0.0,100.0,True,Low income,True,Low income,True,False
BTN,BT,BT,Bhutan,FALSE,Asia,Southern Asia,,Asia,Southern-Asia,,Developing,incertae sedis,120,2,900,0,1022,11.74,0.2,88.06,True,Lower middle income,True,Lower middle income,False,False
RWA,RW,RW,Rwanda,FALSE,Africa,Sub-Saharan Africa,Eastern Africa,Africa,Sub-Saharan-Africa,Eastern-Africa,Developing,Chromista,74,0,947,0,1021,7.25,0.0,92.75,True,Low income,True,Low income,True,False
MMR,MM,MM,Myanmar,FALSE,Asia,South-eastern Asia,,Asia,South-eastern-Asia,,Developing,Chromista,0,5,1013,0,1018,0.0,0.49,99.51,True,Lower middle income,True,Lower middle income,True,False
UZB,UZ,UZ,Uzbekistan,FALSE,Asia,Central Asia,,Asia,Central-Asia,,Developing,incertae sedis,176,0,840,0,1016,17.32,0.0,82.68,True,Lower middle income,True,Lower middle income,False,False
GUY,GY,GY,Guyana,FALSE,Americas,Latin America and the Caribbean,South America,Americas,Latin-America-and-the-Caribbean,South-America,Developing,Bacteria,0,2,1012,0,1014,0.0,0.2,99.8,True,High income,True,High income,False,True
LUX,LU,LU,Luxembourg,TRUE,Europe,Western Europe,,Europe,Western-Europe,,Developed,Chromista,558,434,21,0,1013,55.08,42.84,2.07,True,High income,True,High income,False,False
GIN,GN,GN,Guinea,FALSE,Africa,Sub-Saharan Africa,Western Africa,Africa,Sub-Saharan-Africa,Western-Africa,Developing,incertae sedis,14,1,994,0,1009,1.39,0.1,98.51,True,Lower middle income,True,Lower middle income,True,False
HRV,HR,HR,Croatia,TRUE,Europe,Southern Europe,,Europe,Southern-Europe,,Developed,Protozoa,0,954,48,0,1002,0.0,95.21,4.79,True,High income,True,High income,False,False
TWN,TW,TW,"Taiwan, Province of China",FALSE,,,,,,,,Archaea,47,0,953,0,1000,4.7,0.0,95.3,,,,,,
GNQ,GQ,GQ,Equatorial Guinea,FALSE,Africa,Sub-Saharan Africa,Middle Africa,Africa,Sub-Saharan-Africa,Middle-Africa,Developing,Chromista,0,5,985,0,990,0.0,0.51,99.49,True,Upper middle income,True,Upper middle income,False,False
IRQ,IQ,IQ,Iraq,FALSE,Asia,Western Asia,,Asia,Western-Asia,,Developing,Viruses,0,0,984,0,984,0.0,0.0,100.0,True,Upper middle income,True,Upper middle income,False,False
ROU,RO,RO,Romania,TRUE,Europe,Eastern Europe,,Europe,Eastern-Europe,,Developed,Viruses,0,979,2,0,981,0.0,99.8,0.2,True,High income,True,High income,False,False
RUS,RU,RU,Russian Federation,FALSE,Europe,Eastern Europe,,Europe,Eastern-Europe,,Developed,Archaea,27,923,24,0,974,2.77,94.76,2.46,True,High income,True,High income,False,False
BWA,BW,BW,Botswana,FALSE,Africa,Sub-Saharan Africa,Southern Africa,Africa,Sub-Saharan-Africa,Southern-Africa,Developing,incertae sedis,0,106,859,0,965,0.0,10.98,89.02,True,Upper middle income,True,Upper middle income,False,False
GNB,GW,GW,Guinea-Bissau,FALSE,Africa,Sub-Saharan Africa,Western Africa,Africa,Sub-Saharan-Africa,Western-Africa,Developing,Chromista,0,0,961,0,961,0.0,0.0,100.0,True,Low income,True,Low income,True,True
DMA,DM,DM,Dominica,FALSE,Americas,Latin America and the Caribbean,Caribbean,Americas,Latin-America-and-the-Caribbean,Caribbean,Developing,Chromista,0,299,652,0,951,0.0,31.44,68.56,True,Upper middle income,True,Upper middle income,False,True
MMR,MM,MM,Myanmar,FALSE,Asia,South-eastern Asia,,Asia,South-eastern-Asia,,Developing,incertae sedis,0,69,877,0,946,0.0,7.29,92.71,True,Lower middle income,True,Lower middle income,True,False
GUM,GU,GU,Guam,FALSE,Oceania,Micronesia,,Oceania,Micronesia,,Developing,Chromista,0,0,942,0,942,0.0,0.0,100.0,,,,,,
DMA,DM,DM,Dominica,FALSE,Americas,Latin America and the Caribbean,Caribbean,Americas,Latin-America-and-the-Caribbean,Caribbean,Developing,incertae sedis,0,115,826,0,941,0.0,12.22,87.78,True,Upper middle income,True,Upper middle income,False,True
IDN,ID,ID,Indonesia,FALSE,Asia,South-eastern Asia,,Asia,South-eastern-Asia,,Developing,Protozoa,20,4,915,0,939,2.13,0.43,97.44,True,Upper middle income,True,Upper middle income,False,False
SEN,SN,SN,Senegal,FALSE,Africa,Sub-Saharan Africa,Western Africa,Africa,Sub-Saharan-Africa,Western-Africa,Developing,Viruses,0,0,939,0,939,0.0,0.0,100.0,True,Lower middle income,True,Lower middle income,False,False
VGB,VG,VG,"Virgin Islands, British",FALSE,Americas,Latin America and the Caribbean,Caribbean,Americas,Latin-America-and-the-Caribbean,Caribbean,Developing,Chromista,0,44,889,0,933,0.0,4.72,95.28,,,,,,
BGR,BG,BG,Bulgaria,TRUE,Europe,Eastern Europe,,Europe,Eastern-Europe,,Developed,Viruses,0,927,4,0,931,0.0,99.57,0.43,True,High income,True,High income,False,False
CIV,CI,CI,Cote d'Ivoire,FALSE,Africa,Sub-Saharan Africa,Western Africa,Africa,Sub-Saharan-Africa,Western-Africa,Developing,incertae sedis,10,0,920,0,930,1.08,0.0,98.92,True,Lower middle income,True,Lower middle income,False,False
PCN,PN,PN,Pitcairn,FALSE,Oceania,Polynesia,,Oceania,Polynesia,,Developing,Protozoa,0,0,929,0,929,0.0,0.0,100.0,,,,,,
SHN,SH,SH,"Saint Helena, Ascension and Tristan da Cunha",FALSE,Africa,Sub-Saharan Africa,Western Africa,Africa,Sub-Saharan-Africa,Western-Africa,Developing,Fungi,0,23,904,0,927,0.0,2.48,97.52,,,,,,
JAM,JM,JM,Jamaica,FALSE,Americas,Latin America and the Caribbean,Caribbean,Americas,Latin-America-and-the-Caribbean,Caribbean,Developing,Bacteria,0,686,238,0,924,0.0,74.24,25.76,True,Upper middle income,True,Upper middle income,False,True
ZAF,ZA,ZA,South Africa,FALSE,Africa,Sub-Saharan Africa,Southern Africa,Africa,Sub-Saharan-Africa,Southern-Africa,Developing,Archaea,219,0,685,0,904,24.23,0.0,75.77,True,Upper middle income,True,Upper middle income,False,False
TGO,TG,TG,Togo,FALSE,Africa,Sub-Saharan Africa,Western Africa,Africa,Sub-Saharan-Africa,Western-Africa,Developing,Bacteria,0,33,858,0,891,0.0,3.7,96.3,True,Low income,True,Low income,True,False
PRK,KP,KP,"Korea, Democratic People's Republic of",FALSE,Asia,Eastern Asia,,Asia,Eastern-Asia,,Developing,Fungi,0,605,278,0,883,0.0,68.52,31.48,True,Low income,True,Low income,False,False
SDN,SD,SD,Sudan,FALSE,Africa,Northern Africa,,Africa,Northern-Africa,,Developing,incertae sedis,0,0,880,0,880,0.0,0.0,100.0,True,Low income,True,Low income,True,False
MYT,YT,YT,Mayotte,FALSE,Africa,Sub-Saharan Africa,Eastern Africa,Africa,Sub-Saharan-Africa,Eastern-Africa,Developing,Fungi,0,0,880,0,880,0.0,0.0,100.0,,,,,,
SWZ,SZ,SZ,Swaziland,FALSE,Africa,Sub-Saharan Africa,Southern Africa,Africa,Sub-Saharan-Africa,Southern-Africa,Developing,Fungi,0,45,833,0,878,0.0,5.13,94.87,True,Lower middle income,True,Lower middle income,False,False
ESH,EH,EH,Western Sahara,FALSE,Africa,Northern Africa,,Africa,Northern-Africa,,Developing,Bacteria,0,0,878,0,878,0.0,0.0,100.0,,,,,,
LBN,LB,LB,Lebanon,FALSE,Asia,Western Asia,,Asia,Western-Asia,,Developing,Fungi,0,121,755,0,876,0.0,13.81,86.19,True,Lower middle income,True,Lower middle income,False,False
AIA,AI,AI,Anguilla,FALSE,Americas,Latin America and the Caribbean,Caribbean,Americas,Latin-America-and-the-Caribbean,Caribbean,Developing,Chromista,0,22,852,0,874,0.0,2.52,97.48,,,,,,
ZWE,ZW,ZW,Zimbabwe,FALSE,Africa,Sub-Saharan Africa,Eastern Africa,Africa,Sub-Saharan-Africa,Eastern-Africa,Developing,Viruses,0,0,873,0,873,0.0,0.0,100.0,True,Lower middle income,True,Lower middle income,False,False
,,,,,,,,,,,,Fungi,0,0,872,0,872,0.0,0.0,100.0,,,,,,
,,,,,,,,,,,,Archaea,0,0,872,0,872,0.0,0.0,100.0,,,,,,
COK,CK,CK,Cook Islands,FALSE,Oceania,Polynesia,,Oceania,Polynesia,,Developing,incertae sedis,0,391,470,0,861,0.0,45.41,54.59,True,High income,True,High income,False,True
GIN,GN,GN,Guinea,FALSE,Africa,Sub-Saharan Africa,Western Africa,Africa,Sub-Saharan-Africa,Western-Africa,Developing,Viruses,0,0,861,0,861,0.0,0.0,100.0,True,Lower middle income,True,Lower middle income,True,False
MKD,MK,MK,"Macedonia, the former Yugoslav Republic of",FALSE,Europe,Southern Europe,,Europe,Southern-Europe,,Developed,incertae sedis,0,829,31,0,860,0.0,96.4,3.6,True,Upper middle income,True,Upper middle income,False,False
FRO,FO,FO,Faroe Islands,FALSE,Europe,Northern Europe,,Europe,Northern-Europe,,Developed,Bacteria,0,847,6,0,853,0.0,99.3,0.7,,,,,,
VEN,VE,VE,"Venezuela, Bolivarian Republic of",FALSE,Americas,Latin America and the Caribbean,South America,Americas,Latin-America-and-the-Caribbean,South-America,Developing,Viruses,0,14,828,0,842,0.0,1.66,98.34,True,Lower middle income,True,Lower middle income,False,False
GUM,GU,GU,Guam,FALSE,Oceania,Micronesia,,Oceania,Micronesia,,Developing,Fungi,0,25,816,0,841,0.0,2.97,97.03,,,,,,
LBR,LR,LR,Liberia,FALSE,Africa,Sub-Saharan Africa,Western Africa,Africa,Sub-Saharan-Africa,Western-Africa,Developing,Fungi,0,0,835,0,835,0.0,0.0,100.0,True,Low income,True,Low income,True,False
MLI,ML,ML,Mali,FALSE,Africa,Sub-Saharan Africa,Western Africa,Africa,Sub-Saharan-Africa,Western-Africa,Developing,incertae sedis,0,4,829,0,833,0.0,0.48,99.52,True,Low income,True,Low income,True,False
CIV,CI,CI,Cote d'Ivoire,FALSE,Africa,Sub-Saharan Africa,Western Africa,Africa,Sub-Saharan-Africa,Western-Africa,Developing,Protozoa,811,0,20,0,831,97.59,0.0,2.41,True,Lower middle income,True,Lower middle income,False,False
CUW,CW,CW,Curacao,FALSE,Americas,Latin America and the Caribbean,Caribbean,Americas,Latin-America-and-the-Caribbean,Caribbean,Developing,incertae sedis,0,13,817,0,830,0.0,1.57,98.43,,,,,,
KWT,KW,KW,Kuwait,FALSE,Asia,Western Asia,,Asia,Western-Asia,,Developing,Bacteria,0,1,821,0,822,0.0,0.12,99.88,True,High income,True,High income,False,False
ISL,IS,IS,Iceland,FALSE,Europe,Northern Europe,,Europe,Northern-Europe,,Developed,Protozoa,97,706,14,0,817,11.87,86.41,1.71,True,High income,True,High income,False,False
PYF,PF,PF,French Polynesia,FALSE,Oceania,Polynesia,,Oceania,Polynesia,,Developing,Archaea,0,0,811,0,811,0.0,0.0,100.0,,,,,,
SGS,GS,GS,South Georgia and the South Sandwich Islands,FALSE,Americas,Latin America and the Caribbean,South America,Americas,Latin-America-and-the-Caribbean,South-America,Developing,Bacteria,0,0,805,0,805,0.0,0.0,100.0,,,,,,
ABW,AW,AW,Aruba,FALSE,Americas,Latin America and the Caribbean,Caribbean,Americas,Latin-America-and-the-Caribbean,Caribbean,Developing,Chromista,0,65,738,0,803,0.0,8.09,91.91,,,,,,
KHM,KH,KH,Cambodia,FALSE,Asia,South-eastern Asia,,Asia,South-eastern-Asia,,Developing,Bacteria,0,0,800,0,800,0.0,0.0,100.0,True,Lower middle income,True,Lower middle income,True,False
TUV,TV,TV,Tuvalu,FALSE,Oceania,Polynesia,,Oceania,Polynesia,,Developing,Chromista,0,24,772,0,796,0.0,3.02,96.98,True,Upper middle income,True,Upper middle income,True,True
MLT,MT,MT,Malta,TRUE,Europe,Southern Europe,,Europe,Southern-Europe,,Developed,incertae sedis,0,746,45,0,791,0.0,94.31,5.69,True,High income,True,High income,False,False
GRL,GL,GL,Greenland,FALSE,Americas,Northern America,,Americas,Northern-America,,Developed,Protozoa,0,16,769,0,785,0.0,2.04,97.96,,,,,,
SWZ,SZ,SZ,Swaziland,FALSE,Africa,Sub-Saharan Africa,Southern Africa,Africa,Sub-Saharan-Africa,Southern-Africa,Developing,Chromista,0,735,44,0,779,0.0,94.35,5.65,True,Lower middle income,True,Lower middle income,False,False
SDN,SD,SD,Sudan,FALSE,Africa,Northern Africa,,Africa,Northern-Africa,,Developing,Viruses,0,0,777,0,777,0.0,0.0,100.0,True,Low income,True,Low income,True,False
ECU,EC,EC,Ecuador,FALSE,Americas,Latin America and the Caribbean,South America,Americas,Latin-America-and-the-Caribbean,South-America,Developing,Viruses,0,5,765,0,770,0.0,0.65,99.35,True,Upper middle income,True,Upper middle income,False,False
SLV,SV,SV,El Salvador,FALSE,Americas,Latin America and the Caribbean,Central America,Americas,Latin-America-and-the-Caribbean,Central-America,Developing,incertae sedis,0,131,638,0,769,0.0,17.04,82.96,True,Upper middle income,True,Upper middle income,False,False
EST,EE,EE,Estonia,TRUE,Europe,Northern Europe,,Europe,Northern-Europe,,Developed,Viruses,0,762,0,0,762,0.0,100.0,0.0,True,High income,True,High income,False,False
SGP,SG,SG,Singapore,FALSE,Asia,South-eastern Asia,,Asia,South-eastern-Asia,,Developing,Viruses,0,0,758,0,758,0.0,0.0,100.0,True,High income,True,High income,False,True
BFA,BF,BF,Burkina Faso,FALSE,Africa,Sub-Saharan Africa,Western Africa,Africa,Sub-Saharan-Africa,Western-Africa,Developing,Viruses,0,0,753,0,753,0.0,0.0,100.0,True,Low income,True,Low income,True,False
BEL,BE,BE,Belgium,TRUE,Europe,Western Europe,,Europe,Western-Europe,,Developed,Archaea,14,733,0,0,747,1.87,98.13,0.0,True,High income,True,High income,False,False
LBY,LY,LY,Libya,FALSE,Africa,Northern Africa,,Africa,Northern-Africa,,Developing,incertae sedis,0,0,745,0,745,0.0,0.0,100.0,True,Upper middle income,True,Upper middle income,False,False
ATG,AG,AG,Antigua and Barbuda,FALSE,Americas,Latin America and the Caribbean,Caribbean,Americas,Latin-America-and-the-Caribbean,Caribbean,Developing,Protozoa,0,6,738,0,744,0.0,0.81,99.19,True,High income,True,High income,False,True
IRQ,IQ,IQ,Iraq,FALSE,Asia,Western Asia,,Asia,Western-Asia,,Developing,incertae sedis,0,0,727,0,727,0.0,0.0,100.0,True,Upper middle income,True,Upper middle income,False,False
MDA,MD,MD,"Moldova, Republic of",FALSE,Europe,Eastern Europe,,Europe,Eastern-Europe,,Developed,Fungi,0,522,205,0,727,0.0,71.8,28.2,True,Upper middle income,True,Upper middle income,False,False
COD,CD,CD,"Congo, the Democratic Republic of the",FALSE,Africa,Sub-Saharan Africa,Middle Africa,Africa,Sub-Saharan-Africa,Middle-Africa,Developing,Protozoa,0,0,722,0,722,0.0,0.0,100.0,True,Low income,True,Low income,True,False
KAZ,KZ,KZ,Kazakhstan,FALSE,Asia,Central Asia,,Asia,Central-Asia,,Developing,Viruses,0,0,720,0,720,0.0,0.0,100.0,True,Upper middle income,True,Upper middle income,False,False
ARG,AR,AR,Argentina,FALSE,Americas,Latin America and the Caribbean,South America,Americas,Latin-America-and-the-Caribbean,South-America,Developing,Archaea,0,18,697,0,715,0.0,2.52,97.48,True,Upper middle income,True,Upper middle income,False,False
ISR,IL,IL,Israel,FALSE,Asia,Western Asia,,Asia,Western-Asia,,Developing,Archaea,0,0,713,0,713,0.0,0.0,100.0,True,High income,True,High income,False,False
TUR,TR,TR,Turkey,FALSE,Asia,Western Asia,,Asia,Western-Asia,,Developing,Protozoa,0,0,708,0,708,0.0,0.0,100.0,True,Upper middle income,True,Upper middle income,False,False
LAO,LA,LA,Lao People's Democratic Republic,FALSE,Asia,South-eastern Asia,,Asia,South-eastern-Asia,,Developing,Bacteria,0,0,703,0,703,0.0,0.0,100.0,True,Lower middle income,True,Lower middle income,True,False
ATA,AQ,AQ,Antarctica,FALSE,,,,,,,,Viruses,0,0,695,0,695,0.0,0.0,100.0,,,,,,
SRB,RS,RS,Serbia,FALSE,Europe,Southern Europe,,Europe,Southern-Europe,,Developed,Bacteria,0,679,12,0,691,0.0,98.26,1.74,True,Upper middle income,True,Upper middle income,False,False
NRU,NR,NR,Nauru,FALSE,Oceania,Micronesia,,Oceania,Micronesia,,Developing,Plantae,0,170,516,0,686,0.0,24.78,75.22,True,High income,True,High income,False,True
MAR,MA,MA,Morocco,FALSE,Africa,Northern Africa,,Africa,Northern-Africa,,Developing,Protozoa,0,0,683,0,683,0.0,0.0,100.0,True,Lower middle income,True,Lower middle income,False,False
CXR,CX,CX,Christmas Island,FALSE,Oceania,Australia and New Zealand,,Oceania,Australia-and-New-Zealand,,Developed,incertae sedis,0,237,444,0,681,0.0,34.8,65.2,,,,,,
CPV,CV,CV,Cabo Verde,FALSE,Africa,Sub-Saharan Africa,Western Africa,Africa,Sub-Saharan-Africa,Western-Africa,Developing,Archaea,0,0,678,0,678,0.0,0.0,100.0,True,Upper middle income,True,Upper middle income,False,True
BGR,BG,BG,Bulgaria,TRUE,Europe,Eastern Europe,,Europe,Eastern-Europe,,Developed,Protozoa,0,207,468,0,675,0.0,30.67,69.33,True,High income,True,High income,False,False
ALB,AL,AL,Albania,FALSE,Europe,Southern Europe,,Europe,Southern-Europe,,Developed,incertae sedis,0,473,197,0,670,0.0,70.6,29.4,True,Upper middle income,True,Upper middle income,False,False
BTN,BT,BT,Bhutan,FALSE,Asia,Southern Asia,,Asia,Southern-Asia,,Developing,Viruses,0,0,668,0,668,0.0,0.0,100.0,True,Lower middle income,True,Lower middle income,False,False
NPL,NP,NP,Nepal,FALSE,Asia,Southern Asia,,Asia,Southern-Asia,,Developing,Viruses,0,0,666,0,666,0.0,0.0,100.0,True,Lower middle income,True,Lower middle income,True,False
GTM,GT,GT,Guatemala,FALSE,Americas,Latin America and the Caribbean,Central America,Americas,Latin-America-and-the-Caribbean,Central-America,Developing,Protozoa,0,290,376,0,666,0.0,43.54,56.46,True,Upper middle income,True,Upper middle income,False,False
MNE,ME,ME,Montenegro,FALSE,Europe,Southern Europe,,Europe,Southern-Europe,,Developed,Chromista,0,554,111,0,665,0.0,83.31,16.69,True,Upper middle income,True,Upper middle income,False,False
MOZ,MZ,MZ,Mozambique,FALSE,Africa,Sub-Saharan Africa,Eastern Africa,Africa,Sub-Saharan-Africa,Eastern-Africa,Developing,Viruses,0,0,664,0,664,0.0,0.0,100.0,True,Low income,True,Low income,True,False
NFK,NF,NF,Norfolk Island,FALSE,Oceania,Australia and New Zealand,,Oceania,Australia-and-New-Zealand,,Developed,incertae sedis,0,316,348,0,664,0.0,47.59,52.41,,,,,,
ZMB,ZM,ZM,Zambia,FALSE,Africa,Sub-Saharan Africa,Eastern Africa,Africa,Sub-Saharan-Africa,Eastern-Africa,Developing,Bacteria,0,0,663,0,663,0.0,0.0,100.0,True,Lower middle income,True,Lower middle income,True,False
CRI,CR,CR,Costa Rica,FALSE,Americas,Latin America and the Caribbean,Central America,Americas,Latin-America-and-the-Caribbean,Central-America,Developing,Viruses,0,3,660,0,663,0.0,0.45,99.55,True,High income,True,High income,False,False
BIH,BA,BA,Bosnia and Herzegovina,FALSE,Europe,Southern Europe,,Europe,Southern-Europe,,Developed,Bacteria,0,628,30,0,658,0.0,95.44,4.56,True,Upper middle income,True,Upper middle income,False,False
SLE,SL,SL,Sierra Leone,FALSE,Africa,Sub-Saharan Africa,Western Africa,Africa,Sub-Saharan-Africa,Western-Africa,Developing,Chromista,0,24,634,0,658,0.0,3.65,96.35,True,Low income,True,Low income,False,False
PRT,PT,PT,Portugal,TRUE,Europe,Southern Europe,,Europe,Southern-Europe,,Developed,Archaea,0,584,63,0,647,0.0,90.26,9.74,True,High income,True,High income,False,False
LVA,LV,LV,Latvia,TRUE,Europe,Northern Europe,,Europe,Northern-Europe,,Developed,Viruses,0,646,0,0,646,0.0,100.0,0.0,True,High income,True,High income,False,False
CUB,CU,CU,Cuba,FALSE,Americas,Latin America and the Caribbean,Caribbean,Americas,Latin-America-and-the-Caribbean,Caribbean,Developing,Viruses,0,0,643,0,643,0.0,0.0,100.0,True,Upper middle income,True,Upper middle income,False,True
MDA,MD,MD,"Moldova, Republic of",FALSE,Europe,Eastern Europe,,Europe,Eastern-Europe,,Developed,incertae sedis,0,517,126,0,643,0.0,80.4,19.6,True,Upper middle income,True,Upper middle income,False,False
ARE,AE,AE,United Arab Emirates,FALSE,Asia,Western Asia,,Asia,Western-Asia,,Developing,incertae sedis,0,0,641,0,641,0.0,0.0,100.0,True,High income,True,High income,False,False
LBR,LR,LR,Liberia,FALSE,Africa,Sub-Saharan Africa,Western Africa,Africa,Sub-Saharan-Africa,Western-Africa,Developing,Chromista,0,40,594,0,634,0.0,6.31,93.69,True,Low income,True,Low income,True,False
GIN,GN,GN,Guinea,FALSE,Africa,Sub-Saharan Africa,Western Africa,Africa,Sub-Saharan-Africa,Western-Africa,Developing,Chromista,0,0,633,0,633,0.0,0.0,100.0,True,Lower middle income,True,Lower middle income,True,False
GNB,GW,GW,Guinea-Bissau,FALSE,Africa,Sub-Saharan Africa,Western Africa,Africa,Sub-Saharan-Africa,Western-Africa,Developing,incertae sedis,0,0,628,0,628,0.0,0.0,100.0,True,Low income,True,Low income,True,True
TUV,TV,TV,Tuvalu,FALSE,Oceania,Polynesia,,Oceania,Polynesia,,Developing,Plantae,0,227,400,0,627,0.0,36.2,63.8,True,Upper middle income,True,Upper middle income,True,True
NER,NE,NE,Niger,FALSE,Africa,Sub-Saharan Africa,Western Africa,Africa,Sub-Saharan-Africa,Western-Africa,Developing,incertae sedis,6,0,619,0,625,0.96,0.0,99.04,True,Low income,True,Low income,True,False
TJK,TJ,TJ,Tajikistan,FALSE,Asia,Central Asia,,Asia,Central-Asia,,Developing,incertae sedis,1,0,623,0,624,0.16,0.0,99.84,True,Lower middle income,True,Lower middle income,True,False
MNG,MN,MN,Mongolia,FALSE,Asia,Eastern Asia,,Asia,Eastern-Asia,,Developing,Bacteria,0,0,621,0,621,0.0,0.0,100.0,True,Upper middle income,True,Upper middle income,False,False
MMR,MM,MM,Myanmar,FALSE,Asia,South-eastern Asia,,Asia,South-eastern-Asia,,Developing,Viruses,0,0,618,0,618,0.0,0.0,100.0,True,Lower middle income,True,Lower middle income,True,False
NGA,NG,NG,Nigeria,FALSE,Africa,Sub-Saharan Africa,Western Africa,Africa,Sub-Saharan-Africa,Western-Africa,Developing,Protozoa,448,0,168,0,616,72.73,0.0,27.27,True,Lower middle income,True,Lower middle income,False,False
VGB,VG,VG,"Virgin Islands, British",FALSE,Americas,Latin America and the Caribbean,Caribbean,Americas,Latin-America-and-the-Caribbean,Caribbean,Developing,Bacteria,0,8,608,0,616,0.0,1.3,98.7,,,,,,
FSM,FM,FM,"Micronesia, Federated States of",FALSE,Oceania,Micronesia,,Oceania,Micronesia,,Developing,Archaea,0,0,613,0,613,0.0,0.0,100.0,True,Lower middle income,True,Lower middle income,False,True
MYT,YT,YT,Mayotte,FALSE,Africa,Sub-Saharan Africa,Eastern Africa,Africa,Sub-Saharan-Africa,Eastern-Africa,Developing,Protozoa,0,0,613,0,613,0.0,0.0,100.0,,,,,,
TGO,TG,TG,Togo,FALSE,Africa,Sub-Saharan Africa,Western Africa,Africa,Sub-Saharan-Africa,Western-Africa,Developing,incertae sedis,483,0,124,0,607,79.57,0.0,20.43,True,Low income,True,Low income,True,False
ALA,AX,AX,Aland Islands,FALSE,Europe,Northern Europe,,Europe,Northern-Europe,,Developed,Chromista,0,575,31,0,606,0.0,94.88,5.12,,,,,,
ARM,AM,AM,Armenia,FALSE,Asia,Western Asia,,Asia,Western-Asia,,Developing,incertae sedis,17,0,587,0,604,2.81,0.0,97.19,True,Upper middle income,True,Upper middle income,False,False
SHN,SH,SH,"Saint Helena, Ascension and Tristan da Cunha",FALSE,Africa,Sub-Saharan Africa,Western Africa,Africa,Sub-Saharan-Africa,Western-Africa,Developing,Protozoa,0,0,602,0,602,0.0,0.0,100.0,,,,,,
IRN,IR,IR,"Iran, Islamic Republic of",FALSE,Asia,Southern Asia,,Asia,Southern-Asia,,Developing,Protozoa,34,0,566,0,600,5.67,0.0,94.33,True,Upper middle income,True,Upper middle income,False,False
LBR,LR,LR,Liberia,FALSE,Africa,Sub-Saharan Africa,Western Africa,Africa,Sub-Saharan-Africa,Western-Africa,Developing,incertae sedis,0,1,594,0,595,0.0,0.17,99.83,True,Low income,True,Low income,True,False
LKA,LK,LK,Sri Lanka,FALSE,Asia,Southern Asia,,Asia,Southern-Asia,,Developing,Viruses,0,0,594,0,594,0.0,0.0,100.0,True,Lower middle income,True,Lower middle income,False,False
STP,ST,ST,Sao Tome and Principe,FALSE,Africa,Sub-Saharan Africa,Middle Africa,Africa,Sub-Saharan-Africa,Middle-Africa,Developing,Fungi,0,0,593,0,593,0.0,0.0,100.0,True,Lower middle income,True,Lower middle income,True,True
KWT,KW,KW,Kuwait,FALSE,Asia,Western Asia,,Asia,Western-Asia,,Developing,Fungi,0,2,587,0,589,0.0,0.34,99.66,True,High income,True,High income,False,False
BVT,BV,BV,Bouvet Island,FALSE,Americas,Latin America and the Caribbean,South America,Americas,Latin-America-and-the-Caribbean,South-America,Developing,Chromista,0,0,589,0,589,0.0,0.0,100.0,,,,,,
SGS,GS,GS,South Georgia and the South Sandwich Islands,FALSE,Americas,Latin America and the Caribbean,South America,Americas,Latin-America-and-the-Caribbean,South-America,Developing,Protozoa,0,162,426,0,588,0.0,27.55,72.45,,,,,,
MWI,MW,MW,Malawi,FALSE,Africa,Sub-Saharan Africa,Eastern Africa,Africa,Sub-Saharan-Africa,Eastern-Africa,Developing,incertae sedis,8,7,568,0,583,1.37,1.2,97.43,True,Low income,True,Low income,True,False
GGY,GG,GG,Guernsey,FALSE,Europe,Northern Europe,Channel Islands,Europe,Northern-Europe,Channel-Islands,Developed,Fungi,0,494,88,0,582,0.0,84.88,15.12,,,,,,
THA,TH,TH,Thailand,FALSE,Asia,South-eastern Asia,,Asia,South-eastern-Asia,,Developing,Archaea,0,0,571,0,571,0.0,0.0,100.0,True,Upper middle income,True,Upper middle income,False,False
BLR,BY,BY,Belarus,FALSE,Europe,Eastern Europe,,Europe,Eastern-Europe,,Developed,incertae sedis,0,504,67,0,571,0.0,88.27,11.73,True,Upper middle income,True,Upper middle income,False,False
UZB,UZ,UZ,Uzbekistan,FALSE,Asia,Central Asia,,Asia,Central-Asia,,Developing,Bacteria,462,2,105,0,569,81.2,0.35,18.45,True,Lower middle income,True,Lower middle income,False,False
ATG,AG,AG,Antigua and Barbuda,FALSE,Americas,Latin America and the Caribbean,Caribbean,Americas,Latin-America-and-the-Caribbean,Caribbean,Developing,Chromista,0,453,116,0,569,0.0,79.61,20.39,True,High income,True,High income,False,True
MYS,MY,MY,Malaysia,FALSE,Asia,South-eastern Asia,,Asia,South-eastern-Asia,,Developing,Protozoa,0,0,566,0,566,0.0,0.0,100.0,True,Upper middle income,True,Upper middle income,False,False
TON,TO,TO,Tonga,FALSE,Oceania,Polynesia,,Oceania,Polynesia,,Developing,Archaea,0,0,562,0,562,0.0,0.0,100.0,True,Upper middle income,True,Upper middle income,False,True
ARE,AE,AE,United Arab Emirates,FALSE,Asia,Western Asia,,Asia,Western-Asia,,Developing,Viruses,0,0,557,0,557,0.0,0.0,100.0,True,High income,True,High income,False,False
GUF,GF,GF,French Guiana,FALSE,Americas,Latin America and the Caribbean,South America,Americas,Latin-America-and-the-Caribbean,South-America,Developing,Protozoa,0,83,474,0,557,0.0,14.9,85.1,,,,,,
SLE,SL,SL,Sierra Leone,FALSE,Africa,Sub-Saharan Africa,Western Africa,Africa,Sub-Saharan-Africa,Western-Africa,Developing,Viruses,0,0,555,0,555,0.0,0.0,100.0,True,Low income,True,Low income,False,False
JOR,JO,JO,Jordan,FALSE,Asia,Western Asia,,Asia,Western-Asia,,Developing,Bacteria,0,1,552,0,553,0.0,0.18,99.82,True,Lower middle income,True,Lower middle income,False,False
TTO,TT,TT,Trinidad and Tobago,FALSE,Americas,Latin America and the Caribbean,Caribbean,Americas,Latin-America-and-the-Caribbean,Caribbean,Developing,Protozoa,1,144,406,0,551,0.18,26.13,73.68,True,High income,True,High income,False,True
SVK,SK,SK,Slovakia,TRUE,Europe,Eastern Europe,,Europe,Eastern-Europe,,Developed,Viruses,0,546,1,0,547,0.0,99.82,0.18,True,High income,True,High income,False,False
NAM,NA,,Namibia,FALSE,Africa,Sub-Saharan Africa,Southern Africa,Africa,Sub-Saharan-Africa,Southern-Africa,Developing,Viruses,0,0,541,0,541,0.0,0.0,100.0,True,Lower middle income,True,Lower middle income,False,False
BIH,BA,BA,Bosnia and Herzegovina,FALSE,Europe,Southern Europe,,Europe,Southern-Europe,,Developed,incertae sedis,0,491,49,0,540,0.0,90.93,9.07,True,Upper middle income,True,Upper middle income,False,False
PAK,PK,PK,Pakistan,FALSE,Asia,Southern Asia,,Asia,Southern-Asia,,Developing,Protozoa,0,0,538,0,538,0.0,0.0,100.0,True,Lower middle income,True,Lower middle income,False,False
AFG,AF,AF,Afghanistan,FALSE,Asia,Southern Asia,,Asia,Southern-Asia,,Developing,Viruses,0,0,538,0,538,0.0,0.0,100.0,True,Low income,True,Low income,True,False
SLE,SL,SL,Sierra Leone,FALSE,Africa,Sub-Saharan Africa,Western Africa,Africa,Sub-Saharan-Africa,Western-Africa,Developing,incertae sedis,0,0,536,0,536,0.0,0.0,100.0,True,Low income,True,Low income,False,False
ARM,AM,AM,Armenia,FALSE,Asia,Western Asia,,Asia,Western-Asia,,Developing,Chromista,0,0,532,0,532,0.0,0.0,100.0,True,Upper middle income,True,Upper middle income,False,False
VGB,VG,VG,"Virgin Islands, British",FALSE,Americas,Latin America and the Caribbean,Caribbean,Americas,Latin-America-and-the-Caribbean,Caribbean,Developing,incertae sedis,0,19,507,0,526,0.0,3.61,96.39,,,,,,
IMN,IM,IM,Isle of Man,FALSE,Europe,Northern Europe,,Europe,Northern-Europe,,Developed,Protozoa,377,145,3,0,525,71.81,27.62,0.57,,,,,,
MYT,YT,YT,Mayotte,FALSE,Africa,Sub-Saharan Africa,Eastern Africa,Africa,Sub-Saharan-Africa,Eastern-Africa,Developing,incertae sedis,0,1,520,0,521,0.0,0.19,99.81,,,,,,
MUS,MU,MU,Mauritius,FALSE,Africa,Sub-Saharan Africa,Eastern Africa,Africa,Sub-Saharan-Africa,Eastern-Africa,Developing,Viruses,0,0,517,0,517,0.0,0.0,100.0,True,Upper middle income,True,Upper middle income,False,True
PHL,PH,PH,Philippines,FALSE,Asia,South-eastern Asia,,Asia,South-eastern-Asia,,Developing,Archaea,0,0,516,0,516,0.0,0.0,100.0,True,Lower middle income,True,Lower middle income,False,False
ERI,ER,ER,Eritrea,FALSE,Africa,Sub-Saharan Africa,Eastern Africa,Africa,Sub-Saharan-Africa,Eastern-Africa,Developing,Fungi,0,0,516,0,516,0.0,0.0,100.0,True,Low income,True,Low income,True,False
AGO,AO,AO,Angola,FALSE,Africa,Sub-Saharan Africa,Middle Africa,Africa,Sub-Saharan-Africa,Middle-Africa,Developing,incertae sedis,48,5,462,0,515,9.32,0.97,89.71,True,Lower middle income,True,Lower middle income,True,False
MNE,ME,ME,Montenegro,FALSE,Europe,Southern Europe,,Europe,Southern-Europe,,Developed,incertae sedis,0,479,33,0,512,0.0,93.55,6.45,True,Upper middle income,True,Upper middle income,False,False
OMN,OM,OM,Oman,FALSE,Asia,Western Asia,,Asia,Western-Asia,,Developing,Protozoa,0,0,512,0,512,0.0,0.0,100.0,True,High income,True,High income,False,False
PCN,PN,PN,Pitcairn,FALSE,Oceania,Polynesia,,Oceania,Polynesia,,Developing,incertae sedis,0,39,472,0,511,0.0,7.63,92.37,,,,,,
ALB,AL,AL,Albania,FALSE,Europe,Southern Europe,,Europe,Southern-Europe,,Developed,Chromista,0,485,23,0,508,0.0,95.47,4.53,True,Upper middle income,True,Upper middle income,False,False
SVN,SI,SI,Slovenia,TRUE,Europe,Southern Europe,,Europe,Southern-Europe,,Developed,Protozoa,373,78,56,0,507,73.57,15.38,11.05,True,High income,True,High income,False,False
MLT,MT,MT,Malta,TRUE,Europe,Southern Europe,,Europe,Southern-Europe,,Developed,Protozoa,0,496,11,0,507,0.0,97.83,2.17,True,High income,True,High income,False,False
TZA,TZ,TZ,"Tanzania, United Republic of",FALSE,Africa,Sub-Saharan Africa,Eastern Africa,Africa,Sub-Saharan-Africa,Eastern-Africa,Developing,Archaea,0,0,506,0,506,0.0,0.0,100.0,True,Lower middle income,True,Lower middle income,True,False
CYP,CY,CY,Cyprus,TRUE,Asia,Western Asia,,Asia,Western-Asia,,Developing,Protozoa,0,0,504,0,504,0.0,0.0,100.0,True,High income,True,High income,False,False
MAR,MA,MA,Morocco,FALSE,Africa,Northern Africa,,Africa,Northern-Africa,,Developing,Archaea,0,0,495,0,495,0.0,0.0,100.0,True,Lower middle income,True,Lower middle income,False,False
MLI,ML,ML,Mali,FALSE,Africa,Sub-Saharan Africa,Western Africa,Africa,Sub-Saharan-Africa,Western-Africa,Developing,Chromista,0,0,494,0,494,0.0,0.0,100.0,True,Low income,True,Low income,True,False
MHL,MH,MH,Marshall Islands,FALSE,Oceania,Micronesia,,Oceania,Micronesia,,Developing,Fungi,0,64,430,0,494,0.0,12.96,87.04,True,Upper middle income,True,Upper middle income,False,True
BFA,BF,BF,Burkina Faso,FALSE,Africa,Sub-Saharan Africa,Western Africa,Africa,Sub-Saharan-Africa,Western-Africa,Developing,Chromista,2,0,491,0,493,0.41,0.0,99.59,True,Low income,True,Low income,True,False
MTQ,MQ,MQ,Martinique,FALSE,Americas,Latin America and the Caribbean,Caribbean,Americas,Latin-America-and-the-Caribbean,Caribbean,Developing,Bacteria,0,21,472,0,493,0.0,4.26,95.74,,,,,,
JOR,JO,JO,Jordan,FALSE,Asia,Western Asia,,Asia,Western-Asia,,Developing,Viruses,0,0,489,0,489,0.0,0.0,100.0,True,Lower middle income,True,Lower middle income,False,False
BOL,BO,BO,"Bolivia, Plurinational State of",FALSE,Americas,Latin America and the Caribbean,South America,Americas,Latin-America-and-the-Caribbean,South-America,Developing,Protozoa,0,130,358,0,488,0.0,26.64,73.36,True,Lower middle income,True,Lower middle income,False,False
BGD,BD,BD,Bangladesh,FALSE,Asia,Southern Asia,,Asia,Southern-Asia,,Developing,incertae sedis,0,0,486,0,486,0.0,0.0,100.0,True,Lower middle income,True,Lower middle income,True,False
ESH,EH,EH,Western Sahara,FALSE,Africa,Northern Africa,,Africa,Northern-Africa,,Developing,incertae sedis,0,0,483,0,483,0.0,0.0,100.0,,,,,,
AZE,AZ,AZ,Azerbaijan,FALSE,Asia,Western Asia,,Asia,Western-Asia,,Developing,Archaea,0,0,482,0,482,0.0,0.0,100.0,True,Upper middle income,True,Upper middle income,False,False
HTI,HT,HT,Haiti,FALSE,Americas,Latin America and the Caribbean,Caribbean,Americas,Latin-America-and-the-Caribbean,Caribbean,Developing,incertae sedis,0,244,228,0,472,0.0,51.69,48.31,True,Lower middle income,True,Lower middle income,True,True
BFA,BF,BF,Burkina Faso,FALSE,Africa,Sub-Saharan Africa,Western Africa,Africa,Sub-Saharan-Africa,Western-Africa,Developing,incertae sedis,10,4,457,0,471,2.12,0.85,97.03,True,Low income,True,Low income,True,False
KIR,KI,KI,Kiribati,FALSE,Oceania,Micronesia,,Oceania,Micronesia,,Developing,Archaea,0,0,466,0,466,0.0,0.0,100.0,True,Lower middle income,True,Lower middle income,True,True
NIC,NI,NI,Nicaragua,FALSE,Americas,Latin America and the Caribbean,Central America,Americas,Latin-America-and-the-Caribbean,Central-America,Developing,Protozoa,0,230,235,0,465,0.0,49.46,50.54,True,Lower middle income,True,Lower middle income,False,False
MWI,MW,MW,Malawi,FALSE,Africa,Sub-Saharan Africa,Eastern Africa,Africa,Sub-Saharan-Africa,Eastern-Africa,Developing,Viruses,0,0,464,0,464,0.0,0.0,100.0,True,Low income,True,Low income,True,False
NER,NE,NE,Niger,FALSE,Africa,Sub-Saharan Africa,Western Africa,Africa,Sub-Saharan-Africa,Western-Africa,Developing,Fungi,0,46,418,0,464,0.0,9.91,90.09,True,Low income,True,Low income,True,False
CYM,KY,KY,Cayman Islands,FALSE,Americas,Latin America and the Caribbean,Caribbean,Americas,Latin-America-and-the-Caribbean,Caribbean,Developing,Fungi,0,325,139,0,464,0.0,70.04,29.96,,,,,,
RWA,RW,RW,Rwanda,FALSE,Africa,Sub-Saharan Africa,Eastern Africa,Africa,Sub-Saharan-Africa,Eastern-Africa,Developing,Protozoa,0,0,463,0,463,0.0,0.0,100.0,True,Low income,True,Low income,True,False
ALA,AX,AX,Aland Islands,FALSE,Europe,Northern Europe,,Europe,Northern-Europe,,Developed,Bacteria,0,461,1,0,462,0.0,99.78,0.22,,,,,,
LAO,LA,LA,Lao People's Democratic Republic,FALSE,Asia,South-eastern Asia,,Asia,South-eastern-Asia,,Developing,incertae sedis,0,1,460,0,461,0.0,0.22,99.78,True,Lower middle income,True,Lower middle income,True,False
MLI,ML,ML,Mali,FALSE,Africa,Sub-Saharan Africa,Western Africa,Africa,Sub-Saharan-Africa,Western-Africa,Developing,Bacteria,0,2,457,0,459,0.0,0.44,99.56,True,Low income,True,Low income,True,False
SOM,SO,SO,Somalia,FALSE,Africa,Sub-Saharan Africa,Eastern Africa,Africa,Sub-Saharan-Africa,Eastern-Africa,Developing,incertae sedis,86,0,367,0,453,18.98,0.0,81.02,True,Low income,True,Low income,True,False
NIU,NU,NU,Niue,FALSE,Oceania,Polynesia,,Oceania,Polynesia,,Developing,Archaea,0,0,450,0,450,0.0,0.0,100.0,True,High income,True,High income,False,True
UMI,UM,UM,United States Minor Outlying Islands,FALSE,Oceania,Micronesia,,Oceania,Micronesia,,Developing,incertae sedis,0,0,448,0,448,0.0,0.0,100.0,,,,,,
MOZ,MZ,MZ,Mozambique,FALSE,Africa,Sub-Saharan Africa,Eastern Africa,Africa,Sub-Saharan-Africa,Eastern-Africa,Developing,Bacteria,0,3,443,0,446,0.0,0.67,99.33,True,Low income,True,Low income,True,False
MWI,MW,MW,Malawi,FALSE,Africa,Sub-Saharan Africa,Eastern Africa,Africa,Sub-Saharan-Africa,Eastern-Africa,Developing,Bacteria,0,0,446,0,446,0.0,0.0,100.0,True,Low income,True,Low income,True,False
MAF,MF,MF,Saint Martin (French part),FALSE,Americas,Latin America and the Caribbean,Caribbean,Americas,Latin-America-and-the-Caribbean,Caribbean,Developing,Chromista,0,15,426,0,441,0.0,3.4,96.6,,,,,,
TON,TO,TO,Tonga,FALSE,Oceania,Polynesia,,Oceania,Polynesia,,Developing,Viruses,0,0,436,0,436,0.0,0.0,100.0,True,Upper middle income,True,Upper middle income,False,True
ROU,RO,RO,Romania,TRUE,Europe,Eastern Europe,,Europe,Eastern-Europe,,Developed,Protozoa,0,145,286,0,431,0.0,33.64,66.36,True,High income,True,High income,False,False
DOM,DO,DO,Dominican Republic,FALSE,Americas,Latin America and the Caribbean,Caribbean,Americas,Latin-America-and-the-Caribbean,Caribbean,Developing,Protozoa,0,225,204,0,429,0.0,52.45,47.55,True,Upper middle income,True,Upper middle income,False,True
PNG,PG,PG,Papua New Guinea,FALSE,Oceania,Melanesia,,Oceania,Melanesia,,Developing,Protozoa,0,35,393,0,428,0.0,8.18,91.82,True,Lower middle income,True,Lower middle income,False,True
OMN,OM,OM,Oman,FALSE,Asia,Western Asia,,Asia,Western-Asia,,Developing,Viruses,0,0,425,0,425,0.0,0.0,100.0,True,High income,True,High income,False,False
HND,HN,HN,Honduras,FALSE,Americas,Latin America and the Caribbean,Central America,Americas,Latin-America-and-the-Caribbean,Central-America,Developing,Bacteria,0,237,187,0,424,0.0,55.9,44.1,True,Lower middle income,True,Lower middle income,False,False
KWT,KW,KW,Kuwait,FALSE,Asia,Western Asia,,Asia,Western-Asia,,Developing,incertae sedis,0,0,423,0,423,0.0,0.0,100.0,True,High income,True,High income,False,False
GLP,GP,GP,Guadeloupe,FALSE,Americas,Latin America and the Caribbean,Caribbean,Americas,Latin-America-and-the-Caribbean,Caribbean,Developing,Protozoa,0,55,362,0,417,0.0,13.19,86.81,,,,,,
KAZ,KZ,KZ,Kazakhstan,FALSE,Asia,Central Asia,,Asia,Central-Asia,,Developing,Bacteria,0,0,415,0,415,0.0,0.0,100.0,True,Upper middle income,True,Upper middle income,False,False
JOR,JO,JO,Jordan,FALSE,Asia,Western Asia,,Asia,Western-Asia,,Developing,Chromista,0,4,409,0,413,0.0,0.97,99.03,True,Lower middle income,True,Lower middle income,False,False
DZA,DZ,DZ,Algeria,FALSE,Africa,Northern Africa,,Africa,Northern-Africa,,Developing,Viruses,0,0,413,0,413,0.0,0.0,100.0,True,Upper middle income,True,Upper middle income,False,False
WSM,WS,WS,Samoa,FALSE,Oceania,Polynesia,,Oceania,Polynesia,,Developing,Chromista,0,23,388,0,411,0.0,5.6,94.4,True,Upper middle income,True,Upper middle income,False,True
KHM,KH,KH,Cambodia,FALSE,Asia,South-eastern Asia,,Asia,South-eastern-Asia,,Developing,incertae sedis,0,0,411,0,411,0.0,0.0,100.0,True,Lower middle income,True,Lower middle income,True,False
HTI,HT,HT,Haiti,FALSE,Americas,Latin America and the Caribbean,Caribbean,Americas,Latin-America-and-the-Caribbean,Caribbean,Developing,Protozoa,0,10,399,0,409,0.0,2.44,97.56,True,Lower middle income,True,Lower middle income,True,True
ARE,AE,AE,United Arab Emirates,FALSE,Asia,Western Asia,,Asia,Western-Asia,,Developing,Bacteria,0,0,409,0,409,0.0,0.0,100.0,True,High income,True,High income,False,False
ISL,IS,IS,Iceland,FALSE,Europe,Northern Europe,,Europe,Northern-Europe,,Developed,Viruses,0,408,0,0,408,0.0,100.0,0.0,True,High income,True,High income,False,False
BES,BQ,BQ,"Bonaire, Sint Eustatius and Saba",FALSE,Americas,Latin America and the Caribbean,Caribbean,Americas,Latin-America-and-the-Caribbean,Caribbean,Developing,Chromista,0,82,326,0,408,0.0,20.1,79.9,,,,,,
LBY,LY,LY,Libya,FALSE,Africa,Northern Africa,,Africa,Northern-Africa,,Developing,Protozoa,0,0,407,0,407,0.0,0.0,100.0,True,Upper middle income,True,Upper middle income,False,False
BLR,BY,BY,Belarus,FALSE,Europe,Eastern Europe,,Europe,Eastern-Europe,,Developed,Viruses,0,405,1,0,406,0.0,99.75,0.25,True,Upper middle income,True,Upper middle income,False,False
KEN,KE,KE,Kenya,FALSE,Africa,Sub-Saharan Africa,Eastern Africa,Africa,Sub-Saharan-Africa,Eastern-Africa,Developing,Archaea,0,0,405,0,405,0.0,0.0,100.0,True,Lower middle income,True,Lower middle income,False,False
KAZ,KZ,KZ,Kazakhstan,FALSE,Asia,Central Asia,,Asia,Central-Asia,,Developing,Chromista,0,0,404,0,404,0.0,0.0,100.0,True,Upper middle income,True,Upper middle income,False,False
GMB,GM,GM,Gambia,FALSE,Africa,Sub-Saharan Africa,Western Africa,Africa,Sub-Saharan-Africa,Western-Africa,Developing,Fungi,0,0,403,0,403,0.0,0.0,100.0,True,Low income,True,Low income,True,False
JOR,JO,JO,Jordan,FALSE,Asia,Western Asia,,Asia,Western-Asia,,Developing,Fungi,0,19,384,0,403,0.0,4.71,95.29,True,Lower middle income,True,Lower middle income,False,False
BOL,BO,BO,"Bolivia, Plurinational State of",FALSE,Americas,Latin America and the Caribbean,South America,Americas,Latin-America-and-the-Caribbean,South-America,Developing,Archaea,0,0,402,0,402,0.0,0.0,100.0,True,Lower middle income,True,Lower middle income,False,False
TCD,TD,TD,Chad,FALSE,Africa,Sub-Saharan Africa,Middle Africa,Africa,Sub-Saharan-Africa,Middle-Africa,Developing,incertae sedis,0,0,398,0,398,0.0,0.0,100.0,True,Low income,True,Low income,True,False
SYR,SY,SY,Syrian Arab Republic,FALSE,Asia,Western Asia,,Asia,Western-Asia,,Developing,Bacteria,0,0,395,0,395,0.0,0.0,100.0,True,Low income,True,Low income,False,False
KWT,KW,KW,Kuwait,FALSE,Asia,Western Asia,,Asia,Western-Asia,,Developing,Chromista,0,0,395,0,395,0.0,0.0,100.0,True,High income,True,High income,False,False
CCK,CC,CC,Cocos (Keeling) Islands,FALSE,Oceania,Australia and New Zealand,,Oceania,Australia-and-New-Zealand,,Developed,Bacteria,0,0,391,0,391,0.0,0.0,100.0,,,,,,
WSM,WS,WS,Samoa,FALSE,Oceania,Polynesia,,Oceania,Polynesia,,Developing,Bacteria,0,19,370,0,389,0.0,4.88,95.12,True,Upper middle income,True,Upper middle income,False,True
TLS,TL,TL,Timor-Leste,FALSE,Asia,South-eastern Asia,,Asia,South-eastern-Asia,,Developing,incertae sedis,0,0,384,0,384,0.0,0.0,100.0,True,Lower middle income,True,Lower middle income,True,True
SLV,SV,SV,El Salvador,FALSE,Americas,Latin America and the Caribbean,Central America,Americas,Latin-America-and-the-Caribbean,Central-America,Developing,Chromista,0,203,175,0,378,0.0,53.7,46.3,True,Upper middle income,True,Upper middle income,False,False
BLR,BY,BY,Belarus,FALSE,Europe,Eastern Europe,,Europe,Eastern-Europe,,Developed,Protozoa,0,63,313,0,376,0.0,16.76,83.24,True,Upper middle income,True,Upper middle income,False,False
VNM,VN,VN,Viet Nam,FALSE,Asia,South-eastern Asia,,Asia,South-eastern-Asia,,Developing,Archaea,0,0,373,0,373,0.0,0.0,100.0,True,Lower middle income,True,Lower middle income,False,False
HND,HN,HN,Honduras,FALSE,Americas,Latin America and the Caribbean,Central America,Americas,Latin-America-and-the-Caribbean,Central-America,Developing,Chromista,0,148,225,0,373,0.0,39.68,60.32,True,Lower middle income,True,Lower middle income,False,False
LUX,LU,LU,Luxembourg,TRUE,Europe,Western Europe,,Europe,Western-Europe,,Developed,Protozoa,177,137,58,0,372,47.58,36.83,15.59,True,High income,True,High income,False,False
TON,TO,TO,Tonga,FALSE,Oceania,Polynesia,,Oceania,Polynesia,,Developing,incertae sedis,1,75,295,0,371,0.27,20.22,79.51,True,Upper middle income,True,Upper middle income,False,True
LBR,LR,LR,Liberia,FALSE,Africa,Sub-Saharan Africa,Western Africa,Africa,Sub-Saharan-Africa,Western-Africa,Developing,Protozoa,0,0,370,0,370,0.0,0.0,100.0,True,Low income,True,Low income,True,False
HMD,HM,HM,Heard Island and McDonald Islands,FALSE,Oceania,Australia and New Zealand,,Oceania,Australia-and-New-Zealand,,Developed,incertae sedis,0,16,352,0,368,0.0,4.35,95.65,,,,,,
PLW,PW,PW,Palau,FALSE,Oceania,Micronesia,,Oceania,Micronesia,,Developing,incertae sedis,1,0,364,0,365,0.27,0.0,99.73,True,High income,True,High income,False,True
ASM,AS,AS,American Samoa,FALSE,Oceania,Polynesia,,Oceania,Polynesia,,Developing,Archaea,0,0,362,0,362,0.0,0.0,100.0,,,,,,
PAK,PK,PK,Pakistan,FALSE,Asia,Southern Asia,,Asia,Southern-Asia,,Developing,Archaea,0,0,361,0,361,0.0,0.0,100.0,True,Lower middle income,True,Lower middle income,False,False
AZE,AZ,AZ,Azerbaijan,FALSE,Asia,Western Asia,,Asia,Western-Asia,,Developing,Viruses,0,0,359,0,359,0.0,0.0,100.0,True,Upper middle income,True,Upper middle income,False,False
ZMB,ZM,ZM,Zambia,FALSE,Africa,Sub-Saharan Africa,Eastern Africa,Africa,Sub-Saharan-Africa,Eastern-Africa,Developing,Protozoa,0,0,359,0,359,0.0,0.0,100.0,True,Lower middle income,True,Lower middle income,True,False
TTO,TT,TT,Trinidad and Tobago,FALSE,Americas,Latin America and the Caribbean,Caribbean,Americas,Latin-America-and-the-Caribbean,Caribbean,Developing,Viruses,0,0,358,0,358,0.0,0.0,100.0,True,High income,True,High income,False,True
TKM,TM,TM,Turkmenistan,FALSE,Asia,Central Asia,,Asia,Central-Asia,,Developing,incertae sedis,0,0,356,0,356,0.0,0.0,100.0,True,Upper middle income,True,Upper middle income,False,False
URY,UY,UY,Uruguay,FALSE,Americas,Latin America and the Caribbean,South America,Americas,Latin-America-and-the-Caribbean,South-America,Developing,Protozoa,0,60,291,0,351,0.0,17.09,82.91,True,High income,True,High income,False,False
WLF,WF,WF,Wallis and Futuna,FALSE,Oceania,Polynesia,,Oceania,Polynesia,,Developing,Chromista,0,50,299,0,349,0.0,14.33,85.67,,,,,,
BIH,BA,BA,Bosnia and Herzegovina,FALSE,Europe,Southern Europe,,Europe,Southern-Europe,,Developed,Viruses,0,348,0,0,348,0.0,100.0,0.0,True,Upper middle income,True,Upper middle income,False,False
PRY,PY,PY,Paraguay,FALSE,Americas,Latin America and the Caribbean,South America,Americas,Latin-America-and-the-Caribbean,South-America,Developing,Protozoa,0,28,317,0,345,0.0,8.12,91.88,True,Upper middle income,True,Upper middle income,False,False
GRL,GL,GL,Greenland,FALSE,Americas,Northern America,,Americas,Northern-America,,Developed,Viruses,0,0,345,0,345,0.0,0.0,100.0,,,,,,
SOM,SO,SO,Somalia,FALSE,Africa,Sub-Saharan Africa,Eastern Africa,Africa,Sub-Saharan-Africa,Eastern-Africa,Developing,Fungi,1,1,342,0,344,0.29,0.29,99.42,True,Low income,True,Low income,True,False
SDN,SD,SD,Sudan,FALSE,Africa,Northern Africa,,Africa,Northern-Africa,,Developing,Archaea,0,0,341,0,341,0.0,0.0,100.0,True,Low income,True,Low income,True,False
SPM,PM,PM,Saint Pierre and Miquelon,FALSE,Americas,Northern America,,Americas,Northern-America,,Developed,incertae sedis,0,0,340,0,340,0.0,0.0,100.0,,,,,,
ALB,AL,AL,Albania,FALSE,Europe,Southern Europe,,Europe,Southern-Europe,,Developed,Bacteria,0,260,77,0,337,0.0,77.15,22.85,True,Upper middle income,True,Upper middle income,False,False
KNA,KN,KN,Saint Kitts and Nevis,FALSE,Americas,Latin America and the Caribbean,Caribbean,Americas,Latin-America-and-the-Caribbean,Caribbean,Developing,Fungi,0,309,27,0,336,0.0,91.96,8.04,True,High income,True,High income,False,False
SDN,SD,SD,Sudan,FALSE,Africa,Northern Africa,,Africa,Northern-Africa,,Developing,Protozoa,0,0,332,0,332,0.0,0.0,100.0,True,Low income,True,Low income,True,False
PRI,PR,PR,Puerto Rico,FALSE,Americas,Latin America and the Caribbean,Caribbean,Americas,Latin-America-and-the-Caribbean,Caribbean,Developing,Viruses,0,3,329,0,332,0.0,0.9,99.1,,,,,,
COG,CG,CG,Congo,FALSE,Africa,Sub-Saharan Africa,Middle Africa,Africa,Sub-Saharan-Africa,Middle-Africa,Developing,Viruses,0,0,328,0,328,0.0,0.0,100.0,True,Lower middle income,True,Lower middle income,False,False
HND,HN,HN,Honduras,FALSE,Americas,Latin America and the Caribbean,Central America,Americas,Latin-America-and-the-Caribbean,Central-America,Developing,Protozoa,0,247,78,0,325,0.0,76.0,24.0,True,Lower middle income,True,Lower middle income,False,False
IRN,IR,IR,"Iran, Islamic Republic of",FALSE,Asia,Southern Asia,,Asia,Southern-Asia,,Developing,Archaea,0,0,325,0,325,0.0,0.0,100.0,True,Upper middle income,True,Upper middle income,False,False
PSE,PS,PS,"Palestine, State of",FALSE,Asia,Western Asia,,Asia,Western-Asia,,Developing,Fungi,0,1,320,0,321,0.0,0.31,99.69,True,Lower middle income,True,Lower middle income,False,False
PAN,PA,PA,Panama,FALSE,Americas,Latin America and the Caribbean,Central America,Americas,Latin-America-and-the-Caribbean,Central-America,Developing,Viruses,0,0,320,0,320,0.0,0.0,100.0,True,High income,True,High income,False,False
MNG,MN,MN,Mongolia,FALSE,Asia,Eastern Asia,,Asia,Eastern-Asia,,Developing,Chromista,0,0,317,0,317,0.0,0.0,100.0,True,Upper middle income,True,Upper middle income,False,False
NFK,NF,NF,Norfolk Island,FALSE,Oceania,Australia and New Zealand,,Oceania,Australia-and-New-Zealand,,Developed,Protozoa,0,217,97,0,314,0.0,69.11,30.89,,,,,,
LBN,LB,LB,Lebanon,FALSE,Asia,Western Asia,,Asia,Western-Asia,,Developing,Chromista,0,2,311,0,313,0.0,0.64,99.36,True,Lower middle income,True,Lower middle income,False,False
DOM,DO,DO,Dominican Republic,FALSE,Americas,Latin America and the Caribbean,Caribbean,Americas,Latin-America-and-the-Caribbean,Caribbean,Developing,Viruses,0,2,310,0,312,0.0,0.64,99.36,True,Upper middle income,True,Upper middle income,False,True
SVK,SK,SK,Slovakia,TRUE,Europe,Eastern Europe,,Europe,Eastern-Europe,,Developed,Bacteria,0,262,48,0,310,0.0,84.52,15.48,True,High income,True,High income,False,False
UMI,UM,UM,United States Minor Outlying Islands,FALSE,Oceania,Micronesia,,Oceania,Micronesia,,Developing,Fungi,0,0,306,0,306,0.0,0.0,100.0,,,,,,
DOM,DO,DO,Dominican Republic,FALSE,Americas,Latin America and the Caribbean,Caribbean,Americas,Latin-America-and-the-Caribbean,Caribbean,Developing,Bacteria,0,51,251,0,302,0.0,16.89,83.11,True,Upper middle income,True,Upper middle income,False,True
PLW,PW,PW,Palau,FALSE,Oceania,Micronesia,,Oceania,Micronesia,,Developing,Fungi,0,178,124,0,302,0.0,58.94,41.06,True,High income,True,High income,False,True
BRN,BN,BN,Brunei Darussalam,FALSE,Asia,South-eastern Asia,,Asia,South-eastern-Asia,,Developing,Bacteria,0,0,298,0,298,0.0,0.0,100.0,True,High income,True,High income,False,False
BLR,BY,BY,Belarus,FALSE,Europe,Eastern Europe,,Europe,Eastern-Europe,,Developed,Chromista,0,238,59,0,297,0.0,80.13,19.87,True,Upper middle income,True,Upper middle income,False,False
RWA,RW,RW,Rwanda,FALSE,Africa,Sub-Saharan Africa,Eastern Africa,Africa,Sub-Saharan-Africa,Eastern-Africa,Developing,Viruses,0,0,296,0,296,0.0,0.0,100.0,True,Low income,True,Low income,True,False
JOR,JO,JO,Jordan,FALSE,Asia,Western Asia,,Asia,Western-Asia,,Developing,incertae sedis,0,2,294,0,296,0.0,0.68,99.32,True,Lower middle income,True,Lower middle income,False,False
AND,AD,AD,Andorra,FALSE,Europe,Southern Europe,,Europe,Southern-Europe,,Developed,Protozoa,167,125,4,0,296,56.42,42.23,1.35,True,High income,True,High income,False,False
PRK,KP,KP,"Korea, Democratic People's Republic of",FALSE,Asia,Eastern Asia,,Asia,Eastern-Asia,,Developing,incertae sedis,0,162,132,0,294,0.0,55.1,44.9,True,Low income,True,Low income,False,False
LBN,LB,LB,Lebanon,FALSE,Asia,Western Asia,,Asia,Western-Asia,,Developing,Viruses,0,0,294,0,294,0.0,0.0,100.0,True,Lower middle income,True,Lower middle income,False,False
MUS,MU,MU,Mauritius,FALSE,Africa,Sub-Saharan Africa,Eastern Africa,Africa,Sub-Saharan-Africa,Eastern-Africa,Developing,Protozoa,0,0,293,0,293,0.0,0.0,100.0,True,Upper middle income,True,Upper middle income,False,True
REU,RE,RE,Reunion,FALSE,Africa,Sub-Saharan Africa,Eastern Africa,Africa,Sub-Saharan-Africa,Eastern-Africa,Developing,Viruses,0,0,293,0,293,0.0,0.0,100.0,,,,,,
NGA,NG,NG,Nigeria,FALSE,Africa,Sub-Saharan Africa,Western Africa,Africa,Sub-Saharan-Africa,Western-Africa,Developing,Archaea,0,0,290,0,290,0.0,0.0,100.0,True,Lower middle income,True,Lower middle income,False,False
MSR,MS,MS,Montserrat,FALSE,Americas,Latin America and the Caribbean,Caribbean,Americas,Latin-America-and-the-Caribbean,Caribbean,Developing,Chromista,0,6,283,0,289,0.0,2.08,97.92,,,,,,
BTN,BT,BT,Bhutan,FALSE,Asia,Southern Asia,,Asia,Southern-Asia,,Developing,Chromista,0,0,288,0,288,0.0,0.0,100.0,True,Lower middle income,True,Lower middle income,False,False
KWT,KW,KW,Kuwait,FALSE,Asia,Western Asia,,Asia,Western-Asia,,Developing,Viruses,0,0,286,0,286,0.0,0.0,100.0,True,High income,True,High income,False,False
CYP,CY,CY,Cyprus,TRUE,Asia,Western Asia,,Asia,Western-Asia,,Developing,Viruses,0,0,285,0,285,0.0,0.0,100.0,True,High income,True,High income,False,False
BGD,BD,BD,Bangladesh,FALSE,Asia,Southern Asia,,Asia,Southern-Asia,,Developing,Chromista,0,0,283,0,283,0.0,0.0,100.0,True,Lower middle income,True,Lower middle income,True,False
CAF,CF,CF,Central African Republic,FALSE,Africa,Sub-Saharan Africa,Middle Africa,Africa,Sub-Saharan-Africa,Middle-Africa,Developing,Chromista,0,0,282,0,282,0.0,0.0,100.0,True,Low income,True,Low income,True,False
TUN,TN,TN,Tunisia,FALSE,Africa,Northern Africa,,Africa,Northern-Africa,,Developing,Archaea,0,0,280,0,280,0.0,0.0,100.0,True,Lower middle income,True,Lower middle income,False,False
LUX,LU,LU,Luxembourg,TRUE,Europe,Western Europe,,Europe,Western-Europe,,Developed,Viruses,0,277,1,0,278,0.0,99.64,0.36,True,High income,True,High income,False,False
HUN,HU,HU,Hungary,TRUE,Europe,Eastern Europe,,Europe,Eastern-Europe,,Developed,Protozoa,0,72,204,0,276,0.0,26.09,73.91,True,High income,True,High income,False,False
MKD,MK,MK,"Macedonia, the former Yugoslav Republic of",FALSE,Europe,Southern Europe,,Europe,Southern-Europe,,Developed,Viruses,0,275,0,0,275,0.0,100.0,0.0,True,Upper middle income,True,Upper middle income,False,False
MLI,ML,ML,Mali,FALSE,Africa,Sub-Saharan Africa,Western Africa,Africa,Sub-Saharan-Africa,Western-Africa,Developing,Viruses,0,0,275,0,275,0.0,0.0,100.0,True,Low income,True,Low income,True,False
CXR,CX,CX,Christmas Island,FALSE,Oceania,Australia and New Zealand,,Oceania,Australia-and-New-Zealand,,Developed,Protozoa,0,257,18,0,275,0.0,93.45,6.55,,,,,,
TUR,TR,TR,Turkey,FALSE,Asia,Western Asia,,Asia,Western-Asia,,Developing,Archaea,0,0,271,0,271,0.0,0.0,100.0,True,Upper middle income,True,Upper middle income,False,False
TTO,TT,TT,Trinidad and Tobago,FALSE,Americas,Latin America and the Caribbean,Caribbean,Americas,Latin-America-and-the-Caribbean,Caribbean,Developing,Bacteria,21,57,190,0,268,7.84,21.27,70.9,True,High income,True,High income,False,True
CAF,CF,CF,Central African Republic,FALSE,Africa,Sub-Saharan Africa,Middle Africa,Africa,Sub-Saharan-Africa,Middle-Africa,Developing,incertae sedis,0,0,268,0,268,0.0,0.0,100.0,True,Low income,True,Low income,True,False
NER,NE,NE,Niger,FALSE,Africa,Sub-Saharan Africa,Western Africa,Africa,Sub-Saharan-Africa,Western-Africa,Developing,Chromista,0,0,267,0,267,0.0,0.0,100.0,True,Low income,True,Low income,True,False
GRC,GR,GR,Greece,TRUE,Europe,Southern Europe,,Europe,Southern-Europe,,Developed,Archaea,40,225,2,0,267,14.98,84.27,0.75,True,High income,True,High income,False,False
MKD,MK,MK,"Macedonia, the former Yugoslav Republic of",FALSE,Europe,Southern Europe,,Europe,Southern-Europe,,Developed,Chromista,0,229,38,0,267,0.0,85.77,14.23,True,Upper middle income,True,Upper middle income,False,False
FRO,FO,FO,Faroe Islands,FALSE,Europe,Northern Europe,,Europe,Northern-Europe,,Developed,Viruses,0,262,0,0,262,0.0,100.0,0.0,,,,,,
BDI,BI,BI,Burundi,FALSE,Africa,Sub-Saharan Africa,Eastern Africa,Africa,Sub-Saharan-Africa,Eastern-Africa,Developing,incertae sedis,0,0,261,0,261,0.0,0.0,100.0,True,Low income,True,Low income,True,False
VNM,VN,VN,Viet Nam,FALSE,Asia,South-eastern Asia,,Asia,South-eastern-Asia,,Developing,Protozoa,0,0,259,0,259,0.0,0.0,100.0,True,Lower middle income,True,Lower middle income,False,False
EGY,EG,EG,Egypt,FALSE,Africa,Northern Africa,,Africa,Northern-Africa,,Developing,Protozoa,0,0,259,0,259,0.0,0.0,100.0,True,Lower middle income,True,Lower middle income,False,False
BRN,BN,BN,Brunei Darussalam,FALSE,Asia,South-eastern Asia,,Asia,South-eastern-Asia,,Developing,incertae sedis,0,0,259,0,259,0.0,0.0,100.0,True,High income,True,High income,False,False
LAO,LA,LA,Lao People's Democratic Republic,FALSE,Asia,South-eastern Asia,,Asia,South-eastern-Asia,,Developing,Chromista,0,161,92,0,253,0.0,63.64,36.36,True,Lower middle income,True,Lower middle income,True,False
KNA,KN,KN,Saint Kitts and Nevis,FALSE,Americas,Latin America and the Caribbean,Caribbean,Americas,Latin-America-and-the-Caribbean,Caribbean,Developing,Viruses,0,0,252,0,252,0.0,0.0,100.0,True,High income,True,High income,False,False
LSO,LS,LS,Lesotho,FALSE,Africa,Sub-Saharan Africa,Southern Africa,Africa,Sub-Saharan-Africa,Southern-Africa,Developing,incertae sedis,0,45,203,0,248,0.0,18.15,81.85,True,Lower middle income,True,Lower middle income,True,False
PAN,PA,PA,Panama,FALSE,Americas,Latin America and the Caribbean,Central America,Americas,Latin-America-and-the-Caribbean,Central-America,Developing,Archaea,0,124,124,0,248,0.0,50.0,50.0,True,High income,True,High income,False,False
GMB,GM,GM,Gambia,FALSE,Africa,Sub-Saharan Africa,Western Africa,Africa,Sub-Saharan-Africa,Western-Africa,Developing,incertae sedis,0,0,247,0,247,0.0,0.0,100.0,True,Low income,True,Low income,True,False
KNA,KN,KN,Saint Kitts and Nevis,FALSE,Americas,Latin America and the Caribbean,Caribbean,Americas,Latin-America-and-the-Caribbean,Caribbean,Developing,Chromista,0,237,10,0,247,0.0,95.95,4.05,True,High income,True,High income,False,False
UMI,UM,UM,United States Minor Outlying Islands,FALSE,Oceania,Micronesia,,Oceania,Micronesia,,Developing,Protozoa,0,0,247,0,247,0.0,0.0,100.0,,,,,,
CPV,CV,CV,Cabo Verde,FALSE,Africa,Sub-Saharan Africa,Western Africa,Africa,Sub-Saharan-Africa,Western-Africa,Developing,Protozoa,0,0,244,0,244,0.0,0.0,100.0,True,Upper middle income,True,Upper middle income,False,True
SHN,SH,SH,"Saint Helena, Ascension and Tristan da Cunha",FALSE,Africa,Sub-Saharan Africa,Western Africa,Africa,Sub-Saharan-Africa,Western-Africa,Developing,incertae sedis,0,5,238,0,243,0.0,2.06,97.94,,,,,,
MWI,MW,MW,Malawi,FALSE,Africa,Sub-Saharan Africa,Eastern Africa,Africa,Sub-Saharan-Africa,Eastern-Africa,Developing,Chromista,3,0,239,0,242,1.24,0.0,98.76,True,Low income,True,Low income,True,False
NAM,NA,,Namibia,FALSE,Africa,Sub-Saharan Africa,Southern Africa,Africa,Sub-Saharan-Africa,Southern-Africa,Developing,Protozoa,0,1,236,0,237,0.0,0.42,99.58,True,Lower middle income,True,Lower middle income,False,False
LSO,LS,LS,Lesotho,FALSE,Africa,Sub-Saharan Africa,Southern Africa,Africa,Sub-Saharan-Africa,Southern-Africa,Developing,Chromista,0,216,21,0,237,0.0,91.14,8.86,True,Lower middle income,True,Lower middle income,True,False
EGY,EG,EG,Egypt,FALSE,Africa,Northern Africa,,Africa,Northern-Africa,,Developing,Archaea,0,0,235,0,235,0.0,0.0,100.0,True,Lower middle income,True,Lower middle income,False,False
NRU,NR,NR,Nauru,FALSE,Oceania,Micronesia,,Oceania,Micronesia,,Developing,Chromista,0,2,233,0,235,0.0,0.85,99.15,True,High income,True,High income,False,True
GLP,GP,GP,Guadeloupe,FALSE,Americas,Latin America and the Caribbean,Caribbean,Americas,Latin-America-and-the-Caribbean,Caribbean,Developing,Viruses,0,0,235,0,235,0.0,0.0,100.0,,,,,,
CCK,CC,CC,Cocos (Keeling) Islands,FALSE,Oceania,Australia and New Zealand,,Oceania,Australia-and-New-Zealand,,Developed,incertae sedis,0,109,122,0,231,0.0,47.19,52.81,,,,,,
ABW,AW,AW,Aruba,FALSE,Americas,Latin America and the Caribbean,Caribbean,Americas,Latin-America-and-the-Caribbean,Caribbean,Developing,Bacteria,0,9,221,0,230,0.0,3.91,96.09,,,,,,
BRB,BB,BB,Barbados,FALSE,Americas,Latin America and the Caribbean,Caribbean,Americas,Latin-America-and-the-Caribbean,Caribbean,Developing,Bacteria,0,40,188,0,228,0.0,17.54,82.46,True,High income,True,High income,False,True
NPL,NP,NP,Nepal,FALSE,Asia,Southern Asia,,Asia,Southern-Asia,,Developing,Protozoa,0,0,227,0,227,0.0,0.0,100.0,True,Lower middle income,True,Lower middle income,True,False
CAF,CF,CF,Central African Republic,FALSE,Africa,Sub-Saharan Africa,Middle Africa,Africa,Sub-Saharan-Africa,Middle-Africa,Developing,Fungi,0,0,226,0,226,0.0,0.0,100.0,True,Low income,True,Low income,True,False
COM,KM,KM,Comoros,FALSE,Africa,Sub-Saharan Africa,Eastern Africa,Africa,Sub-Saharan-Africa,Eastern-Africa,Developing,incertae sedis,0,0,225,0,225,0.0,0.0,100.0,True,Lower middle income,True,Lower middle income,True,True
TJK,TJ,TJ,Tajikistan,FALSE,Asia,Central Asia,,Asia,Central-Asia,,Developing,Bacteria,0,0,224,0,224,0.0,0.0,100.0,True,Lower middle income,True,Lower middle income,True,False
GUF,GF,GF,French Guiana,FALSE,Americas,Latin America and the Caribbean,South America,Americas,Latin-America-and-the-Caribbean,South-America,Developing,Viruses,0,2,216,0,218,0.0,0.92,99.08,,,,,,
IMN,IM,IM,Isle of Man,FALSE,Europe,Northern Europe,,Europe,Northern-Europe,,Developed,incertae sedis,0,214,3,0,217,0.0,98.62,1.38,,,,,,
MAC,MO,MO,Macao,FALSE,Asia,Eastern Asia,,Asia,Eastern-Asia,,Developing,Fungi,0,0,217,0,217,0.0,0.0,100.0,,,,,,
GNQ,GQ,GQ,Equatorial Guinea,FALSE,Africa,Sub-Saharan Africa,Middle Africa,Africa,Sub-Saharan-Africa,Middle-Africa,Developing,incertae sedis,0,8,207,0,215,0.0,3.72,96.28,True,Upper middle income,True,Upper middle income,False,False
SYR,SY,SY,Syrian Arab Republic,FALSE,Asia,Western Asia,,Asia,Western-Asia,,Developing,Viruses,0,0,214,0,214,0.0,0.0,100.0,True,Low income,True,Low income,False,False
MTQ,MQ,MQ,Martinique,FALSE,Americas,Latin America and the Caribbean,Caribbean,Americas,Latin-America-and-the-Caribbean,Caribbean,Developing,Protozoa,0,25,188,0,213,0.0,11.74,88.26,,,,,,
PSE,PS,PS,"Palestine, State of",FALSE,Asia,Western Asia,,Asia,Western-Asia,,Developing,incertae sedis,0,139,73,0,212,0.0,65.57,34.43,True,Lower middle income,True,Lower middle income,False,False
GEO,GE,GE,Georgia,FALSE,Asia,Western Asia,,Asia,Western-Asia,,Developing,Protozoa,0,0,211,0,211,0.0,0.0,100.0,True,Upper middle income,True,Upper middle income,False,False
NCL,NC,NC,New Caledonia,FALSE,Oceania,Melanesia,,Oceania,Melanesia,,Developing,Protozoa,0,16,194,0,210,0.0,7.62,92.38,,,,,,
TGO,TG,TG,Togo,FALSE,Africa,Sub-Saharan Africa,Western Africa,Africa,Sub-Saharan-Africa,Western-Africa,Developing,Viruses,0,0,209,0,209,0.0,0.0,100.0,True,Low income,True,Low income,True,False
HMD,HM,HM,Heard Island and McDonald Islands,FALSE,Oceania,Australia and New Zealand,,Oceania,Australia-and-New-Zealand,,Developed,Fungi,0,204,5,0,209,0.0,97.61,2.39,,,,,,
ERI,ER,ER,Eritrea,FALSE,Africa,Sub-Saharan Africa,Eastern Africa,Africa,Sub-Saharan-Africa,Eastern-Africa,Developing,incertae sedis,0,0,206,0,206,0.0,0.0,100.0,True,Low income,True,Low income,True,False
YEM,YE,YE,Yemen,FALSE,Asia,Western Asia,,Asia,Western-Asia,,Developing,Bacteria,0,1,204,0,205,0.0,0.49,99.51,True,Low income,True,Low income,True,False
COM,KM,KM,Comoros,FALSE,Africa,Sub-Saharan Africa,Eastern Africa,Africa,Sub-Saharan-Africa,Eastern-Africa,Developing,Viruses,0,0,204,0,204,0.0,0.0,100.0,True,Lower middle income,True,Lower middle income,True,True
NER,NE,NE,Niger,FALSE,Africa,Sub-Saharan Africa,Western Africa,Africa,Sub-Saharan-Africa,Western-Africa,Developing,Viruses,0,0,201,0,201,0.0,0.0,100.0,True,Low income,True,Low income,True,False
SVK,SK,SK,Slovakia,TRUE,Europe,Eastern Europe,,Europe,Eastern-Europe,,Developed,Protozoa,0,115,84,0,199,0.0,57.79,42.21,True,High income,True,High income,False,False
CYP,CY,CY,Cyprus,TRUE,Asia,Western Asia,,Asia,Western-Asia,,Developing,Archaea,0,0,197,0,197,0.0,0.0,100.0,True,High income,True,High income,False,False
VCT,VC,VC,Saint Vincent and the Grenadines,FALSE,Americas,Latin America and the Caribbean,Caribbean,Americas,Latin-America-and-the-Caribbean,Caribbean,Developing,Chromista,0,170,20,0,190,0.0,89.47,10.53,True,Upper middle income,True,Upper middle income,False,False
GNQ,GQ,GQ,Equatorial Guinea,FALSE,Africa,Sub-Saharan Africa,Middle Africa,Africa,Sub-Saharan-Africa,Middle-Africa,Developing,Protozoa,0,0,190,0,190,0.0,0.0,100.0,True,Upper middle income,True,Upper middle income,False,False
FSM,FM,FM,"Micronesia, Federated States of",FALSE,Oceania,Micronesia,,Oceania,Micronesia,,Developing,Protozoa,0,0,189,0,189,0.0,0.0,100.0,True,Lower middle income,True,Lower middle income,False,True
CXR,CX,CX,Christmas Island,FALSE,Oceania,Australia and New Zealand,,Oceania,Australia-and-New-Zealand,,Developed,Chromista,0,9,180,0,189,0.0,4.76,95.24,,,,,,
LBR,LR,LR,Liberia,FALSE,Africa,Sub-Saharan Africa,Western Africa,Africa,Sub-Saharan-Africa,Western-Africa,Developing,Archaea,0,0,188,0,188,0.0,0.0,100.0,True,Low income,True,Low income,True,False
BLM,BL,BL,Saint Barthelemy,FALSE,Americas,Latin America and the Caribbean,Caribbean,Americas,Latin-America-and-the-Caribbean,Caribbean,Developing,Chromista,0,172,16,0,188,0.0,91.49,8.51,,,,,,
AGO,AO,AO,Angola,FALSE,Africa,Sub-Saharan Africa,Middle Africa,Africa,Sub-Saharan-Africa,Middle-Africa,Developing,Bacteria,0,2,184,0,186,0.0,1.08,98.92,True,Lower middle income,True,Lower middle income,True,False
GIN,GN,GN,Guinea,FALSE,Africa,Sub-Saharan Africa,Western Africa,Africa,Sub-Saharan-Africa,Western-Africa,Developing,Archaea,0,0,186,0,186,0.0,0.0,100.0,True,Lower middle income,True,Lower middle income,True,False
GNB,GW,GW,Guinea-Bissau,FALSE,Africa,Sub-Saharan Africa,Western Africa,Africa,Sub-Saharan-Africa,Western-Africa,Developing,Fungi,0,0,186,0,186,0.0,0.0,100.0,True,Low income,True,Low income,True,True
BGR,BG,BG,Bulgaria,TRUE,Europe,Eastern Europe,,Europe,Eastern-Europe,,Developed,Archaea,0,186,0,0,186,0.0,100.0,0.0,True,High income,True,High income,False,False
GNQ,GQ,GQ,Equatorial Guinea,FALSE,Africa,Sub-Saharan Africa,Middle Africa,Africa,Sub-Saharan-Africa,Middle-Africa,Developing,Fungi,0,3,182,0,185,0.0,1.62,98.38,True,Upper middle income,True,Upper middle income,False,False
ERI,ER,ER,Eritrea,FALSE,Africa,Sub-Saharan Africa,Eastern Africa,Africa,Sub-Saharan-Africa,Eastern-Africa,Developing,Chromista,0,0,184,0,184,0.0,0.0,100.0,True,Low income,True,Low income,True,False
GRL,GL,GL,Greenland,FALSE,Americas,Northern America,,Americas,Northern-America,,Developed,Archaea,0,62,121,0,183,0.0,33.88,66.12,,,,,,
SRB,RS,RS,Serbia,FALSE,Europe,Southern Europe,,Europe,Southern-Europe,,Developed,Chromista,0,69,110,0,179,0.0,38.55,61.45,True,Upper middle income,True,Upper middle income,False,False
SYC,SC,SC,Seychelles,FALSE,Africa,Sub-Saharan Africa,Eastern Africa,Africa,Sub-Saharan-Africa,Eastern-Africa,Developing,Bacteria,0,0,178,0,178,0.0,0.0,100.0,True,High income,True,High income,False,True
JEY,JE,JE,Jersey,FALSE,Europe,Northern Europe,Channel Islands,Europe,Northern-Europe,Channel-Islands,Developed,Bacteria,0,171,4,0,175,0.0,97.71,2.29,,,,,,
OMN,OM,OM,Oman,FALSE,Asia,Western Asia,,Asia,Western-Asia,,Developing,Archaea,0,0,172,0,172,0.0,0.0,100.0,True,High income,True,High income,False,False
GUY,GY,GY,Guyana,FALSE,Americas,Latin America and the Caribbean,South America,Americas,Latin-America-and-the-Caribbean,South-America,Developing,Protozoa,0,83,87,0,170,0.0,48.82,51.18,True,High income,True,High income,False,True
LKA,LK,LK,Sri Lanka,FALSE,Asia,Southern Asia,,Asia,Southern-Asia,,Developing,Protozoa,0,0,170,0,170,0.0,0.0,100.0,True,Lower middle income,True,Lower middle income,False,False
COD,CD,CD,"Congo, the Democratic Republic of the",FALSE,Africa,Sub-Saharan Africa,Middle Africa,Africa,Sub-Saharan-Africa,Middle-Africa,Developing,Archaea,0,0,170,0,170,0.0,0.0,100.0,True,Low income,True,Low income,True,False
BOL,BO,BO,"Bolivia, Plurinational State of",FALSE,Americas,Latin America and the Caribbean,South America,Americas,Latin-America-and-the-Caribbean,South-America,Developing,Viruses,0,0,166,0,166,0.0,0.0,100.0,True,Lower middle income,True,Lower middle income,False,False
GRD,GD,GD,Grenada,FALSE,Americas,Latin America and the Caribbean,Caribbean,Americas,Latin-America-and-the-Caribbean,Caribbean,Developing,Bacteria,0,0,164,0,164,0.0,0.0,100.0,True,Upper middle income,True,Upper middle income,False,True
GRD,GD,GD,Grenada,FALSE,Americas,Latin America and the Caribbean,Caribbean,Americas,Latin-America-and-the-Caribbean,Caribbean,Developing,incertae sedis,0,108,55,0,163,0.0,66.26,33.74,True,Upper middle income,True,Upper middle income,False,True
STP,ST,ST,Sao Tome and Principe,FALSE,Africa,Sub-Saharan Africa,Middle Africa,Africa,Sub-Saharan-Africa,Middle-Africa,Developing,incertae sedis,1,0,162,0,163,0.61,0.0,99.39,True,Lower middle income,True,Lower middle income,True,True
TKL,TK,TK,Tokelau,FALSE,Oceania,Polynesia,,Oceania,Polynesia,,Developing,Archaea,0,0,162,0,162,0.0,0.0,100.0,,,,,,
BDI,BI,BI,Burundi,FALSE,Africa,Sub-Saharan Africa,Eastern Africa,Africa,Sub-Saharan-Africa,Eastern-Africa,Developing,Viruses,0,0,161,0,161,0.0,0.0,100.0,True,Low income,True,Low income,True,False
CRI,CR,CR,Costa Rica,FALSE,Americas,Latin America and the Caribbean,Central America,Americas,Latin-America-and-the-Caribbean,Central-America,Developing,Archaea,0,0,159,0,159,0.0,0.0,100.0,True,High income,True,High income,False,False
BLZ,BZ,BZ,Belize,FALSE,Americas,Latin America and the Caribbean,Central America,Americas,Latin-America-and-the-Caribbean,Central-America,Developing,Protozoa,0,40,117,0,157,0.0,25.48,74.52,True,Upper middle income,True,Upper middle income,False,True
SXM,SX,SX,Sint Maarten (Dutch part),FALSE,Americas,Latin America and the Caribbean,Caribbean,Americas,Latin-America-and-the-Caribbean,Caribbean,Developing,Chromista,0,15,140,0,155,0.0,9.68,90.32,,,,,,
MNG,MN,MN,Mongolia,FALSE,Asia,Eastern Asia,,Asia,Eastern-Asia,,Developing,Protozoa,0,0,154,0,154,0.0,0.0,100.0,True,Upper middle income,True,Upper middle income,False,False
AGO,AO,AO,Angola,FALSE,Africa,Sub-Saharan Africa,Middle Africa,Africa,Sub-Saharan-Africa,Middle-Africa,Developing,Viruses,0,0,153,0,153,0.0,0.0,100.0,True,Lower middle income,True,Lower middle income,True,False
UZB,UZ,UZ,Uzbekistan,FALSE,Asia,Central Asia,,Asia,Central-Asia,,Developing,Viruses,0,0,153,0,153,0.0,0.0,100.0,True,Lower middle income,True,Lower middle income,False,False
PRY,PY,PY,Paraguay,FALSE,Americas,Latin America and the Caribbean,South America,Americas,Latin-America-and-the-Caribbean,South-America,Developing,Viruses,0,0,153,0,153,0.0,0.0,100.0,True,Upper middle income,True,Upper middle income,False,False
NPL,NP,NP,Nepal,FALSE,Asia,Southern Asia,,Asia,Southern-Asia,,Developing,Chromista,0,39,114,0,153,0.0,25.49,74.51,True,Lower middle income,True,Lower middle income,True,False
MTQ,MQ,MQ,Martinique,FALSE,Americas,Latin America and the Caribbean,Caribbean,Americas,Latin-America-and-the-Caribbean,Caribbean,Developing,Viruses,0,1,152,0,153,0.0,0.65,99.35,,,,,,
UKR,UA,UA,Ukraine,FALSE,Europe,Eastern Europe,,Europe,Eastern-Europe,,Developed,Archaea,0,118,34,0,152,0.0,77.63,22.37,True,Upper middle income,True,Upper middle income,False,False
TUV,TV,TV,Tuvalu,FALSE,Oceania,Polynesia,,Oceania,Polynesia,,Developing,Fungi,0,139,13,0,152,0.0,91.45,8.55,True,Upper middle income,True,Upper middle income,True,True
BHS,BS,BS,Bahamas,FALSE,Americas,Latin America and the Caribbean,Caribbean,Americas,Latin-America-and-the-Caribbean,Caribbean,Developing,Protozoa,0,127,24,0,151,0.0,84.11,15.89,True,High income,True,High income,False,True
ZWE,ZW,ZW,Zimbabwe,FALSE,Africa,Sub-Saharan Africa,Eastern Africa,Africa,Sub-Saharan-Africa,Eastern-Africa,Developing,Protozoa,0,0,151,0,151,0.0,0.0,100.0,True,Lower middle income,True,Lower middle income,False,False
CYM,KY,KY,Cayman Islands,FALSE,Americas,Latin America and the Caribbean,Caribbean,Americas,Latin-America-and-the-Caribbean,Caribbean,Developing,incertae sedis,0,90,61,0,151,0.0,59.6,40.4,,,,,,
TJK,TJ,TJ,Tajikistan,FALSE,Asia,Central Asia,,Asia,Central-Asia,,Developing,Viruses,0,0,150,0,150,0.0,0.0,100.0,True,Lower middle income,True,Lower middle income,True,False
VCT,VC,VC,Saint Vincent and the Grenadines,FALSE,Americas,Latin America and the Caribbean,Caribbean,Americas,Latin-America-and-the-Caribbean,Caribbean,Developing,incertae sedis,0,84,66,0,150,0.0,56.0,44.0,True,Upper middle income,True,Upper middle income,False,False
COM,KM,KM,Comoros,FALSE,Africa,Sub-Saharan Africa,Eastern Africa,Africa,Sub-Saharan-Africa,Eastern-Africa,Developing,Chromista,0,0,149,0,149,0.0,0.0,100.0,True,Lower middle income,True,Lower middle income,True,True
HTI,HT,HT,Haiti,FALSE,Americas,Latin America and the Caribbean,Caribbean,Americas,Latin-America-and-the-Caribbean,Caribbean,Developing,Bacteria,0,65,84,0,149,0.0,43.62,56.38,True,Lower middle income,True,Lower middle income,True,True
MRT,MR,MR,Mauritania,FALSE,Africa,Sub-Saharan Africa,Western Africa,Africa,Sub-Saharan-Africa,Western-Africa,Developing,Viruses,0,0,144,0,144,0.0,0.0,100.0,True,Lower middle income,True,Lower middle income,True,False
COG,CG,CG,Congo,FALSE,Africa,Sub-Saharan Africa,Middle Africa,Africa,Sub-Saharan-Africa,Middle-Africa,Developing,Bacteria,0,0,143,0,143,0.0,0.0,100.0,True,Lower middle income,True,Lower middle income,False,False
TCD,TD,TD,Chad,FALSE,Africa,Sub-Saharan Africa,Middle Africa,Africa,Sub-Saharan-Africa,Middle-Africa,Developing,Chromista,0,1,141,0,142,0.0,0.7,99.3,True,Low income,True,Low income,True,False
URY,UY,UY,Uruguay,FALSE,Americas,Latin America and the Caribbean,South America,Americas,Latin-America-and-the-Caribbean,South-America,Developing,Archaea,0,102,40,0,142,0.0,71.83,28.17,True,High income,True,High income,False,False
MHL,MH,MH,Marshall Islands,FALSE,Oceania,Micronesia,,Oceania,Micronesia,,Developing,Protozoa,0,0,139,0,139,0.0,0.0,100.0,True,Upper middle income,True,Upper middle income,False,True
GRD,GD,GD,Grenada,FALSE,Americas,Latin America and the Caribbean,Caribbean,Americas,Latin-America-and-the-Caribbean,Caribbean,Developing,Protozoa,0,139,0,0,139,0.0,100.0,0.0,True,Upper middle income,True,Upper middle income,False,True
SLV,SV,SV,El Salvador,FALSE,Americas,Latin America and the Caribbean,Central America,Americas,Latin-America-and-the-Caribbean,Central-America,Developing,Protozoa,0,39,99,0,138,0.0,28.26,71.74,True,Upper middle income,True,Upper middle income,False,False
BLM,BL,BL,Saint Barthelemy,FALSE,Americas,Latin America and the Caribbean,Caribbean,Americas,Latin-America-and-the-Caribbean,Caribbean,Developing,Fungi,0,115,23,0,138,0.0,83.33,16.67,,,,,,
LBY,LY,LY,Libya,FALSE,Africa,Northern Africa,,Africa,Northern-Africa,,Developing,Viruses,0,0,137,0,137,0.0,0.0,100.0,True,Upper middle income,True,Upper middle income,False,False
UGA,UG,UG,Uganda,FALSE,Africa,Sub-Saharan Africa,Eastern Africa,Africa,Sub-Saharan-Africa,Eastern-Africa,Developing,Protozoa,0,0,137,0,137,0.0,0.0,100.0,True,Low income,True,Low income,True,False
ATG,AG,AG,Antigua and Barbuda,FALSE,Americas,Latin America and the Caribbean,Caribbean,Americas,Latin-America-and-the-Caribbean,Caribbean,Developing,Fungi,0,59,78,0,137,0.0,43.07,56.93,True,High income,True,High income,False,True
ARM,AM,AM,Armenia,FALSE,Asia,Western Asia,,Asia,Western-Asia,,Developing,Bacteria,0,0,137,0,137,0.0,0.0,100.0,True,Upper middle income,True,Upper middle income,False,False
HKG,HK,HK,Hong Kong,FALSE,Asia,Eastern Asia,,Asia,Eastern-Asia,,Developing,Protozoa,0,0,136,0,136,0.0,0.0,100.0,,,,,,
BHR,BH,BH,Bahrain,FALSE,Asia,Western Asia,,Asia,Western-Asia,,Developing,incertae sedis,0,0,133,0,133,0.0,0.0,100.0,True,High income,True,High income,False,False
IRL,IE,IE,Ireland,TRUE,Europe,Northern Europe,,Europe,Northern-Europe,,Developed,Archaea,0,133,0,0,133,0.0,100.0,0.0,True,High income,True,High income,False,False
SGP,SG,SG,Singapore,FALSE,Asia,South-eastern Asia,,Asia,South-eastern-Asia,,Developing,Protozoa,0,0,132,0,132,0.0,0.0,100.0,True,High income,True,High income,False,True
ATG,AG,AG,Antigua and Barbuda,FALSE,Americas,Latin America and the Caribbean,Caribbean,Americas,Latin-America-and-the-Caribbean,Caribbean,Developing,incertae sedis,0,62,70,0,132,0.0,46.97,53.03,True,High income,True,High income,False,True
KGZ,KG,KG,Kyrgyzstan,FALSE,Asia,Central Asia,,Asia,Central-Asia,,Developing,Protozoa,0,2,129,0,131,0.0,1.53,98.47,True,Lower middle income,True,Lower middle income,False,False
SWZ,SZ,SZ,Swaziland,FALSE,Africa,Sub-Saharan Africa,Southern Africa,Africa,Sub-Saharan-Africa,Southern-Africa,Developing,incertae sedis,0,22,108,0,130,0.0,16.92,83.08,True,Lower middle income,True,Lower middle income,False,False
SLB,SB,SB,Solomon Islands,FALSE,Oceania,Melanesia,,Oceania,Melanesia,,Developing,Bacteria,1,17,111,0,129,0.78,13.18,86.05,True,Lower middle income,True,Lower middle income,True,True
MDV,MV,MV,Maldives,FALSE,Asia,Southern Asia,,Asia,Southern-Asia,,Developing,Archaea,0,0,128,0,128,0.0,0.0,100.0,True,Upper middle income,True,Upper middle income,False,True
PSE,PS,PS,"Palestine, State of",FALSE,Asia,Western Asia,,Asia,Western-Asia,,Developing,Viruses,0,0,127,0,127,0.0,0.0,100.0,True,Lower middle income,True,Lower middle income,False,False
KHM,KH,KH,Cambodia,FALSE,Asia,South-eastern Asia,,Asia,South-eastern-Asia,,Developing,Chromista,0,0,126,0,126,0.0,0.0,100.0,True,Lower middle income,True,Lower middle income,True,False
WLF,WF,WF,Wallis and Futuna,FALSE,Oceania,Polynesia,,Oceania,Polynesia,,Developing,Fungi,0,91,34,0,125,0.0,72.8,27.2,,,,,,
IRQ,IQ,IQ,Iraq,FALSE,Asia,Western Asia,,Asia,Western-Asia,,Developing,Protozoa,0,0,123,0,123,0.0,0.0,100.0,True,Upper middle income,True,Upper middle income,False,False
MYT,YT,YT,Mayotte,FALSE,Africa,Sub-Saharan Africa,Eastern Africa,Africa,Sub-Saharan-Africa,Eastern-Africa,Developing,Viruses,0,0,123,0,123,0.0,0.0,100.0,,,,,,
FLK,FK,FK,Falkland Islands (Malvinas),FALSE,Americas,Latin America and the Caribbean,South America,Americas,Latin-America-and-the-Caribbean,South-America,Developing,Bacteria,0,1,122,0,123,0.0,0.81,99.19,,,,,,
PRY,PY,PY,Paraguay,FALSE,Americas,Latin America and the Caribbean,South America,Americas,Latin-America-and-the-Caribbean,South-America,Developing,Bacteria,0,7,115,0,122,0.0,5.74,94.26,True,Upper middle income,True,Upper middle income,False,False
MNE,ME,ME,Montenegro,FALSE,Europe,Southern Europe,,Europe,Southern-Europe,,Developed,Viruses,0,122,0,0,122,0.0,100.0,0.0,True,Upper middle income,True,Upper middle income,False,False
MNP,MP,MP,Northern Mariana Islands,FALSE,Oceania,Micronesia,,Oceania,Micronesia,,Developing,Fungi,0,4,118,0,122,0.0,3.28,96.72,,,,,,
LCA,LC,LC,Saint Lucia,FALSE,Americas,Latin America and the Caribbean,Caribbean,Americas,Latin-America-and-the-Caribbean,Caribbean,Developing,Chromista,0,108,13,0,121,0.0,89.26,10.74,True,Upper middle income,True,Upper middle income,False,False
CMR,CM,CM,Cameroon,FALSE,Africa,Sub-Saharan Africa,Middle Africa,Africa,Sub-Saharan-Africa,Middle-Africa,Developing,Protozoa,0,0,120,0,120,0.0,0.0,100.0,True,Lower middle income,True,Lower middle income,False,False
COM,KM,KM,Comoros,FALSE,Africa,Sub-Saharan Africa,Eastern Africa,Africa,Sub-Saharan-Africa,Eastern-Africa,Developing,Bacteria,0,0,120,0,120,0.0,0.0,100.0,True,Lower middle income,True,Lower middle income,True,True
,,,,,,,,,,,,Bacteria,0,0,120,0,120,0.0,0.0,100.0,,,,,,
VEN,VE,VE,"Venezuela, Bolivarian Republic of",FALSE,Americas,Latin America and the Caribbean,South America,Americas,Latin-America-and-the-Caribbean,South-America,Developing,Archaea,0,36,83,0,119,0.0,30.25,69.75,True,Lower middle income,True,Lower middle income,False,False
PCN,PN,PN,Pitcairn,FALSE,Oceania,Polynesia,,Oceania,Polynesia,,Developing,Archaea,0,0,118,0,118,0.0,0.0,100.0,,,,,,
PRI,PR,PR,Puerto Rico,FALSE,Americas,Latin America and the Caribbean,Caribbean,Americas,Latin-America-and-the-Caribbean,Caribbean,Developing,Archaea,0,0,116,0,116,0.0,0.0,100.0,,,,,,
RWA,RW,RW,Rwanda,FALSE,Africa,Sub-Saharan Africa,Eastern Africa,Africa,Sub-Saharan-Africa,Eastern-Africa,Developing,Archaea,0,0,115,0,115,0.0,0.0,100.0,True,Low income,True,Low income,True,False
MRT,MR,MR,Mauritania,FALSE,Africa,Sub-Saharan Africa,Western Africa,Africa,Sub-Saharan-Africa,Western-Africa,Developing,Bacteria,0,5,110,0,115,0.0,4.35,95.65,True,Lower middle income,True,Lower middle income,True,False
GMB,GM,GM,Gambia,FALSE,Africa,Sub-Saharan Africa,Western Africa,Africa,Sub-Saharan-Africa,Western-Africa,Developing,Bacteria,0,4,109,0,113,0.0,3.54,96.46,True,Low income,True,Low income,True,False
GMB,GM,GM,Gambia,FALSE,Africa,Sub-Saharan Africa,Western Africa,Africa,Sub-Saharan-Africa,Western-Africa,Developing,Viruses,0,0,112,0,112,0.0,0.0,100.0,True,Low income,True,Low income,True,False
MRT,MR,MR,Mauritania,FALSE,Africa,Sub-Saharan Africa,Western Africa,Africa,Sub-Saharan-Africa,Western-Africa,Developing,incertae sedis,0,0,111,0,111,0.0,0.0,100.0,True,Lower middle income,True,Lower middle income,True,False
SLE,SL,SL,Sierra Leone,FALSE,Africa,Sub-Saharan Africa,Western Africa,Africa,Sub-Saharan-Africa,Western-Africa,Developing,Protozoa,0,0,111,0,111,0.0,0.0,100.0,True,Low income,True,Low income,False,False
BDI,BI,BI,Burundi,FALSE,Africa,Sub-Saharan Africa,Eastern Africa,Africa,Sub-Saharan-Africa,Eastern-Africa,Developing,Chromista,0,0,110,0,110,0.0,0.0,100.0,True,Low income,True,Low income,True,False
BHR,BH,BH,Bahrain,FALSE,Asia,Western Asia,,Asia,Western-Asia,,Developing,Chromista,0,0,110,0,110,0.0,0.0,100.0,True,High income,True,High income,False,False
BVT,BV,BV,Bouvet Island,FALSE,Americas,Latin America and the Caribbean,South America,Americas,Latin-America-and-the-Caribbean,South-America,Developing,Plantae,0,0,110,0,110,0.0,0.0,100.0,,,,,,
GUM,GU,GU,Guam,FALSE,Oceania,Micronesia,,Oceania,Micronesia,,Developing,Protozoa,0,0,110,0,110,0.0,0.0,100.0,,,,,,
DZA,DZ,DZ,Algeria,FALSE,Africa,Northern Africa,,Africa,Northern-Africa,,Developing,Archaea,0,0,109,0,109,0.0,0.0,100.0,True,Upper middle income,True,Upper middle income,False,False
PNG,PG,PG,Papua New Guinea,FALSE,Oceania,Melanesia,,Oceania,Melanesia,,Developing,Viruses,0,2,106,0,108,0.0,1.85,98.15,True,Lower middle income,True,Lower middle income,False,True
NFK,NF,NF,Norfolk Island,FALSE,Oceania,Australia and New Zealand,,Oceania,Australia-and-New-Zealand,,Developed,Archaea,0,0,106,0,106,0.0,0.0,100.0,,,,,,
YEM,YE,YE,Yemen,FALSE,Asia,Western Asia,,Asia,Western-Asia,,Developing,Viruses,0,0,105,0,105,0.0,0.0,100.0,True,Low income,True,Low income,True,False
POL,PL,PL,Poland,TRUE,Europe,Eastern Europe,,Europe,Eastern-Europe,,Developed,Archaea,0,104,0,0,104,0.0,100.0,0.0,True,High income,True,High income,False,False
NCL,NC,NC,New Caledonia,FALSE,Oceania,Melanesia,,Oceania,Melanesia,,Developing,Archaea,0,0,104,0,104,0.0,0.0,100.0,,,,,,
UZB,UZ,UZ,Uzbekistan,FALSE,Asia,Central Asia,,Asia,Central-Asia,,Developing,Protozoa,66,0,33,0,99,66.67,0.0,33.33,True,Lower middle income,True,Lower middle income,False,False
SYC,SC,SC,Seychelles,FALSE,Africa,Sub-Saharan Africa,Eastern Africa,Africa,Sub-Saharan-Africa,Eastern-Africa,Developing,Viruses,0,0,99,0,99,0.0,0.0,100.0,True,High income,True,High income,False,True
,,,,,,,,,,,,Viruses,0,0,99,0,99,0.0,0.0,100.0,,,,,,
NIC,NI,NI,Nicaragua,FALSE,Americas,Latin America and the Caribbean,Central America,Americas,Latin-America-and-the-Caribbean,Central-America,Developing,Bacteria,0,55,43,0,98,0.0,56.12,43.88,True,Lower middle income,True,Lower middle income,False,False
CUW,CW,CW,Curacao,FALSE,Americas,Latin America and the Caribbean,Caribbean,Americas,Latin-America-and-the-Caribbean,Caribbean,Developing,Fungi,0,45,53,0,98,0.0,45.92,54.08,,,,,,
ZMB,ZM,ZM,Zambia,FALSE,Africa,Sub-Saharan Africa,Eastern Africa,Africa,Sub-Saharan-Africa,Eastern-Africa,Developing,Chromista,0,0,97,0,97,0.0,0.0,100.0,True,Lower middle income,True,Lower middle income,True,False
NPL,NP,NP,Nepal,FALSE,Asia,Southern Asia,,Asia,Southern-Asia,,Developing,Archaea,0,0,95,0,95,0.0,0.0,100.0,True,Lower middle income,True,Lower middle income,True,False
SLV,SV,SV,El Salvador,FALSE,Americas,Latin America and the Caribbean,Central America,Americas,Latin-America-and-the-Caribbean,Central-America,Developing,Bacteria,0,42,52,0,94,0.0,44.68,55.32,True,Upper middle income,True,Upper middle income,False,False
ISL,IS,IS,Iceland,FALSE,Europe,Northern Europe,,Europe,Northern-Europe,,Developed,Archaea,0,83,10,0,93,0.0,89.25,10.75,True,High income,True,High income,False,False
REU,RE,RE,Reunion,FALSE,Africa,Sub-Saharan Africa,Eastern Africa,Africa,Sub-Saharan-Africa,Eastern-Africa,Developing,Archaea,0,0,93,0,93,0.0,0.0,100.0,,,,,,
MDA,MD,MD,"Moldova, Republic of",FALSE,Europe,Eastern Europe,,Europe,Eastern-Europe,,Developed,Viruses,0,92,0,0,92,0.0,100.0,0.0,True,Upper middle income,True,Upper middle income,False,False
BDI,BI,BI,Burundi,FALSE,Africa,Sub-Saharan Africa,Eastern Africa,Africa,Sub-Saharan-Africa,Eastern-Africa,Developing,Protozoa,0,0,91,0,91,0.0,0.0,100.0,True,Low income,True,Low income,True,False
YEM,YE,YE,Yemen,FALSE,Asia,Western Asia,,Asia,Western-Asia,,Developing,Protozoa,0,0,90,0,90,0.0,0.0,100.0,True,Low income,True,Low income,True,False
SRB,RS,RS,Serbia,FALSE,Europe,Southern Europe,,Europe,Southern-Europe,,Developed,Protozoa,0,19,71,0,90,0.0,21.11,78.89,True,Upper middle income,True,Upper middle income,False,False
JAM,JM,JM,Jamaica,FALSE,Americas,Latin America and the Caribbean,Caribbean,Americas,Latin-America-and-the-Caribbean,Caribbean,Developing,Viruses,0,0,90,0,90,0.0,0.0,100.0,True,Upper middle income,True,Upper middle income,False,True
LCA,LC,LC,Saint Lucia,FALSE,Americas,Latin America and the Caribbean,Caribbean,Americas,Latin-America-and-the-Caribbean,Caribbean,Developing,incertae sedis,0,80,9,0,89,0.0,89.89,10.11,True,Upper middle income,True,Upper middle income,False,False
TCD,TD,TD,Chad,FALSE,Africa,Sub-Saharan Africa,Middle Africa,Africa,Sub-Saharan-Africa,Middle-Africa,Developing,Fungi,0,0,89,0,89,0.0,0.0,100.0,True,Low income,True,Low income,True,False
EST,EE,EE,Estonia,TRUE,Europe,Northern Europe,,Europe,Northern-Europe,,Developed,Archaea,80,7,0,0,87,91.95,8.05,0.0,True,High income,True,High income,False,False
ETH,ET,ET,Ethiopia,FALSE,Africa,Sub-Saharan Africa,Eastern Africa,Africa,Sub-Saharan-Africa,Eastern-Africa,Developing,Protozoa,0,0,86,0,86,0.0,0.0,100.0,True,Low income,True,Low income,True,False
TCA,TC,TC,Turks and Caicos Islands,FALSE,Americas,Latin America and the Caribbean,Caribbean,Americas,Latin-America-and-the-Caribbean,Caribbean,Developing,Chromista,0,84,1,0,85,0.0,98.82,1.18,,,,,,
JEY,JE,JE,Jersey,FALSE,Europe,Northern Europe,Channel Islands,Europe,Northern-Europe,Channel-Islands,Developed,Viruses,0,84,1,0,85,0.0,98.82,1.18,,,,,,
GIB,GI,GI,Gibraltar,FALSE,Europe,Southern Europe,,Europe,Southern-Europe,,Developed,Chromista,0,67,18,0,85,0.0,78.82,21.18,,,,,,
TUN,TN,TN,Tunisia,FALSE,Africa,Northern Africa,,Africa,Northern-Africa,,Developing,Protozoa,0,0,84,0,84,0.0,0.0,100.0,True,Lower middle income,True,Lower middle income,False,False
IOT,IO,IO,British Indian Ocean Territory,FALSE,Africa,Sub-Saharan Africa,Eastern Africa,Africa,Sub-Saharan-Africa,Eastern-Africa,Developing,Fungi,0,0,84,0,84,0.0,0.0,100.0,,,,,,
TCD,TD,TD,Chad,FALSE,Africa,Sub-Saharan Africa,Middle Africa,Africa,Sub-Saharan-Africa,Middle-Africa,Developing,Viruses,0,0,83,0,83,0.0,0.0,100.0,True,Low income,True,Low income,True,False
ATF,TF,TF,French Southern Territories,FALSE,Africa,Sub-Saharan Africa,Eastern Africa,Africa,Sub-Saharan-Africa,Eastern-Africa,Developing,Archaea,0,0,83,0,83,0.0,0.0,100.0,,,,,,
JOR,JO,JO,Jordan,FALSE,Asia,Western Asia,,Asia,Western-Asia,,Developing,Archaea,0,0,82,0,82,0.0,0.0,100.0,True,Lower middle income,True,Lower middle income,False,False
QAT,QA,QA,Qatar,FALSE,Asia,Western Asia,,Asia,Western-Asia,,Developing,Protozoa,0,0,82,0,82,0.0,0.0,100.0,True,High income,True,High income,False,False
MSR,MS,MS,Montserrat,FALSE,Americas,Latin America and the Caribbean,Caribbean,Americas,Latin-America-and-the-Caribbean,Caribbean,Developing,Fungi,0,67,15,0,82,0.0,81.71,18.29,,,,,,
CCK,CC,CC,Cocos (Keeling) Islands,FALSE,Oceania,Australia and New Zealand,,Oceania,Australia-and-New-Zealand,,Developed,Fungi,0,46,36,0,82,0.0,56.1,43.9,,,,,,
SYC,SC,SC,Seychelles,FALSE,Africa,Sub-Saharan Africa,Eastern Africa,Africa,Sub-Saharan-Africa,Eastern-Africa,Developing,Protozoa,1,0,79,0,80,1.25,0.0,98.75,True,High income,True,High income,False,True
FJI,FJ,FJ,Fiji,FALSE,Oceania,Melanesia,,Oceania,Melanesia,,Developing,Protozoa,14,2,64,0,80,17.5,2.5,80.0,True,Upper middle income,True,Upper middle income,False,True
ALA,AX,AX,Aland Islands,FALSE,Europe,Northern Europe,,Europe,Northern-Europe,,Developed,Protozoa,0,70,9,0,79,0.0,88.61,11.39,,,,,,
KGZ,KG,KG,Kyrgyzstan,FALSE,Asia,Central Asia,,Asia,Central-Asia,,Developing,Viruses,0,0,78,0,78,0.0,0.0,100.0,True,Lower middle income,True,Lower middle income,False,False
TCD,TD,TD,Chad,FALSE,Africa,Sub-Saharan Africa,Middle Africa,Africa,Sub-Saharan-Africa,Middle-Africa,Developing,Bacteria,0,0,78,0,78,0.0,0.0,100.0,True,Low income,True,Low income,True,False
GMB,GM,GM,Gambia,FALSE,Africa,Sub-Saharan Africa,Western Africa,Africa,Sub-Saharan-Africa,Western-Africa,Developing,Chromista,0,15,63,0,78,0.0,19.23,80.77,True,Low income,True,Low income,True,False
GNB,GW,GW,Guinea-Bissau,FALSE,Africa,Sub-Saharan Africa,Western Africa,Africa,Sub-Saharan-Africa,Western-Africa,Developing,Bacteria,0,0,78,0,78,0.0,0.0,100.0,True,Low income,True,Low income,True,True
VAT,VA,VA,Holy See (Vatican City State),FALSE,Europe,Southern Europe,,Europe,Southern-Europe,,Developed,Plantae,0,70,7,0,77,0.0,90.91,9.09,,,,,,
MMR,MM,MM,Myanmar,FALSE,Asia,South-eastern Asia,,Asia,South-eastern-Asia,,Developing,Protozoa,0,0,76,0,76,0.0,0.0,100.0,True,Lower middle income,True,Lower middle income,True,False
MKD,MK,MK,"Macedonia, the former Yugoslav Republic of",FALSE,Europe,Southern Europe,,Europe,Southern-Europe,,Developed,Protozoa,0,70,6,0,76,0.0,92.11,7.89,True,Upper middle income,True,Upper middle income,False,False
QAT,QA,QA,Qatar,FALSE,Asia,Western Asia,,Asia,Western-Asia,,Developing,Bacteria,0,0,76,0,76,0.0,0.0,100.0,True,High income,True,High income,False,False
ROU,RO,RO,Romania,TRUE,Europe,Eastern Europe,,Europe,Eastern-Europe,,Developed,Archaea,0,76,0,0,76,0.0,100.0,0.0,True,High income,True,High income,False,False
ECU,EC,EC,Ecuador,FALSE,Americas,Latin America and the Caribbean,South America,Americas,Latin-America-and-the-Caribbean,South-America,Developing,Archaea,0,1,75,0,76,0.0,1.32,98.68,True,Upper middle income,True,Upper middle income,False,False
BES,BQ,BQ,"Bonaire, Sint Eustatius and Saba",FALSE,Americas,Latin America and the Caribbean,Caribbean,Americas,Latin-America-and-the-Caribbean,Caribbean,Developing,incertae sedis,0,6,70,0,76,0.0,7.89,92.11,,,,,,
COM,KM,KM,Comoros,FALSE,Africa,Sub-Saharan Africa,Eastern Africa,Africa,Sub-Saharan-Africa,Eastern-Africa,Developing,Fungi,0,4,71,0,75,0.0,5.33,94.67,True,Lower middle income,True,Lower middle income,True,True
ZWE,ZW,ZW,Zimbabwe,FALSE,Africa,Sub-Saharan Africa,Eastern Africa,Africa,Sub-Saharan-Africa,Eastern-Africa,Developing,Archaea,0,0,75,0,75,0.0,0.0,100.0,True,Lower middle income,True,Lower middle income,False,False
BES,BQ,BQ,"Bonaire, Sint Eustatius and Saba",FALSE,Americas,Latin America and the Caribbean,Caribbean,Americas,Latin-America-and-the-Caribbean,Caribbean,Developing,Fungi,0,39,35,0,74,0.0,52.7,47.3,,,,,,
DJI,DJ,DJ,Djibouti,FALSE,Africa,Sub-Saharan Africa,Eastern Africa,Africa,Sub-Saharan-Africa,Eastern-Africa,Developing,Bacteria,0,0,73,0,73,0.0,0.0,100.0,True,Lower middle income,True,Lower middle income,True,False
KGZ,KG,KG,Kyrgyzstan,FALSE,Asia,Central Asia,,Asia,Central-Asia,,Developing,Archaea,0,0,73,0,73,0.0,0.0,100.0,True,Lower middle income,True,Lower middle income,False,False
CZE,CZ,CZ,Czech Republic,TRUE,Europe,Eastern Europe,,Europe,Eastern-Europe,,Developed,Archaea,0,72,0,0,72,0.0,100.0,0.0,True,High income,True,High income,False,False
LCA,LC,LC,Saint Lucia,FALSE,Americas,Latin America and the Caribbean,Caribbean,Americas,Latin-America-and-the-Caribbean,Caribbean,Developing,Protozoa,0,21,51,0,72,0.0,29.17,70.83,True,Upper middle income,True,Upper middle income,False,False
HRV,HR,HR,Croatia,TRUE,Europe,Southern Europe,,Europe,Southern-Europe,,Developed,Archaea,0,72,0,0,72,0.0,100.0,0.0,True,High income,True,High income,False,False
MUS,MU,MU,Mauritius,FALSE,Africa,Sub-Saharan Africa,Eastern Africa,Africa,Sub-Saharan-Africa,Eastern-Africa,Developing,Archaea,0,0,70,0,70,0.0,0.0,100.0,True,Upper middle income,True,Upper middle income,False,True
BIH,BA,BA,Bosnia and Herzegovina,FALSE,Europe,Southern Europe,,Europe,Southern-Europe,,Developed,Chromista,0,46,24,0,70,0.0,65.71,34.29,True,Upper middle income,True,Upper middle income,False,False
KNA,KN,KN,Saint Kitts and Nevis,FALSE,Americas,Latin America and the Caribbean,Caribbean,Americas,Latin-America-and-the-Caribbean,Caribbean,Developing,Bacteria,0,26,44,0,70,0.0,37.14,62.86,True,High income,True,High income,False,False
IOT,IO,IO,British Indian Ocean Territory,FALSE,Africa,Sub-Saharan Africa,Eastern Africa,Africa,Sub-Saharan-Africa,Eastern-Africa,Developing,incertae sedis,0,0,69,0,69,0.0,0.0,100.0,,,,,,
TGO,TG,TG,Togo,FALSE,Africa,Sub-Saharan Africa,Western Africa,Africa,Sub-Saharan-Africa,Western-Africa,Developing,Chromista,0,9,59,0,68,0.0,13.24,86.76,True,Low income,True,Low income,True,False
NIC,NI,NI,Nicaragua,FALSE,Americas,Latin America and the Caribbean,Central America,Americas,Latin-America-and-the-Caribbean,Central-America,Developing,Viruses,0,0,68,0,68,0.0,0.0,100.0,True,Lower middle income,True,Lower middle income,False,False
AZE,AZ,AZ,Azerbaijan,FALSE,Asia,Western Asia,,Asia,Western-Asia,,Developing,Chromista,0,0,68,0,68,0.0,0.0,100.0,True,Upper middle income,True,Upper middle income,False,False
TKM,TM,TM,Turkmenistan,FALSE,Asia,Central Asia,,Asia,Central-Asia,,Developing,Chromista,0,0,68,0,68,0.0,0.0,100.0,True,Upper middle income,True,Upper middle income,False,False
BVT,BV,BV,Bouvet Island,FALSE,Americas,Latin America and the Caribbean,South America,Americas,Latin-America-and-the-Caribbean,South-America,Developing,Fungi,0,0,68,0,68,0.0,0.0,100.0,,,,,,
GHA,GH,GH,Ghana,FALSE,Africa,Sub-Saharan Africa,Western Africa,Africa,Sub-Saharan-Africa,Western-Africa,Developing,Protozoa,0,0,67,0,67,0.0,0.0,100.0,True,Lower middle income,True,Lower middle income,False,False
MRT,MR,MR,Mauritania,FALSE,Africa,Sub-Saharan Africa,Western Africa,Africa,Sub-Saharan-Africa,Western-Africa,Developing,Fungi,0,0,66,0,66,0.0,0.0,100.0,True,Lower middle income,True,Lower middle income,True,False
VCT,VC,VC,Saint Vincent and the Grenadines,FALSE,Americas,Latin America and the Caribbean,Caribbean,Americas,Latin-America-and-the-Caribbean,Caribbean,Developing,Bacteria,0,13,53,0,66,0.0,19.7,80.3,True,Upper middle income,True,Upper middle income,False,False
MAC,MO,MO,Macao,FALSE,Asia,Eastern Asia,,Asia,Eastern-Asia,,Developing,Viruses,0,0,66,0,66,0.0,0.0,100.0,,,,,,
BHR,BH,BH,Bahrain,FALSE,Asia,Western Asia,,Asia,Western-Asia,,Developing,Bacteria,0,0,65,0,65,0.0,0.0,100.0,True,High income,True,High income,False,False
ALB,AL,AL,Albania,FALSE,Europe,Southern Europe,,Europe,Southern-Europe,,Developed,Viruses,0,64,0,0,64,0.0,100.0,0.0,True,Upper middle income,True,Upper middle income,False,False
GGY,GG,GG,Guernsey,FALSE,Europe,Northern Europe,Channel Islands,Europe,Northern-Europe,Channel-Islands,Developed,Viruses,0,64,0,0,64,0.0,100.0,0.0,,,,,,
IOT,IO,IO,British Indian Ocean Territory,FALSE,Africa,Sub-Saharan Africa,Eastern Africa,Africa,Sub-Saharan-Africa,Eastern-Africa,Developing,Bacteria,0,0,64,0,64,0.0,0.0,100.0,,,,,,
TCA,TC,TC,Turks and Caicos Islands,FALSE,Americas,Latin America and the Caribbean,Caribbean,Americas,Latin-America-and-the-Caribbean,Caribbean,Developing,incertae sedis,0,16,48,0,64,0.0,25.0,75.0,,,,,,
GIB,GI,GI,Gibraltar,FALSE,Europe,Southern Europe,,Europe,Southern-Europe,,Developed,Fungi,0,28,35,0,63,0.0,44.44,55.56,,,,,,
MDA,MD,MD,"Moldova, Republic of",FALSE,Europe,Eastern Europe,,Europe,Eastern-Europe,,Developed,Protozoa,0,13,49,0,62,0.0,20.97,79.03,True,Upper middle income,True,Upper middle income,False,False
COK,CK,CK,Cook Islands,FALSE,Oceania,Polynesia,,Oceania,Polynesia,,Developing,Bacteria,0,31,31,0,62,0.0,50.0,50.0,True,High income,True,High income,False,True
SUR,SR,SR,Suriname,FALSE,Americas,Latin America and the Caribbean,South America,Americas,Latin-America-and-the-Caribbean,South-America,Developing,Protozoa,0,19,42,0,61,0.0,31.15,68.85,True,Upper middle income,True,Upper middle income,False,True
SXM,SX,SX,Sint Maarten (Dutch part),FALSE,Americas,Latin America and the Caribbean,Caribbean,Americas,Latin-America-and-the-Caribbean,Caribbean,Developing,Bacteria,0,1,60,0,61,0.0,1.64,98.36,,,,,,
TKM,TM,TM,Turkmenistan,FALSE,Asia,Central Asia,,Asia,Central-Asia,,Developing,Bacteria,0,0,60,0,60,0.0,0.0,100.0,True,Upper middle income,True,Upper middle income,False,False
ETH,ET,ET,Ethiopia,FALSE,Africa,Sub-Saharan Africa,Eastern Africa,Africa,Sub-Saharan-Africa,Eastern-Africa,Developing,Archaea,0,0,60,0,60,0.0,0.0,100.0,True,Low income,True,Low income,True,False
NER,NE,NE,Niger,FALSE,Africa,Sub-Saharan Africa,Western Africa,Africa,Sub-Saharan-Africa,Western-Africa,Developing,Bacteria,0,0,60,0,60,0.0,0.0,100.0,True,Low income,True,Low income,True,False
SSD,SS,SS,South Sudan,FALSE,Africa,Sub-Saharan Africa,Eastern Africa,Africa,Sub-Saharan-Africa,Eastern-Africa,Developing,incertae sedis,0,8,52,0,60,0.0,13.33,86.67,True,Low income,True,Low income,True,False
BMU,BM,BM,Bermuda,FALSE,Americas,Northern America,,Americas,Northern-America,,Developed,Viruses,0,1,59,0,60,0.0,1.67,98.33,,,,,,
AND,AD,AD,Andorra,FALSE,Europe,Southern Europe,,Europe,Southern-Europe,,Developed,Chromista,26,33,0,0,59,44.07,55.93,0.0,True,High income,True,High income,False,False
COK,CK,CK,Cook Islands,FALSE,Oceania,Polynesia,,Oceania,Polynesia,,Developing,Protozoa,0,9,50,0,59,0.0,15.25,84.75,True,High income,True,High income,False,True
GIB,GI,GI,Gibraltar,FALSE,Europe,Southern Europe,,Europe,Southern-Europe,,Developed,incertae sedis,0,57,2,0,59,0.0,96.61,3.39,,,,,,
BHR,BH,BH,Bahrain,FALSE,Asia,Western Asia,,Asia,Western-Asia,,Developing,Fungi,0,0,58,0,58,0.0,0.0,100.0,True,High income,True,High income,False,False
PSE,PS,PS,"Palestine, State of",FALSE,Asia,Western Asia,,Asia,Western-Asia,,Developing,Chromista,0,0,58,0,58,0.0,0.0,100.0,True,Lower middle income,True,Lower middle income,False,False
WLF,WF,WF,Wallis and Futuna,FALSE,Oceania,Polynesia,,Oceania,Polynesia,,Developing,incertae sedis,0,3,55,0,58,0.0,5.17,94.83,,,,,,
ARM,AM,AM,Armenia,FALSE,Asia,Western Asia,,Asia,Western-Asia,,Developing,Viruses,0,0,57,0,57,0.0,0.0,100.0,True,Upper middle income,True,Upper middle income,False,False
BEN,BJ,BJ,Benin,FALSE,Africa,Sub-Saharan Africa,Western Africa,Africa,Sub-Saharan-Africa,Western-Africa,Developing,Archaea,0,0,57,0,57,0.0,0.0,100.0,True,Lower middle income,True,Lower middle income,True,False
NCL,NC,NC,New Caledonia,FALSE,Oceania,Melanesia,,Oceania,Melanesia,,Developing,Viruses,0,0,55,0,55,0.0,0.0,100.0,,,,,,
PNG,PG,PG,Papua New Guinea,FALSE,Oceania,Melanesia,,Oceania,Melanesia,,Developing,Archaea,0,0,54,0,54,0.0,0.0,100.0,True,Lower middle income,True,Lower middle income,False,True
UGA,UG,UG,Uganda,FALSE,Africa,Sub-Saharan Africa,Eastern Africa,Africa,Sub-Saharan-Africa,Eastern-Africa,Developing,Archaea,0,0,54,0,54,0.0,0.0,100.0,True,Low income,True,Low income,True,False
VUT,VU,VU,Vanuatu,FALSE,Oceania,Melanesia,,Oceania,Melanesia,,Developing,Bacteria,0,7,46,0,53,0.0,13.21,86.79,True,Lower middle income,True,Lower middle income,False,True
HTI,HT,HT,Haiti,FALSE,Americas,Latin America and the Caribbean,Caribbean,Americas,Latin-America-and-the-Caribbean,Caribbean,Developing,Viruses,0,0,52,0,52,0.0,0.0,100.0,True,Lower middle income,True,Lower middle income,True,True
GRD,GD,GD,Grenada,FALSE,Americas,Latin America and the Caribbean,Caribbean,Americas,Latin-America-and-the-Caribbean,Caribbean,Developing,Viruses,0,0,51,0,51,0.0,0.0,100.0,True,Upper middle income,True,Upper middle income,False,True
VUT,VU,VU,Vanuatu,FALSE,Oceania,Melanesia,,Oceania,Melanesia,,Developing,Viruses,0,0,51,0,51,0.0,0.0,100.0,True,Lower middle income,True,Lower middle income,False,True
ALB,AL,AL,Albania,FALSE,Europe,Southern Europe,,Europe,Southern-Europe,,Developed,Protozoa,0,50,0,0,50,0.0,100.0,0.0,True,Upper middle income,True,Upper middle income,False,False
LVA,LV,LV,Latvia,TRUE,Europe,Northern Europe,,Europe,Northern-Europe,,Developed,Archaea,0,49,0,0,49,0.0,100.0,0.0,True,High income,True,High income,False,False
PLW,PW,PW,Palau,FALSE,Oceania,Micronesia,,Oceania,Micronesia,,Developing,Protozoa,0,0,49,0,49,0.0,0.0,100.0,True,High income,True,High income,False,True
SVK,SK,SK,Slovakia,TRUE,Europe,Eastern Europe,,Europe,Eastern-Europe,,Developed,Archaea,0,47,0,0,47,0.0,100.0,0.0,True,High income,True,High income,False,False
BRN,BN,BN,Brunei Darussalam,FALSE,Asia,South-eastern Asia,,Asia,South-eastern-Asia,,Developing,Protozoa,0,0,47,0,47,0.0,0.0,100.0,True,High income,True,High income,False,False
AND,AD,AD,Andorra,FALSE,Europe,Southern Europe,,Europe,Southern-Europe,,Developed,incertae sedis,0,45,2,0,47,0.0,95.74,4.26,True,High income,True,High income,False,False
TLS,TL,TL,Timor-Leste,FALSE,Asia,South-eastern Asia,,Asia,South-eastern-Asia,,Developing,Fungi,0,0,46,0,46,0.0,0.0,100.0,True,Lower middle income,True,Lower middle income,True,True
SLV,SV,SV,El Salvador,FALSE,Americas,Latin America and the Caribbean,Central America,Americas,Latin-America-and-the-Caribbean,Central-America,Developing,Viruses,0,5,40,0,45,0.0,11.11,88.89,True,Upper middle income,True,Upper middle income,False,False
GAB,GA,GA,Gabon,FALSE,Africa,Sub-Saharan Africa,Middle Africa,Africa,Sub-Saharan-Africa,Middle-Africa,Developing,Protozoa,0,0,45,0,45,0.0,0.0,100.0,True,Upper middle income,True,Upper middle income,False,False
BWA,BW,BW,Botswana,FALSE,Africa,Sub-Saharan Africa,Southern Africa,Africa,Sub-Saharan-Africa,Southern-Africa,Developing,Viruses,0,0,45,0,45,0.0,0.0,100.0,True,Upper middle income,True,Upper middle income,False,False
KNA,KN,KN,Saint Kitts and Nevis,FALSE,Americas,Latin America and the Caribbean,Caribbean,Americas,Latin-America-and-the-Caribbean,Caribbean,Developing,incertae sedis,0,13,31,0,44,0.0,29.55,70.45,True,High income,True,High income,False,False
WSM,WS,WS,Samoa,FALSE,Oceania,Polynesia,,Oceania,Polynesia,,Developing,Protozoa,0,5,39,0,44,0.0,11.36,88.64,True,Upper middle income,True,Upper middle income,False,True
TUV,TV,TV,Tuvalu,FALSE,Oceania,Polynesia,,Oceania,Polynesia,,Developing,incertae sedis,0,14,29,0,43,0.0,32.56,67.44,True,Upper middle income,True,Upper middle income,True,True
ERI,ER,ER,Eritrea,FALSE,Africa,Sub-Saharan Africa,Eastern Africa,Africa,Sub-Saharan-Africa,Eastern-Africa,Developing,Viruses,0,0,43,0,43,0.0,0.0,100.0,True,Low income,True,Low income,True,False
MDA,MD,MD,"Moldova, Republic of",FALSE,Europe,Eastern Europe,,Europe,Eastern-Europe,,Developed,Bacteria,0,39,4,0,43,0.0,90.7,9.3,True,Upper middle income,True,Upper middle income,False,False
BTN,BT,BT,Bhutan,FALSE,Asia,Southern Asia,,Asia,Southern-Asia,,Developing,Archaea,0,0,43,0,43,0.0,0.0,100.0,True,Lower middle income,True,Lower middle income,False,False
PRK,KP,KP,"Korea, Democratic People's Republic of",FALSE,Asia,Eastern Asia,,Asia,Eastern-Asia,,Developing,Chromista,0,22,20,0,42,0.0,52.38,47.62,True,Low income,True,Low income,False,False
BHR,BH,BH,Bahrain,FALSE,Asia,Western Asia,,Asia,Western-Asia,,Developing,Viruses,0,0,41,0,41,0.0,0.0,100.0,True,High income,True,High income,False,False
SOM,SO,SO,Somalia,FALSE,Africa,Sub-Saharan Africa,Eastern Africa,Africa,Sub-Saharan-Africa,Eastern-Africa,Developing,Bacteria,0,0,41,0,41,0.0,0.0,100.0,True,Low income,True,Low income,True,False
PSE,PS,PS,"Palestine, State of",FALSE,Asia,Western Asia,,Asia,Western-Asia,,Developing,Bacteria,0,0,40,0,40,0.0,0.0,100.0,True,Lower middle income,True,Lower middle income,False,False
CAF,CF,CF,Central African Republic,FALSE,Africa,Sub-Saharan Africa,Middle Africa,Africa,Sub-Saharan-Africa,Middle-Africa,Developing,Protozoa,0,0,39,0,39,0.0,0.0,100.0,True,Low income,True,Low income,True,False
FJI,FJ,FJ,Fiji,FALSE,Oceania,Melanesia,,Oceania,Melanesia,,Developing,Archaea,0,0,39,0,39,0.0,0.0,100.0,True,Upper middle income,True,Upper middle income,False,True
PYF,PF,PF,French Polynesia,FALSE,Oceania,Polynesia,,Oceania,Polynesia,,Developing,Viruses,0,0,39,0,39,0.0,0.0,100.0,,,,,,
ATG,AG,AG,Antigua and Barbuda,FALSE,Americas,Latin America and the Caribbean,Caribbean,Americas,Latin-America-and-the-Caribbean,Caribbean,Developing,Bacteria,0,8,30,0,38,0.0,21.05,78.95,True,High income,True,High income,False,True
TKM,TM,TM,Turkmenistan,FALSE,Asia,Central Asia,,Asia,Central-Asia,,Developing,Viruses,0,0,37,0,37,0.0,0.0,100.0,True,Upper middle income,True,Upper middle income,False,False
SUR,SR,SR,Suriname,FALSE,Americas,Latin America and the Caribbean,South America,Americas,Latin-America-and-the-Caribbean,South-America,Developing,Bacteria,0,4,33,0,37,0.0,10.81,89.19,True,Upper middle income,True,Upper middle income,False,True
MAF,MF,MF,Saint Martin (French part),FALSE,Americas,Latin America and the Caribbean,Caribbean,Americas,Latin-America-and-the-Caribbean,Caribbean,Developing,Bacteria,0,0,37,0,37,0.0,0.0,100.0,,,,,,
BWA,BW,BW,Botswana,FALSE,Africa,Sub-Saharan Africa,Southern Africa,Africa,Sub-Saharan-Africa,Southern-Africa,Developing,Bacteria,0,0,36,0,36,0.0,0.0,100.0,True,Upper middle income,True,Upper middle income,False,False
WSM,WS,WS,Samoa,FALSE,Oceania,Polynesia,,Oceania,Polynesia,,Developing,Viruses,0,0,36,0,36,0.0,0.0,100.0,True,Upper middle income,True,Upper middle income,False,True
BLM,BL,BL,Saint Barthelemy,FALSE,Americas,Latin America and the Caribbean,Caribbean,Americas,Latin-America-and-the-Caribbean,Caribbean,Developing,incertae sedis,0,1,35,0,36,0.0,2.78,97.22,,,,,,
ABW,AW,AW,Aruba,FALSE,Americas,Latin America and the Caribbean,Caribbean,Americas,Latin-America-and-the-Caribbean,Caribbean,Developing,Fungi,0,6,30,0,36,0.0,16.67,83.33,,,,,,
IMN,IM,IM,Isle of Man,FALSE,Europe,Northern Europe,,Europe,Northern-Europe,,Developed,Viruses,0,32,3,0,35,0.0,91.43,8.57,,,,,,
TCA,TC,TC,Turks and Caicos Islands,FALSE,Americas,Latin America and the Caribbean,Caribbean,Americas,Latin-America-and-the-Caribbean,Caribbean,Developing,Bacteria,0,29,6,0,35,0.0,82.86,17.14,,,,,,
LBR,LR,LR,Liberia,FALSE,Africa,Sub-Saharan Africa,Western Africa,Africa,Sub-Saharan-Africa,Western-Africa,Developing,Viruses,0,0,34,0,34,0.0,0.0,100.0,True,Low income,True,Low income,True,False
PRY,PY,PY,Paraguay,FALSE,Americas,Latin America and the Caribbean,South America,Americas,Latin-America-and-the-Caribbean,South-America,Developing,Chromista,0,21,13,0,34,0.0,61.76,38.24,True,Upper middle income,True,Upper middle income,False,False
FJI,FJ,FJ,Fiji,FALSE,Oceania,Melanesia,,Oceania,Melanesia,,Developing,Viruses,0,1,33,0,34,0.0,2.94,97.06,True,Upper middle income,True,Upper middle income,False,True
MSR,MS,MS,Montserrat,FALSE,Americas,Latin America and the Caribbean,Caribbean,Americas,Latin-America-and-the-Caribbean,Caribbean,Developing,incertae sedis,0,11,22,0,33,0.0,33.33,66.67,,,,,,
HND,HN,HN,Honduras,FALSE,Americas,Latin America and the Caribbean,Central America,Americas,Latin-America-and-the-Caribbean,Central-America,Developing,Viruses,0,0,32,0,32,0.0,0.0,100.0,True,Lower middle income,True,Lower middle income,False,False
SLE,SL,SL,Sierra Leone,FALSE,Africa,Sub-Saharan Africa,Western Africa,Africa,Sub-Saharan-Africa,Western-Africa,Developing,Archaea,0,0,32,0,32,0.0,0.0,100.0,True,Low income,True,Low income,False,False
MCO,MC,MC,Monaco,FALSE,Europe,Western Europe,,Europe,Western-Europe,,Developed,Fungi,0,13,18,0,31,0.0,41.94,58.06,True,High income,True,High income,False,False
AIA,AI,AI,Anguilla,FALSE,Americas,Latin America and the Caribbean,Caribbean,Americas,Latin-America-and-the-Caribbean,Caribbean,Developing,incertae sedis,0,20,11,0,31,0.0,64.52,35.48,,,,,,
BVT,BV,BV,Bouvet Island,FALSE,Americas,Latin America and the Caribbean,South America,Americas,Latin-America-and-the-Caribbean,South-America,Developing,incertae sedis,0,0,31,0,31,0.0,0.0,100.0,,,,,,
COG,CG,CG,Congo,FALSE,Africa,Sub-Saharan Africa,Middle Africa,Africa,Sub-Saharan-Africa,Middle-Africa,Developing,Protozoa,0,0,30,0,30,0.0,0.0,100.0,True,Lower middle income,True,Lower middle income,False,False
GUF,GF,GF,French Guiana,FALSE,Americas,Latin America and the Caribbean,South America,Americas,Latin-America-and-the-Caribbean,South-America,Developing,Archaea,0,0,30,0,30,0.0,0.0,100.0,,,,,,
MCO,MC,MC,Monaco,FALSE,Europe,Western Europe,,Europe,Western-Europe,,Developed,Chromista,0,7,21,0,28,0.0,25.0,75.0,True,High income,True,High income,False,False
LBY,LY,LY,Libya,FALSE,Africa,Northern Africa,,Africa,Northern-Africa,,Developing,Archaea,0,0,28,0,28,0.0,0.0,100.0,True,Upper middle income,True,Upper middle income,False,False
SGP,SG,SG,Singapore,FALSE,Asia,South-eastern Asia,,Asia,South-eastern-Asia,,Developing,Archaea,0,0,28,0,28,0.0,0.0,100.0,True,High income,True,High income,False,True
TLS,TL,TL,Timor-Leste,FALSE,Asia,South-eastern Asia,,Asia,South-eastern-Asia,,Developing,Viruses,0,0,28,0,28,0.0,0.0,100.0,True,Lower middle income,True,Lower middle income,True,True
MNE,ME,ME,Montenegro,FALSE,Europe,Southern Europe,,Europe,Southern-Europe,,Developed,Protozoa,0,26,2,0,28,0.0,92.86,7.14,True,Upper middle income,True,Upper middle income,False,False
DJI,DJ,DJ,Djibouti,FALSE,Africa,Sub-Saharan Africa,Eastern Africa,Africa,Sub-Saharan-Africa,Eastern-Africa,Developing,incertae sedis,0,0,27,0,27,0.0,0.0,100.0,True,Lower middle income,True,Lower middle income,True,False
GMB,GM,GM,Gambia,FALSE,Africa,Sub-Saharan Africa,Western Africa,Africa,Sub-Saharan-Africa,Western-Africa,Developing,Protozoa,0,0,27,0,27,0.0,0.0,100.0,True,Low income,True,Low income,True,False
MYS,MY,MY,Malaysia,FALSE,Asia,South-eastern Asia,,Asia,South-eastern-Asia,,Developing,Archaea,0,0,26,0,26,0.0,0.0,100.0,True,Upper middle income,True,Upper middle income,False,False
QAT,QA,QA,Qatar,FALSE,Asia,Western Asia,,Asia,Western-Asia,,Developing,Viruses,0,0,26,0,26,0.0,0.0,100.0,True,High income,True,High income,False,False
SEN,SN,SN,Senegal,FALSE,Africa,Sub-Saharan Africa,Western Africa,Africa,Sub-Saharan-Africa,Western-Africa,Developing,Protozoa,3,0,23,0,26,11.54,0.0,88.46,True,Lower middle income,True,Lower middle income,False,False
ABW,AW,AW,Aruba,FALSE,Americas,Latin America and the Caribbean,Caribbean,Americas,Latin-America-and-the-Caribbean,Caribbean,Developing,incertae sedis,0,0,26,0,26,0.0,0.0,100.0,,,,,,
CYM,KY,KY,Cayman Islands,FALSE,Americas,Latin America and the Caribbean,Caribbean,Americas,Latin-America-and-the-Caribbean,Caribbean,Developing,Bacteria,0,18,8,0,26,0.0,69.23,30.77,,,,,,
CUW,CW,CW,Curacao,FALSE,Americas,Latin America and the Caribbean,Caribbean,Americas,Latin-America-and-the-Caribbean,Caribbean,Developing,Protozoa,0,4,22,0,26,0.0,15.38,84.62,,,,,,
TCD,TD,TD,Chad,FALSE,Africa,Sub-Saharan Africa,Middle Africa,Africa,Sub-Saharan-Africa,Middle-Africa,Developing,Protozoa,0,0,25,0,25,0.0,0.0,100.0,True,Low income,True,Low income,True,False
SGS,GS,GS,South Georgia and the South Sandwich Islands,FALSE,Americas,Latin America and the Caribbean,South America,Americas,Latin-America-and-the-Caribbean,South-America,Developing,Viruses,0,0,25,0,25,0.0,0.0,100.0,,,,,,
LSO,LS,LS,Lesotho,FALSE,Africa,Sub-Saharan Africa,Southern Africa,Africa,Sub-Saharan-Africa,Southern-Africa,Developing,Viruses,0,0,24,0,24,0.0,0.0,100.0,True,Lower middle income,True,Lower middle income,True,False
SSD,SS,SS,South Sudan,FALSE,Africa,Sub-Saharan Africa,Eastern Africa,Africa,Sub-Saharan-Africa,Eastern-Africa,Developing,Chromista,0,0,24,0,24,0.0,0.0,100.0,True,Low income,True,Low income,True,False
LBN,LB,LB,Lebanon,FALSE,Asia,Western Asia,,Asia,Western-Asia,,Developing,Archaea,0,0,24,0,24,0.0,0.0,100.0,True,Lower middle income,True,Lower middle income,False,False
TCA,TC,TC,Turks and Caicos Islands,FALSE,Americas,Latin America and the Caribbean,Caribbean,Americas,Latin-America-and-the-Caribbean,Caribbean,Developing,Fungi,0,16,8,0,24,0.0,66.67,33.33,,,,,,
MAF,MF,MF,Saint Martin (French part),FALSE,Americas,Latin America and the Caribbean,Caribbean,Americas,Latin-America-and-the-Caribbean,Caribbean,Developing,Fungi,0,23,1,0,24,0.0,95.83,4.17,,,,,,
DJI,DJ,DJ,Djibouti,FALSE,Africa,Sub-Saharan Africa,Eastern Africa,Africa,Sub-Saharan-Africa,Eastern-Africa,Developing,Chromista,0,0,23,0,23,0.0,0.0,100.0,True,Lower middle income,True,Lower middle income,True,False
LIE,LI,LI,Liechtenstein,FALSE,Europe,Western Europe,,Europe,Western-Europe,,Developed,Protozoa,0,21,2,0,23,0.0,91.3,8.7,True,High income,True,High income,False,False
ERI,ER,ER,Eritrea,FALSE,Africa,Sub-Saharan Africa,Eastern Africa,Africa,Sub-Saharan-Africa,Eastern-Africa,Developing,Bacteria,0,0,22,0,22,0.0,0.0,100.0,True,Low income,True,Low income,True,False
BLZ,BZ,BZ,Belize,FALSE,Americas,Latin America and the Caribbean,Central America,Americas,Latin-America-and-the-Caribbean,Central-America,Developing,Viruses,0,2,20,0,22,0.0,9.09,90.91,True,Upper middle income,True,Upper middle income,False,True
GNQ,GQ,GQ,Equatorial Guinea,FALSE,Africa,Sub-Saharan Africa,Middle Africa,Africa,Sub-Saharan-Africa,Middle-Africa,Developing,Viruses,0,0,22,0,22,0.0,0.0,100.0,True,Upper middle income,True,Upper middle income,False,False
LCA,LC,LC,Saint Lucia,FALSE,Americas,Latin America and the Caribbean,Caribbean,Americas,Latin-America-and-the-Caribbean,Caribbean,Developing,Bacteria,0,1,21,0,22,0.0,4.55,95.45,True,Upper middle income,True,Upper middle income,False,False
AUT,AT,AT,Austria,TRUE,Europe,Western Europe,,Europe,Western-Europe,,Developed,Archaea,0,20,2,0,22,0.0,90.91,9.09,True,High income,True,High income,False,False
MHL,MH,MH,Marshall Islands,FALSE,Oceania,Micronesia,,Oceania,Micronesia,,Developing,Viruses,0,0,22,0,22,0.0,0.0,100.0,True,Upper middle income,True,Upper middle income,False,True
SYR,SY,SY,Syrian Arab Republic,FALSE,Asia,Western Asia,,Asia,Western-Asia,,Developing,Protozoa,0,0,21,0,21,0.0,0.0,100.0,True,Low income,True,Low income,False,False
SEN,SN,SN,Senegal,FALSE,Africa,Sub-Saharan Africa,Western Africa,Africa,Sub-Saharan-Africa,Western-Africa,Developing,Archaea,0,0,21,0,21,0.0,0.0,100.0,True,Lower middle income,True,Lower middle income,False,False
STP,ST,ST,Sao Tome and Principe,FALSE,Africa,Sub-Saharan Africa,Middle Africa,Africa,Sub-Saharan-Africa,Middle-Africa,Developing,Viruses,0,0,21,0,21,0.0,0.0,100.0,True,Lower middle income,True,Lower middle income,True,True
NRU,NR,NR,Nauru,FALSE,Oceania,Micronesia,,Oceania,Micronesia,,Developing,Fungi,0,21,0,0,21,0.0,100.0,0.0,True,High income,True,High income,False,True
SMR,SM,SM,San Marino,FALSE,Europe,Southern Europe,,Europe,Southern-Europe,,Developed,Fungi,0,20,1,0,21,0.0,95.24,4.76,True,High income,True,High income,False,False
WLF,WF,WF,Wallis and Futuna,FALSE,Oceania,Polynesia,,Oceania,Polynesia,,Developing,Archaea,0,0,21,0,21,0.0,0.0,100.0,,,,,,
MDG,MG,MG,Madagascar,FALSE,Africa,Sub-Saharan Africa,Eastern Africa,Africa,Sub-Saharan-Africa,Eastern-Africa,Developing,Archaea,0,0,20,0,20,0.0,0.0,100.0,True,Low income,True,Low income,True,False
CUB,CU,CU,Cuba,FALSE,Americas,Latin America and the Caribbean,Caribbean,Americas,Latin-America-and-the-Caribbean,Caribbean,Developing,Archaea,0,0,20,0,20,0.0,0.0,100.0,True,Upper middle income,True,Upper middle income,False,True
CUW,CW,CW,Curacao,FALSE,Americas,Latin America and the Caribbean,Caribbean,Americas,Latin-America-and-the-Caribbean,Caribbean,Developing,Archaea,0,0,20,0,20,0.0,0.0,100.0,,,,,,
ABW,AW,AW,Aruba,FALSE,Americas,Latin America and the Caribbean,Caribbean,Americas,Latin-America-and-the-Caribbean,Caribbean,Developing,Protozoa,0,0,20,0,20,0.0,0.0,100.0,,,,,,
SLB,SB,SB,Solomon Islands,FALSE,Oceania,Melanesia,,Oceania,Melanesia,,Developing,Protozoa,0,1,18,0,19,0.0,5.26,94.74,True,Lower middle income,True,Lower middle income,True,True
MDA,MD,MD,"Moldova, Republic of",FALSE,Europe,Eastern Europe,,Europe,Eastern-Europe,,Developed,Chromista,0,7,12,0,19,0.0,36.84,63.16,True,Upper middle income,True,Upper middle income,False,False
NER,NE,NE,Niger,FALSE,Africa,Sub-Saharan Africa,Western Africa,Africa,Sub-Saharan-Africa,Western-Africa,Developing,Protozoa,0,0,19,0,19,0.0,0.0,100.0,True,Low income,True,Low income,True,False
LIE,LI,LI,Liechtenstein,FALSE,Europe,Western Europe,,Europe,Western-Europe,,Developed,Bacteria,0,12,6,0,18,0.0,66.67,33.33,True,High income,True,High income,False,False
GNB,GW,GW,Guinea-Bissau,FALSE,Africa,Sub-Saharan Africa,Western Africa,Africa,Sub-Saharan-Africa,Western-Africa,Developing,Viruses,0,0,18,0,18,0.0,0.0,100.0,True,Low income,True,Low income,True,True
CCK,CC,CC,Cocos (Keeling) Islands,FALSE,Oceania,Australia and New Zealand,,Oceania,Australia-and-New-Zealand,,Developed,Protozoa,0,0,18,0,18,0.0,0.0,100.0,,,,,,
CMR,CM,CM,Cameroon,FALSE,Africa,Sub-Saharan Africa,Middle Africa,Africa,Sub-Saharan-Africa,Middle-Africa,Developing,Archaea,0,0,17,0,17,0.0,0.0,100.0,True,Lower middle income,True,Lower middle income,False,False
BDI,BI,BI,Burundi,FALSE,Africa,Sub-Saharan Africa,Eastern Africa,Africa,Sub-Saharan-Africa,Eastern-Africa,Developing,Bacteria,0,0,17,0,17,0.0,0.0,100.0,True,Low income,True,Low income,True,False
CXR,CX,CX,Christmas Island,FALSE,Oceania,Australia and New Zealand,,Oceania,Australia-and-New-Zealand,,Developed,Bacteria,0,1,16,0,17,0.0,5.88,94.12,,,,,,
LIE,LI,LI,Liechtenstein,FALSE,Europe,Western Europe,,Europe,Western-Europe,,Developed,Viruses,0,16,0,0,16,0.0,100.0,0.0,True,High income,True,High income,False,False
BRB,BB,BB,Barbados,FALSE,Americas,Latin America and the Caribbean,Caribbean,Americas,Latin-America-and-the-Caribbean,Caribbean,Developing,Protozoa,0,10,6,0,16,0.0,62.5,37.5,True,High income,True,High income,False,True
CAF,CF,CF,Central African Republic,FALSE,Africa,Sub-Saharan Africa,Middle Africa,Africa,Sub-Saharan-Africa,Middle-Africa,Developing,Bacteria,0,0,16,0,16,0.0,0.0,100.0,True,Low income,True,Low income,True,False
SSD,SS,SS,South Sudan,FALSE,Africa,Sub-Saharan Africa,Eastern Africa,Africa,Sub-Saharan-Africa,Eastern-Africa,Developing,Fungi,0,0,16,0,16,0.0,0.0,100.0,True,Low income,True,Low income,True,False
BES,BQ,BQ,"Bonaire, Sint Eustatius and Saba",FALSE,Americas,Latin America and the Caribbean,Caribbean,Americas,Latin-America-and-the-Caribbean,Caribbean,Developing,Bacteria,0,2,14,0,16,0.0,12.5,87.5,,,,,,
,,,,,,,,,,,,incertae sedis,0,0,16,0,16,0.0,0.0,100.0,,,,,,
DJI,DJ,DJ,Djibouti,FALSE,Africa,Sub-Saharan Africa,Eastern Africa,Africa,Sub-Saharan-Africa,Eastern-Africa,Developing,Fungi,0,1,14,0,15,0.0,6.67,93.33,True,Lower middle income,True,Lower middle income,True,False
SOM,SO,SO,Somalia,FALSE,Africa,Sub-Saharan Africa,Eastern Africa,Africa,Sub-Saharan-Africa,Eastern-Africa,Developing,Viruses,0,0,15,0,15,0.0,0.0,100.0,True,Low income,True,Low income,True,False
SOM,SO,SO,Somalia,FALSE,Africa,Sub-Saharan Africa,Eastern Africa,Africa,Sub-Saharan-Africa,Eastern-Africa,Developing,Protozoa,0,0,15,0,15,0.0,0.0,100.0,True,Low income,True,Low income,True,False
ARE,AE,AE,United Arab Emirates,FALSE,Asia,Western Asia,,Asia,Western-Asia,,Developing,Protozoa,0,0,15,0,15,0.0,0.0,100.0,True,High income,True,High income,False,False
GAB,GA,GA,Gabon,FALSE,Africa,Sub-Saharan Africa,Middle Africa,Africa,Sub-Saharan-Africa,Middle-Africa,Developing,Archaea,0,0,14,0,14,0.0,0.0,100.0,True,Upper middle income,True,Upper middle income,False,False
TON,TO,TO,Tonga,FALSE,Oceania,Polynesia,,Oceania,Polynesia,,Developing,Protozoa,0,1,13,0,14,0.0,7.14,92.86,True,Upper middle income,True,Upper middle income,False,True
SXM,SX,SX,Sint Maarten (Dutch part),FALSE,Americas,Latin America and the Caribbean,Caribbean,Americas,Latin-America-and-the-Caribbean,Caribbean,Developing,incertae sedis,0,0,14,0,14,0.0,0.0,100.0,,,,,,
CPV,CV,CV,Cabo Verde,FALSE,Africa,Sub-Saharan Africa,Western Africa,Africa,Sub-Saharan-Africa,Western-Africa,Developing,Viruses,0,0,13,0,13,0.0,0.0,100.0,True,Upper middle income,True,Upper middle income,False,True
MKD,MK,MK,"Macedonia, the former Yugoslav Republic of",FALSE,Europe,Southern Europe,,Europe,Southern-Europe,,Developed,Bacteria,0,13,0,0,13,0.0,100.0,0.0,True,Upper middle income,True,Upper middle income,False,False
SGS,GS,GS,South Georgia and the South Sandwich Islands,FALSE,Americas,Latin America and the Caribbean,South America,Americas,Latin-America-and-the-Caribbean,South-America,Developing,Archaea,0,0,13,0,13,0.0,0.0,100.0,,,,,,
MAF,MF,MF,Saint Martin (French part),FALSE,Americas,Latin America and the Caribbean,Caribbean,Americas,Latin-America-and-the-Caribbean,Caribbean,Developing,incertae sedis,0,3,10,0,13,0.0,23.08,76.92,,,,,,
LKA,LK,LK,Sri Lanka,FALSE,Asia,Southern Asia,,Asia,Southern-Asia,,Developing,Archaea,0,0,12,0,12,0.0,0.0,100.0,True,Lower middle income,True,Lower middle income,False,False
BFA,BF,BF,Burkina Faso,FALSE,Africa,Sub-Saharan Africa,Western Africa,Africa,Sub-Saharan-Africa,Western-Africa,Developing,Protozoa,0,0,12,0,12,0.0,0.0,100.0,True,Low income,True,Low income,True,False
AGO,AO,AO,Angola,FALSE,Africa,Sub-Saharan Africa,Middle Africa,Africa,Sub-Saharan-Africa,Middle-Africa,Developing,Protozoa,0,0,12,0,12,0.0,0.0,100.0,True,Lower middle income,True,Lower middle income,True,False
GUY,GY,GY,Guyana,FALSE,Americas,Latin America and the Caribbean,South America,Americas,Latin-America-and-the-Caribbean,South-America,Developing,Viruses,0,0,12,0,12,0.0,0.0,100.0,True,High income,True,High income,False,True
MOZ,MZ,MZ,Mozambique,FALSE,Africa,Sub-Saharan Africa,Eastern Africa,Africa,Sub-Saharan-Africa,Eastern-Africa,Developing,Protozoa,0,1,11,0,12,0.0,8.33,91.67,True,Low income,True,Low income,True,False
SLB,SB,SB,Solomon Islands,FALSE,Oceania,Melanesia,,Oceania,Melanesia,,Developing,Viruses,1,0,11,0,12,8.33,0.0,91.67,True,Lower middle income,True,Lower middle income,True,True
AZE,AZ,AZ,Azerbaijan,FALSE,Asia,Western Asia,,Asia,Western-Asia,,Developing,Protozoa,0,0,12,0,12,0.0,0.0,100.0,True,Upper middle income,True,Upper middle income,False,False
COK,CK,CK,Cook Islands,FALSE,Oceania,Polynesia,,Oceania,Polynesia,,Developing,Viruses,0,0,11,0,11,0.0,0.0,100.0,True,High income,True,High income,False,True
TTO,TT,TT,Trinidad and Tobago,FALSE,Americas,Latin America and the Caribbean,Caribbean,Americas,Latin-America-and-the-Caribbean,Caribbean,Developing,Archaea,0,0,11,0,11,0.0,0.0,100.0,True,High income,True,High income,False,True
FSM,FM,FM,"Micronesia, Federated States of",FALSE,Oceania,Micronesia,,Oceania,Micronesia,,Developing,Viruses,0,0,11,0,11,0.0,0.0,100.0,True,Lower middle income,True,Lower middle income,False,True
GGY,GG,GG,Guernsey,FALSE,Europe,Northern Europe,Channel Islands,Europe,Northern-Europe,Channel-Islands,Developed,Bacteria,0,8,3,0,11,0.0,72.73,27.27,,,,,,
PRK,KP,KP,"Korea, Democratic People's Republic of",FALSE,Asia,Eastern Asia,,Asia,Eastern-Asia,,Developing,Bacteria,0,2,8,0,10,0.0,20.0,80.0,True,Low income,True,Low income,False,False
LIE,LI,LI,Liechtenstein,FALSE,Europe,Western Europe,,Europe,Western-Europe,,Developed,incertae sedis,0,10,0,0,10,0.0,100.0,0.0,True,High income,True,High income,False,False
CIV,CI,CI,Cote d'Ivoire,FALSE,Africa,Sub-Saharan Africa,Western Africa,Africa,Sub-Saharan-Africa,Western-Africa,Developing,Archaea,0,0,10,0,10,0.0,0.0,100.0,True,Lower middle income,True,Lower middle income,False,False
DJI,DJ,DJ,Djibouti,FALSE,Africa,Sub-Saharan Africa,Eastern Africa,Africa,Sub-Saharan-Africa,Eastern-Africa,Developing,Protozoa,0,0,10,0,10,0.0,0.0,100.0,True,Lower middle income,True,Lower middle income,True,False
SMR,SM,SM,San Marino,FALSE,Europe,Southern Europe,,Europe,Southern-Europe,,Developed,incertae sedis,0,6,4,0,10,0.0,60.0,40.0,True,High income,True,High income,False,False
BRN,BN,BN,Brunei Darussalam,FALSE,Asia,South-eastern Asia,,Asia,South-eastern-Asia,,Developing,Viruses,0,0,10,0,10,0.0,0.0,100.0,True,High income,True,High income,False,False
VCT,VC,VC,Saint Vincent and the Grenadines,FALSE,Americas,Latin America and the Caribbean,Caribbean,Americas,Latin-America-and-the-Caribbean,Caribbean,Developing,Viruses,0,0,10,0,10,0.0,0.0,100.0,True,Upper middle income,True,Upper middle income,False,False
VIR,VI,VI,"Virgin Islands, U.S.",FALSE,Americas,Latin America and the Caribbean,Caribbean,Americas,Latin-America-and-the-Caribbean,Caribbean,Developing,Protozoa,0,10,0,0,10,0.0,100.0,0.0,,,,,,
GIB,GI,GI,Gibraltar,FALSE,Europe,Southern Europe,,Europe,Southern-Europe,,Developed,Viruses,0,10,0,0,10,0.0,100.0,0.0,,,,,,
AIA,AI,AI,Anguilla,FALSE,Americas,Latin America and the Caribbean,Caribbean,Americas,Latin-America-and-the-Caribbean,Caribbean,Developing,Bacteria,0,5,5,0,10,0.0,50.0,50.0,,,,,,
MYT,YT,YT,Mayotte,FALSE,Africa,Sub-Saharan Africa,Eastern Africa,Africa,Sub-Saharan-Africa,Eastern-Africa,Developing,Archaea,0,0,10,0,10,0.0,0.0,100.0,,,,,,
ESH,EH,EH,Western Sahara,FALSE,Africa,Northern Africa,,Africa,Northern-Africa,,Developing,Fungi,0,0,10,0,10,0.0,0.0,100.0,,,,,,
CCK,CC,CC,Cocos (Keeling) Islands,FALSE,Oceania,Australia and New Zealand,,Oceania,Australia-and-New-Zealand,,Developed,Archaea,0,0,10,0,10,0.0,0.0,100.0,,,,,,
SSD,SS,SS,South Sudan,FALSE,Africa,Sub-Saharan Africa,Eastern Africa,Africa,Sub-Saharan-Africa,Eastern-Africa,Developing,Viruses,0,0,9,0,9,0.0,0.0,100.0,True,Low income,True,Low income,True,False
BWA,BW,BW,Botswana,FALSE,Africa,Sub-Saharan Africa,Southern Africa,Africa,Sub-Saharan-Africa,Southern-Africa,Developing,Protozoa,0,0,9,0,9,0.0,0.0,100.0,True,Upper middle income,True,Upper middle income,False,False
COG,CG,CG,Congo,FALSE,Africa,Sub-Saharan Africa,Middle Africa,Africa,Sub-Saharan-Africa,Middle-Africa,Developing,Archaea,0,0,9,0,9,0.0,0.0,100.0,True,Lower middle income,True,Lower middle income,False,False
MNE,ME,ME,Montenegro,FALSE,Europe,Southern Europe,,Europe,Southern-Europe,,Developed,Archaea,0,9,0,0,9,0.0,100.0,0.0,True,Upper middle income,True,Upper middle income,False,False
DJI,DJ,DJ,Djibouti,FALSE,Africa,Sub-Saharan Africa,Eastern Africa,Africa,Sub-Saharan-Africa,Eastern-Africa,Developing,Viruses,0,0,9,0,9,0.0,0.0,100.0,True,Lower middle income,True,Lower middle income,True,False
SUR,SR,SR,Suriname,FALSE,Americas,Latin America and the Caribbean,South America,Americas,Latin-America-and-the-Caribbean,South-America,Developing,Viruses,0,0,9,0,9,0.0,0.0,100.0,True,Upper middle income,True,Upper middle income,False,True
MLT,MT,MT,Malta,TRUE,Europe,Southern Europe,,Europe,Southern-Europe,,Developed,Viruses,0,9,0,0,9,0.0,100.0,0.0,True,High income,True,High income,False,False
FRO,FO,FO,Faroe Islands,FALSE,Europe,Northern Europe,,Europe,Northern-Europe,,Developed,Protozoa,0,8,1,0,9,0.0,88.89,11.11,,,,,,
ABW,AW,AW,Aruba,FALSE,Americas,Latin America and the Caribbean,Caribbean,Americas,Latin-America-and-the-Caribbean,Caribbean,Developing,Viruses,0,0,9,0,9,0.0,0.0,100.0,,,,,,
UMI,UM,UM,United States Minor Outlying Islands,FALSE,Oceania,Micronesia,,Oceania,Micronesia,,Developing,Archaea,0,0,9,0,9,0.0,0.0,100.0,,,,,,
,,,,,,,,,,,,Bacteria,0,0,9,0,9,0.0,0.0,100.0,,,,,,
VGB,VG,VG,"Virgin Islands, British",FALSE,Americas,Latin America and the Caribbean,Caribbean,Americas,Latin-America-and-the-Caribbean,Caribbean,Developing,Protozoa,0,4,5,0,9,0.0,44.44,55.56,,,,,,
MLI,ML,ML,Mali,FALSE,Africa,Sub-Saharan Africa,Western Africa,Africa,Sub-Saharan-Africa,Western-Africa,Developing,Protozoa,0,0,8,0,8,0.0,0.0,100.0,True,Low income,True,Low income,True,False
NRU,NR,NR,Nauru,FALSE,Oceania,Micronesia,,Oceania,Micronesia,,Developing,incertae sedis,0,7,1,0,8,0.0,87.5,12.5,True,High income,True,High income,False,True
ARM,AM,AM,Armenia,FALSE,Asia,Western Asia,,Asia,Western-Asia,,Developing,Protozoa,0,0,8,0,8,0.0,0.0,100.0,True,Upper middle income,True,Upper middle income,False,False
LSO,LS,LS,Lesotho,FALSE,Africa,Sub-Saharan Africa,Southern Africa,Africa,Sub-Saharan-Africa,Southern-Africa,Developing,Bacteria,0,0,8,0,8,0.0,0.0,100.0,True,Lower middle income,True,Lower middle income,True,False
SPM,PM,PM,Saint Pierre and Miquelon,FALSE,Americas,Northern America,,Americas,Northern-America,,Developed,Bacteria,0,0,8,0,8,0.0,0.0,100.0,,,,,,
MAF,MF,MF,Saint Martin (French part),FALSE,Americas,Latin America and the Caribbean,Caribbean,Americas,Latin-America-and-the-Caribbean,Caribbean,Developing,Protozoa,0,0,8,0,8,0.0,0.0,100.0,,,,,,
SPM,PM,PM,Saint Pierre and Miquelon,FALSE,Americas,Northern America,,Americas,Northern-America,,Developed,Protozoa,0,0,8,0,8,0.0,0.0,100.0,,,,,,
GIN,GN,GN,Guinea,FALSE,Africa,Sub-Saharan Africa,Western Africa,Africa,Sub-Saharan-Africa,Western-Africa,Developing,Protozoa,0,0,7,0,7,0.0,0.0,100.0,True,Lower middle income,True,Lower middle income,True,False
PSE,PS,PS,"Palestine, State of",FALSE,Asia,Western Asia,,Asia,Western-Asia,,Developing,Protozoa,0,0,7,0,7,0.0,0.0,100.0,True,Lower middle income,True,Lower middle income,False,False
KAZ,KZ,KZ,Kazakhstan,FALSE,Asia,Central Asia,,Asia,Central-Asia,,Developing,Archaea,0,0,7,0,7,0.0,0.0,100.0,True,Upper middle income,True,Upper middle income,False,False
JOR,JO,JO,Jordan,FALSE,Asia,Western Asia,,Asia,Western-Asia,,Developing,Protozoa,0,0,7,0,7,0.0,0.0,100.0,True,Lower middle income,True,Lower middle income,False,False
PLW,PW,PW,Palau,FALSE,Oceania,Micronesia,,Oceania,Micronesia,,Developing,Archaea,0,0,7,0,7,0.0,0.0,100.0,True,High income,True,High income,False,True
BIH,BA,BA,Bosnia and Herzegovina,FALSE,Europe,Southern Europe,,Europe,Southern-Europe,,Developed,Protozoa,0,4,3,0,7,0.0,57.14,42.86,True,Upper middle income,True,Upper middle income,False,False
SJM,SJ,SJ,Svalbard and Jan Mayen,FALSE,Europe,Northern Europe,,Europe,Northern-Europe,,Developed,Viruses,0,7,0,0,7,0.0,100.0,0.0,,,,,,
MRT,MR,MR,Mauritania,FALSE,Africa,Sub-Saharan Africa,Western Africa,Africa,Sub-Saharan-Africa,Western-Africa,Developing,Protozoa,0,0,6,0,6,0.0,0.0,100.0,True,Lower middle income,True,Lower middle income,True,False
TUV,TV,TV,Tuvalu,FALSE,Oceania,Polynesia,,Oceania,Polynesia,,Developing,Bacteria,0,0,6,0,6,0.0,0.0,100.0,True,Upper middle income,True,Upper middle income,True,True
TLS,TL,TL,Timor-Leste,FALSE,Asia,South-eastern Asia,,Asia,South-eastern-Asia,,Developing,Protozoa,0,0,6,0,6,0.0,0.0,100.0,True,Lower middle income,True,Lower middle income,True,True
SWZ,SZ,SZ,Swaziland,FALSE,Africa,Sub-Saharan Africa,Southern Africa,Africa,Sub-Saharan-Africa,Southern-Africa,Developing,Protozoa,0,0,6,0,6,0.0,0.0,100.0,True,Lower middle income,True,Lower middle income,False,False
TLS,TL,TL,Timor-Leste,FALSE,Asia,South-eastern Asia,,Asia,South-eastern-Asia,,Developing,Bacteria,0,0,6,0,6,0.0,0.0,100.0,True,Lower middle income,True,Lower middle income,True,True
IRQ,IQ,IQ,Iraq,FALSE,Asia,Western Asia,,Asia,Western-Asia,,Developing,Archaea,0,0,6,0,6,0.0,0.0,100.0,True,Upper middle income,True,Upper middle income,False,False
BHS,BS,BS,Bahamas,FALSE,Americas,Latin America and the Caribbean,Caribbean,Americas,Latin-America-and-the-Caribbean,Caribbean,Developing,Viruses,0,0,6,0,6,0.0,0.0,100.0,True,High income,True,High income,False,True
PRK,KP,KP,"Korea, Democratic People's Republic of",FALSE,Asia,Eastern Asia,,Asia,Eastern-Asia,,Developing,Viruses,0,0,6,0,6,0.0,0.0,100.0,True,Low income,True,Low income,False,False
MCO,MC,MC,Monaco,FALSE,Europe,Western Europe,,Europe,Western-Europe,,Developed,incertae sedis,0,5,1,0,6,0.0,83.33,16.67,True,High income,True,High income,False,False
MLT,MT,MT,Malta,TRUE,Europe,Southern Europe,,Europe,Southern-Europe,,Developed,Archaea,0,6,0,0,6,0.0,100.0,0.0,True,High income,True,High income,False,False
AIA,AI,AI,Anguilla,FALSE,Americas,Latin America and the Caribbean,Caribbean,Americas,Latin-America-and-the-Caribbean,Caribbean,Developing,Fungi,0,5,1,0,6,0.0,83.33,16.67,,,,,,
BLM,BL,BL,Saint Barthelemy,FALSE,Americas,Latin America and the Caribbean,Caribbean,Americas,Latin-America-and-the-Caribbean,Caribbean,Developing,Bacteria,0,0,6,0,6,0.0,0.0,100.0,,,,,,
IMN,IM,IM,Isle of Man,FALSE,Europe,Northern Europe,,Europe,Northern-Europe,,Developed,Bacteria,5,0,1,0,6,83.33,0.0,16.67,,,,,,
GLP,GP,GP,Guadeloupe,FALSE,Americas,Latin America and the Caribbean,Caribbean,Americas,Latin-America-and-the-Caribbean,Caribbean,Developing,Archaea,0,0,6,0,6,0.0,0.0,100.0,,,,,,
LAO,LA,LA,Lao People's Democratic Republic,FALSE,Asia,South-eastern Asia,,Asia,South-eastern-Asia,,Developing,Protozoa,0,0,5,0,5,0.0,0.0,100.0,True,Lower middle income,True,Lower middle income,True,False
TJK,TJ,TJ,Tajikistan,FALSE,Asia,Central Asia,,Asia,Central-Asia,,Developing,Protozoa,0,0,5,0,5,0.0,0.0,100.0,True,Lower middle income,True,Lower middle income,True,False
VIR,VI,VI,"Virgin Islands, U.S.",FALSE,Americas,Latin America and the Caribbean,Caribbean,Americas,Latin-America-and-the-Caribbean,Caribbean,Developing,Viruses,0,1,4,0,5,0.0,20.0,80.0,,,,,,
FLK,FK,FK,Falkland Islands (Malvinas),FALSE,Americas,Latin America and the Caribbean,South America,Americas,Latin-America-and-the-Caribbean,South-America,Developing,Protozoa,0,0,5,0,5,0.0,0.0,100.0,,,,,,
JEY,JE,JE,Jersey,FALSE,Europe,Northern Europe,Channel Islands,Europe,Northern-Europe,Channel-Islands,Developed,Protozoa,0,2,3,0,5,0.0,40.0,60.0,,,,,,
SVN,SI,SI,Slovenia,TRUE,Europe,Southern Europe,,Europe,Southern-Europe,,Developed,Archaea,0,5,0,0,5,0.0,100.0,0.0,True,High income,True,High income,False,False
SHN,SH,SH,"Saint Helena, Ascension and Tristan da Cunha",FALSE,Africa,Sub-Saharan Africa,Western Africa,Africa,Sub-Saharan-Africa,Western-Africa,Developing,Bacteria,0,0,5,0,5,0.0,0.0,100.0,,,,,,
AND,AD,AD,Andorra,FALSE,Europe,Southern Europe,,Europe,Southern-Europe,,Developed,Viruses,0,4,0,0,4,0.0,100.0,0.0,True,High income,True,High income,False,False
BTN,BT,BT,Bhutan,FALSE,Asia,Southern Asia,,Asia,Southern-Asia,,Developing,Protozoa,0,0,4,0,4,0.0,0.0,100.0,True,Lower middle income,True,Lower middle income,False,False
GEO,GE,GE,Georgia,FALSE,Asia,Western Asia,,Asia,Western-Asia,,Developing,Archaea,0,0,4,0,4,0.0,0.0,100.0,True,Upper middle income,True,Upper middle income,False,False
SSD,SS,SS,South Sudan,FALSE,Africa,Sub-Saharan Africa,Eastern Africa,Africa,Sub-Saharan-Africa,Eastern-Africa,Developing,Protozoa,0,0,4,0,4,0.0,0.0,100.0,True,Low income,True,Low income,True,False
MNG,MN,MN,Mongolia,FALSE,Asia,Eastern Asia,,Asia,Eastern-Asia,,Developing,Archaea,0,0,4,0,4,0.0,0.0,100.0,True,Upper middle income,True,Upper middle income,False,False
SWZ,SZ,SZ,Swaziland,FALSE,Africa,Sub-Saharan Africa,Southern Africa,Africa,Sub-Saharan-Africa,Southern-Africa,Developing,Bacteria,0,0,4,0,4,0.0,0.0,100.0,True,Lower middle income,True,Lower middle income,False,False
BGD,BD,BD,Bangladesh,FALSE,Asia,Southern Asia,,Asia,Southern-Asia,,Developing,Protozoa,0,0,4,0,4,0.0,0.0,100.0,True,Lower middle income,True,Lower middle income,True,False
CYM,KY,KY,Cayman Islands,FALSE,Americas,Latin America and the Caribbean,Caribbean,Americas,Latin-America-and-the-Caribbean,Caribbean,Developing,Archaea,0,1,3,0,4,0.0,25.0,75.0,,,,,,
MSR,MS,MS,Montserrat,FALSE,Americas,Latin America and the Caribbean,Caribbean,Americas,Latin-America-and-the-Caribbean,Caribbean,Developing,Bacteria,0,1,3,0,4,0.0,25.0,75.0,,,,,,
MAC,MO,MO,Macao,FALSE,Asia,Eastern Asia,,Asia,Eastern-Asia,,Developing,Protozoa,0,0,4,0,4,0.0,0.0,100.0,,,,,,
WLF,WF,WF,Wallis and Futuna,FALSE,Oceania,Polynesia,,Oceania,Polynesia,,Developing,Viruses,0,0,4,0,4,0.0,0.0,100.0,,,,,,
ASM,AS,AS,American Samoa,FALSE,Oceania,Polynesia,,Oceania,Polynesia,,Developing,Viruses,0,0,4,0,4,0.0,0.0,100.0,,,,,,
MAC,MO,MO,Macao,FALSE,Asia,Eastern Asia,,Asia,Eastern-Asia,,Developing,Bacteria,0,0,4,0,4,0.0,0.0,100.0,,,,,,
MWI,MW,MW,Malawi,FALSE,Africa,Sub-Saharan Africa,Eastern Africa,Africa,Sub-Saharan-Africa,Eastern-Africa,Developing,Archaea,0,0,3,0,3,0.0,0.0,100.0,True,Low income,True,Low income,True,False
BRB,BB,BB,Barbados,FALSE,Americas,Latin America and the Caribbean,Caribbean,Americas,Latin-America-and-the-Caribbean,Caribbean,Developing,Viruses,0,0,3,0,3,0.0,0.0,100.0,True,High income,True,High income,False,True
SWZ,SZ,SZ,Swaziland,FALSE,Africa,Sub-Saharan Africa,Southern Africa,Africa,Sub-Saharan-Africa,Southern-Africa,Developing,Viruses,0,0,3,0,3,0.0,0.0,100.0,True,Lower middle income,True,Lower middle income,False,False
PRK,KP,KP,"Korea, Democratic People's Republic of",FALSE,Asia,Eastern Asia,,Asia,Eastern-Asia,,Developing,Protozoa,0,0,3,0,3,0.0,0.0,100.0,True,Low income,True,Low income,False,False
WSM,WS,WS,Samoa,FALSE,Oceania,Polynesia,,Oceania,Polynesia,,Developing,Archaea,0,0,3,0,3,0.0,0.0,100.0,True,Upper middle income,True,Upper middle income,False,True
ABW,AW,AW,Aruba,FALSE,Americas,Latin America and the Caribbean,Caribbean,Americas,Latin-America-and-the-Caribbean,Caribbean,Developing,Archaea,0,0,3,0,3,0.0,0.0,100.0,,,,,,
GGY,GG,GG,Guernsey,FALSE,Europe,Northern Europe,Channel Islands,Europe,Northern-Europe,Channel-Islands,Developed,Protozoa,0,1,2,0,3,0.0,33.33,66.67,,,,,,
MNP,MP,MP,Northern Mariana Islands,FALSE,Oceania,Micronesia,,Oceania,Micronesia,,Developing,Protozoa,0,0,3,0,3,0.0,0.0,100.0,,,,,,
CYM,KY,KY,Cayman Islands,FALSE,Americas,Latin America and the Caribbean,Caribbean,Americas,Latin-America-and-the-Caribbean,Caribbean,Developing,Viruses,0,0,3,0,3,0.0,0.0,100.0,,,,,,
SXM,SX,SX,Sint Maarten (Dutch part),FALSE,Americas,Latin America and the Caribbean,Caribbean,Americas,Latin-America-and-the-Caribbean,Caribbean,Developing,Fungi,0,2,1,0,3,0.0,66.67,33.33,,,,,,
MAC,MO,MO,Macao,FALSE,Asia,Eastern Asia,,Asia,Eastern-Asia,,Developing,Chromista,0,0,3,0,3,0.0,0.0,100.0,,,,,,
GUY,GY,GY,Guyana,FALSE,Americas,Latin America and the Caribbean,South America,Americas,Latin-America-and-the-Caribbean,South-America,Developing,Archaea,0,0,2,0,2,0.0,0.0,100.0,True,High income,True,High income,False,True
PLW,PW,PW,Palau,FALSE,Oceania,Micronesia,,Oceania,Micronesia,,Developing,Viruses,0,0,2,0,2,0.0,0.0,100.0,True,High income,True,High income,False,True
GNQ,GQ,GQ,Equatorial Guinea,FALSE,Africa,Sub-Saharan Africa,Middle Africa,Africa,Sub-Saharan-Africa,Middle-Africa,Developing,Bacteria,0,0,2,0,2,0.0,0.0,100.0,True,Upper middle income,True,Upper middle income,False,False
TKM,TM,TM,Turkmenistan,FALSE,Asia,Central Asia,,Asia,Central-Asia,,Developing,Protozoa,0,0,2,0,2,0.0,0.0,100.0,True,Upper middle income,True,Upper middle income,False,False
MMR,MM,MM,Myanmar,FALSE,Asia,South-eastern Asia,,Asia,South-eastern-Asia,,Developing,Archaea,0,0,2,0,2,0.0,0.0,100.0,True,Lower middle income,True,Lower middle income,True,False
TUV,TV,TV,Tuvalu,FALSE,Oceania,Polynesia,,Oceania,Polynesia,,Developing,Protozoa,0,0,2,0,2,0.0,0.0,100.0,True,Upper middle income,True,Upper middle income,True,True
SMR,SM,SM,San Marino,FALSE,Europe,Southern Europe,,Europe,Southern-Europe,,Developed,Viruses,0,2,0,0,2,0.0,100.0,0.0,True,High income,True,High income,False,False
LUX,LU,LU,Luxembourg,TRUE,Europe,Western Europe,,Europe,Western-Europe,,Developed,Archaea,0,2,0,0,2,0.0,100.0,0.0,True,High income,True,High income,False,False
CYM,KY,KY,Cayman Islands,FALSE,Americas,Latin America and the Caribbean,Caribbean,Americas,Latin-America-and-the-Caribbean,Caribbean,Developing,Protozoa,0,2,0,0,2,0.0,100.0,0.0,,,,,,
ESH,EH,EH,Western Sahara,FALSE,Africa,Northern Africa,,Africa,Northern-Africa,,Developing,Protozoa,0,0,2,0,2,0.0,0.0,100.0,,,,,,
GIB,GI,GI,Gibraltar,FALSE,Europe,Southern Europe,,Europe,Southern-Europe,,Developed,Bacteria,0,2,0,0,2,0.0,100.0,0.0,,,,,,
VGB,VG,VG,"Virgin Islands, British",FALSE,Americas,Latin America and the Caribbean,Caribbean,Americas,Latin-America-and-the-Caribbean,Caribbean,Developing,Archaea,0,0,2,0,2,0.0,0.0,100.0,,,,,,
BLM,BL,BL,Saint Barthelemy,FALSE,Americas,Latin America and the Caribbean,Caribbean,Americas,Latin-America-and-the-Caribbean,Caribbean,Developing,Viruses,0,0,2,0,2,0.0,0.0,100.0,,,,,,
,,,,,,,,,,,,Chromista,0,0,2,0,2,0.0,0.0,100.0,,,,,,
ALA,AX,AX,Aland Islands,FALSE,Europe,Northern Europe,,Europe,Northern-Europe,,Developed,Viruses,0,0,2,0,2,0.0,0.0,100.0,,,,,,
WLF,WF,WF,Wallis and Futuna,FALSE,Oceania,Polynesia,,Oceania,Polynesia,,Developing,Protozoa,0,0,2,0,2,0.0,0.0,100.0,,,,,,
FLK,FK,FK,Falkland Islands (Malvinas),FALSE,Americas,Latin America and the Caribbean,South America,Americas,Latin-America-and-the-Caribbean,South-America,Developing,Archaea,0,2,0,0,2,0.0,100.0,0.0,,,,,,
CXR,CX,CX,Christmas Island,FALSE,Oceania,Australia and New Zealand,,Oceania,Australia-and-New-Zealand,,Developed,Viruses,0,0,2,0,2,0.0,0.0,100.0,,,,,,
LBN,LB,LB,Lebanon,FALSE,Asia,Western Asia,,Asia,Western-Asia,,Developing,Protozoa,0,0,1,0,1,0.0,0.0,100.0,True,Lower middle income,True,Lower middle income,False,False
VUT,VU,VU,Vanuatu,FALSE,Oceania,Melanesia,,Oceania,Melanesia,,Developing,Protozoa,0,0,1,0,1,0.0,0.0,100.0,True,Lower middle income,True,Lower middle income,False,True
ERI,ER,ER,Eritrea,FALSE,Africa,Sub-Saharan Africa,Eastern Africa,Africa,Sub-Saharan-Africa,Eastern-Africa,Developing,Protozoa,0,0,1,0,1,0.0,0.0,100.0,True,Low income,True,Low income,True,False
STP,ST,ST,Sao Tome and Principe,FALSE,Africa,Sub-Saharan Africa,Middle Africa,Africa,Sub-Saharan-Africa,Middle-Africa,Developing,Protozoa,0,0,1,0,1,0.0,0.0,100.0,True,Lower middle income,True,Lower middle income,True,True
SMR,SM,SM,San Marino,FALSE,Europe,Southern Europe,,Europe,Southern-Europe,,Developed,Chromista,0,1,0,0,1,0.0,100.0,0.0,True,High income,True,High income,False,False
ARM,AM,AM,Armenia,FALSE,Asia,Western Asia,,Asia,Western-Asia,,Developing,Archaea,0,0,1,0,1,0.0,0.0,100.0,True,Upper middle income,True,Upper middle income,False,False
MDV,MV,MV,Maldives,FALSE,Asia,Southern Asia,,Asia,Southern-Asia,,Developing,Viruses,0,0,1,0,1,0.0,0.0,100.0,True,Upper middle income,True,Upper middle income,False,True
KIR,KI,KI,Kiribati,FALSE,Oceania,Micronesia,,Oceania,Micronesia,,Developing,Viruses,0,0,1,0,1,0.0,0.0,100.0,True,Lower middle income,True,Lower middle income,True,True
NRU,NR,NR,Nauru,FALSE,Oceania,Micronesia,,Oceania,Micronesia,,Developing,Bacteria,0,1,0,0,1,0.0,100.0,0.0,True,High income,True,High income,False,True
KHM,KH,KH,Cambodia,FALSE,Asia,South-eastern Asia,,Asia,South-eastern-Asia,,Developing,Protozoa,0,0,1,0,1,0.0,0.0,100.0,True,Lower middle income,True,Lower middle income,True,False
YEM,YE,YE,Yemen,FALSE,Asia,Western Asia,,Asia,Western-Asia,,Developing,Archaea,0,0,1,0,1,0.0,0.0,100.0,True,Low income,True,Low income,True,False
KHM,KH,KH,Cambodia,FALSE,Asia,South-eastern Asia,,Asia,South-eastern-Asia,,Developing,Archaea,0,0,1,0,1,0.0,0.0,100.0,True,Lower middle income,True,Lower middle income,True,False
TKM,TM,TM,Turkmenistan,FALSE,Asia,Central Asia,,Asia,Central-Asia,,Developing,Archaea,0,0,1,0,1,0.0,0.0,100.0,True,Upper middle income,True,Upper middle income,False,False
VCT,VC,VC,Saint Vincent and the Grenadines,FALSE,Americas,Latin America and the Caribbean,Caribbean,Americas,Latin-America-and-the-Caribbean,Caribbean,Developing,Protozoa,0,1,0,0,1,0.0,100.0,0.0,True,Upper middle income,True,Upper middle income,False,False
LCA,LC,LC,Saint Lucia,FALSE,Americas,Latin America and the Caribbean,Caribbean,Americas,Latin-America-and-the-Caribbean,Caribbean,Developing,Viruses,0,0,1,0,1,0.0,0.0,100.0,True,Upper middle income,True,Upper middle income,False,False
SMR,SM,SM,San Marino,FALSE,Europe,Southern Europe,,Europe,Southern-Europe,,Developed,Bacteria,0,1,0,0,1,0.0,100.0,0.0,True,High income,True,High income,False,False
NIU,NU,NU,Niue,FALSE,Oceania,Polynesia,,Oceania,Polynesia,,Developing,Viruses,0,0,1,0,1,0.0,0.0,100.0,True,High income,True,High income,False,True
MCO,MC,MC,Monaco,FALSE,Europe,Western Europe,,Europe,Western-Europe,,Developed,Bacteria,0,1,0,0,1,0.0,100.0,0.0,True,High income,True,High income,False,False
COM,KM,KM,Comoros,FALSE,Africa,Sub-Saharan Africa,Eastern Africa,Africa,Sub-Saharan-Africa,Eastern-Africa,Developing,Protozoa,0,0,1,0,1,0.0,0.0,100.0,True,Lower middle income,True,Lower middle income,True,True
BES,BQ,BQ,"Bonaire, Sint Eustatius and Saba",FALSE,Americas,Latin America and the Caribbean,Caribbean,Americas,Latin-America-and-the-Caribbean,Caribbean,Developing,Viruses,0,1,0,0,1,0.0,100.0,0.0,,,,,,
UMI,UM,UM,United States Minor Outlying Islands,FALSE,Oceania,Micronesia,,Oceania,Micronesia,,Developing,Viruses,0,0,1,0,1,0.0,0.0,100.0,,,,,,
GUM,GU,GU,Guam,FALSE,Oceania,Micronesia,,Oceania,Micronesia,,Developing,Viruses,0,0,1,0,1,0.0,0.0,100.0,,,,,,
,,,,,,,,,,,,Chromista,0,0,1,0,1,0.0,0.0,100.0,,,,,,
VAT,VA,VA,Holy See (Vatican City State),FALSE,Europe,Southern Europe,,Europe,Southern-Europe,,Developed,Chromista,0,1,0,0,1,0.0,100.0,0.0,,,,,,
,,,,,,,,,,,,Protozoa,0,0,1,0,1,0.0,0.0,100.0,,,,,,
MAC,MO,MO,Macao,FALSE,Asia,Eastern Asia,,Asia,Eastern-Asia,,Developing,incertae sedis,0,0,1,0,1,0.0,0.0,100.0,,,,,,
VGB,VG,VG,"Virgin Islands, British",FALSE,Americas,Latin America and the Caribbean,Caribbean,Americas,Latin-America-and-the-Caribbean,Caribbean,Developing,Viruses,0,0,1,0,1,0.0,0.0,100.0,,,,,,
IOT,IO,IO,British Indian Ocean Territory,FALSE,Africa,Sub-Saharan Africa,Eastern Africa,Africa,Sub-Saharan-Africa,Eastern-Africa,Developing,Protozoa,0,0,1,0,1,0.0,0.0,100.0,,,,,,
NFK,NF,NF,Norfolk Island,FALSE,Oceania,Australia and New Zealand,,Oceania,Australia-and-New-Zealand,,Developed,Viruses,0,1,0,0,1,0.0,100.0,0.0,,,,,,
